Sample ID,Retention Time,Peak Area,Peak Height,Intensity,Concentration,Compound Name,Analysis Type
SMP-00001,1.26,11155.7,2939.3,3082.8,0.0107,Uracil,HPLC-UV/Vis
SMP-00001,2.8,44351.8,8614.4,8725.9,0.0452,Acetaminophen,HPLC-UV/Vis
SMP-00001,4.15,99255.9,16338.1,16547.5,0.0999,Caffeine,HPLC-UV/Vis
SMP-00001,5.63,22984.7,5046.6,5129.2,0.0235,Aspirin,HPLC-UV/Vis
SMP-00001,7.19,65026.7,10985.3,11395.1,0.0656,Benzoic Acid,HPLC-UV/Vis
SMP-00001,9.01,29932.4,6042.0,6124.9,0.0303,Phenacetin,HPLC-UV/Vis
SMP-00001,10.4,14290.0,3386.9,3532.6,0.0145,Salicylic Acid,HPLC-UV/Vis
SMP-00001,12.06,57144.8,10137.3,10488.4,0.0573,Chlorpheniramine,HPLC-UV/Vis
SMP-00002,1.28,12728.9,3336.8,3441.4,0.0129,Uracil,HPLC-UV/Vis
SMP-00002,2.76,44336.1,8490.3,8636.5,0.0441,Acetaminophen,HPLC-UV/Vis
SMP-00002,4.12,97837.9,15172.2,15525.7,0.0981,Caffeine,HPLC-UV/Vis
SMP-00002,5.62,24932.6,5451.6,5564.7,0.0253,Aspirin,HPLC-UV/Vis
SMP-00002,7.16,59761.7,9622.5,10006.8,0.06,Benzoic Acid,HPLC-UV/Vis
SMP-00002,8.94,31695.1,6622.1,6779.8,0.032,Phenacetin,HPLC-UV/Vis
SMP-00002,10.39,15005.2,3518.8,3658.6,0.0149,Salicylic Acid,HPLC-UV/Vis
SMP-00002,12.11,56621.1,10433.9,10726.3,0.0562,Chlorpheniramine,HPLC-UV/Vis
SMP-00003,1.2,10648.8,2610.0,2636.3,0.0108,Uracil,HPLC-UV/Vis
SMP-00003,2.79,51750.7,9961.6,10407.4,0.0509,Acetaminophen,HPLC-UV/Vis
SMP-00003,4.12,86176.6,14374.1,14308.8,0.087,Caffeine,HPLC-UV/Vis
SMP-00003,5.58,19759.6,4373.8,4458.7,0.0199,Aspirin,HPLC-UV/Vis
SMP-00003,7.25,65786.8,10588.8,10944.4,0.0661,Benzoic Acid,HPLC-UV/Vis
SMP-00003,8.98,32313.9,6909.9,6952.9,0.0319,Phenacetin,HPLC-UV/Vis
SMP-00003,10.39,13453.0,3349.4,3435.0,0.013,Salicylic Acid,HPLC-UV/Vis
SMP-00003,12.11,58743.6,11209.1,12198.6,0.0592,Chlorpheniramine,HPLC-UV/Vis
SMP-00004,1.19,12783.8,3207.7,3277.3,0.0127,Uracil,HPLC-UV/Vis
SMP-00004,2.83,46519.5,8997.8,9081.4,0.045,Acetaminophen,HPLC-UV/Vis
SMP-00004,4.15,104970.9,17120.4,17970.5,0.1041,Caffeine,HPLC-UV/Vis
SMP-00004,5.57,21424.7,5056.1,5124.7,0.0218,Aspirin,HPLC-UV/Vis
SMP-00004,7.23,69994.7,11579.3,11917.3,0.0691,Benzoic Acid,HPLC-UV/Vis
SMP-00004,8.94,27376.5,5370.7,5550.3,0.0284,Phenacetin,HPLC-UV/Vis
SMP-00004,10.4,16046.6,4057.7,4197.2,0.0159,Salicylic Acid,HPLC-UV/Vis
SMP-00004,12.11,62524.8,11359.6,11422.2,0.061,Chlorpheniramine,HPLC-UV/Vis
SMP-00005,1.3,12227.0,3105.9,3289.8,0.012,Uracil,HPLC-UV/Vis
SMP-00005,2.82,43992.9,8547.8,8776.3,0.0443,Acetaminophen,HPLC-UV/Vis
SMP-00005,4.15,94944.8,14542.1,14964.2,0.0934,Caffeine,HPLC-UV/Vis
SMP-00005,5.57,22328.2,5070.0,5087.6,0.0223,Aspirin,HPLC-UV/Vis
SMP-00005,7.21,64136.8,10548.4,11076.4,0.0649,Benzoic Acid,HPLC-UV/Vis
SMP-00005,8.95,29029.0,5912.1,6118.1,0.0291,Phenacetin,HPLC-UV/Vis
SMP-00005,10.4,15956.8,4173.9,4455.8,0.0157,Salicylic Acid,HPLC-UV/Vis
SMP-00005,12.06,50999.2,9314.5,9818.5,0.0502,Chlorpheniramine,HPLC-UV/Vis
SMP-00006,1.19,12248.0,3046.1,3105.2,0.0121,Uracil,HPLC-UV/Vis
SMP-00006,2.75,39081.1,8163.2,8197.9,0.0381,Acetaminophen,HPLC-UV/Vis
SMP-00006,4.24,78750.3,12641.2,13106.8,0.0818,Caffeine,HPLC-UV/Vis
SMP-00006,5.59,24895.6,5563.3,5688.3,0.0248,Aspirin,HPLC-UV/Vis
SMP-00006,7.19,65604.6,10980.4,11187.9,0.0662,Benzoic Acid,HPLC-UV/Vis
SMP-00006,8.95,32297.9,6635.8,6834.9,0.0318,Phenacetin,HPLC-UV/Vis
SMP-00006,10.4,18866.2,4775.0,4955.1,0.0186,Salicylic Acid,HPLC-UV/Vis
SMP-00006,12.11,48171.5,9060.6,9380.0,0.0487,Chlorpheniramine,HPLC-UV/Vis
SMP-00007,1.28,13016.3,3238.9,3305.5,0.0131,Uracil,HPLC-UV/Vis
SMP-00007,2.79,45326.2,8741.0,9029.9,0.0467,Acetaminophen,HPLC-UV/Vis
SMP-00007,4.14,90775.3,14884.9,15220.7,0.0876,Caffeine,HPLC-UV/Vis
SMP-00007,5.65,19556.8,4450.2,4554.4,0.0195,Aspirin,HPLC-UV/Vis
SMP-00007,7.19,76162.4,12852.7,13683.6,0.0777,Benzoic Acid,HPLC-UV/Vis
SMP-00007,9.0,32570.1,6840.5,7005.1,0.0326,Phenacetin,HPLC-UV/Vis
SMP-00007,10.43,13762.5,3441.6,3531.7,0.0141,Salicylic Acid,HPLC-UV/Vis
SMP-00007,12.15,58161.8,10054.6,10342.8,0.0569,Chlorpheniramine,HPLC-UV/Vis
SMP-00008,1.3,13244.3,3337.0,3369.5,0.0133,Uracil,HPLC-UV/Vis
SMP-00008,2.78,47229.2,9486.6,9886.7,0.0451,Acetaminophen,HPLC-UV/Vis
SMP-00008,4.15,92892.7,15803.4,15625.4,0.0918,Caffeine,HPLC-UV/Vis
SMP-00008,5.55,26509.4,5909.4,6186.8,0.0262,Aspirin,HPLC-UV/Vis
SMP-00008,7.23,68969.7,11540.4,11949.0,0.0678,Benzoic Acid,HPLC-UV/Vis
SMP-00008,8.95,32396.6,6837.9,6898.2,0.0323,Phenacetin,HPLC-UV/Vis
SMP-00008,10.38,14317.9,3510.8,3675.4,0.0143,Salicylic Acid,HPLC-UV/Vis
SMP-00008,12.13,58763.6,10788.6,11614.5,0.0585,Chlorpheniramine,HPLC-UV/Vis
SMP-00009,1.3,11880.6,3064.0,3236.2,0.0115,Uracil,HPLC-UV/Vis
SMP-00009,2.75,42163.0,8311.0,8647.4,0.0424,Acetaminophen,HPLC-UV/Vis
SMP-00009,4.08,89685.6,14373.8,14937.1,0.0909,Caffeine,HPLC-UV/Vis
SMP-00009,5.58,23419.3,5287.1,5470.0,0.0237,Aspirin,HPLC-UV/Vis
SMP-00009,7.19,68726.4,11696.9,11955.7,0.0694,Benzoic Acid,HPLC-UV/Vis
SMP-00009,8.95,33788.5,6548.7,6575.4,0.0329,Phenacetin,HPLC-UV/Vis
SMP-00009,10.38,16769.9,4052.5,4190.1,0.0171,Salicylic Acid,HPLC-UV/Vis
SMP-00009,12.1,61537.5,11154.3,11302.1,0.0609,Chlorpheniramine,HPLC-UV/Vis
SMP-00010,1.22,12004.8,3162.7,3366.4,0.0117,Uracil,HPLC-UV/Vis
SMP-00010,2.77,47974.3,9287.9,9226.4,0.0488,Acetaminophen,HPLC-UV/Vis
SMP-00010,4.13,79658.5,12664.4,13152.7,0.0793,Caffeine,HPLC-UV/Vis
SMP-00010,5.61,26150.7,5721.4,5724.1,0.0266,Aspirin,HPLC-UV/Vis
SMP-00010,7.23,69984.1,11586.1,12014.6,0.0726,Benzoic Acid,HPLC-UV/Vis
SMP-00010,8.95,31700.2,6709.7,6797.5,0.0319,Phenacetin,HPLC-UV/Vis
SMP-00010,10.41,14300.6,3302.3,3264.4,0.014,Salicylic Acid,HPLC-UV/Vis
SMP-00010,12.09,64700.9,12024.4,12153.7,0.0651,Chlorpheniramine,HPLC-UV/Vis
SMP-00011,1.24,12681.2,3318.8,3395.9,0.013,Uracil,HPLC-UV/Vis
SMP-00011,2.8,57697.6,11272.0,11933.3,0.0578,Acetaminophen,HPLC-UV/Vis
SMP-00011,4.15,87680.8,13914.0,14451.2,0.0862,Caffeine,HPLC-UV/Vis
SMP-00011,5.62,24637.5,5605.8,5815.1,0.0245,Aspirin,HPLC-UV/Vis
SMP-00011,7.19,73705.7,11633.3,11904.2,0.071,Benzoic Acid,HPLC-UV/Vis
SMP-00011,8.99,33993.4,6835.3,6835.0,0.0321,Phenacetin,HPLC-UV/Vis
SMP-00011,10.47,16279.1,3901.7,4055.0,0.0158,Salicylic Acid,HPLC-UV/Vis
SMP-00011,12.1,53734.2,9948.7,10315.8,0.0545,Chlorpheniramine,HPLC-UV/Vis
SMP-00012,1.28,14478.6,3628.2,3672.7,0.0149,Uracil,HPLC-UV/Vis
SMP-00012,2.84,43773.4,8895.0,9185.3,0.044,Acetaminophen,HPLC-UV/Vis
SMP-00012,4.14,80805.9,12940.4,13445.7,0.078,Caffeine,HPLC-UV/Vis
SMP-00012,5.58,25751.4,5319.4,5395.3,0.025,Aspirin,HPLC-UV/Vis
SMP-00012,7.21,66192.1,10914.9,11207.6,0.0665,Benzoic Acid,HPLC-UV/Vis
SMP-00012,8.97,33267.9,6898.6,7182.3,0.0335,Phenacetin,HPLC-UV/Vis
SMP-00012,10.4,15121.6,3597.6,3631.3,0.0147,Salicylic Acid,HPLC-UV/Vis
SMP-00012,12.08,49383.5,8908.7,9235.6,0.0494,Chlorpheniramine,HPLC-UV/Vis
SMP-00013,1.28,13371.1,3421.4,3479.4,0.0136,Uracil,HPLC-UV/Vis
SMP-00013,2.76,45488.8,8909.9,9016.8,0.0457,Acetaminophen,HPLC-UV/Vis
SMP-00013,4.19,100332.6,16199.9,16803.7,0.096,Caffeine,HPLC-UV/Vis
SMP-00013,5.59,20623.4,4662.8,4988.9,0.0201,Aspirin,HPLC-UV/Vis
SMP-00013,7.21,78259.0,12594.6,13035.2,0.0807,Benzoic Acid,HPLC-UV/Vis
SMP-00013,8.94,26046.8,5097.3,5207.0,0.0257,Phenacetin,HPLC-UV/Vis
SMP-00013,10.41,12831.6,3184.4,3243.2,0.0132,Salicylic Acid,HPLC-UV/Vis
SMP-00013,12.08,57133.9,10555.3,10966.5,0.0553,Chlorpheniramine,HPLC-UV/Vis
SMP-00014,1.22,12743.4,3138.7,3260.9,0.0126,Uracil,HPLC-UV/Vis
SMP-00014,2.82,281441.6,53880.3,46008.7,0.279,Acetaminophen,HPLC-UV/Vis
SMP-00014,4.13,85529.0,14496.1,14629.3,0.0812,Caffeine,HPLC-UV/Vis
SMP-00014,5.68,22163.8,4597.2,4706.6,0.022,Aspirin,HPLC-UV/Vis
SMP-00014,7.17,71306.3,12026.2,12027.5,0.0722,Benzoic Acid,HPLC-UV/Vis
SMP-00014,8.96,30147.9,6157.3,6417.8,0.0291,Phenacetin,HPLC-UV/Vis
SMP-00014,10.39,18483.4,4482.6,4766.6,0.0181,Salicylic Acid,HPLC-UV/Vis
SMP-00014,12.11,49490.6,9001.0,9489.3,0.0491,Chlorpheniramine,HPLC-UV/Vis
SMP-00015,1.25,11326.9,2878.4,2960.1,0.0109,Uracil,HPLC-UV/Vis
SMP-00015,2.81,43406.1,7750.3,8104.5,0.0437,Acetaminophen,HPLC-UV/Vis
SMP-00015,4.11,96656.3,15864.1,17096.0,0.0974,Caffeine,HPLC-UV/Vis
SMP-00015,5.59,24986.8,5612.5,5921.4,0.0247,Aspirin,HPLC-UV/Vis
SMP-00015,7.18,64465.4,10552.1,11035.6,0.0665,Benzoic Acid,HPLC-UV/Vis
SMP-00015,8.94,32180.3,6554.3,6875.8,0.0308,Phenacetin,HPLC-UV/Vis
SMP-00015,10.38,11980.8,2808.6,2841.4,0.0119,Salicylic Acid,HPLC-UV/Vis
SMP-00015,12.09,48613.8,8773.6,9220.9,0.0476,Chlorpheniramine,HPLC-UV/Vis
SMP-00016,1.27,12174.7,3191.4,3286.2,0.0124,Uracil,HPLC-UV/Vis
SMP-00016,2.8,44835.2,8388.2,8377.6,0.0455,Acetaminophen,HPLC-UV/Vis
SMP-00016,4.12,88342.9,14851.4,14619.5,0.0857,Caffeine,HPLC-UV/Vis
SMP-00016,5.64,23752.8,5361.8,5400.4,0.0232,Aspirin,HPLC-UV/Vis
SMP-00016,7.2,71098.6,11752.4,12170.3,0.0713,Benzoic Acid,HPLC-UV/Vis
SMP-00016,8.97,26146.3,4932.2,5179.0,0.0269,Phenacetin,HPLC-UV/Vis
SMP-00016,10.34,15755.2,3944.0,4204.1,0.0159,Salicylic Acid,HPLC-UV/Vis
SMP-00016,12.07,54263.0,9723.8,9818.1,0.0565,Chlorpheniramine,HPLC-UV/Vis
SMP-00017,1.28,11304.0,2987.5,3115.3,0.0115,Uracil,HPLC-UV/Vis
SMP-00017,2.82,49189.5,9729.1,10087.3,0.0476,Acetaminophen,HPLC-UV/Vis
SMP-00017,4.13,77784.5,13376.0,14239.8,0.0802,Caffeine,HPLC-UV/Vis
SMP-00017,5.64,23127.8,5137.5,5179.2,0.0233,Aspirin,HPLC-UV/Vis
SMP-00017,7.16,67055.0,11116.7,11849.8,0.0683,Benzoic Acid,HPLC-UV/Vis
SMP-00017,8.96,31338.3,6389.8,6443.2,0.0312,Phenacetin,HPLC-UV/Vis
SMP-00017,10.36,16398.2,4039.1,4015.9,0.0164,Salicylic Acid,HPLC-UV/Vis
SMP-00017,12.13,59761.0,10817.4,10959.1,0.0586,Chlorpheniramine,HPLC-UV/Vis
SMP-00018,1.26,14053.3,3717.7,3819.4,0.0138,Uracil,HPLC-UV/Vis
SMP-00018,2.81,44874.7,8566.2,8866.5,0.0444,Acetaminophen,HPLC-UV/Vis
SMP-00018,4.16,85615.0,14023.5,14520.8,0.0836,Caffeine,HPLC-UV/Vis
SMP-00018,5.64,20415.6,4183.7,4153.5,0.0204,Aspirin,HPLC-UV/Vis
SMP-00018,7.2,75583.8,11662.7,12104.9,0.0777,Benzoic Acid,HPLC-UV/Vis
SMP-00018,8.94,28851.3,5746.9,5881.8,0.0297,Phenacetin,HPLC-UV/Vis
SMP-00018,10.39,18572.7,4528.2,4822.9,0.0185,Salicylic Acid,HPLC-UV/Vis
SMP-00018,12.11,71430.6,13166.4,13375.1,0.0725,Chlorpheniramine,HPLC-UV/Vis
SMP-00019,1.24,13581.8,3493.8,3618.1,0.0136,Uracil,HPLC-UV/Vis
SMP-00019,2.81,36928.9,7354.4,7430.6,0.0356,Acetaminophen,HPLC-UV/Vis
SMP-00019,4.15,83014.7,13856.1,13899.8,0.0823,Caffeine,HPLC-UV/Vis
SMP-00019,5.6,23744.2,5088.3,5314.7,0.0238,Aspirin,HPLC-UV/Vis
SMP-00019,7.14,67317.1,11112.8,11423.1,0.0673,Benzoic Acid,HPLC-UV/Vis
SMP-00019,8.98,27733.7,5464.3,5508.7,0.0279,Phenacetin,HPLC-UV/Vis
SMP-00019,10.39,11697.9,2655.2,2690.7,0.0115,Salicylic Acid,HPLC-UV/Vis
SMP-00019,12.1,52511.2,9803.6,9965.2,0.0516,Chlorpheniramine,HPLC-UV/Vis
SMP-00020,1.2,12935.7,3334.7,3424.9,0.0134,Uracil,HPLC-UV/Vis
SMP-00020,2.86,44767.7,8358.8,8621.2,0.0438,Acetaminophen,HPLC-UV/Vis
SMP-00020,4.16,94156.6,15035.2,15783.1,0.0962,Caffeine,HPLC-UV/Vis
SMP-00020,5.57,24322.9,5578.9,5536.4,0.0242,Aspirin,HPLC-UV/Vis
SMP-00020,7.2,63548.5,10504.9,11215.5,0.0633,Benzoic Acid,HPLC-UV/Vis
SMP-00020,8.94,31436.6,6450.1,6701.5,0.0322,Phenacetin,HPLC-UV/Vis
SMP-00020,10.41,16520.4,3893.0,4003.0,0.0168,Salicylic Acid,HPLC-UV/Vis
SMP-00020,12.11,59005.2,10813.6,11397.6,0.0593,Chlorpheniramine,HPLC-UV/Vis
SMP-00021,1.26,8801.8,2299.0,2200.3,0.0084,Uracil,HPLC-UV/Vis
SMP-00021,2.81,40476.3,7675.7,8116.3,0.04,Acetaminophen,HPLC-UV/Vis
SMP-00021,4.15,92840.5,15795.2,16310.5,0.0911,Caffeine,HPLC-UV/Vis
SMP-00021,5.6,19947.4,4365.1,4431.3,0.0204,Aspirin,HPLC-UV/Vis
SMP-00021,7.19,66684.4,11156.8,11629.2,0.0653,Benzoic Acid,HPLC-UV/Vis
SMP-00021,8.98,29913.9,5864.5,6092.5,0.0302,Phenacetin,HPLC-UV/Vis
SMP-00021,10.41,16748.3,4122.4,4298.2,0.0163,Salicylic Acid,HPLC-UV/Vis
SMP-00021,12.09,51584.1,9583.4,10154.4,0.0535,Chlorpheniramine,HPLC-UV/Vis
SMP-00022,1.25,12889.7,3386.6,3496.4,0.013,Uracil,HPLC-UV/Vis
SMP-00022,2.8,42460.1,8140.6,8488.1,0.0425,Acetaminophen,HPLC-UV/Vis
SMP-00022,4.17,85857.2,14285.6,14822.5,0.0837,Caffeine,HPLC-UV/Vis
SMP-00022,5.58,19276.7,4096.3,4135.5,0.0193,Aspirin,HPLC-UV/Vis
SMP-00022,7.19,71576.9,12009.1,12445.3,0.0721,Benzoic Acid,HPLC-UV/Vis
SMP-00022,8.89,30063.3,5748.6,5925.2,0.0301,Phenacetin,HPLC-UV/Vis
SMP-00022,10.44,15917.0,3820.2,3971.9,0.0158,Salicylic Acid,HPLC-UV/Vis
SMP-00022,12.13,51177.7,9490.8,9904.1,0.0501,Chlorpheniramine,HPLC-UV/Vis
SMP-00023,1.27,12577.4,3159.5,3200.0,0.0125,Uracil,HPLC-UV/Vis
SMP-00023,2.77,47804.0,8958.2,9190.4,0.0479,Acetaminophen,HPLC-UV/Vis
SMP-00023,4.11,102331.3,16699.8,17338.2,0.1025,Caffeine,HPLC-UV/Vis
SMP-00023,5.6,132294.3,25998.5,31572.2,0.1308,Aspirin,HPLC-UV/Vis
SMP-00023,7.24,66878.7,11048.0,11133.2,0.0666,Benzoic Acid,HPLC-UV/Vis
SMP-00023,8.92,31908.0,6798.9,7384.9,0.0315,Phenacetin,HPLC-UV/Vis
SMP-00023,10.41,15364.7,3792.0,3910.5,0.0154,Salicylic Acid,HPLC-UV/Vis
SMP-00023,12.06,45834.3,8479.8,8687.3,0.0452,Chlorpheniramine,HPLC-UV/Vis
SMP-00024,1.27,12675.1,3194.8,3369.0,0.0131,Uracil,HPLC-UV/Vis
SMP-00024,2.83,51488.4,10307.5,10743.4,0.052,Acetaminophen,HPLC-UV/Vis
SMP-00024,4.12,95451.3,14926.5,15137.1,0.0978,Caffeine,HPLC-UV/Vis
SMP-00024,5.64,22472.4,4785.4,4906.0,0.0225,Aspirin,HPLC-UV/Vis
SMP-00024,7.23,227378.0,39437.7,31276.3,0.2295,Benzoic Acid,HPLC-UV/Vis
SMP-00024,8.94,36727.1,7515.3,7704.1,0.0354,Phenacetin,HPLC-UV/Vis
SMP-00024,10.39,14530.7,3697.1,3795.8,0.0149,Salicylic Acid,HPLC-UV/Vis
SMP-00024,12.1,53719.6,9714.7,10340.1,0.0512,Chlorpheniramine,HPLC-UV/Vis
SMP-00025,1.23,12468.6,3271.0,3400.1,0.0124,Uracil,HPLC-UV/Vis
SMP-00025,2.83,46643.2,9321.3,9651.7,0.0461,Acetaminophen,HPLC-UV/Vis
SMP-00025,4.15,89212.8,15142.9,14854.9,0.0867,Caffeine,HPLC-UV/Vis
SMP-00025,5.59,22511.9,4739.8,4788.6,0.0221,Aspirin,HPLC-UV/Vis
SMP-00025,7.25,64624.9,10617.4,10691.9,0.0621,Benzoic Acid,HPLC-UV/Vis
SMP-00025,8.92,30935.7,6038.9,6128.1,0.031,Phenacetin,HPLC-UV/Vis
SMP-00025,10.41,56870.7,12318.3,15450.6,0.0577,Salicylic Acid,HPLC-UV/Vis
SMP-00025,12.11,57523.2,10359.9,10988.1,0.0586,Chlorpheniramine,HPLC-UV/Vis
SMP-00026,1.27,14858.2,4007.1,4028.9,0.0147,Uracil,HPLC-UV/Vis
SMP-00026,2.77,39742.9,7593.5,7885.1,0.0396,Acetaminophen,HPLC-UV/Vis
SMP-00026,4.13,82846.7,13084.7,14074.3,0.0834,Caffeine,HPLC-UV/Vis
SMP-00026,5.59,22670.4,4896.3,4783.5,0.022,Aspirin,HPLC-UV/Vis
SMP-00026,7.13,59343.4,10307.1,10607.2,0.0611,Benzoic Acid,HPLC-UV/Vis
SMP-00026,8.97,28389.6,5924.5,6188.6,0.028,Phenacetin,HPLC-UV/Vis
SMP-00026,10.42,14743.4,3463.4,3485.2,0.0148,Salicylic Acid,HPLC-UV/Vis
SMP-00026,12.08,54345.0,9994.4,10417.8,0.056,Chlorpheniramine,HPLC-UV/Vis
SMP-00027,1.22,14546.6,3687.9,3875.6,0.0146,Uracil,HPLC-UV/Vis
SMP-00027,2.75,45014.4,8331.3,8742.4,0.0464,Acetaminophen,HPLC-UV/Vis
SMP-00027,4.16,82730.2,13175.0,13774.3,0.0827,Caffeine,HPLC-UV/Vis
SMP-00027,5.59,25408.5,5624.9,5883.2,0.0252,Aspirin,HPLC-UV/Vis
SMP-00027,7.2,61765.1,10486.8,10937.8,0.0626,Benzoic Acid,HPLC-UV/Vis
SMP-00027,8.99,30030.6,6232.1,6341.4,0.03,Phenacetin,HPLC-UV/Vis
SMP-00027,10.45,16168.1,3913.6,4124.4,0.0155,Salicylic Acid,HPLC-UV/Vis
SMP-00027,12.12,54528.6,9933.5,9968.0,0.0545,Chlorpheniramine,HPLC-UV/Vis
SMP-00028,1.27,12661.8,3212.3,3283.3,0.0122,Uracil,HPLC-UV/Vis
SMP-00028,2.83,38583.8,7321.4,7371.6,0.0377,Acetaminophen,HPLC-UV/Vis
SMP-00028,4.09,94680.1,15718.8,16111.5,0.0903,Caffeine,HPLC-UV/Vis
SMP-00028,5.64,16682.8,3630.3,3653.5,0.0171,Aspirin,HPLC-UV/Vis
SMP-00028,7.21,71211.3,12451.2,12774.2,0.0717,Benzoic Acid,HPLC-UV/Vis
SMP-00028,8.99,28827.6,5806.1,5977.7,0.0279,Phenacetin,HPLC-UV/Vis
SMP-00028,10.43,16057.7,3730.4,3833.1,0.0163,Salicylic Acid,HPLC-UV/Vis
SMP-00028,12.07,58951.8,10739.1,11149.7,0.061,Chlorpheniramine,HPLC-UV/Vis
SMP-00029,1.27,15825.5,4047.0,4103.9,0.016,Uracil,HPLC-UV/Vis
SMP-00029,2.78,41071.8,8598.3,8912.4,0.0404,Acetaminophen,HPLC-UV/Vis
SMP-00029,4.15,86945.1,14378.1,14438.0,0.0876,Caffeine,HPLC-UV/Vis
SMP-00029,5.61,22231.0,4830.8,4936.1,0.0221,Aspirin,HPLC-UV/Vis
SMP-00029,7.23,55718.3,9549.1,9763.1,0.0562,Benzoic Acid,HPLC-UV/Vis
SMP-00029,8.99,35086.8,7382.0,7379.8,0.0356,Phenacetin,HPLC-UV/Vis
SMP-00029,10.35,15562.8,3832.5,3990.1,0.0156,Salicylic Acid,HPLC-UV/Vis
SMP-00029,12.14,60846.1,10159.2,10399.5,0.0607,Chlorpheniramine,HPLC-UV/Vis
SMP-00030,1.25,14005.3,3495.4,3623.8,0.0138,Uracil,HPLC-UV/Vis
SMP-00030,2.84,43315.3,8540.9,8477.5,0.045,Acetaminophen,HPLC-UV/Vis
SMP-00030,4.14,94334.7,14721.5,15511.3,0.0938,Caffeine,HPLC-UV/Vis
SMP-00030,5.59,21758.7,4910.4,5082.9,0.0221,Aspirin,HPLC-UV/Vis
SMP-00030,7.22,64577.1,11480.9,11465.3,0.0663,Benzoic Acid,HPLC-UV/Vis
SMP-00030,8.92,38155.8,8018.5,8414.8,0.0382,Phenacetin,HPLC-UV/Vis
SMP-00030,10.39,16210.0,4108.4,4246.5,0.0159,Salicylic Acid,HPLC-UV/Vis
SMP-00030,12.13,57749.2,10661.4,10923.5,0.0567,Chlorpheniramine,HPLC-UV/Vis
SMP-00031,1.2,12745.5,3267.9,3337.2,0.0121,Uracil,HPLC-UV/Vis
SMP-00031,2.83,42756.2,8405.1,8423.5,0.0441,Acetaminophen,HPLC-UV/Vis
SMP-00031,4.16,109946.9,18532.3,18974.6,0.1089,Caffeine,HPLC-UV/Vis
SMP-00031,5.62,22856.9,4986.2,5282.1,0.0228,Aspirin,HPLC-UV/Vis
SMP-00031,7.2,79433.2,13320.6,13976.7,0.0785,Benzoic Acid,HPLC-UV/Vis
SMP-00031,8.96,34284.7,7041.0,7071.0,0.0334,Phenacetin,HPLC-UV/Vis
SMP-00031,10.35,15771.5,3970.1,4088.1,0.0151,Salicylic Acid,HPLC-UV/Vis
SMP-00031,12.1,65561.4,11426.4,11679.9,0.0674,Chlorpheniramine,HPLC-UV/Vis
SMP-00032,1.27,12593.2,3268.4,3417.3,0.0124,Uracil,HPLC-UV/Vis
SMP-00032,2.76,47304.1,9240.4,9403.7,0.0473,Acetaminophen,HPLC-UV/Vis
SMP-00032,4.12,86046.5,13507.2,13999.6,0.084,Caffeine,HPLC-UV/Vis
SMP-00032,5.56,21791.9,4715.9,4982.4,0.0219,Aspirin,HPLC-UV/Vis
SMP-00032,7.21,53197.6,8826.1,9443.5,0.0534,Benzoic Acid,HPLC-UV/Vis
SMP-00032,8.97,33994.7,6590.2,6566.2,0.0341,Phenacetin,HPLC-UV/Vis
SMP-00032,10.44,15109.0,3459.9,3475.9,0.0143,Salicylic Acid,HPLC-UV/Vis
SMP-00032,12.09,51900.3,9701.8,10225.4,0.0517,Chlorpheniramine,HPLC-UV/Vis
SMP-00033,1.27,13142.0,3407.5,3576.6,0.0129,Uracil,HPLC-UV/Vis
SMP-00033,2.77,49231.7,9116.7,9220.6,0.0506,Acetaminophen,HPLC-UV/Vis
SMP-00033,4.18,91314.5,14798.1,15645.7,0.0909,Caffeine,HPLC-UV/Vis
SMP-00033,5.58,24373.3,5441.9,5434.6,0.024,Aspirin,HPLC-UV/Vis
SMP-00033,7.19,58126.4,9448.5,9594.3,0.0592,Benzoic Acid,HPLC-UV/Vis
SMP-00033,8.95,29977.2,6176.4,6260.9,0.0293,Phenacetin,HPLC-UV/Vis
SMP-00033,10.38,13785.6,3376.5,3527.1,0.0133,Salicylic Acid,HPLC-UV/Vis
SMP-00033,12.09,280259.5,55633.2,41151.4,0.2734,Chlorpheniramine,HPLC-UV/Vis
SMP-00034,1.29,12260.0,3204.0,3255.0,0.0123,Uracil,HPLC-UV/Vis
SMP-00034,2.73,50118.1,9476.5,9674.5,0.0488,Acetaminophen,HPLC-UV/Vis
SMP-00034,4.14,82692.9,13606.7,14138.1,0.0833,Caffeine,HPLC-UV/Vis
SMP-00034,5.65,20633.9,4547.4,4786.8,0.0212,Aspirin,HPLC-UV/Vis
SMP-00034,7.19,76553.8,12892.7,13329.9,0.0763,Benzoic Acid,HPLC-UV/Vis
SMP-00034,8.96,30413.0,6230.8,6427.5,0.03,Phenacetin,HPLC-UV/Vis
SMP-00034,10.49,12828.5,3161.8,3208.6,0.013,Salicylic Acid,HPLC-UV/Vis
SMP-00034,12.12,60572.3,11009.2,11588.8,0.058,Chlorpheniramine,HPLC-UV/Vis
SMP-00035,1.26,13792.5,3427.9,3473.8,0.0139,Uracil,HPLC-UV/Vis
SMP-00035,2.81,50767.3,9394.3,9859.1,0.0508,Acetaminophen,HPLC-UV/Vis
SMP-00035,4.11,93688.0,14179.5,14788.7,0.091,Caffeine,HPLC-UV/Vis
SMP-00035,5.6,25801.6,5669.5,5760.8,0.0256,Aspirin,HPLC-UV/Vis
SMP-00035,7.22,64801.0,10689.4,10675.1,0.0653,Benzoic Acid,HPLC-UV/Vis
SMP-00035,8.97,31601.7,6941.2,6996.7,0.0315,Phenacetin,HPLC-UV/Vis
SMP-00035,10.44,14514.6,3561.2,3668.1,0.0146,Salicylic Acid,HPLC-UV/Vis
SMP-00035,12.1,45539.3,8274.1,8596.8,0.0453,Chlorpheniramine,HPLC-UV/Vis
SMP-00036,1.28,12904.4,3247.1,3326.2,0.0126,Uracil,HPLC-UV/Vis
SMP-00036,2.78,51426.4,9823.0,10243.5,0.0509,Acetaminophen,HPLC-UV/Vis
SMP-00036,4.15,96988.5,15533.5,15511.0,0.0945,Caffeine,HPLC-UV/Vis
SMP-00036,5.61,20214.7,4526.0,4619.6,0.0213,Aspirin,HPLC-UV/Vis
SMP-00036,7.21,59797.7,9771.6,10092.4,0.0567,Benzoic Acid,HPLC-UV/Vis
SMP-00036,9.01,29785.7,6160.2,6471.2,0.0297,Phenacetin,HPLC-UV/Vis
SMP-00036,10.33,16600.7,4030.9,4070.2,0.0166,Salicylic Acid,HPLC-UV/Vis
SMP-00036,12.08,57487.1,10001.3,10510.8,0.056,Chlorpheniramine,HPLC-UV/Vis
SMP-00037,1.31,13854.1,3570.2,3610.2,0.0138,Uracil,HPLC-UV/Vis
SMP-00037,2.8,45384.0,8811.3,9037.8,0.0441,Acetaminophen,HPLC-UV/Vis
SMP-00037,4.18,76995.1,12433.6,12602.8,0.0772,Caffeine,HPLC-UV/Vis
SMP-00037,5.64,24270.2,5158.0,5381.9,0.0239,Aspirin,HPLC-UV/Vis
SMP-00037,7.21,64085.7,10950.0,11108.9,0.0633,Benzoic Acid,HPLC-UV/Vis
SMP-00037,8.93,34629.9,7224.8,7688.6,0.036,Phenacetin,HPLC-UV/Vis
SMP-00037,10.4,13765.7,3264.6,3321.4,0.0134,Salicylic Acid,HPLC-UV/Vis
SMP-00037,12.1,47606.2,8855.7,8958.9,0.0507,Chlorpheniramine,HPLC-UV/Vis
SMP-00038,1.24,11888.5,3062.6,3075.1,0.0124,Uracil,HPLC-UV/Vis
SMP-00038,2.81,39631.8,7757.9,7816.7,0.041,Acetaminophen,HPLC-UV/Vis
SMP-00038,4.15,67468.1,10539.6,11000.8,0.0696,Caffeine,HPLC-UV/Vis
SMP-00038,5.55,23796.6,5409.5,5392.4,0.0238,Aspirin,HPLC-UV/Vis
SMP-00038,7.19,54916.5,9016.8,9228.3,0.0547,Benzoic Acid,HPLC-UV/Vis
SMP-00038,8.94,31076.5,6460.0,6614.5,0.0308,Phenacetin,HPLC-UV/Vis
SMP-00038,10.34,16344.9,3981.4,4104.0,0.0166,Salicylic Acid,HPLC-UV/Vis
SMP-00038,12.04,55684.9,10066.9,10403.1,0.0552,Chlorpheniramine,HPLC-UV/Vis
SMP-00039,1.28,13053.1,3329.9,3289.5,0.0133,Uracil,HPLC-UV/Vis
SMP-00039,2.82,41771.4,8297.4,8689.1,0.0432,Acetaminophen,HPLC-UV/Vis
SMP-00039,4.14,95866.5,15608.7,15728.2,0.0966,Caffeine,HPLC-UV/Vis
SMP-00039,5.6,23607.2,5172.7,5480.8,0.0232,Aspirin,HPLC-UV/Vis
SMP-00039,7.2,73324.3,11682.1,11726.5,0.0706,Benzoic Acid,HPLC-UV/Vis
SMP-00039,8.92,30000.6,6281.4,6389.2,0.0301,Phenacetin,HPLC-UV/Vis
SMP-00039,10.42,16341.9,3901.9,4005.8,0.0167,Salicylic Acid,HPLC-UV/Vis
SMP-00039,12.06,57754.4,10124.2,10714.0,0.0589,Chlorpheniramine,HPLC-UV/Vis
SMP-00040,1.25,12190.2,3198.3,3270.6,0.0123,Uracil,HPLC-UV/Vis
SMP-00040,2.78,42978.0,8033.1,8103.0,0.0413,Acetaminophen,HPLC-UV/Vis
SMP-00040,4.2,101914.8,15859.6,16565.3,0.1045,Caffeine,HPLC-UV/Vis
SMP-00040,5.6,18461.8,4117.0,4153.0,0.0186,Aspirin,HPLC-UV/Vis
SMP-00040,7.22,74305.3,12085.2,12172.9,0.0714,Benzoic Acid,HPLC-UV/Vis
SMP-00040,8.93,26361.2,5494.8,5610.1,0.0257,Phenacetin,HPLC-UV/Vis
SMP-00040,10.43,82706.6,20652.7,22828.5,0.0809,Salicylic Acid,HPLC-UV/Vis
SMP-00040,12.11,49970.9,9185.6,9562.6,0.0468,Chlorpheniramine,HPLC-UV/Vis
SMP-00041,1.16,11683.5,3101.4,3174.8,0.0114,Uracil,HPLC-UV/Vis
SMP-00041,2.83,36999.7,7491.6,7708.1,0.0359,Acetaminophen,HPLC-UV/Vis
SMP-00041,4.12,96927.6,16074.9,16004.4,0.0962,Caffeine,HPLC-UV/Vis
SMP-00041,5.64,19981.3,4657.2,4793.8,0.0194,Aspirin,HPLC-UV/Vis
SMP-00041,7.18,58809.2,9805.0,9858.3,0.0559,Benzoic Acid,HPLC-UV/Vis
SMP-00041,8.9,28853.6,5744.5,5816.8,0.0301,Phenacetin,HPLC-UV/Vis
SMP-00041,10.41,12829.4,3050.6,3155.2,0.0125,Salicylic Acid,HPLC-UV/Vis
SMP-00041,12.06,52648.8,9347.6,9658.8,0.052,Chlorpheniramine,HPLC-UV/Vis
SMP-00042,1.24,11536.2,3011.7,3116.4,0.0116,Uracil,HPLC-UV/Vis
SMP-00042,2.82,44720.1,8608.6,8884.9,0.0463,Acetaminophen,HPLC-UV/Vis
SMP-00042,4.17,72313.6,11849.6,12578.3,0.0732,Caffeine,HPLC-UV/Vis
SMP-00042,5.58,23171.7,5077.6,5150.1,0.023,Aspirin,HPLC-UV/Vis
SMP-00042,7.18,61965.8,9840.6,10212.7,0.0627,Benzoic Acid,HPLC-UV/Vis
SMP-00042,8.98,31474.6,6532.0,6767.7,0.0314,Phenacetin,HPLC-UV/Vis
SMP-00042,10.47,14895.6,3552.5,3689.9,0.015,Salicylic Acid,HPLC-UV/Vis
SMP-00042,12.13,53690.4,9381.6,9886.2,0.0544,Chlorpheniramine,HPLC-UV/Vis
SMP-00043,1.3,13270.7,3409.9,3620.7,0.0134,Uracil,HPLC-UV/Vis
SMP-00043,2.78,48465.1,9545.5,9834.7,0.0477,Acetaminophen,HPLC-UV/Vis
SMP-00043,4.15,77306.1,11926.4,12419.0,0.0727,Caffeine,HPLC-UV/Vis
SMP-00043,5.59,26122.0,5692.0,5937.9,0.0259,Aspirin,HPLC-UV/Vis
SMP-00043,7.22,64282.5,11017.6,11129.1,0.0647,Benzoic Acid,HPLC-UV/Vis
SMP-00043,8.97,37179.8,7480.5,7498.6,0.0366,Phenacetin,HPLC-UV/Vis
SMP-00043,10.41,15760.2,3711.0,3879.3,0.0154,Salicylic Acid,HPLC-UV/Vis
SMP-00043,12.19,56187.1,10331.2,10539.3,0.0542,Chlorpheniramine,HPLC-UV/Vis
SMP-00044,1.22,10648.9,2902.4,3005.3,0.0108,Uracil,HPLC-UV/Vis
SMP-00044,2.79,50217.9,9750.3,10146.2,0.05,Acetaminophen,HPLC-UV/Vis
SMP-00044,4.11,71559.1,11518.6,11877.2,0.0693,Caffeine,HPLC-UV/Vis
SMP-00044,5.6,18119.6,3860.6,4007.9,0.0183,Aspirin,HPLC-UV/Vis
SMP-00044,7.2,74291.1,12607.1,12961.3,0.0737,Benzoic Acid,HPLC-UV/Vis
SMP-00044,8.96,31809.1,6646.2,6863.1,0.0323,Phenacetin,HPLC-UV/Vis
SMP-00044,10.42,16959.2,4039.4,4014.5,0.0174,Salicylic Acid,HPLC-UV/Vis
SMP-00044,12.05,50331.9,9328.0,9555.6,0.0498,Chlorpheniramine,HPLC-UV/Vis
SMP-00045,1.22,11456.8,2965.0,3077.1,0.0116,Uracil,HPLC-UV/Vis
SMP-00045,2.81,48041.6,9266.8,9556.4,0.0481,Acetaminophen,HPLC-UV/Vis
SMP-00045,4.17,94152.7,15324.4,15536.2,0.0943,Caffeine,HPLC-UV/Vis
SMP-00045,5.61,28197.1,6145.6,6381.8,0.0287,Aspirin,HPLC-UV/Vis
SMP-00045,7.27,64852.1,10886.3,11038.9,0.0644,Benzoic Acid,HPLC-UV/Vis
SMP-00045,8.98,32196.0,6846.5,7038.9,0.032,Phenacetin,HPLC-UV/Vis
SMP-00045,10.41,14478.3,3447.6,3486.1,0.0148,Salicylic Acid,HPLC-UV/Vis
SMP-00045,12.1,53856.7,9953.4,10083.5,0.0527,Chlorpheniramine,HPLC-UV/Vis
SMP-00046,1.27,12864.5,3228.8,3369.4,0.0127,Uracil,HPLC-UV/Vis
SMP-00046,2.77,51759.5,10227.6,10658.2,0.0529,Acetaminophen,HPLC-UV/Vis
SMP-00046,4.1,82614.4,13161.5,13332.4,0.0807,Caffeine,HPLC-UV/Vis
SMP-00046,5.56,23873.9,5279.1,5488.3,0.0241,Aspirin,HPLC-UV/Vis
SMP-00046,7.19,81696.6,13655.4,13556.4,0.0803,Benzoic Acid,HPLC-UV/Vis
SMP-00046,8.95,30820.4,6232.6,6670.2,0.0312,Phenacetin,HPLC-UV/Vis
SMP-00046,10.37,14042.0,3424.7,3539.3,0.0135,Salicylic Acid,HPLC-UV/Vis
SMP-00046,12.1,53034.8,9350.6,9530.2,0.0528,Chlorpheniramine,HPLC-UV/Vis
SMP-00047,1.27,13796.2,3517.7,3591.2,0.014,Uracil,HPLC-UV/Vis
SMP-00047,2.79,49420.2,9865.4,10416.3,0.051,Acetaminophen,HPLC-UV/Vis
SMP-00047,4.15,89301.4,14473.9,14720.2,0.0867,Caffeine,HPLC-UV/Vis
SMP-00047,5.58,23298.6,5022.7,5062.9,0.0234,Aspirin,HPLC-UV/Vis
SMP-00047,7.22,82132.8,13742.3,14287.9,0.0807,Benzoic Acid,HPLC-UV/Vis
SMP-00047,9.0,28319.1,5609.0,5772.9,0.0283,Phenacetin,HPLC-UV/Vis
SMP-00047,10.39,17518.6,4175.5,4184.4,0.0178,Salicylic Acid,HPLC-UV/Vis
SMP-00047,12.08,45625.4,8031.0,8263.2,0.0469,Chlorpheniramine,HPLC-UV/Vis
SMP-00048,1.25,13291.1,3187.5,3349.1,0.013,Uracil,HPLC-UV/Vis
SMP-00048,2.81,50767.6,10012.8,9837.1,0.05,Acetaminophen,HPLC-UV/Vis
SMP-00048,4.14,93461.1,15536.1,16191.3,0.0931,Caffeine,HPLC-UV/Vis
SMP-00048,5.59,24061.8,5145.8,5365.2,0.0245,Aspirin,HPLC-UV/Vis
SMP-00048,7.11,58785.8,10403.0,10601.4,0.0561,Benzoic Acid,HPLC-UV/Vis
SMP-00048,8.95,34647.9,7160.9,7441.4,0.0349,Phenacetin,HPLC-UV/Vis
SMP-00048,10.47,17115.5,3989.0,4144.3,0.0175,Salicylic Acid,HPLC-UV/Vis
SMP-00048,12.09,60515.0,11215.1,12128.6,0.0597,Chlorpheniramine,HPLC-UV/Vis
SMP-00049,1.24,11840.1,2957.8,2883.1,0.0118,Uracil,HPLC-UV/Vis
SMP-00049,2.79,54664.3,10626.5,11219.7,0.0549,Acetaminophen,HPLC-UV/Vis
SMP-00049,4.16,101410.5,16509.3,17168.4,0.1021,Caffeine,HPLC-UV/Vis
SMP-00049,5.61,28261.4,6198.5,6436.5,0.0288,Aspirin,HPLC-UV/Vis
SMP-00049,7.2,51336.0,8704.8,8579.6,0.0533,Benzoic Acid,HPLC-UV/Vis
SMP-00049,8.98,28385.8,5525.0,5719.6,0.0284,Phenacetin,HPLC-UV/Vis
SMP-00049,10.4,19918.1,4947.0,5199.3,0.0202,Salicylic Acid,HPLC-UV/Vis
SMP-00049,12.09,43063.9,7731.4,8088.8,0.042,Chlorpheniramine,HPLC-UV/Vis
SMP-00050,1.23,14320.6,3752.7,3914.2,0.0145,Uracil,HPLC-UV/Vis
SMP-00050,2.81,40372.0,7261.7,7501.4,0.0407,Acetaminophen,HPLC-UV/Vis
SMP-00050,4.2,103205.3,16342.6,16717.7,0.1041,Caffeine,HPLC-UV/Vis
SMP-00050,5.64,25685.8,5611.9,5681.1,0.0261,Aspirin,HPLC-UV/Vis
SMP-00050,7.19,66626.5,11607.5,11873.4,0.0633,Benzoic Acid,HPLC-UV/Vis
SMP-00050,8.93,31333.4,6411.1,6568.4,0.0318,Phenacetin,HPLC-UV/Vis
SMP-00050,10.38,16667.8,3990.1,3981.5,0.0169,Salicylic Acid,HPLC-UV/Vis
SMP-00050,12.1,43572.9,8086.4,8060.6,0.0439,Chlorpheniramine,HPLC-UV/Vis
SMP-00051,1.22,11900.3,3041.1,3093.1,0.0121,Uracil,HPLC-UV/Vis
SMP-00051,2.83,47088.0,8964.4,9078.1,0.0456,Acetaminophen,HPLC-UV/Vis
SMP-00051,4.14,68040.6,10827.4,10957.1,0.0709,Caffeine,HPLC-UV/Vis
SMP-00051,5.56,25664.0,5874.0,5962.7,0.0254,Aspirin,HPLC-UV/Vis
SMP-00051,7.13,54855.6,9021.8,9572.1,0.0543,Benzoic Acid,HPLC-UV/Vis
SMP-00051,8.98,37774.0,7638.2,7864.8,0.0389,Phenacetin,HPLC-UV/Vis
SMP-00051,10.43,14012.1,3424.9,3511.0,0.0137,Salicylic Acid,HPLC-UV/Vis
SMP-00051,12.05,48872.4,8918.4,9363.5,0.0487,Chlorpheniramine,HPLC-UV/Vis
SMP-00052,1.27,11240.8,2960.2,3097.5,0.0119,Uracil,HPLC-UV/Vis
SMP-00052,2.79,49322.1,9803.5,9992.7,0.049,Acetaminophen,HPLC-UV/Vis
SMP-00052,4.13,85538.8,13943.9,14640.0,0.0845,Caffeine,HPLC-UV/Vis
SMP-00052,5.54,20190.8,4257.0,4371.6,0.0196,Aspirin,HPLC-UV/Vis
SMP-00052,7.18,64431.1,11151.8,11634.0,0.0645,Benzoic Acid,HPLC-UV/Vis
SMP-00052,8.94,32223.0,6722.4,6802.1,0.0322,Phenacetin,HPLC-UV/Vis
SMP-00052,10.41,16789.7,4057.9,4327.1,0.0165,Salicylic Acid,HPLC-UV/Vis
SMP-00052,12.1,53657.3,9668.7,9979.5,0.0546,Chlorpheniramine,HPLC-UV/Vis
SMP-00053,1.25,13465.6,3393.6,3547.4,0.0133,Uracil,HPLC-UV/Vis
SMP-00053,2.87,45241.1,8206.3,8362.5,0.0464,Acetaminophen,HPLC-UV/Vis
SMP-00053,4.16,98198.2,16173.5,17052.6,0.0998,Caffeine,HPLC-UV/Vis
SMP-00053,5.61,25191.1,5515.0,5614.1,0.026,Aspirin,HPLC-UV/Vis
SMP-00053,7.22,68234.1,11142.3,11479.0,0.0702,Benzoic Acid,HPLC-UV/Vis
SMP-00053,8.9,30528.8,6605.0,6774.9,0.0294,Phenacetin,HPLC-UV/Vis
SMP-00053,10.42,15491.5,3731.2,3924.0,0.0153,Salicylic Acid,HPLC-UV/Vis
SMP-00053,12.12,55527.1,10083.2,10350.4,0.0567,Chlorpheniramine,HPLC-UV/Vis
SMP-00054,1.2,13215.5,3457.3,3594.3,0.0134,Uracil,HPLC-UV/Vis
SMP-00054,2.82,45591.5,8729.8,8937.2,0.0474,Acetaminophen,HPLC-UV/Vis
SMP-00054,4.16,74223.0,12018.4,12274.7,0.0705,Caffeine,HPLC-UV/Vis
SMP-00054,5.59,18250.8,4158.1,4402.2,0.0189,Aspirin,HPLC-UV/Vis
SMP-00054,7.2,76351.9,13253.8,13951.9,0.0751,Benzoic Acid,HPLC-UV/Vis
SMP-00054,8.96,25554.3,5332.4,5734.8,0.026,Phenacetin,HPLC-UV/Vis
SMP-00054,10.41,15486.5,3815.8,3868.1,0.0152,Salicylic Acid,HPLC-UV/Vis
SMP-00054,12.14,48829.0,9113.9,9371.4,0.0492,Chlorpheniramine,HPLC-UV/Vis
SMP-00055,1.28,12553.5,3362.0,3483.6,0.0128,Uracil,HPLC-UV/Vis
SMP-00055,2.86,47952.0,9508.9,9488.4,0.0472,Acetaminophen,HPLC-UV/Vis
SMP-00055,4.16,72129.7,12176.8,12409.7,0.0746,Caffeine,HPLC-UV/Vis
SMP-00055,5.61,25823.4,5564.3,5620.7,0.0257,Aspirin,HPLC-UV/Vis
SMP-00055,7.16,56157.5,9609.3,9781.7,0.0556,Benzoic Acid,HPLC-UV/Vis
SMP-00055,8.93,31176.8,6574.3,6670.1,0.0322,Phenacetin,HPLC-UV/Vis
SMP-00055,10.38,17999.1,4408.5,4492.1,0.0179,Salicylic Acid,HPLC-UV/Vis
SMP-00055,12.14,49773.8,8987.6,9273.5,0.0487,Chlorpheniramine,HPLC-UV/Vis
SMP-00056,1.25,13870.1,3680.9,3767.1,0.0139,Uracil,HPLC-UV/Vis
SMP-00056,2.78,48496.2,9400.8,9500.6,0.0476,Acetaminophen,HPLC-UV/Vis
SMP-00056,4.15,103832.9,16655.3,17252.0,0.1081,Caffeine,HPLC-UV/Vis
SMP-00056,5.54,109502.5,22550.8,25373.8,0.1084,Aspirin,HPLC-UV/Vis
SMP-00056,7.17,62681.5,10299.9,10314.6,0.0621,Benzoic Acid,HPLC-UV/Vis
SMP-00056,8.94,30353.7,6223.0,6328.1,0.0308,Phenacetin,HPLC-UV/Vis
SMP-00056,10.39,16357.6,3957.3,4104.9,0.0168,Salicylic Acid,HPLC-UV/Vis
SMP-00056,12.05,56661.6,10608.0,10879.3,0.0577,Chlorpheniramine,HPLC-UV/Vis
SMP-00057,1.21,12626.3,3076.6,3154.2,0.013,Uracil,HPLC-UV/Vis
SMP-00057,2.76,41073.5,7964.9,8145.6,0.0424,Acetaminophen,HPLC-UV/Vis
SMP-00057,4.16,90499.8,14882.4,15072.3,0.092,Caffeine,HPLC-UV/Vis
SMP-00057,5.63,25840.0,5737.5,5889.4,0.026,Aspirin,HPLC-UV/Vis
SMP-00057,7.21,66636.1,11056.8,11544.8,0.0665,Benzoic Acid,HPLC-UV/Vis
SMP-00057,8.95,31411.2,6465.8,6680.7,0.0321,Phenacetin,HPLC-UV/Vis
SMP-00057,10.41,17613.1,4092.6,4230.1,0.0174,Salicylic Acid,HPLC-UV/Vis
SMP-00057,12.07,53281.9,10175.8,10223.7,0.052,Chlorpheniramine,HPLC-UV/Vis
SMP-00058,1.3,11874.9,3049.7,3116.6,0.0117,Uracil,HPLC-UV/Vis
SMP-00058,2.87,52175.9,9911.7,10337.4,0.0514,Acetaminophen,HPLC-UV/Vis
SMP-00058,4.18,99548.9,16637.4,16980.2,0.0993,Caffeine,HPLC-UV/Vis
SMP-00058,5.57,24004.4,5239.7,5227.3,0.0241,Aspirin,HPLC-UV/Vis
SMP-00058,7.16,71705.3,12027.7,12568.9,0.0729,Benzoic Acid,HPLC-UV/Vis
SMP-00058,8.9,29535.8,6229.7,6349.1,0.0291,Phenacetin,HPLC-UV/Vis
SMP-00058,10.45,16888.9,4201.8,4409.1,0.0171,Salicylic Acid,HPLC-UV/Vis
SMP-00058,12.1,51883.5,10156.2,10573.8,0.0514,Chlorpheniramine,HPLC-UV/Vis
SMP-00059,1.22,14323.7,3618.1,3762.9,0.0146,Uracil,HPLC-UV/Vis
SMP-00059,2.8,45849.7,8894.9,9059.2,0.0454,Acetaminophen,HPLC-UV/Vis
SMP-00059,4.15,82191.4,13136.2,13819.4,0.0834,Caffeine,HPLC-UV/Vis
SMP-00059,5.59,24424.5,5294.3,5425.6,0.0249,Aspirin,HPLC-UV/Vis
SMP-00059,7.17,61633.8,10279.1,10942.3,0.0591,Benzoic Acid,HPLC-UV/Vis
SMP-00059,8.91,146106.3,25136.6,25059.2,0.1444,Phenacetin,HPLC-UV/Vis
SMP-00059,10.42,16775.2,4182.4,4179.0,0.0169,Salicylic Acid,HPLC-UV/Vis
SMP-00059,12.07,54250.6,9775.4,10428.8,0.0563,Chlorpheniramine,HPLC-UV/Vis
SMP-00060,1.32,11311.0,3001.4,3149.7,0.0111,Uracil,HPLC-UV/Vis
SMP-00060,2.8,48339.0,9455.4,9965.3,0.0484,Acetaminophen,HPLC-UV/Vis
SMP-00060,4.18,94378.0,15660.1,15921.8,0.0925,Caffeine,HPLC-UV/Vis
SMP-00060,5.58,24916.1,5650.6,5802.6,0.0256,Aspirin,HPLC-UV/Vis
SMP-00060,7.21,61860.5,10809.6,11120.7,0.062,Benzoic Acid,HPLC-UV/Vis
SMP-00060,8.92,26618.2,5582.0,5662.0,0.0285,Phenacetin,HPLC-UV/Vis
SMP-00060,10.36,16396.6,4168.4,4298.9,0.0166,Salicylic Acid,HPLC-UV/Vis
SMP-00060,12.08,48381.8,8191.2,8456.1,0.0459,Chlorpheniramine,HPLC-UV/Vis
SMP-00061,1.23,11415.5,2972.1,3079.5,0.0117,Uracil,HPLC-UV/Vis
SMP-00061,2.83,45791.4,8979.7,9341.0,0.0459,Acetaminophen,HPLC-UV/Vis
SMP-00061,4.14,81908.1,13498.1,13877.7,0.0807,Caffeine,HPLC-UV/Vis
SMP-00061,5.56,25361.1,5611.6,5683.1,0.0257,Aspirin,HPLC-UV/Vis
SMP-00061,7.16,74283.1,12164.2,12429.6,0.0743,Benzoic Acid,HPLC-UV/Vis
SMP-00061,8.95,27459.1,5737.4,5853.9,0.0286,Phenacetin,HPLC-UV/Vis
SMP-00061,10.33,16158.2,4157.7,4413.5,0.0167,Salicylic Acid,HPLC-UV/Vis
SMP-00061,12.13,50287.6,9158.9,9200.5,0.0496,Chlorpheniramine,HPLC-UV/Vis
SMP-00062,1.28,13447.4,3482.9,3493.3,0.0134,Uracil,HPLC-UV/Vis
SMP-00062,2.83,51196.3,10231.1,10383.5,0.0487,Acetaminophen,HPLC-UV/Vis
SMP-00062,4.19,85621.6,13591.8,14446.1,0.0879,Caffeine,HPLC-UV/Vis
SMP-00062,5.59,22794.8,5067.7,5381.9,0.023,Aspirin,HPLC-UV/Vis
SMP-00062,7.24,59516.5,10144.3,10388.9,0.0561,Benzoic Acid,HPLC-UV/Vis
SMP-00062,8.92,32857.8,6762.4,6990.2,0.0341,Phenacetin,HPLC-UV/Vis
SMP-00062,10.4,16075.6,3832.0,3949.1,0.0156,Salicylic Acid,HPLC-UV/Vis
SMP-00062,12.08,65211.3,11781.9,12377.7,0.0652,Chlorpheniramine,HPLC-UV/Vis
SMP-00063,1.23,12598.8,3268.7,3315.5,0.0126,Uracil,HPLC-UV/Vis
SMP-00063,2.87,45389.2,9233.1,9474.0,0.0456,Acetaminophen,HPLC-UV/Vis
SMP-00063,4.14,91078.8,15495.4,16029.1,0.0935,Caffeine,HPLC-UV/Vis
SMP-00063,5.65,22963.6,5435.9,5546.2,0.0226,Aspirin,HPLC-UV/Vis
SMP-00063,7.27,72923.2,12006.4,12666.5,0.0739,Benzoic Acid,HPLC-UV/Vis
SMP-00063,8.9,30372.5,6141.8,6083.7,0.031,Phenacetin,HPLC-UV/Vis
SMP-00063,10.42,19282.1,4656.7,4757.2,0.0193,Salicylic Acid,HPLC-UV/Vis
SMP-00063,12.08,50781.0,9493.1,9849.7,0.0486,Chlorpheniramine,HPLC-UV/Vis
SMP-00064,1.3,12950.9,3255.5,3342.1,0.013,Uracil,HPLC-UV/Vis
SMP-00064,2.76,41948.6,8224.8,8455.1,0.0425,Acetaminophen,HPLC-UV/Vis
SMP-00064,4.16,98937.8,16294.8,16829.0,0.0988,Caffeine,HPLC-UV/Vis
SMP-00064,5.6,26009.9,5724.6,5794.4,0.0258,Aspirin,HPLC-UV/Vis
SMP-00064,7.19,70671.0,11920.1,12489.6,0.0726,Benzoic Acid,HPLC-UV/Vis
SMP-00064,8.92,28381.3,5807.6,5929.5,0.0277,Phenacetin,HPLC-UV/Vis
SMP-00064,10.39,14552.6,3508.9,3696.8,0.0146,Salicylic Acid,HPLC-UV/Vis
SMP-00064,12.11,52628.7,9517.5,9851.9,0.0531,Chlorpheniramine,HPLC-UV/Vis
SMP-00065,1.22,13520.1,3494.9,3490.0,0.0138,Uracil,HPLC-UV/Vis
SMP-00065,2.77,45759.3,8431.8,8472.4,0.0467,Acetaminophen,HPLC-UV/Vis
SMP-00065,4.12,91247.6,14605.7,14906.3,0.0926,Caffeine,HPLC-UV/Vis
SMP-00065,5.57,23455.9,5327.2,5618.9,0.0231,Aspirin,HPLC-UV/Vis
SMP-00065,7.18,79708.8,12865.3,13593.1,0.0788,Benzoic Acid,HPLC-UV/Vis
SMP-00065,8.97,98106.4,21378.5,18137.8,0.1004,Phenacetin,HPLC-UV/Vis
SMP-00065,10.36,14332.4,3518.1,3709.1,0.0148,Salicylic Acid,HPLC-UV/Vis
SMP-00065,12.11,58259.5,10338.4,10616.9,0.0574,Chlorpheniramine,HPLC-UV/Vis
SMP-00066,1.26,12681.5,3325.5,3461.6,0.0128,Uracil,HPLC-UV/Vis
SMP-00066,2.8,47691.3,9074.0,9413.3,0.0483,Acetaminophen,HPLC-UV/Vis
SMP-00066,4.15,83638.2,13366.9,13467.2,0.0859,Caffeine,HPLC-UV/Vis
SMP-00066,5.62,27655.8,6077.2,6628.0,0.0276,Aspirin,HPLC-UV/Vis
SMP-00066,7.19,69909.6,11898.6,12228.5,0.0723,Benzoic Acid,HPLC-UV/Vis
SMP-00066,8.96,28364.3,5899.1,6060.2,0.028,Phenacetin,HPLC-UV/Vis
SMP-00066,10.48,15189.7,3534.0,3590.6,0.0152,Salicylic Acid,HPLC-UV/Vis
SMP-00066,12.12,57868.2,10274.1,10652.3,0.0569,Chlorpheniramine,HPLC-UV/Vis
SMP-00067,1.22,10970.9,2922.0,3049.9,0.0113,Uracil,HPLC-UV/Vis
SMP-00067,2.82,37733.5,7563.2,7816.9,0.0383,Acetaminophen,HPLC-UV/Vis
SMP-00067,4.12,75838.2,12018.3,12514.6,0.0771,Caffeine,HPLC-UV/Vis
SMP-00067,5.57,21429.3,4676.8,4689.7,0.0208,Aspirin,HPLC-UV/Vis
SMP-00067,7.2,59442.9,9839.5,10343.0,0.0577,Benzoic Acid,HPLC-UV/Vis
SMP-00067,8.98,29895.4,6022.6,6343.5,0.0297,Phenacetin,HPLC-UV/Vis
SMP-00067,10.41,15065.8,3724.6,3860.2,0.0154,Salicylic Acid,HPLC-UV/Vis
SMP-00067,12.1,53867.5,9947.3,10041.8,0.055,Chlorpheniramine,HPLC-UV/Vis
SMP-00068,1.21,13954.8,3801.2,3991.4,0.0144,Uracil,HPLC-UV/Vis
SMP-00068,2.75,37354.1,7327.2,7460.2,0.0365,Acetaminophen,HPLC-UV/Vis
SMP-00068,4.17,76242.1,12198.4,12932.7,0.0743,Caffeine,HPLC-UV/Vis
SMP-00068,5.59,24360.8,5546.6,5795.2,0.0248,Aspirin,HPLC-UV/Vis
SMP-00068,7.23,61652.9,10332.9,10696.3,0.0623,Benzoic Acid,HPLC-UV/Vis
SMP-00068,8.92,26988.8,5704.0,5896.3,0.0277,Phenacetin,HPLC-UV/Vis
SMP-00068,10.36,17107.9,4125.1,4277.1,0.0169,Salicylic Acid,HPLC-UV/Vis
SMP-00068,12.07,52372.0,9501.5,9579.0,0.0527,Chlorpheniramine,HPLC-UV/Vis
SMP-00069,1.24,12942.5,3062.6,3152.1,0.0129,Uracil,HPLC-UV/Vis
SMP-00069,2.83,44306.0,8562.6,8754.9,0.0426,Acetaminophen,HPLC-UV/Vis
SMP-00069,4.18,70379.9,11107.4,11351.8,0.0735,Caffeine,HPLC-UV/Vis
SMP-00069,5.58,26113.4,5652.3,5936.0,0.0255,Aspirin,HPLC-UV/Vis
SMP-00069,7.19,60468.0,9975.8,10330.4,0.0598,Benzoic Acid,HPLC-UV/Vis
SMP-00069,8.93,165679.9,36980.2,33154.0,0.1643,Phenacetin,HPLC-UV/Vis
SMP-00069,10.43,17123.3,4523.2,4705.6,0.0173,Salicylic Acid,HPLC-UV/Vis
SMP-00069,12.07,51794.9,9216.7,9612.6,0.0516,Chlorpheniramine,HPLC-UV/Vis
SMP-00070,1.28,13525.2,3460.8,3518.2,0.0139,Uracil,HPLC-UV/Vis
SMP-00070,2.75,44365.9,8665.9,9060.8,0.0452,Acetaminophen,HPLC-UV/Vis
SMP-00070,4.17,89772.9,14300.1,14654.4,0.0898,Caffeine,HPLC-UV/Vis
SMP-00070,5.54,22181.8,4906.2,5025.7,0.0221,Aspirin,HPLC-UV/Vis
SMP-00070,7.17,56427.1,9260.3,9679.6,0.0587,Benzoic Acid,HPLC-UV/Vis
SMP-00070,8.91,30475.4,6301.1,6512.5,0.0308,Phenacetin,HPLC-UV/Vis
SMP-00070,10.4,16256.4,4054.1,4110.4,0.0161,Salicylic Acid,HPLC-UV/Vis
SMP-00070,12.08,51358.5,8986.9,9286.2,0.0513,Chlorpheniramine,HPLC-UV/Vis
SMP-00071,1.26,11294.7,2949.7,2962.5,0.0113,Uracil,HPLC-UV/Vis
SMP-00071,2.81,46371.3,8943.3,8936.8,0.045,Acetaminophen,HPLC-UV/Vis
SMP-00071,4.15,83775.2,13890.2,14229.3,0.0821,Caffeine,HPLC-UV/Vis
SMP-00071,5.61,23850.5,5553.4,5645.7,0.0238,Aspirin,HPLC-UV/Vis
SMP-00071,7.2,64025.9,10119.5,10319.7,0.0626,Benzoic Acid,HPLC-UV/Vis
SMP-00071,8.93,27933.4,5842.4,6087.9,0.0274,Phenacetin,HPLC-UV/Vis
SMP-00071,10.34,14829.5,3657.8,3827.9,0.0146,Salicylic Acid,HPLC-UV/Vis
SMP-00071,12.05,47438.6,8786.5,9343.8,0.048,Chlorpheniramine,HPLC-UV/Vis
SMP-00072,1.2,12400.3,2976.4,2945.3,0.0125,Uracil,HPLC-UV/Vis
SMP-00072,2.77,46100.3,8989.5,9428.9,0.0462,Acetaminophen,HPLC-UV/Vis
SMP-00072,4.15,88172.0,14795.9,14950.3,0.0932,Caffeine,HPLC-UV/Vis
SMP-00072,5.61,24313.0,5655.3,5914.6,0.0236,Aspirin,HPLC-UV/Vis
SMP-00072,7.19,68122.3,10891.0,11332.3,0.0672,Benzoic Acid,HPLC-UV/Vis
SMP-00072,8.94,37206.5,8013.2,8261.1,0.0372,Phenacetin,HPLC-UV/Vis
SMP-00072,10.43,15087.6,3627.2,3807.0,0.0149,Salicylic Acid,HPLC-UV/Vis
SMP-00072,12.05,58017.7,11061.4,11552.8,0.0596,Chlorpheniramine,HPLC-UV/Vis
SMP-00073,1.26,11276.2,2876.4,3007.1,0.0113,Uracil,HPLC-UV/Vis
SMP-00073,2.76,39474.4,7802.3,8358.5,0.0407,Acetaminophen,HPLC-UV/Vis
SMP-00073,4.19,97553.6,15185.8,15549.3,0.0995,Caffeine,HPLC-UV/Vis
SMP-00073,5.56,24510.8,5084.7,5214.6,0.025,Aspirin,HPLC-UV/Vis
SMP-00073,7.19,73394.3,12524.5,13228.4,0.0746,Benzoic Acid,HPLC-UV/Vis
SMP-00073,8.97,32028.9,6587.6,6754.0,0.0313,Phenacetin,HPLC-UV/Vis
SMP-00073,10.39,15977.4,4056.2,4174.5,0.0163,Salicylic Acid,HPLC-UV/Vis
SMP-00073,12.09,57424.2,10311.8,10893.9,0.0581,Chlorpheniramine,HPLC-UV/Vis
SMP-00074,1.25,14502.5,3710.1,3854.6,0.0147,Uracil,HPLC-UV/Vis
SMP-00074,2.82,39416.4,7492.8,7878.8,0.0397,Acetaminophen,HPLC-UV/Vis
SMP-00074,4.16,443323.9,63004.9,64650.6,0.4368,Caffeine,HPLC-UV/Vis
SMP-00074,5.65,23988.7,5094.0,5089.9,0.0239,Aspirin,HPLC-UV/Vis
SMP-00074,7.19,76209.3,12783.0,13287.0,0.0744,Benzoic Acid,HPLC-UV/Vis
SMP-00074,8.94,33893.3,6796.6,7024.6,0.0341,Phenacetin,HPLC-UV/Vis
SMP-00074,10.41,15185.1,3625.0,3850.1,0.0155,Salicylic Acid,HPLC-UV/Vis
SMP-00074,12.12,50175.5,8724.4,9166.5,0.0483,Chlorpheniramine,HPLC-UV/Vis
SMP-00075,1.24,12187.1,3171.7,3303.8,0.012,Uracil,HPLC-UV/Vis
SMP-00075,2.8,40047.4,7737.1,8183.0,0.0416,Acetaminophen,HPLC-UV/Vis
SMP-00075,4.11,93577.1,15581.7,16275.3,0.095,Caffeine,HPLC-UV/Vis
SMP-00075,5.6,21694.7,4499.6,4665.2,0.0218,Aspirin,HPLC-UV/Vis
SMP-00075,7.16,71747.5,12613.6,13011.8,0.0717,Benzoic Acid,HPLC-UV/Vis
SMP-00075,9.01,28006.6,5784.3,5865.4,0.0277,Phenacetin,HPLC-UV/Vis
SMP-00075,10.44,18410.4,4535.7,4637.6,0.0192,Salicylic Acid,HPLC-UV/Vis
SMP-00075,12.08,44580.5,8471.5,8889.7,0.0472,Chlorpheniramine,HPLC-UV/Vis
SMP-00076,1.29,12537.8,3299.9,3290.2,0.013,Uracil,HPLC-UV/Vis
SMP-00076,2.8,48754.8,9270.2,9440.9,0.0483,Acetaminophen,HPLC-UV/Vis
SMP-00076,4.15,72674.3,12188.6,12844.7,0.0714,Caffeine,HPLC-UV/Vis
SMP-00076,5.59,23858.3,5171.7,5235.5,0.0243,Aspirin,HPLC-UV/Vis
SMP-00076,7.26,67712.2,10941.5,11538.2,0.0686,Benzoic Acid,HPLC-UV/Vis
SMP-00076,8.99,29163.6,5958.2,6116.6,0.0284,Phenacetin,HPLC-UV/Vis
SMP-00076,10.44,15971.0,3736.9,3732.8,0.0165,Salicylic Acid,HPLC-UV/Vis
SMP-00076,12.08,52715.8,9097.7,9629.6,0.0523,Chlorpheniramine,HPLC-UV/Vis
SMP-00077,1.25,14230.3,3682.2,3855.5,0.0145,Uracil,HPLC-UV/Vis
SMP-00077,2.81,44733.7,9204.6,9313.8,0.0447,Acetaminophen,HPLC-UV/Vis
SMP-00077,4.16,85369.9,14014.4,14387.5,0.0825,Caffeine,HPLC-UV/Vis
SMP-00077,5.57,19093.6,4236.7,4405.1,0.0193,Aspirin,HPLC-UV/Vis
SMP-00077,7.14,58226.8,10339.5,10433.1,0.0591,Benzoic Acid,HPLC-UV/Vis
SMP-00077,8.95,29224.6,6103.0,6302.8,0.0289,Phenacetin,HPLC-UV/Vis
SMP-00077,10.41,13708.8,3388.1,3667.7,0.0141,Salicylic Acid,HPLC-UV/Vis
SMP-00077,12.1,43692.7,7511.7,7929.8,0.0428,Chlorpheniramine,HPLC-UV/Vis
SMP-00078,1.25,11128.2,2742.5,2822.0,0.0109,Uracil,HPLC-UV/Vis
SMP-00078,2.78,48192.6,9303.3,9549.2,0.0487,Acetaminophen,HPLC-UV/Vis
SMP-00078,4.14,93397.3,15473.0,15891.7,0.0935,Caffeine,HPLC-UV/Vis
SMP-00078,5.57,24876.7,5560.7,5778.1,0.025,Aspirin,HPLC-UV/Vis
SMP-00078,7.22,73702.7,12554.4,12905.7,0.0756,Benzoic Acid,HPLC-UV/Vis
SMP-00078,8.97,32080.5,6628.5,6729.8,0.0325,Phenacetin,HPLC-UV/Vis
SMP-00078,10.39,15711.5,3776.3,3852.7,0.0162,Salicylic Acid,HPLC-UV/Vis
SMP-00078,12.09,45596.5,8022.0,7988.6,0.0463,Chlorpheniramine,HPLC-UV/Vis
SMP-00079,1.24,10375.3,2753.1,2795.7,0.0107,Uracil,HPLC-UV/Vis
SMP-00079,2.78,44985.2,8944.3,9172.0,0.0445,Acetaminophen,HPLC-UV/Vis
SMP-00079,4.15,77855.8,12828.7,12755.1,0.0771,Caffeine,HPLC-UV/Vis
SMP-00079,5.61,24463.6,5391.4,5679.3,0.0249,Aspirin,HPLC-UV/Vis
SMP-00079,7.23,72458.0,11893.7,11930.8,0.073,Benzoic Acid,HPLC-UV/Vis
SMP-00079,8.98,28279.0,5627.2,5847.7,0.0282,Phenacetin,HPLC-UV/Vis
SMP-00079,10.41,12710.8,2988.5,3158.9,0.0133,Salicylic Acid,HPLC-UV/Vis
SMP-00079,12.09,54431.9,10366.1,10574.9,0.0539,Chlorpheniramine,HPLC-UV/Vis
SMP-00080,1.24,13349.7,3289.4,3376.8,0.013,Uracil,HPLC-UV/Vis
SMP-00080,2.83,45571.6,8770.8,8902.6,0.0454,Acetaminophen,HPLC-UV/Vis
SMP-00080,4.18,65784.3,10331.9,10674.7,0.0656,Caffeine,HPLC-UV/Vis
SMP-00080,5.61,22395.8,4864.2,4986.2,0.0229,Aspirin,HPLC-UV/Vis
SMP-00080,7.2,68635.8,11930.5,12216.7,0.0699,Benzoic Acid,HPLC-UV/Vis
SMP-00080,8.95,30542.9,6202.4,6356.8,0.0311,Phenacetin,HPLC-UV/Vis
SMP-00080,10.41,13845.3,3262.3,3500.0,0.0138,Salicylic Acid,HPLC-UV/Vis
SMP-00080,12.14,55728.3,10246.8,10525.9,0.0554,Chlorpheniramine,HPLC-UV/Vis
SMP-00081,1.21,12341.0,3200.4,3414.8,0.0124,Uracil,HPLC-UV/Vis
SMP-00081,2.8,58347.2,11570.0,11729.5,0.0589,Acetaminophen,HPLC-UV/Vis
SMP-00081,4.11,86093.3,14034.9,13930.4,0.084,Caffeine,HPLC-UV/Vis
SMP-00081,5.59,24012.0,5115.8,5342.4,0.0235,Aspirin,HPLC-UV/Vis
SMP-00081,7.15,60036.3,10117.3,10757.6,0.0605,Benzoic Acid,HPLC-UV/Vis
SMP-00081,8.95,27998.0,5649.4,5682.0,0.0272,Phenacetin,HPLC-UV/Vis
SMP-00081,10.39,13848.5,3409.8,3423.3,0.0139,Salicylic Acid,HPLC-UV/Vis
SMP-00081,12.14,55955.5,10481.2,10637.2,0.056,Chlorpheniramine,HPLC-UV/Vis
SMP-00082,1.24,12124.2,3046.5,3063.9,0.0118,Uracil,HPLC-UV/Vis
SMP-00082,2.77,48674.1,9032.1,9055.9,0.0503,Acetaminophen,HPLC-UV/Vis
SMP-00082,4.16,94930.3,15719.8,15712.8,0.0945,Caffeine,HPLC-UV/Vis
SMP-00082,5.67,19415.8,4126.5,4164.5,0.0187,Aspirin,HPLC-UV/Vis
SMP-00082,7.27,64193.5,10224.2,10073.5,0.0639,Benzoic Acid,HPLC-UV/Vis
SMP-00082,8.93,31891.1,6618.1,6859.4,0.0317,Phenacetin,HPLC-UV/Vis
SMP-00082,10.42,15620.2,3906.2,4085.1,0.0152,Salicylic Acid,HPLC-UV/Vis
SMP-00082,12.08,48475.8,8987.5,9320.2,0.0497,Chlorpheniramine,HPLC-UV/Vis
SMP-00083,1.26,13944.2,3629.1,3742.9,0.0144,Uracil,HPLC-UV/Vis
SMP-00083,2.79,41963.0,8342.4,8799.1,0.0419,Acetaminophen,HPLC-UV/Vis
SMP-00083,4.09,88706.2,14402.3,14625.0,0.093,Caffeine,HPLC-UV/Vis
SMP-00083,5.59,23160.0,4807.1,4878.3,0.0236,Aspirin,HPLC-UV/Vis
SMP-00083,7.18,76226.3,13117.9,13647.1,0.0756,Benzoic Acid,HPLC-UV/Vis
SMP-00083,8.93,28096.7,5563.3,5661.4,0.0275,Phenacetin,HPLC-UV/Vis
SMP-00083,10.41,15966.7,4083.3,4151.2,0.0161,Salicylic Acid,HPLC-UV/Vis
SMP-00083,12.09,58235.3,10758.0,11151.2,0.058,Chlorpheniramine,HPLC-UV/Vis
SMP-00084,1.21,11447.1,2882.5,2904.2,0.0116,Uracil,HPLC-UV/Vis
SMP-00084,2.77,47098.4,8876.6,9088.7,0.0465,Acetaminophen,HPLC-UV/Vis
SMP-00084,4.13,98224.9,15860.2,16130.0,0.096,Caffeine,HPLC-UV/Vis
SMP-00084,5.63,23731.4,5582.3,5909.4,0.0236,Aspirin,HPLC-UV/Vis
SMP-00084,7.21,61751.8,10654.1,11050.7,0.0621,Benzoic Acid,HPLC-UV/Vis
SMP-00084,9.0,31733.8,6488.2,6878.6,0.0323,Phenacetin,HPLC-UV/Vis
SMP-00084,10.4,15905.5,3915.7,3926.9,0.0154,Salicylic Acid,HPLC-UV/Vis
SMP-00084,12.07,50711.3,9356.2,9605.3,0.0509,Chlorpheniramine,HPLC-UV/Vis
SMP-00085,1.24,13181.7,3445.1,3498.6,0.0133,Uracil,HPLC-UV/Vis
SMP-00085,2.8,42625.4,8237.0,8499.3,0.0425,Acetaminophen,HPLC-UV/Vis
SMP-00085,4.11,80614.1,13039.4,13387.5,0.0796,Caffeine,HPLC-UV/Vis
SMP-00085,5.6,25154.5,5538.7,5749.1,0.0249,Aspirin,HPLC-UV/Vis
SMP-00085,7.21,73235.7,12410.3,12928.8,0.0731,Benzoic Acid,HPLC-UV/Vis
SMP-00085,8.98,29165.9,5862.5,6059.6,0.0294,Phenacetin,HPLC-UV/Vis
SMP-00085,10.4,15454.1,3511.9,3601.9,0.0154,Salicylic Acid,HPLC-UV/Vis
SMP-00085,12.14,47611.2,8366.6,8180.5,0.0471,Chlorpheniramine,HPLC-UV/Vis
SMP-00086,1.23,13829.6,3637.2,3752.0,0.0138,Uracil,HPLC-UV/Vis
SMP-00086,2.8,42052.5,7713.8,7877.2,0.0427,Acetaminophen,HPLC-UV/Vis
SMP-00086,4.15,82373.8,12875.0,13403.3,0.0792,Caffeine,HPLC-UV/Vis
SMP-00086,5.62,24107.8,5289.2,5507.6,0.0242,Aspirin,HPLC-UV/Vis
SMP-00086,7.26,65029.8,11067.6,10864.2,0.0668,Benzoic Acid,HPLC-UV/Vis
SMP-00086,8.95,32943.8,6865.4,6983.1,0.0333,Phenacetin,HPLC-UV/Vis
SMP-00086,10.38,17358.8,4339.6,4408.5,0.0171,Salicylic Acid,HPLC-UV/Vis
SMP-00086,12.12,48780.9,8925.4,9326.5,0.0487,Chlorpheniramine,HPLC-UV/Vis
SMP-00087,1.24,12184.2,3037.8,3190.8,0.012,Uracil,HPLC-UV/Vis
SMP-00087,2.8,40978.4,7800.7,8250.5,0.0412,Acetaminophen,HPLC-UV/Vis
SMP-00087,4.16,87897.5,15790.9,16354.6,0.0872,Caffeine,HPLC-UV/Vis
SMP-00087,5.54,23317.9,5453.6,5604.5,0.0225,Aspirin,HPLC-UV/Vis
SMP-00087,7.24,69934.8,11340.2,11524.9,0.0692,Benzoic Acid,HPLC-UV/Vis
SMP-00087,8.99,34484.0,7161.7,7185.8,0.0337,Phenacetin,HPLC-UV/Vis
SMP-00087,10.36,15248.8,3749.2,3776.3,0.0149,Salicylic Acid,HPLC-UV/Vis
SMP-00087,12.12,59954.4,11019.4,11366.3,0.0591,Chlorpheniramine,HPLC-UV/Vis
SMP-00088,1.23,12960.9,3363.6,3323.2,0.0128,Uracil,HPLC-UV/Vis
SMP-00088,2.8,39310.3,8268.2,8511.5,0.0397,Acetaminophen,HPLC-UV/Vis
SMP-00088,4.14,82710.8,14368.1,15087.5,0.0842,Caffeine,HPLC-UV/Vis
SMP-00088,5.57,26051.1,5622.9,5823.4,0.0253,Aspirin,HPLC-UV/Vis
SMP-00088,7.21,61946.8,9626.1,10019.0,0.0648,Benzoic Acid,HPLC-UV/Vis
SMP-00088,8.94,31228.0,6576.6,6921.5,0.031,Phenacetin,HPLC-UV/Vis
SMP-00088,10.41,16464.8,3995.5,4105.8,0.0169,Salicylic Acid,HPLC-UV/Vis
SMP-00088,12.11,63518.6,11371.8,12082.1,0.0641,Chlorpheniramine,HPLC-UV/Vis
SMP-00089,1.21,11592.2,3019.7,3134.3,0.0121,Uracil,HPLC-UV/Vis
SMP-00089,2.83,51124.3,10123.2,10232.3,0.0524,Acetaminophen,HPLC-UV/Vis
SMP-00089,4.17,91023.6,14894.9,15318.3,0.0922,Caffeine,HPLC-UV/Vis
SMP-00089,5.57,20677.8,4450.4,4603.7,0.0207,Aspirin,HPLC-UV/Vis
SMP-00089,7.22,63172.0,10990.6,11261.5,0.0626,Benzoic Acid,HPLC-UV/Vis
SMP-00089,8.89,28733.9,6082.9,6054.0,0.0294,Phenacetin,HPLC-UV/Vis
SMP-00089,10.39,16055.9,4038.7,4122.1,0.0163,Salicylic Acid,HPLC-UV/Vis
SMP-00089,12.09,49868.4,9117.9,9602.7,0.0497,Chlorpheniramine,HPLC-UV/Vis
SMP-00090,1.22,12941.8,3503.4,3636.1,0.0129,Uracil,HPLC-UV/Vis
SMP-00090,2.79,44067.6,8307.8,8791.0,0.0417,Acetaminophen,HPLC-UV/Vis
SMP-00090,4.14,85540.5,14641.4,14871.5,0.0843,Caffeine,HPLC-UV/Vis
SMP-00090,5.61,22079.3,4634.1,4692.9,0.0227,Aspirin,HPLC-UV/Vis
SMP-00090,7.21,65638.1,10686.4,11365.5,0.0654,Benzoic Acid,HPLC-UV/Vis
SMP-00090,8.98,28946.6,5824.0,5999.9,0.0289,Phenacetin,HPLC-UV/Vis
SMP-00090,10.46,16125.3,3656.9,3790.4,0.0161,Salicylic Acid,HPLC-UV/Vis
SMP-00090,12.11,55534.0,10033.2,10323.7,0.0562,Chlorpheniramine,HPLC-UV/Vis
SMP-00091,1.22,16215.3,4099.0,4230.2,0.0159,Uracil,HPLC-UV/Vis
SMP-00091,2.77,43773.7,8785.6,9132.1,0.0443,Acetaminophen,HPLC-UV/Vis
SMP-00091,4.21,78569.1,13436.9,14114.5,0.0796,Caffeine,HPLC-UV/Vis
SMP-00091,5.6,22012.2,4864.6,4986.2,0.0211,Aspirin,HPLC-UV/Vis
SMP-00091,7.2,64132.5,10469.5,10858.6,0.0629,Benzoic Acid,HPLC-UV/Vis
SMP-00091,8.96,32820.0,6694.4,6741.6,0.0329,Phenacetin,HPLC-UV/Vis
SMP-00091,10.37,14429.6,3611.1,3693.3,0.0143,Salicylic Acid,HPLC-UV/Vis
SMP-00091,12.11,56038.3,10024.1,10205.3,0.0537,Chlorpheniramine,HPLC-UV/Vis
SMP-00092,1.26,12227.4,3129.6,3269.6,0.0119,Uracil,HPLC-UV/Vis
SMP-00092,2.77,53913.7,10710.9,10560.4,0.0525,Acetaminophen,HPLC-UV/Vis
SMP-00092,4.14,77387.2,13425.8,13912.5,0.0782,Caffeine,HPLC-UV/Vis
SMP-00092,5.62,22221.2,4862.9,5068.2,0.0215,Aspirin,HPLC-UV/Vis
SMP-00092,7.21,76033.7,12274.2,12415.8,0.0745,Benzoic Acid,HPLC-UV/Vis
SMP-00092,8.95,29751.4,5908.5,5936.1,0.0297,Phenacetin,HPLC-UV/Vis
SMP-00092,10.38,18014.3,4378.7,4621.3,0.0178,Salicylic Acid,HPLC-UV/Vis
SMP-00092,12.1,44999.6,8556.8,8790.4,0.0458,Chlorpheniramine,HPLC-UV/Vis
SMP-00093,1.25,11371.2,3041.4,3151.5,0.0115,Uracil,HPLC-UV/Vis
SMP-00093,2.83,49305.5,9202.0,9350.0,0.0484,Acetaminophen,HPLC-UV/Vis
SMP-00093,4.16,76797.3,12401.8,12403.3,0.0767,Caffeine,HPLC-UV/Vis
SMP-00093,5.62,23973.1,5585.0,5847.3,0.0238,Aspirin,HPLC-UV/Vis
SMP-00093,7.16,60913.0,10234.7,10100.0,0.0609,Benzoic Acid,HPLC-UV/Vis
SMP-00093,8.95,27837.8,5792.2,5968.2,0.0287,Phenacetin,HPLC-UV/Vis
SMP-00093,10.38,15215.5,3553.1,3688.6,0.0154,Salicylic Acid,HPLC-UV/Vis
SMP-00093,12.08,52749.4,9368.9,9689.7,0.0532,Chlorpheniramine,HPLC-UV/Vis
SMP-00094,1.28,11682.3,3097.3,3223.6,0.0117,Uracil,HPLC-UV/Vis
SMP-00094,2.87,42058.3,8252.8,8376.5,0.0437,Acetaminophen,HPLC-UV/Vis
SMP-00094,4.13,93773.2,15355.6,15657.6,0.0951,Caffeine,HPLC-UV/Vis
SMP-00094,5.61,23003.2,5144.9,5322.8,0.023,Aspirin,HPLC-UV/Vis
SMP-00094,7.25,60320.3,10167.9,10407.9,0.0627,Benzoic Acid,HPLC-UV/Vis
SMP-00094,8.93,28174.5,5841.9,5856.7,0.0279,Phenacetin,HPLC-UV/Vis
SMP-00094,10.41,14820.3,3440.5,3618.4,0.0144,Salicylic Acid,HPLC-UV/Vis
SMP-00094,12.08,62881.6,11590.6,11704.7,0.0619,Chlorpheniramine,HPLC-UV/Vis
SMP-00095,1.24,12239.7,3268.0,3317.2,0.0123,Uracil,HPLC-UV/Vis
SMP-00095,2.82,45069.2,8681.2,8639.7,0.0441,Acetaminophen,HPLC-UV/Vis
SMP-00095,4.15,89869.2,15060.9,15155.1,0.0894,Caffeine,HPLC-UV/Vis
SMP-00095,5.58,26406.7,5969.4,6183.1,0.0272,Aspirin,HPLC-UV/Vis
SMP-00095,7.2,69869.2,11303.8,11710.9,0.0684,Benzoic Acid,HPLC-UV/Vis
SMP-00095,8.98,32050.1,6219.0,6285.4,0.0324,Phenacetin,HPLC-UV/Vis
SMP-00095,10.32,17539.6,4288.1,4346.5,0.0178,Salicylic Acid,HPLC-UV/Vis
SMP-00095,12.08,56143.2,10675.5,11342.4,0.0565,Chlorpheniramine,HPLC-UV/Vis
SMP-00096,1.27,10885.5,2859.7,2903.5,0.011,Uracil,HPLC-UV/Vis
SMP-00096,2.82,46341.1,8185.0,8459.8,0.0469,Acetaminophen,HPLC-UV/Vis
SMP-00096,4.12,93178.5,15102.2,16051.2,0.0937,Caffeine,HPLC-UV/Vis
SMP-00096,5.63,23937.6,5147.8,5051.2,0.0237,Aspirin,HPLC-UV/Vis
SMP-00096,7.19,72800.1,12148.2,12825.6,0.0724,Benzoic Acid,HPLC-UV/Vis
SMP-00096,8.97,35885.5,7033.9,7180.4,0.0364,Phenacetin,HPLC-UV/Vis
SMP-00096,10.41,15144.1,3775.3,3954.1,0.015,Salicylic Acid,HPLC-UV/Vis
SMP-00096,12.14,64447.4,11871.7,12238.3,0.0644,Chlorpheniramine,HPLC-UV/Vis
SMP-00097,1.25,12686.6,3159.2,3336.0,0.0125,Uracil,HPLC-UV/Vis
SMP-00097,2.8,54919.0,10559.6,10735.7,0.0544,Acetaminophen,HPLC-UV/Vis
SMP-00097,4.07,80256.3,14234.3,14829.6,0.0783,Caffeine,HPLC-UV/Vis
SMP-00097,5.6,25054.5,5813.3,6032.9,0.0248,Aspirin,HPLC-UV/Vis
SMP-00097,7.18,60435.4,9452.0,9439.7,0.0592,Benzoic Acid,HPLC-UV/Vis
SMP-00097,8.96,27458.2,5029.2,5075.1,0.0272,Phenacetin,HPLC-UV/Vis
SMP-00097,10.45,14643.5,3667.5,3776.1,0.0146,Salicylic Acid,HPLC-UV/Vis
SMP-00097,12.1,50054.0,9100.8,9330.8,0.049,Chlorpheniramine,HPLC-UV/Vis
SMP-00098,1.26,41624.2,8839.7,10269.1,0.041,Uracil,HPLC-UV/Vis
SMP-00098,2.75,44157.8,8732.6,8873.3,0.0465,Acetaminophen,HPLC-UV/Vis
SMP-00098,4.19,96294.4,16459.3,16694.0,0.0917,Caffeine,HPLC-UV/Vis
SMP-00098,5.62,23450.0,5219.7,5514.2,0.0236,Aspirin,HPLC-UV/Vis
SMP-00098,7.17,60017.1,10516.3,10853.0,0.0592,Benzoic Acid,HPLC-UV/Vis
SMP-00098,8.93,28988.4,5700.3,5700.3,0.0289,Phenacetin,HPLC-UV/Vis
SMP-00098,10.43,16057.9,3941.8,4001.5,0.016,Salicylic Acid,HPLC-UV/Vis
SMP-00098,12.12,53692.0,10025.9,10328.2,0.0546,Chlorpheniramine,HPLC-UV/Vis
SMP-00099,1.2,12784.6,3355.6,3494.9,0.0129,Uracil,HPLC-UV/Vis
SMP-00099,2.78,48327.1,9505.3,9683.9,0.0493,Acetaminophen,HPLC-UV/Vis
SMP-00099,4.13,622787.1,87648.6,112611.0,0.6259,Caffeine,HPLC-UV/Vis
SMP-00099,5.59,23670.8,5399.2,5526.4,0.0232,Aspirin,HPLC-UV/Vis
SMP-00099,7.19,66348.2,10928.0,11745.8,0.0633,Benzoic Acid,HPLC-UV/Vis
SMP-00099,8.95,28763.2,6073.3,6354.3,0.0287,Phenacetin,HPLC-UV/Vis
SMP-00099,10.4,15437.2,3751.4,3849.9,0.0155,Salicylic Acid,HPLC-UV/Vis
SMP-00099,12.06,48506.2,8256.8,8647.6,0.0488,Chlorpheniramine,HPLC-UV/Vis
SMP-00100,1.21,14672.8,3712.8,3836.7,0.0149,Uracil,HPLC-UV/Vis
SMP-00100,2.78,46620.8,9822.8,10176.7,0.0481,Acetaminophen,HPLC-UV/Vis
SMP-00100,4.16,80377.1,13526.8,13527.4,0.0832,Caffeine,HPLC-UV/Vis
SMP-00100,5.52,22313.4,5026.7,5153.7,0.0226,Aspirin,HPLC-UV/Vis
SMP-00100,7.16,66918.6,11131.4,11387.8,0.0686,Benzoic Acid,HPLC-UV/Vis
SMP-00100,8.96,31412.5,6145.1,6167.3,0.0314,Phenacetin,HPLC-UV/Vis
SMP-00100,10.42,12908.6,2789.8,2914.4,0.0129,Salicylic Acid,HPLC-UV/Vis
SMP-00100,12.07,56099.1,10392.6,10611.4,0.0556,Chlorpheniramine,HPLC-UV/Vis
SMP-00101,1.26,13126.2,3372.4,3539.3,0.0131,Uracil,HPLC-UV/Vis
SMP-00101,2.86,43031.0,8210.5,8446.0,0.0431,Acetaminophen,HPLC-UV/Vis
SMP-00101,4.15,88846.1,14518.6,14269.6,0.0922,Caffeine,HPLC-UV/Vis
SMP-00101,5.62,19916.6,4325.4,4397.0,0.0206,Aspirin,HPLC-UV/Vis
SMP-00101,7.22,63016.3,10320.2,10579.1,0.0647,Benzoic Acid,HPLC-UV/Vis
SMP-00101,8.91,25124.7,4945.3,5013.4,0.0241,Phenacetin,HPLC-UV/Vis
SMP-00101,10.34,14012.6,3550.2,3685.4,0.0141,Salicylic Acid,HPLC-UV/Vis
SMP-00101,12.05,48026.6,8671.5,9082.2,0.049,Chlorpheniramine,HPLC-UV/Vis
SMP-00102,1.23,12481.1,3177.1,3259.6,0.013,Uracil,HPLC-UV/Vis
SMP-00102,2.79,51350.0,9587.5,9751.7,0.0509,Acetaminophen,HPLC-UV/Vis
SMP-00102,4.1,94510.8,15653.2,16282.0,0.093,Caffeine,HPLC-UV/Vis
SMP-00102,5.57,22331.7,5260.2,5428.0,0.0218,Aspirin,HPLC-UV/Vis
SMP-00102,7.16,59318.8,9508.0,9708.7,0.0606,Benzoic Acid,HPLC-UV/Vis
SMP-00102,8.97,27771.7,5593.2,5791.4,0.0274,Phenacetin,HPLC-UV/Vis
SMP-00102,10.41,15056.6,3693.4,3921.9,0.015,Salicylic Acid,HPLC-UV/Vis
SMP-00102,12.12,46248.3,8038.6,8145.7,0.0453,Chlorpheniramine,HPLC-UV/Vis
SMP-00103,1.27,14013.2,3631.3,3707.9,0.0135,Uracil,HPLC-UV/Vis
SMP-00103,2.8,46638.0,9625.6,10153.2,0.0474,Acetaminophen,HPLC-UV/Vis
SMP-00103,4.13,88354.8,14025.4,14586.5,0.089,Caffeine,HPLC-UV/Vis
SMP-00103,5.64,23336.3,4887.9,5029.5,0.0235,Aspirin,HPLC-UV/Vis
SMP-00103,7.19,72980.4,12191.0,12236.1,0.0711,Benzoic Acid,HPLC-UV/Vis
SMP-00103,8.99,32207.9,6894.4,7246.9,0.0326,Phenacetin,HPLC-UV/Vis
SMP-00103,10.45,16437.4,3960.0,4025.9,0.0165,Salicylic Acid,HPLC-UV/Vis
SMP-00103,12.12,49032.5,8975.0,9150.6,0.0487,Chlorpheniramine,HPLC-UV/Vis
SMP-00104,1.25,14802.9,3937.7,4083.7,0.0149,Uracil,HPLC-UV/Vis
SMP-00104,2.83,41999.6,8141.2,8088.7,0.043,Acetaminophen,HPLC-UV/Vis
SMP-00104,4.15,70245.5,11683.8,11823.0,0.0691,Caffeine,HPLC-UV/Vis
SMP-00104,5.61,21972.5,4752.0,4906.5,0.0218,Aspirin,HPLC-UV/Vis
SMP-00104,7.19,69689.0,11521.3,11541.3,0.071,Benzoic Acid,HPLC-UV/Vis
SMP-00104,8.94,29265.4,6032.0,6280.7,0.03,Phenacetin,HPLC-UV/Vis
SMP-00104,10.42,15906.2,3679.5,3929.7,0.0155,Salicylic Acid,HPLC-UV/Vis
SMP-00104,12.11,55694.9,9925.3,10387.3,0.054,Chlorpheniramine,HPLC-UV/Vis
SMP-00105,1.23,11607.2,3024.5,3180.4,0.0116,Uracil,HPLC-UV/Vis
SMP-00105,2.8,41711.5,8037.0,8229.9,0.0411,Acetaminophen,HPLC-UV/Vis
SMP-00105,4.16,75012.1,11475.3,11917.0,0.0736,Caffeine,HPLC-UV/Vis
SMP-00105,5.62,20164.1,4236.1,4505.0,0.0203,Aspirin,HPLC-UV/Vis
SMP-00105,7.17,63959.7,10229.0,10716.6,0.0629,Benzoic Acid,HPLC-UV/Vis
SMP-00105,8.94,27945.1,5650.8,5523.8,0.0279,Phenacetin,HPLC-UV/Vis
SMP-00105,10.42,44302.8,10100.9,11505.2,0.0457,Salicylic Acid,HPLC-UV/Vis
SMP-00105,12.12,50021.1,8559.3,8623.6,0.05,Chlorpheniramine,HPLC-UV/Vis
SMP-00106,1.26,10199.2,2417.2,2556.1,0.0105,Uracil,HPLC-UV/Vis
SMP-00106,2.8,50469.6,9919.7,10246.7,0.0515,Acetaminophen,HPLC-UV/Vis
SMP-00106,4.15,311645.6,41014.2,54434.4,0.3121,Caffeine,HPLC-UV/Vis
SMP-00106,5.59,22417.9,5004.5,4942.5,0.0228,Aspirin,HPLC-UV/Vis
SMP-00106,7.24,64177.3,10648.8,11375.9,0.0638,Benzoic Acid,HPLC-UV/Vis
SMP-00106,8.95,32496.5,6679.8,6993.5,0.0321,Phenacetin,HPLC-UV/Vis
SMP-00106,10.38,15756.3,3812.9,3981.5,0.0162,Salicylic Acid,HPLC-UV/Vis
SMP-00106,12.08,46416.4,8990.0,9314.4,0.0469,Chlorpheniramine,HPLC-UV/Vis
SMP-00107,1.25,13084.5,3338.8,3510.8,0.0137,Uracil,HPLC-UV/Vis
SMP-00107,2.77,208900.3,36666.5,39109.1,0.2083,Acetaminophen,HPLC-UV/Vis
SMP-00107,4.14,86880.9,14387.9,14765.5,0.0865,Caffeine,HPLC-UV/Vis
SMP-00107,5.62,26903.4,6029.6,6307.4,0.0268,Aspirin,HPLC-UV/Vis
SMP-00107,7.22,68554.3,10914.6,11170.4,0.0684,Benzoic Acid,HPLC-UV/Vis
SMP-00107,8.99,32697.5,6971.3,7217.2,0.0327,Phenacetin,HPLC-UV/Vis
SMP-00107,10.4,15621.1,3649.3,3719.4,0.0155,Salicylic Acid,HPLC-UV/Vis
SMP-00107,12.11,51050.1,9368.7,9615.7,0.0479,Chlorpheniramine,HPLC-UV/Vis
SMP-00108,1.28,10356.6,2672.7,2837.6,0.0102,Uracil,HPLC-UV/Vis
SMP-00108,2.76,53253.0,10326.4,10645.9,0.0545,Acetaminophen,HPLC-UV/Vis
SMP-00108,4.12,83427.0,13776.9,14018.3,0.0796,Caffeine,HPLC-UV/Vis
SMP-00108,5.56,26833.6,5951.7,6022.5,0.0265,Aspirin,HPLC-UV/Vis
SMP-00108,7.17,74250.1,13089.1,13671.9,0.0741,Benzoic Acid,HPLC-UV/Vis
SMP-00108,8.92,37627.0,7682.6,8238.2,0.0385,Phenacetin,HPLC-UV/Vis
SMP-00108,10.38,14556.9,3536.8,3638.7,0.0155,Salicylic Acid,HPLC-UV/Vis
SMP-00108,12.11,57542.4,10404.4,10739.4,0.0564,Chlorpheniramine,HPLC-UV/Vis
SMP-00109,1.27,12858.4,3359.7,3555.4,0.0131,Uracil,HPLC-UV/Vis
SMP-00109,2.76,43052.2,8307.7,8598.9,0.0426,Acetaminophen,HPLC-UV/Vis
SMP-00109,4.11,74472.2,12003.8,12011.0,0.0727,Caffeine,HPLC-UV/Vis
SMP-00109,5.56,23977.2,5407.2,5510.0,0.0238,Aspirin,HPLC-UV/Vis
SMP-00109,7.18,62124.5,10726.1,11237.6,0.0629,Benzoic Acid,HPLC-UV/Vis
SMP-00109,8.89,35424.4,7342.3,7711.0,0.0357,Phenacetin,HPLC-UV/Vis
SMP-00109,10.39,16173.5,3904.2,4089.1,0.0157,Salicylic Acid,HPLC-UV/Vis
SMP-00109,12.16,50807.5,9116.8,9229.4,0.0512,Chlorpheniramine,HPLC-UV/Vis
SMP-00110,1.24,13507.4,3404.7,3560.5,0.0138,Uracil,HPLC-UV/Vis
SMP-00110,2.8,60645.2,12066.8,12507.2,0.0598,Acetaminophen,HPLC-UV/Vis
SMP-00110,4.19,104450.0,17622.1,18427.5,0.1022,Caffeine,HPLC-UV/Vis
SMP-00110,5.56,19663.9,4378.2,4555.4,0.0201,Aspirin,HPLC-UV/Vis
SMP-00110,7.22,60763.5,10062.6,10061.2,0.0581,Benzoic Acid,HPLC-UV/Vis
SMP-00110,8.93,33922.6,7171.8,7298.1,0.0343,Phenacetin,HPLC-UV/Vis
SMP-00110,10.34,15793.1,3793.4,3873.8,0.0164,Salicylic Acid,HPLC-UV/Vis
SMP-00110,12.11,48809.0,9092.7,9419.7,0.0492,Chlorpheniramine,HPLC-UV/Vis
SMP-00111,1.23,13605.0,3666.8,3812.1,0.0134,Uracil,HPLC-UV/Vis
SMP-00111,2.87,46269.3,9381.9,9524.4,0.0462,Acetaminophen,HPLC-UV/Vis
SMP-00111,4.16,82364.6,13036.8,13685.6,0.0845,Caffeine,HPLC-UV/Vis
SMP-00111,5.65,23411.0,5121.3,5413.4,0.0237,Aspirin,HPLC-UV/Vis
SMP-00111,7.17,70715.7,11692.2,12036.8,0.0722,Benzoic Acid,HPLC-UV/Vis
SMP-00111,8.99,25173.9,5212.9,5441.7,0.0242,Phenacetin,HPLC-UV/Vis
SMP-00111,10.37,15634.6,3994.0,4275.4,0.0154,Salicylic Acid,HPLC-UV/Vis
SMP-00111,12.12,56301.9,10297.8,10669.3,0.0581,Chlorpheniramine,HPLC-UV/Vis
SMP-00112,1.22,13441.2,3540.4,3668.9,0.0138,Uracil,HPLC-UV/Vis
SMP-00112,2.81,46355.5,8469.4,8709.9,0.0457,Acetaminophen,HPLC-UV/Vis
SMP-00112,4.19,93698.4,15218.3,15503.0,0.0942,Caffeine,HPLC-UV/Vis
SMP-00112,5.58,23088.8,5230.7,5185.0,0.0231,Aspirin,HPLC-UV/Vis
SMP-00112,7.2,64019.1,10685.2,11416.8,0.0636,Benzoic Acid,HPLC-UV/Vis
SMP-00112,9.01,29484.3,6396.9,6589.5,0.0306,Phenacetin,HPLC-UV/Vis
SMP-00112,10.41,15498.3,3704.1,3820.9,0.0158,Salicylic Acid,HPLC-UV/Vis
SMP-00112,12.09,52841.6,9846.6,10383.3,0.0521,Chlorpheniramine,HPLC-UV/Vis
SMP-00113,1.26,14352.4,3798.9,3817.8,0.0143,Uracil,HPLC-UV/Vis
SMP-00113,2.79,53148.4,9948.5,9924.9,0.0524,Acetaminophen,HPLC-UV/Vis
SMP-00113,4.17,93102.9,15645.9,15563.6,0.0952,Caffeine,HPLC-UV/Vis
SMP-00113,5.62,20042.9,4426.1,4579.8,0.0206,Aspirin,HPLC-UV/Vis
SMP-00113,7.2,60085.6,10155.1,10617.6,0.0618,Benzoic Acid,HPLC-UV/Vis
SMP-00113,8.98,35446.5,6956.0,7249.9,0.036,Phenacetin,HPLC-UV/Vis
SMP-00113,10.36,17071.8,4021.8,4128.1,0.0171,Salicylic Acid,HPLC-UV/Vis
SMP-00113,12.08,50490.4,9158.7,9617.9,0.053,Chlorpheniramine,HPLC-UV/Vis
SMP-00114,1.26,11097.7,2950.2,2983.3,0.011,Uracil,HPLC-UV/Vis
SMP-00114,2.8,47280.5,9317.2,9595.7,0.0461,Acetaminophen,HPLC-UV/Vis
SMP-00114,4.15,99563.6,15876.9,15844.4,0.0995,Caffeine,HPLC-UV/Vis
SMP-00114,5.6,22638.8,4865.3,5182.3,0.0222,Aspirin,HPLC-UV/Vis
SMP-00114,7.22,54890.5,9550.2,9955.9,0.0561,Benzoic Acid,HPLC-UV/Vis
SMP-00114,8.95,27883.3,5693.1,5752.9,0.0282,Phenacetin,HPLC-UV/Vis
SMP-00114,10.44,16180.7,4046.9,4144.2,0.016,Salicylic Acid,HPLC-UV/Vis
SMP-00114,12.09,55659.9,9752.4,9873.0,0.0563,Chlorpheniramine,HPLC-UV/Vis
SMP-00115,1.22,13285.4,3363.6,3465.6,0.0137,Uracil,HPLC-UV/Vis
SMP-00115,2.82,54542.5,10411.4,10518.4,0.0539,Acetaminophen,HPLC-UV/Vis
SMP-00115,4.08,87350.5,13962.5,14600.3,0.088,Caffeine,HPLC-UV/Vis
SMP-00115,5.62,24770.7,5351.6,5459.4,0.0237,Aspirin,HPLC-UV/Vis
SMP-00115,7.18,67900.0,10966.2,11182.6,0.0662,Benzoic Acid,HPLC-UV/Vis
SMP-00115,8.96,32455.8,6660.4,6654.9,0.0321,Phenacetin,HPLC-UV/Vis
SMP-00115,10.39,15717.7,3991.2,4175.8,0.0154,Salicylic Acid,HPLC-UV/Vis
SMP-00115,12.12,49831.9,9260.2,9508.3,0.0483,Chlorpheniramine,HPLC-UV/Vis
SMP-00116,1.26,12167.0,3123.6,3172.4,0.0124,Uracil,HPLC-UV/Vis
SMP-00116,2.8,47435.9,8910.0,9017.9,0.0454,Acetaminophen,HPLC-UV/Vis
SMP-00116,4.11,90383.3,14853.8,15478.4,0.0882,Caffeine,HPLC-UV/Vis
SMP-00116,5.65,27060.1,6125.7,6350.8,0.0266,Aspirin,HPLC-UV/Vis
SMP-00116,7.2,71178.1,11616.0,11924.3,0.0714,Benzoic Acid,HPLC-UV/Vis
SMP-00116,8.96,29393.3,5771.9,6132.6,0.0309,Phenacetin,HPLC-UV/Vis
SMP-00116,10.36,14394.5,3564.4,3767.0,0.014,Salicylic Acid,HPLC-UV/Vis
SMP-00116,12.11,58887.0,10546.9,10533.5,0.0596,Chlorpheniramine,HPLC-UV/Vis
SMP-00117,1.25,12955.0,3284.2,3327.2,0.0133,Uracil,HPLC-UV/Vis
SMP-00117,2.81,52679.9,9955.7,10144.4,0.0528,Acetaminophen,HPLC-UV/Vis
SMP-00117,4.17,87529.2,13796.7,14228.8,0.0878,Caffeine,HPLC-UV/Vis
SMP-00117,5.61,24165.2,5384.5,5525.8,0.0238,Aspirin,HPLC-UV/Vis
SMP-00117,7.19,78789.5,13544.5,14122.3,0.0793,Benzoic Acid,HPLC-UV/Vis
SMP-00117,8.91,30525.9,6281.6,6498.9,0.0308,Phenacetin,HPLC-UV/Vis
SMP-00117,10.38,14535.1,3706.0,3874.4,0.0144,Salicylic Acid,HPLC-UV/Vis
SMP-00117,12.1,54372.0,9970.5,10775.1,0.0546,Chlorpheniramine,HPLC-UV/Vis
SMP-00118,1.2,11846.8,3162.9,3283.2,0.0108,Uracil,HPLC-UV/Vis
SMP-00118,2.86,36658.9,7529.7,7338.1,0.0375,Acetaminophen,HPLC-UV/Vis
SMP-00118,4.08,93180.4,15647.7,16231.0,0.0942,Caffeine,HPLC-UV/Vis
SMP-00118,5.54,24698.2,5720.9,6021.8,0.0238,Aspirin,HPLC-UV/Vis
SMP-00118,7.17,56663.4,9431.4,9788.5,0.0547,Benzoic Acid,HPLC-UV/Vis
SMP-00118,8.97,29490.1,6016.5,5962.4,0.0293,Phenacetin,HPLC-UV/Vis
SMP-00118,10.41,16191.8,3972.0,4070.2,0.0163,Salicylic Acid,HPLC-UV/Vis
SMP-00118,12.1,55922.3,10057.1,10228.7,0.0565,Chlorpheniramine,HPLC-UV/Vis
SMP-00119,1.26,12485.7,3180.0,3254.5,0.0124,Uracil,HPLC-UV/Vis
SMP-00119,2.81,46860.7,9333.4,9514.2,0.0486,Acetaminophen,HPLC-UV/Vis
SMP-00119,4.12,80337.1,12305.1,13051.4,0.0828,Caffeine,HPLC-UV/Vis
SMP-00119,5.57,27284.0,5970.3,6117.3,0.0279,Aspirin,HPLC-UV/Vis
SMP-00119,7.27,69076.5,11346.0,11547.5,0.0666,Benzoic Acid,HPLC-UV/Vis
SMP-00119,8.98,33068.8,6787.7,6856.2,0.0332,Phenacetin,HPLC-UV/Vis
SMP-00119,10.41,15860.8,3772.7,3951.3,0.0149,Salicylic Acid,HPLC-UV/Vis
SMP-00119,12.18,46025.4,8251.3,8497.6,0.0455,Chlorpheniramine,HPLC-UV/Vis
SMP-00120,1.26,12640.1,3325.4,3426.3,0.0135,Uracil,HPLC-UV/Vis
SMP-00120,2.81,37966.2,7232.9,7615.9,0.0367,Acetaminophen,HPLC-UV/Vis
SMP-00120,4.15,101428.0,16506.2,16890.5,0.0981,Caffeine,HPLC-UV/Vis
SMP-00120,5.62,18984.2,4365.2,4563.0,0.0195,Aspirin,HPLC-UV/Vis
SMP-00120,7.22,70909.8,12075.9,11998.9,0.0689,Benzoic Acid,HPLC-UV/Vis
SMP-00120,8.95,32411.4,6711.3,7062.6,0.0331,Phenacetin,HPLC-UV/Vis
SMP-00120,10.41,14278.0,3456.5,3582.5,0.0132,Salicylic Acid,HPLC-UV/Vis
SMP-00120,12.12,50972.1,9783.5,10009.0,0.0511,Chlorpheniramine,HPLC-UV/Vis
SMP-00121,1.3,12319.8,3180.9,3352.9,0.0125,Uracil,HPLC-UV/Vis
SMP-00121,2.83,57426.5,11244.5,11608.1,0.0576,Acetaminophen,HPLC-UV/Vis
SMP-00121,4.13,303513.6,41860.7,45802.3,0.3003,Caffeine,HPLC-UV/Vis
SMP-00121,5.58,26275.7,5973.8,6156.4,0.0261,Aspirin,HPLC-UV/Vis
SMP-00121,7.17,70042.4,12403.6,12826.6,0.069,Benzoic Acid,HPLC-UV/Vis
SMP-00121,8.94,26850.7,5642.8,5938.2,0.0267,Phenacetin,HPLC-UV/Vis
SMP-00121,10.37,15366.8,3679.1,3715.1,0.016,Salicylic Acid,HPLC-UV/Vis
SMP-00121,12.12,58989.0,10893.1,11129.9,0.0593,Chlorpheniramine,HPLC-UV/Vis
SMP-00122,1.26,12875.9,3272.7,3283.9,0.013,Uracil,HPLC-UV/Vis
SMP-00122,2.74,48125.3,9610.0,10384.2,0.0478,Acetaminophen,HPLC-UV/Vis
SMP-00122,4.12,91061.9,14890.7,15095.9,0.0907,Caffeine,HPLC-UV/Vis
SMP-00122,5.63,21319.7,4701.9,4708.8,0.0211,Aspirin,HPLC-UV/Vis
SMP-00122,7.2,70633.5,12221.7,12767.5,0.0719,Benzoic Acid,HPLC-UV/Vis
SMP-00122,8.97,31085.9,6570.8,6908.9,0.0315,Phenacetin,HPLC-UV/Vis
SMP-00122,10.37,15171.9,3784.6,3896.6,0.0155,Salicylic Acid,HPLC-UV/Vis
SMP-00122,12.14,60735.0,10677.2,11100.6,0.0601,Chlorpheniramine,HPLC-UV/Vis
SMP-00123,1.24,14099.9,3668.3,3926.3,0.0142,Uracil,HPLC-UV/Vis
SMP-00123,2.81,45903.2,8578.8,9026.7,0.0454,Acetaminophen,HPLC-UV/Vis
SMP-00123,4.19,99532.2,16672.1,17051.5,0.0994,Caffeine,HPLC-UV/Vis
SMP-00123,5.62,26688.7,5949.0,6362.4,0.0271,Aspirin,HPLC-UV/Vis
SMP-00123,7.22,78898.2,13783.1,14523.7,0.0789,Benzoic Acid,HPLC-UV/Vis
SMP-00123,8.97,36423.3,7555.2,7850.6,0.0365,Phenacetin,HPLC-UV/Vis
SMP-00123,10.4,15812.0,4047.5,4149.6,0.0158,Salicylic Acid,HPLC-UV/Vis
SMP-00123,12.12,61608.4,11617.7,12013.4,0.0622,Chlorpheniramine,HPLC-UV/Vis
SMP-00124,1.27,12841.4,3306.2,3414.5,0.013,Uracil,HPLC-UV/Vis
SMP-00124,2.79,53620.0,11143.8,11209.7,0.0525,Acetaminophen,HPLC-UV/Vis
SMP-00124,4.15,97191.2,16056.3,16593.2,0.0981,Caffeine,HPLC-UV/Vis
SMP-00124,5.59,23053.6,4847.7,4880.5,0.0225,Aspirin,HPLC-UV/Vis
SMP-00124,7.21,71518.7,11267.1,11270.8,0.0724,Benzoic Acid,HPLC-UV/Vis
SMP-00124,8.99,25511.6,5395.4,5461.4,0.0262,Phenacetin,HPLC-UV/Vis
SMP-00124,10.33,16685.5,3858.3,4007.0,0.0166,Salicylic Acid,HPLC-UV/Vis
SMP-00124,12.07,58431.5,10139.7,10695.7,0.058,Chlorpheniramine,HPLC-UV/Vis
SMP-00125,1.3,12366.7,3361.7,3544.7,0.0122,Uracil,HPLC-UV/Vis
SMP-00125,2.8,52790.7,10375.7,10723.5,0.0526,Acetaminophen,HPLC-UV/Vis
SMP-00125,4.19,89233.9,14333.7,14601.9,0.0882,Caffeine,HPLC-UV/Vis
SMP-00125,5.58,26561.4,5832.9,6090.1,0.0254,Aspirin,HPLC-UV/Vis
SMP-00125,7.2,64155.2,10722.4,10937.7,0.0613,Benzoic Acid,HPLC-UV/Vis
SMP-00125,8.96,30220.9,6014.0,6017.7,0.0304,Phenacetin,HPLC-UV/Vis
SMP-00125,10.41,13443.5,3300.4,3395.9,0.0137,Salicylic Acid,HPLC-UV/Vis
SMP-00125,12.01,57156.2,10039.9,10055.6,0.057,Chlorpheniramine,HPLC-UV/Vis
SMP-00126,1.2,13327.7,3498.9,3607.1,0.0132,Uracil,HPLC-UV/Vis
SMP-00126,2.83,38878.8,7839.6,8048.9,0.0388,Acetaminophen,HPLC-UV/Vis
SMP-00126,4.15,94674.0,14808.6,15400.5,0.0948,Caffeine,HPLC-UV/Vis
SMP-00126,5.63,18012.8,4030.1,4281.6,0.0187,Aspirin,HPLC-UV/Vis
SMP-00126,7.19,63114.8,10386.9,10811.4,0.062,Benzoic Acid,HPLC-UV/Vis
SMP-00126,9.01,31007.3,6102.7,6121.7,0.0315,Phenacetin,HPLC-UV/Vis
SMP-00126,10.43,14768.2,3692.1,3791.2,0.0145,Salicylic Acid,HPLC-UV/Vis
SMP-00126,12.06,64983.4,11722.0,12224.7,0.0644,Chlorpheniramine,HPLC-UV/Vis
SMP-00127,1.24,13821.5,3502.5,3546.6,0.0139,Uracil,HPLC-UV/Vis
SMP-00127,2.8,48085.7,9783.2,10145.9,0.0487,Acetaminophen,HPLC-UV/Vis
SMP-00127,4.12,80607.8,12631.8,12674.3,0.082,Caffeine,HPLC-UV/Vis
SMP-00127,5.6,17110.8,4092.4,4142.0,0.0181,Aspirin,HPLC-UV/Vis
SMP-00127,7.18,52552.9,8855.1,8925.7,0.0511,Benzoic Acid,HPLC-UV/Vis
SMP-00127,8.97,33420.2,7203.8,7321.1,0.0336,Phenacetin,HPLC-UV/Vis
SMP-00127,10.39,14791.3,3656.0,3840.0,0.0151,Salicylic Acid,HPLC-UV/Vis
SMP-00127,12.13,53962.0,9662.0,9814.9,0.0534,Chlorpheniramine,HPLC-UV/Vis
SMP-00128,1.26,12667.9,3230.8,3485.8,0.013,Uracil,HPLC-UV/Vis
SMP-00128,2.79,44819.0,8748.7,8888.4,0.0452,Acetaminophen,HPLC-UV/Vis
SMP-00128,4.11,79137.6,12654.2,12923.3,0.0827,Caffeine,HPLC-UV/Vis
SMP-00128,5.63,22489.3,4921.7,4926.4,0.0229,Aspirin,HPLC-UV/Vis
SMP-00128,7.24,65979.1,10917.0,11281.7,0.0672,Benzoic Acid,HPLC-UV/Vis
SMP-00128,8.97,31136.5,6184.1,6111.8,0.0311,Phenacetin,HPLC-UV/Vis
SMP-00128,10.45,16155.1,4158.9,4280.1,0.0165,Salicylic Acid,HPLC-UV/Vis
SMP-00128,12.08,50528.7,8530.8,9006.3,0.0498,Chlorpheniramine,HPLC-UV/Vis
SMP-00129,1.21,12196.1,3304.0,3541.5,0.0118,Uracil,HPLC-UV/Vis
SMP-00129,2.77,50326.8,9856.6,10026.8,0.0504,Acetaminophen,HPLC-UV/Vis
SMP-00129,4.2,94079.7,15584.7,15221.0,0.094,Caffeine,HPLC-UV/Vis
SMP-00129,5.64,18833.2,4110.3,4134.8,0.0196,Aspirin,HPLC-UV/Vis
SMP-00129,7.18,67630.3,10362.9,10448.9,0.0677,Benzoic Acid,HPLC-UV/Vis
SMP-00129,8.89,30011.2,6350.4,6356.6,0.0302,Phenacetin,HPLC-UV/Vis
SMP-00129,10.45,15241.7,3693.2,3867.1,0.0148,Salicylic Acid,HPLC-UV/Vis
SMP-00129,12.12,53003.7,9450.1,9707.4,0.0539,Chlorpheniramine,HPLC-UV/Vis
SMP-00130,1.23,12620.7,3386.9,3432.2,0.0127,Uracil,HPLC-UV/Vis
SMP-00130,2.8,38331.8,7825.7,7939.3,0.0393,Acetaminophen,HPLC-UV/Vis
SMP-00130,4.13,100022.0,16691.6,17262.0,0.1014,Caffeine,HPLC-UV/Vis
SMP-00130,5.6,21571.6,4901.2,4980.2,0.0223,Aspirin,HPLC-UV/Vis
SMP-00130,7.2,72513.9,12058.7,12348.6,0.0725,Benzoic Acid,HPLC-UV/Vis
SMP-00130,8.93,30806.5,6321.7,6620.6,0.0307,Phenacetin,HPLC-UV/Vis
SMP-00130,10.4,15229.9,3690.4,3703.9,0.0149,Salicylic Acid,HPLC-UV/Vis
SMP-00130,12.13,54021.4,9625.6,10150.5,0.0557,Chlorpheniramine,HPLC-UV/Vis
SMP-00131,1.22,11833.9,3215.7,3327.7,0.0118,Uracil,HPLC-UV/Vis
SMP-00131,2.83,43182.9,8450.4,8860.5,0.0421,Acetaminophen,HPLC-UV/Vis
SMP-00131,4.12,80427.2,12829.0,13336.3,0.0799,Caffeine,HPLC-UV/Vis
SMP-00131,5.6,20450.5,4580.9,4822.0,0.0204,Aspirin,HPLC-UV/Vis
SMP-00131,7.21,53728.2,9109.1,9947.5,0.0536,Benzoic Acid,HPLC-UV/Vis
SMP-00131,8.97,36333.9,7640.8,7540.6,0.0367,Phenacetin,HPLC-UV/Vis
SMP-00131,10.42,13799.4,3393.6,3408.4,0.0142,Salicylic Acid,HPLC-UV/Vis
SMP-00131,12.1,49551.7,8799.3,9324.8,0.0497,Chlorpheniramine,HPLC-UV/Vis
SMP-00132,1.22,10120.1,2481.0,2561.0,0.0104,Uracil,HPLC-UV/Vis
SMP-00132,2.85,42514.0,8198.2,8267.2,0.0434,Acetaminophen,HPLC-UV/Vis
SMP-00132,4.1,107910.8,16775.2,17162.3,0.1102,Caffeine,HPLC-UV/Vis
SMP-00132,5.62,25921.6,5735.3,5970.4,0.0267,Aspirin,HPLC-UV/Vis
SMP-00132,7.2,63811.9,10295.4,10805.4,0.062,Benzoic Acid,HPLC-UV/Vis
SMP-00132,8.95,29631.0,6132.3,6630.8,0.0296,Phenacetin,HPLC-UV/Vis
SMP-00132,10.43,15974.5,4055.3,4190.4,0.0159,Salicylic Acid,HPLC-UV/Vis
SMP-00132,12.05,44251.2,8113.0,8135.4,0.0456,Chlorpheniramine,HPLC-UV/Vis
SMP-00133,1.24,11399.9,2989.8,3031.4,0.0112,Uracil,HPLC-UV/Vis
SMP-00133,2.81,44724.2,8862.6,9130.0,0.0451,Acetaminophen,HPLC-UV/Vis
SMP-00133,4.21,84030.5,14336.6,14712.6,0.0855,Caffeine,HPLC-UV/Vis
SMP-00133,5.63,21158.2,4836.1,5159.8,0.021,Aspirin,HPLC-UV/Vis
SMP-00133,7.18,65065.1,11387.8,11500.8,0.0638,Benzoic Acid,HPLC-UV/Vis
SMP-00133,8.97,37816.0,7671.2,7920.7,0.0374,Phenacetin,HPLC-UV/Vis
SMP-00133,10.35,16669.3,4097.4,4215.6,0.0165,Salicylic Acid,HPLC-UV/Vis
SMP-00133,12.12,47853.5,8803.4,9432.7,0.0495,Chlorpheniramine,HPLC-UV/Vis
SMP-00134,1.23,12975.2,3328.2,3334.9,0.0131,Uracil,HPLC-UV/Vis
SMP-00134,2.86,44640.4,8986.9,9028.8,0.0437,Acetaminophen,HPLC-UV/Vis
SMP-00134,4.18,80660.8,13122.4,13153.5,0.0803,Caffeine,HPLC-UV/Vis
SMP-00134,5.59,22524.7,4800.4,4882.2,0.0233,Aspirin,HPLC-UV/Vis
SMP-00134,7.17,65278.5,10311.5,10411.7,0.0671,Benzoic Acid,HPLC-UV/Vis
SMP-00134,9.01,30902.9,6332.6,6603.7,0.0292,Phenacetin,HPLC-UV/Vis
SMP-00134,10.4,17919.0,4474.9,4507.7,0.0183,Salicylic Acid,HPLC-UV/Vis
SMP-00134,12.07,55269.2,9934.2,10537.8,0.0556,Chlorpheniramine,HPLC-UV/Vis
SMP-00135,1.28,69055.9,18389.2,16823.7,0.0701,Uracil,HPLC-UV/Vis
SMP-00135,2.8,53685.1,10865.7,11189.9,0.0533,Acetaminophen,HPLC-UV/Vis
SMP-00135,4.17,92015.8,14817.8,15360.6,0.092,Caffeine,HPLC-UV/Vis
SMP-00135,5.6,23713.1,5178.2,5427.2,0.0243,Aspirin,HPLC-UV/Vis
SMP-00135,7.19,72494.3,12073.6,12137.4,0.0734,Benzoic Acid,HPLC-UV/Vis
SMP-00135,9.03,35747.1,7469.8,7731.1,0.0358,Phenacetin,HPLC-UV/Vis
SMP-00135,10.35,14239.4,3463.2,3421.2,0.0141,Salicylic Acid,HPLC-UV/Vis
SMP-00135,12.09,50614.3,9051.7,9635.3,0.0513,Chlorpheniramine,HPLC-UV/Vis
SMP-00136,1.25,12415.2,3117.3,3162.9,0.0127,Uracil,HPLC-UV/Vis
SMP-00136,2.77,45602.6,8893.5,8809.4,0.0456,Acetaminophen,HPLC-UV/Vis
SMP-00136,4.16,109090.8,18277.7,19355.7,0.1141,Caffeine,HPLC-UV/Vis
SMP-00136,5.6,25349.3,5511.4,5688.6,0.0251,Aspirin,HPLC-UV/Vis
SMP-00136,7.18,62770.2,10570.3,10858.3,0.0602,Benzoic Acid,HPLC-UV/Vis
SMP-00136,8.92,28445.5,5914.9,6118.3,0.0291,Phenacetin,HPLC-UV/Vis
SMP-00136,10.43,16549.8,4055.3,4266.1,0.0168,Salicylic Acid,HPLC-UV/Vis
SMP-00136,12.14,41486.5,7416.2,7593.3,0.0427,Chlorpheniramine,HPLC-UV/Vis
SMP-00137,1.21,14207.5,3539.2,3564.6,0.0142,Uracil,HPLC-UV/Vis
SMP-00137,2.75,48776.7,9660.2,10153.7,0.0484,Acetaminophen,HPLC-UV/Vis
SMP-00137,4.15,104257.9,15714.9,15885.6,0.1043,Caffeine,HPLC-UV/Vis
SMP-00137,5.59,22808.8,4935.4,5089.8,0.0231,Aspirin,HPLC-UV/Vis
SMP-00137,7.19,66282.8,11012.6,10959.7,0.0669,Benzoic Acid,HPLC-UV/Vis
SMP-00137,8.99,33044.5,7003.5,7072.0,0.0328,Phenacetin,HPLC-UV/Vis
SMP-00137,10.38,105324.4,22126.4,26411.9,0.1045,Salicylic Acid,HPLC-UV/Vis
SMP-00137,12.11,43636.9,7759.1,8017.0,0.0441,Chlorpheniramine,HPLC-UV/Vis
SMP-00138,1.24,13502.0,3497.8,3557.4,0.0136,Uracil,HPLC-UV/Vis
SMP-00138,2.85,49401.6,9924.6,10101.1,0.0489,Acetaminophen,HPLC-UV/Vis
SMP-00138,4.15,80209.1,13589.2,14237.0,0.0797,Caffeine,HPLC-UV/Vis
SMP-00138,5.61,24762.8,5261.7,5404.3,0.0247,Aspirin,HPLC-UV/Vis
SMP-00138,7.18,50550.5,8037.2,8268.5,0.0506,Benzoic Acid,HPLC-UV/Vis
SMP-00138,8.97,31454.8,6446.5,6782.2,0.0311,Phenacetin,HPLC-UV/Vis
SMP-00138,10.37,17814.3,4384.2,4453.6,0.0178,Salicylic Acid,HPLC-UV/Vis
SMP-00138,12.09,51304.0,9084.4,9418.5,0.0509,Chlorpheniramine,HPLC-UV/Vis
SMP-00139,1.21,12547.2,3207.5,3283.1,0.0126,Uracil,HPLC-UV/Vis
SMP-00139,2.82,48331.7,9328.1,9502.2,0.0474,Acetaminophen,HPLC-UV/Vis
SMP-00139,4.15,82187.1,13401.9,13545.1,0.0792,Caffeine,HPLC-UV/Vis
SMP-00139,5.59,21166.5,4506.0,4679.3,0.0218,Aspirin,HPLC-UV/Vis
SMP-00139,7.19,74622.9,11792.8,12610.4,0.0779,Benzoic Acid,HPLC-UV/Vis
SMP-00139,8.95,28957.3,5889.5,6016.9,0.0295,Phenacetin,HPLC-UV/Vis
SMP-00139,10.37,15332.1,3793.5,3817.5,0.0148,Salicylic Acid,HPLC-UV/Vis
SMP-00139,12.08,53456.4,9549.0,9940.2,0.0554,Chlorpheniramine,HPLC-UV/Vis
SMP-00140,1.2,10727.2,2718.9,2785.8,0.0103,Uracil,HPLC-UV/Vis
SMP-00140,2.77,52639.6,10715.6,10983.9,0.053,Acetaminophen,HPLC-UV/Vis
SMP-00140,4.17,84756.9,13304.9,13627.0,0.0839,Caffeine,HPLC-UV/Vis
SMP-00140,5.63,21285.9,4965.2,4982.6,0.022,Aspirin,HPLC-UV/Vis
SMP-00140,7.2,64096.2,10536.2,11021.2,0.0661,Benzoic Acid,HPLC-UV/Vis
SMP-00140,8.94,31775.3,6368.3,6433.0,0.0311,Phenacetin,HPLC-UV/Vis
SMP-00140,10.41,12618.1,3068.4,3253.5,0.013,Salicylic Acid,HPLC-UV/Vis
SMP-00140,12.06,56693.2,9569.9,10069.5,0.0565,Chlorpheniramine,HPLC-UV/Vis
SMP-00141,1.2,13593.6,3484.3,3565.7,0.0133,Uracil,HPLC-UV/Vis
SMP-00141,2.82,53976.1,10758.4,10953.4,0.0531,Acetaminophen,HPLC-UV/Vis
SMP-00141,4.19,82259.4,14015.7,14583.4,0.0828,Caffeine,HPLC-UV/Vis
SMP-00141,5.62,23064.3,5035.9,5257.1,0.023,Aspirin,HPLC-UV/Vis
SMP-00141,7.22,66968.8,11293.4,11529.7,0.0653,Benzoic Acid,HPLC-UV/Vis
SMP-00141,9.0,33957.8,6891.7,7057.1,0.0348,Phenacetin,HPLC-UV/Vis
SMP-00141,10.38,18521.5,4506.3,4800.8,0.0181,Salicylic Acid,HPLC-UV/Vis
SMP-00141,12.16,54362.2,9752.1,9816.9,0.0555,Chlorpheniramine,HPLC-UV/Vis
SMP-00142,1.25,10913.5,2954.5,3111.4,0.0109,Uracil,HPLC-UV/Vis
SMP-00142,2.85,44124.2,8279.6,8236.2,0.0435,Acetaminophen,HPLC-UV/Vis
SMP-00142,4.13,95841.0,15416.3,15988.5,0.0945,Caffeine,HPLC-UV/Vis
SMP-00142,5.58,27537.3,6026.7,6253.8,0.0268,Aspirin,HPLC-UV/Vis
SMP-00142,7.19,74480.7,12336.1,12857.1,0.0754,Benzoic Acid,HPLC-UV/Vis
SMP-00142,8.98,28832.3,6064.1,6198.7,0.0291,Phenacetin,HPLC-UV/Vis
SMP-00142,10.4,13924.1,3420.0,3525.6,0.0138,Salicylic Acid,HPLC-UV/Vis
SMP-00142,12.1,50860.2,9158.7,9249.2,0.0534,Chlorpheniramine,HPLC-UV/Vis
SMP-00143,1.26,13909.8,3385.2,3313.6,0.0139,Uracil,HPLC-UV/Vis
SMP-00143,2.79,163597.4,31296.7,27037.1,0.1649,Acetaminophen,HPLC-UV/Vis
SMP-00143,4.19,88277.5,15121.9,15336.5,0.0896,Caffeine,HPLC-UV/Vis
SMP-00143,5.59,24560.6,5377.0,5252.1,0.0231,Aspirin,HPLC-UV/Vis
SMP-00143,7.24,400604.0,57426.2,55939.8,0.3978,Benzoic Acid,HPLC-UV/Vis
SMP-00143,8.96,31166.5,6144.9,6519.3,0.0312,Phenacetin,HPLC-UV/Vis
SMP-00143,10.41,14686.9,3594.4,3598.5,0.015,Salicylic Acid,HPLC-UV/Vis
SMP-00143,12.13,53110.7,9563.4,9618.5,0.0539,Chlorpheniramine,HPLC-UV/Vis
SMP-00144,1.24,12451.8,3212.1,3198.8,0.0124,Uracil,HPLC-UV/Vis
SMP-00144,2.79,44770.9,8743.7,8984.0,0.0438,Acetaminophen,HPLC-UV/Vis
SMP-00144,4.18,79824.2,12813.1,12843.4,0.0815,Caffeine,HPLC-UV/Vis
SMP-00144,5.57,23313.1,4963.2,5009.5,0.0226,Aspirin,HPLC-UV/Vis
SMP-00144,7.24,62458.9,10536.3,10676.2,0.0635,Benzoic Acid,HPLC-UV/Vis
SMP-00144,8.95,31365.3,6881.3,7174.5,0.031,Phenacetin,HPLC-UV/Vis
SMP-00144,10.46,13058.4,3084.9,3162.8,0.0129,Salicylic Acid,HPLC-UV/Vis
SMP-00144,12.06,61810.5,10758.3,11038.0,0.0629,Chlorpheniramine,HPLC-UV/Vis
SMP-00145,1.22,10771.3,2746.4,2787.2,0.0109,Uracil,HPLC-UV/Vis
SMP-00145,2.82,46329.4,9053.9,9586.5,0.0459,Acetaminophen,HPLC-UV/Vis
SMP-00145,4.13,87483.4,14181.5,14371.3,0.0839,Caffeine,HPLC-UV/Vis
SMP-00145,5.61,23414.8,5353.3,5723.3,0.0238,Aspirin,HPLC-UV/Vis
SMP-00145,7.22,78924.8,13738.0,14411.4,0.0799,Benzoic Acid,HPLC-UV/Vis
SMP-00145,8.95,30146.3,6303.6,6401.8,0.03,Phenacetin,HPLC-UV/Vis
SMP-00145,10.45,15256.7,3768.4,3991.3,0.0153,Salicylic Acid,HPLC-UV/Vis
SMP-00145,12.06,67194.9,12469.8,12896.1,0.0687,Chlorpheniramine,HPLC-UV/Vis
SMP-00146,1.24,14248.7,3483.0,3626.6,0.0144,Uracil,HPLC-UV/Vis
SMP-00146,2.75,53172.3,10183.7,10398.1,0.0521,Acetaminophen,HPLC-UV/Vis
SMP-00146,4.16,79278.7,13209.3,13430.5,0.0771,Caffeine,HPLC-UV/Vis
SMP-00146,5.61,22459.3,4964.1,5182.1,0.023,Aspirin,HPLC-UV/Vis
SMP-00146,7.17,67913.0,11444.2,11453.2,0.0667,Benzoic Acid,HPLC-UV/Vis
SMP-00146,8.94,28825.9,6049.2,6036.4,0.0278,Phenacetin,HPLC-UV/Vis
SMP-00146,10.39,13331.4,3178.2,3248.1,0.0132,Salicylic Acid,HPLC-UV/Vis
SMP-00146,12.08,62210.9,11392.5,11550.4,0.0623,Chlorpheniramine,HPLC-UV/Vis
SMP-00147,1.29,11703.0,3081.6,3176.7,0.0121,Uracil,HPLC-UV/Vis
SMP-00147,2.81,44598.9,8802.2,9034.5,0.0461,Acetaminophen,HPLC-UV/Vis
SMP-00147,4.14,85101.0,13306.1,13853.4,0.0836,Caffeine,HPLC-UV/Vis
SMP-00147,5.56,23393.9,5341.2,5271.5,0.0243,Aspirin,HPLC-UV/Vis
SMP-00147,7.2,71251.7,12084.9,12513.6,0.0726,Benzoic Acid,HPLC-UV/Vis
SMP-00147,9.0,32830.1,7112.1,7453.6,0.0317,Phenacetin,HPLC-UV/Vis
SMP-00147,10.38,17933.9,4371.6,4595.5,0.0177,Salicylic Acid,HPLC-UV/Vis
SMP-00147,12.09,62759.2,11477.1,12036.2,0.0604,Chlorpheniramine,HPLC-UV/Vis
SMP-00148,1.26,12728.9,3363.9,3440.2,0.0128,Uracil,HPLC-UV/Vis
SMP-00148,2.73,48499.4,9335.8,9445.5,0.0488,Acetaminophen,HPLC-UV/Vis
SMP-00148,4.18,87995.6,14685.2,15380.7,0.0878,Caffeine,HPLC-UV/Vis
SMP-00148,5.58,25035.4,5521.2,5571.3,0.0243,Aspirin,HPLC-UV/Vis
SMP-00148,7.18,69626.9,11987.4,12033.2,0.0696,Benzoic Acid,HPLC-UV/Vis
SMP-00148,8.96,35066.6,6938.3,7225.6,0.0357,Phenacetin,HPLC-UV/Vis
SMP-00148,10.4,16253.5,3998.5,4165.1,0.0164,Salicylic Acid,HPLC-UV/Vis
SMP-00148,12.13,60525.0,10998.8,11000.1,0.0604,Chlorpheniramine,HPLC-UV/Vis
SMP-00149,1.22,12002.1,2949.5,3073.9,0.0121,Uracil,HPLC-UV/Vis
SMP-00149,2.81,45541.4,8988.0,9187.3,0.0448,Acetaminophen,HPLC-UV/Vis
SMP-00149,4.13,89368.7,14591.9,14974.0,0.0886,Caffeine,HPLC-UV/Vis
SMP-00149,5.68,21319.6,4621.8,5065.0,0.0215,Aspirin,HPLC-UV/Vis
SMP-00149,7.23,61266.4,10487.0,10757.3,0.0607,Benzoic Acid,HPLC-UV/Vis
SMP-00149,8.97,34236.2,7106.8,7256.8,0.0346,Phenacetin,HPLC-UV/Vis
SMP-00149,10.4,18411.4,4581.8,4738.7,0.0185,Salicylic Acid,HPLC-UV/Vis
SMP-00149,12.06,53712.7,9777.4,9989.3,0.0541,Chlorpheniramine,HPLC-UV/Vis
SMP-00150,1.27,13276.1,3428.3,3437.5,0.0138,Uracil,HPLC-UV/Vis
SMP-00150,2.8,44231.4,8465.1,8980.5,0.0455,Acetaminophen,HPLC-UV/Vis
SMP-00150,4.15,94723.4,15430.0,15834.2,0.0953,Caffeine,HPLC-UV/Vis
SMP-00150,5.61,23571.8,5296.7,5390.0,0.0239,Aspirin,HPLC-UV/Vis
SMP-00150,7.18,63835.1,10248.1,10763.7,0.0625,Benzoic Acid,HPLC-UV/Vis
SMP-00150,8.99,29420.2,5999.2,6057.7,0.0299,Phenacetin,HPLC-UV/Vis
SMP-00150,10.42,16439.3,4012.9,4091.2,0.0162,Salicylic Acid,HPLC-UV/Vis
SMP-00150,12.12,50443.1,9132.8,9352.0,0.0492,Chlorpheniramine,HPLC-UV/Vis
SMP-00151,1.24,11264.5,2753.3,2749.8,0.0112,Uracil,HPLC-UV/Vis
SMP-00151,2.77,48780.6,9462.1,9855.1,0.0486,Acetaminophen,HPLC-UV/Vis
SMP-00151,4.15,77937.6,12904.0,13049.2,0.0796,Caffeine,HPLC-UV/Vis
SMP-00151,5.63,20506.7,4424.0,4590.4,0.021,Aspirin,HPLC-UV/Vis
SMP-00151,7.2,79786.5,13161.9,13846.0,0.0785,Benzoic Acid,HPLC-UV/Vis
SMP-00151,8.88,27701.0,5772.2,5793.9,0.028,Phenacetin,HPLC-UV/Vis
SMP-00151,10.38,49311.7,10998.0,9880.1,0.0492,Salicylic Acid,HPLC-UV/Vis
SMP-00151,12.08,61742.6,10858.1,11199.7,0.063,Chlorpheniramine,HPLC-UV/Vis
SMP-00152,1.24,13141.6,3418.2,3483.8,0.0133,Uracil,HPLC-UV/Vis
SMP-00152,2.81,48394.1,9584.0,9591.4,0.0488,Acetaminophen,HPLC-UV/Vis
SMP-00152,4.13,108485.5,17524.9,17791.2,0.1105,Caffeine,HPLC-UV/Vis
SMP-00152,5.59,25985.3,5743.9,5736.8,0.0262,Aspirin,HPLC-UV/Vis
SMP-00152,7.25,63314.4,10875.1,11587.5,0.0622,Benzoic Acid,HPLC-UV/Vis
SMP-00152,8.96,28525.4,5903.7,6054.2,0.0284,Phenacetin,HPLC-UV/Vis
SMP-00152,10.4,15856.4,3794.2,3865.9,0.0158,Salicylic Acid,HPLC-UV/Vis
SMP-00152,12.09,55956.7,9584.5,9732.0,0.0557,Chlorpheniramine,HPLC-UV/Vis
SMP-00153,1.3,12474.0,3223.1,3288.6,0.0125,Uracil,HPLC-UV/Vis
SMP-00153,2.79,41508.7,7992.4,7822.9,0.0405,Acetaminophen,HPLC-UV/Vis
SMP-00153,4.17,100966.7,17016.5,17756.0,0.1002,Caffeine,HPLC-UV/Vis
SMP-00153,5.63,23249.2,5514.8,5640.0,0.0242,Aspirin,HPLC-UV/Vis
SMP-00153,7.24,78835.8,12757.5,13016.5,0.0774,Benzoic Acid,HPLC-UV/Vis
SMP-00153,8.97,30586.9,6284.7,6543.2,0.0294,Phenacetin,HPLC-UV/Vis
SMP-00153,10.39,16431.3,4073.3,4307.2,0.0164,Salicylic Acid,HPLC-UV/Vis
SMP-00153,12.1,55288.7,9693.2,10012.6,0.0549,Chlorpheniramine,HPLC-UV/Vis
SMP-00154,1.27,49344.3,12536.2,11366.6,0.0508,Uracil,HPLC-UV/Vis
SMP-00154,2.84,48767.4,9660.4,10067.4,0.0475,Acetaminophen,HPLC-UV/Vis
SMP-00154,4.14,82726.0,12984.6,12888.0,0.0803,Caffeine,HPLC-UV/Vis
SMP-00154,5.6,21268.0,4707.9,4808.3,0.0218,Aspirin,HPLC-UV/Vis
SMP-00154,7.22,68769.8,10957.3,11266.1,0.0671,Benzoic Acid,HPLC-UV/Vis
SMP-00154,8.93,32392.1,6387.2,6580.7,0.0327,Phenacetin,HPLC-UV/Vis
SMP-00154,10.38,15628.4,3827.9,4061.2,0.0152,Salicylic Acid,HPLC-UV/Vis
SMP-00154,12.18,52720.7,8977.0,9141.7,0.0497,Chlorpheniramine,HPLC-UV/Vis
SMP-00155,1.27,11315.4,2863.2,3002.0,0.0109,Uracil,HPLC-UV/Vis
SMP-00155,2.79,42354.5,8152.3,8190.8,0.0426,Acetaminophen,HPLC-UV/Vis
SMP-00155,4.17,90988.4,14880.7,14896.7,0.0919,Caffeine,HPLC-UV/Vis
SMP-00155,5.6,25521.5,5524.9,5839.9,0.0262,Aspirin,HPLC-UV/Vis
SMP-00155,7.17,52664.5,9114.5,9408.2,0.0517,Benzoic Acid,HPLC-UV/Vis
SMP-00155,8.92,29877.0,6229.8,6277.9,0.0298,Phenacetin,HPLC-UV/Vis
SMP-00155,10.41,17546.8,4403.5,4536.3,0.0168,Salicylic Acid,HPLC-UV/Vis
SMP-00155,12.12,45798.4,8185.2,8486.2,0.0474,Chlorpheniramine,HPLC-UV/Vis
SMP-00156,1.23,12385.2,3217.0,3303.6,0.0127,Uracil,HPLC-UV/Vis
SMP-00156,2.8,47839.3,9189.8,9619.8,0.048,Acetaminophen,HPLC-UV/Vis
SMP-00156,4.16,92558.4,14770.9,15027.7,0.0947,Caffeine,HPLC-UV/Vis
SMP-00156,5.57,23517.8,4829.3,4918.8,0.024,Aspirin,HPLC-UV/Vis
SMP-00156,7.2,47069.7,7690.4,7973.1,0.0477,Benzoic Acid,HPLC-UV/Vis
SMP-00156,8.94,30683.5,6038.7,6195.1,0.0299,Phenacetin,HPLC-UV/Vis
SMP-00156,10.37,17954.4,4342.7,4492.1,0.0178,Salicylic Acid,HPLC-UV/Vis
SMP-00156,12.13,42427.4,7508.6,7725.7,0.0427,Chlorpheniramine,HPLC-UV/Vis
SMP-00157,1.19,11453.1,2871.9,2913.6,0.0117,Uracil,HPLC-UV/Vis
SMP-00157,2.81,46525.2,9297.7,9551.9,0.0472,Acetaminophen,HPLC-UV/Vis
SMP-00157,4.16,75794.4,11173.2,11592.8,0.0766,Caffeine,HPLC-UV/Vis
SMP-00157,5.58,26541.3,5789.7,6012.2,0.0268,Aspirin,HPLC-UV/Vis
SMP-00157,7.19,62997.6,9965.8,10574.1,0.0636,Benzoic Acid,HPLC-UV/Vis
SMP-00157,9.04,32214.6,6358.5,6524.3,0.0316,Phenacetin,HPLC-UV/Vis
SMP-00157,10.39,14684.9,3418.3,3629.7,0.0148,Salicylic Acid,HPLC-UV/Vis
SMP-00157,12.12,56754.1,10343.3,10795.3,0.0569,Chlorpheniramine,HPLC-UV/Vis
SMP-00158,1.27,12653.1,3231.0,3426.8,0.0126,Uracil,HPLC-UV/Vis
SMP-00158,2.81,43008.4,8142.2,8328.8,0.0426,Acetaminophen,HPLC-UV/Vis
SMP-00158,4.13,91575.5,15436.9,16071.2,0.0869,Caffeine,HPLC-UV/Vis
SMP-00158,5.58,144879.7,32559.4,29964.7,0.1446,Aspirin,HPLC-UV/Vis
SMP-00158,7.23,73735.1,12477.7,12406.2,0.0752,Benzoic Acid,HPLC-UV/Vis
SMP-00158,8.97,28166.1,5550.5,5936.4,0.0276,Phenacetin,HPLC-UV/Vis
SMP-00158,10.4,14945.3,3635.4,3649.9,0.0149,Salicylic Acid,HPLC-UV/Vis
SMP-00158,12.09,59216.1,10782.2,10786.0,0.0601,Chlorpheniramine,HPLC-UV/Vis
SMP-00159,1.23,13380.1,3423.0,3445.9,0.0139,Uracil,HPLC-UV/Vis
SMP-00159,2.8,43944.8,8854.9,9027.6,0.0425,Acetaminophen,HPLC-UV/Vis
SMP-00159,4.19,96623.5,15595.9,16492.1,0.098,Caffeine,HPLC-UV/Vis
SMP-00159,5.6,23860.7,5141.0,5295.7,0.024,Aspirin,HPLC-UV/Vis
SMP-00159,7.19,65357.5,11206.8,11129.6,0.0648,Benzoic Acid,HPLC-UV/Vis
SMP-00159,8.98,31064.5,6717.5,7008.0,0.0308,Phenacetin,HPLC-UV/Vis
SMP-00159,10.39,16941.4,3974.9,4028.7,0.0171,Salicylic Acid,HPLC-UV/Vis
SMP-00159,12.03,61650.7,11106.5,11021.2,0.0584,Chlorpheniramine,HPLC-UV/Vis
SMP-00160,1.25,12368.5,3239.8,3301.4,0.0121,Uracil,HPLC-UV/Vis
SMP-00160,2.8,46857.1,8895.1,9322.3,0.0463,Acetaminophen,HPLC-UV/Vis
SMP-00160,4.13,98788.5,16001.0,16258.7,0.1004,Caffeine,HPLC-UV/Vis
SMP-00160,5.61,25950.2,5888.1,5993.4,0.026,Aspirin,HPLC-UV/Vis
SMP-00160,7.3,58755.7,9695.4,9864.8,0.0582,Benzoic Acid,HPLC-UV/Vis
SMP-00160,8.94,32861.0,6718.2,6669.3,0.0324,Phenacetin,HPLC-UV/Vis
SMP-00160,10.41,16385.9,4020.7,4078.0,0.0165,Salicylic Acid,HPLC-UV/Vis
SMP-00160,12.07,58222.2,10768.3,11295.7,0.0576,Chlorpheniramine,HPLC-UV/Vis
SMP-00161,1.24,13264.1,3360.2,3445.9,0.0127,Uracil,HPLC-UV/Vis
SMP-00161,2.8,43922.2,9004.4,9065.1,0.0434,Acetaminophen,HPLC-UV/Vis
SMP-00161,4.13,98401.1,16638.7,16904.7,0.0971,Caffeine,HPLC-UV/Vis
SMP-00161,5.64,25689.5,5655.8,5667.6,0.0251,Aspirin,HPLC-UV/Vis
SMP-00161,7.22,53474.3,8778.6,9326.1,0.0532,Benzoic Acid,HPLC-UV/Vis
SMP-00161,8.97,27817.4,5650.3,5805.3,0.0272,Phenacetin,HPLC-UV/Vis
SMP-00161,10.45,14075.9,3551.7,3627.3,0.0141,Salicylic Acid,HPLC-UV/Vis
SMP-00161,12.08,57279.0,9755.5,10133.9,0.0546,Chlorpheniramine,HPLC-UV/Vis
SMP-00162,1.28,13225.3,3274.6,3296.2,0.0131,Uracil,HPLC-UV/Vis
SMP-00162,2.84,46653.1,8523.6,8777.0,0.0469,Acetaminophen,HPLC-UV/Vis
SMP-00162,4.17,91196.4,14589.0,14461.7,0.0914,Caffeine,HPLC-UV/Vis
SMP-00162,5.58,24206.8,5561.5,5724.1,0.0245,Aspirin,HPLC-UV/Vis
SMP-00162,7.21,66996.3,11546.8,11768.3,0.0667,Benzoic Acid,HPLC-UV/Vis
SMP-00162,8.95,27740.8,6180.7,6232.8,0.0277,Phenacetin,HPLC-UV/Vis
SMP-00162,10.41,15304.7,3707.0,3800.8,0.015,Salicylic Acid,HPLC-UV/Vis
SMP-00162,12.09,57436.3,10287.2,10522.9,0.0569,Chlorpheniramine,HPLC-UV/Vis
SMP-00163,1.25,11943.8,3182.3,3201.6,0.0118,Uracil,HPLC-UV/Vis
SMP-00163,2.82,41685.3,8485.9,8592.9,0.0422,Acetaminophen,HPLC-UV/Vis
SMP-00163,4.15,76919.5,11910.4,12472.5,0.0747,Caffeine,HPLC-UV/Vis
SMP-00163,5.6,23971.2,5364.8,5425.6,0.0235,Aspirin,HPLC-UV/Vis
SMP-00163,7.18,48864.1,8338.4,8415.7,0.0495,Benzoic Acid,HPLC-UV/Vis
SMP-00163,8.95,34307.2,7067.4,7503.8,0.0336,Phenacetin,HPLC-UV/Vis
SMP-00163,10.42,15303.6,3859.2,3941.6,0.0159,Salicylic Acid,HPLC-UV/Vis
SMP-00163,12.11,57196.0,10692.6,10759.4,0.0558,Chlorpheniramine,HPLC-UV/Vis
SMP-00164,1.26,12168.5,3128.7,3073.2,0.0122,Uracil,HPLC-UV/Vis
SMP-00164,2.83,50357.5,9940.0,10316.8,0.049,Acetaminophen,HPLC-UV/Vis
SMP-00164,4.17,100308.0,17227.2,17160.8,0.0996,Caffeine,HPLC-UV/Vis
SMP-00164,5.61,23131.0,5071.3,5327.7,0.0226,Aspirin,HPLC-UV/Vis
SMP-00164,7.17,64971.5,10384.4,10685.8,0.0647,Benzoic Acid,HPLC-UV/Vis
SMP-00164,8.98,31014.8,6566.5,6737.8,0.031,Phenacetin,HPLC-UV/Vis
SMP-00164,10.4,16711.8,4024.0,4186.4,0.0165,Salicylic Acid,HPLC-UV/Vis
SMP-00164,12.08,58817.1,10653.2,11296.9,0.0576,Chlorpheniramine,HPLC-UV/Vis
SMP-00165,1.23,10726.6,2624.3,2735.6,0.0108,Uracil,HPLC-UV/Vis
SMP-00165,2.79,43064.8,8809.5,8944.2,0.0419,Acetaminophen,HPLC-UV/Vis
SMP-00165,4.14,107386.8,17227.6,18035.9,0.1093,Caffeine,HPLC-UV/Vis
SMP-00165,5.58,24812.6,5566.4,5576.3,0.0243,Aspirin,HPLC-UV/Vis
SMP-00165,7.22,65635.4,10853.0,10811.5,0.0642,Benzoic Acid,HPLC-UV/Vis
SMP-00165,8.93,31568.1,6588.0,7084.6,0.0316,Phenacetin,HPLC-UV/Vis
SMP-00165,10.38,12987.7,3123.5,3117.4,0.013,Salicylic Acid,HPLC-UV/Vis
SMP-00165,12.04,63610.3,11344.0,11312.7,0.0646,Chlorpheniramine,HPLC-UV/Vis
SMP-00166,1.28,11537.4,2913.5,3021.0,0.0117,Uracil,HPLC-UV/Vis
SMP-00166,2.8,48221.3,9570.0,9895.5,0.0481,Acetaminophen,HPLC-UV/Vis
SMP-00166,4.17,89577.0,14381.4,15180.4,0.087,Caffeine,HPLC-UV/Vis
SMP-00166,5.6,23833.5,5201.8,5184.4,0.0238,Aspirin,HPLC-UV/Vis
SMP-00166,7.22,66065.4,10242.2,10233.7,0.0688,Benzoic Acid,HPLC-UV/Vis
SMP-00166,8.99,28286.0,5767.6,6012.8,0.0278,Phenacetin,HPLC-UV/Vis
SMP-00166,10.4,16319.7,3944.8,4115.1,0.0168,Salicylic Acid,HPLC-UV/Vis
SMP-00166,12.15,50886.0,9425.9,9800.8,0.0497,Chlorpheniramine,HPLC-UV/Vis
SMP-00167,1.25,11388.2,2961.4,3058.9,0.0114,Uracil,HPLC-UV/Vis
SMP-00167,2.8,44116.1,8610.5,8757.9,0.0465,Acetaminophen,HPLC-UV/Vis
SMP-00167,4.13,84689.5,14654.5,14707.2,0.0854,Caffeine,HPLC-UV/Vis
SMP-00167,5.61,25956.0,5916.9,6041.0,0.026,Aspirin,HPLC-UV/Vis
SMP-00167,7.2,62048.6,10248.8,10210.8,0.0626,Benzoic Acid,HPLC-UV/Vis
SMP-00167,8.95,27373.7,5452.3,5741.8,0.0277,Phenacetin,HPLC-UV/Vis
SMP-00167,10.45,14395.0,3677.4,3679.9,0.0146,Salicylic Acid,HPLC-UV/Vis
SMP-00167,12.07,57531.4,10680.7,11196.6,0.0578,Chlorpheniramine,HPLC-UV/Vis
SMP-00168,1.27,12828.7,3349.3,3463.4,0.0131,Uracil,HPLC-UV/Vis
SMP-00168,2.8,39462.2,7742.6,8229.1,0.039,Acetaminophen,HPLC-UV/Vis
SMP-00168,4.17,70756.5,11274.8,11695.3,0.0656,Caffeine,HPLC-UV/Vis
SMP-00168,5.63,25416.9,5669.1,5939.2,0.0255,Aspirin,HPLC-UV/Vis
SMP-00168,7.19,68180.7,11118.0,11732.5,0.0702,Benzoic Acid,HPLC-UV/Vis
SMP-00168,8.94,28224.6,6035.2,6281.9,0.0284,Phenacetin,HPLC-UV/Vis
SMP-00168,10.41,13907.6,3460.1,3659.3,0.0144,Salicylic Acid,HPLC-UV/Vis
SMP-00168,12.06,55270.4,10623.1,10757.2,0.0552,Chlorpheniramine,HPLC-UV/Vis
SMP-00169,1.27,15538.4,3923.4,3963.5,0.0159,Uracil,HPLC-UV/Vis
SMP-00169,2.79,45499.5,9118.6,9504.2,0.0459,Acetaminophen,HPLC-UV/Vis
SMP-00169,4.19,125111.5,20638.4,21298.7,0.1228,Caffeine,HPLC-UV/Vis
SMP-00169,5.59,21865.1,4825.2,5141.5,0.0224,Aspirin,HPLC-UV/Vis
SMP-00169,7.16,76414.0,12682.3,12624.8,0.0774,Benzoic Acid,HPLC-UV/Vis
SMP-00169,8.88,28627.8,5851.5,6113.0,0.0283,Phenacetin,HPLC-UV/Vis
SMP-00169,10.42,14870.1,3684.0,3712.6,0.0144,Salicylic Acid,HPLC-UV/Vis
SMP-00169,12.11,59200.7,10548.1,10696.8,0.0607,Chlorpheniramine,HPLC-UV/Vis
SMP-00170,1.29,14094.6,3705.2,3765.4,0.0139,Uracil,HPLC-UV/Vis
SMP-00170,2.76,41395.6,8216.6,8569.8,0.0404,Acetaminophen,HPLC-UV/Vis
SMP-00170,4.16,102669.1,16937.1,17803.8,0.1035,Caffeine,HPLC-UV/Vis
SMP-00170,5.56,22818.8,5032.2,5158.7,0.023,Aspirin,HPLC-UV/Vis
SMP-00170,7.21,66207.5,10755.4,11314.1,0.0667,Benzoic Acid,HPLC-UV/Vis
SMP-00170,8.94,25761.2,5291.5,5429.2,0.0254,Phenacetin,HPLC-UV/Vis
SMP-00170,10.37,16702.7,4317.9,4540.5,0.0167,Salicylic Acid,HPLC-UV/Vis
SMP-00170,12.06,51970.3,9195.3,9338.8,0.0516,Chlorpheniramine,HPLC-UV/Vis
SMP-00171,1.26,10909.4,2738.5,2811.9,0.0109,Uracil,HPLC-UV/Vis
SMP-00171,2.81,38409.9,7575.9,7885.9,0.0383,Acetaminophen,HPLC-UV/Vis
SMP-00171,4.2,79657.3,13236.3,13686.3,0.0807,Caffeine,HPLC-UV/Vis
SMP-00171,5.62,21809.5,4984.6,5071.2,0.0219,Aspirin,HPLC-UV/Vis
SMP-00171,7.17,67746.4,11382.0,11336.0,0.0684,Benzoic Acid,HPLC-UV/Vis
SMP-00171,8.99,30102.3,5959.5,6147.3,0.0295,Phenacetin,HPLC-UV/Vis
SMP-00171,10.4,15364.1,3810.0,3847.8,0.015,Salicylic Acid,HPLC-UV/Vis
SMP-00171,12.07,48238.7,8968.5,9331.8,0.0469,Chlorpheniramine,HPLC-UV/Vis
SMP-00172,1.22,14662.1,3855.5,3938.7,0.0149,Uracil,HPLC-UV/Vis
SMP-00172,2.78,46280.5,9114.5,9370.2,0.0465,Acetaminophen,HPLC-UV/Vis
SMP-00172,4.15,86559.2,13885.4,14366.3,0.0873,Caffeine,HPLC-UV/Vis
SMP-00172,5.56,20792.5,4651.8,4928.3,0.0209,Aspirin,HPLC-UV/Vis
SMP-00172,7.21,59737.9,10367.3,10717.0,0.0588,Benzoic Acid,HPLC-UV/Vis
SMP-00172,8.93,35292.9,7201.2,7439.6,0.0357,Phenacetin,HPLC-UV/Vis
SMP-00172,10.41,16028.8,3727.3,3858.0,0.016,Salicylic Acid,HPLC-UV/Vis
SMP-00172,12.1,55605.6,10447.8,10514.8,0.0552,Chlorpheniramine,HPLC-UV/Vis
SMP-00173,1.26,13022.5,3611.5,3764.2,0.0134,Uracil,HPLC-UV/Vis
SMP-00173,2.77,44360.6,8810.7,9146.8,0.0447,Acetaminophen,HPLC-UV/Vis
SMP-00173,4.14,87596.5,14554.6,15235.9,0.0858,Caffeine,HPLC-UV/Vis
SMP-00173,5.58,24183.2,5310.1,5635.7,0.024,Aspirin,HPLC-UV/Vis
SMP-00173,7.22,61509.6,10197.4,10449.0,0.0608,Benzoic Acid,HPLC-UV/Vis
SMP-00173,8.98,29332.9,6126.2,6348.5,0.0285,Phenacetin,HPLC-UV/Vis
SMP-00173,10.36,16580.6,3981.1,4101.2,0.0162,Salicylic Acid,HPLC-UV/Vis
SMP-00173,12.13,49827.1,8831.2,9176.4,0.0503,Chlorpheniramine,HPLC-UV/Vis
SMP-00174,1.31,13108.6,3436.1,3529.4,0.0127,Uracil,HPLC-UV/Vis
SMP-00174,2.78,48291.4,9326.1,9650.3,0.0476,Acetaminophen,HPLC-UV/Vis
SMP-00174,4.11,109231.5,18729.8,19903.3,0.1115,Caffeine,HPLC-UV/Vis
SMP-00174,5.63,22877.8,4813.5,5102.7,0.0234,Aspirin,HPLC-UV/Vis
SMP-00174,7.16,63449.1,9932.3,10418.0,0.0613,Benzoic Acid,HPLC-UV/Vis
SMP-00174,8.92,26749.0,5533.1,5662.2,0.0273,Phenacetin,HPLC-UV/Vis
SMP-00174,10.38,11875.8,2643.8,2818.2,0.0125,Salicylic Acid,HPLC-UV/Vis
SMP-00174,12.08,52583.3,9764.9,9957.4,0.0528,Chlorpheniramine,HPLC-UV/Vis
SMP-00175,1.23,11795.4,3059.9,3091.9,0.012,Uracil,HPLC-UV/Vis
SMP-00175,2.8,52138.8,10087.3,10575.5,0.0505,Acetaminophen,HPLC-UV/Vis
SMP-00175,4.15,106357.1,16436.5,16897.9,0.109,Caffeine,HPLC-UV/Vis
SMP-00175,5.59,23866.3,5297.7,5622.6,0.0241,Aspirin,HPLC-UV/Vis
SMP-00175,7.19,62409.0,10295.5,10365.7,0.0631,Benzoic Acid,HPLC-UV/Vis
SMP-00175,8.93,32756.2,6500.1,6795.2,0.0325,Phenacetin,HPLC-UV/Vis
SMP-00175,10.39,16586.5,4060.8,4243.1,0.0166,Salicylic Acid,HPLC-UV/Vis
SMP-00175,12.13,53725.7,9946.8,10382.5,0.0529,Chlorpheniramine,HPLC-UV/Vis
SMP-00176,1.27,12072.9,3193.0,3277.4,0.0124,Uracil,HPLC-UV/Vis
SMP-00176,2.81,44087.2,8629.6,9094.3,0.044,Acetaminophen,HPLC-UV/Vis
SMP-00176,4.15,90312.3,15430.6,16264.4,0.0905,Caffeine,HPLC-UV/Vis
SMP-00176,5.58,22700.4,5059.4,5297.3,0.023,Aspirin,HPLC-UV/Vis
SMP-00176,7.23,66801.8,10769.7,11380.7,0.0688,Benzoic Acid,HPLC-UV/Vis
SMP-00176,8.97,33594.9,7159.7,7478.8,0.0328,Phenacetin,HPLC-UV/Vis
SMP-00176,10.43,14805.8,3489.2,3629.1,0.0147,Salicylic Acid,HPLC-UV/Vis
SMP-00176,12.12,51130.7,8917.3,9253.6,0.0506,Chlorpheniramine,HPLC-UV/Vis
SMP-00177,1.21,12136.5,3188.0,3322.3,0.012,Uracil,HPLC-UV/Vis
SMP-00177,2.8,48369.7,9507.9,9695.8,0.0486,Acetaminophen,HPLC-UV/Vis
SMP-00177,4.16,74633.0,12220.5,13086.7,0.0723,Caffeine,HPLC-UV/Vis
SMP-00177,5.59,23321.5,5178.9,5452.4,0.0234,Aspirin,HPLC-UV/Vis
SMP-00177,7.2,65040.2,10583.8,10516.6,0.0654,Benzoic Acid,HPLC-UV/Vis
SMP-00177,8.96,33343.1,6760.7,6930.5,0.034,Phenacetin,HPLC-UV/Vis
SMP-00177,10.44,16856.9,4110.2,4250.8,0.0166,Salicylic Acid,HPLC-UV/Vis
SMP-00177,12.07,54470.8,9763.6,9769.5,0.0544,Chlorpheniramine,HPLC-UV/Vis
SMP-00178,1.21,11989.6,3050.8,3104.7,0.0123,Uracil,HPLC-UV/Vis
SMP-00178,2.74,45815.2,8929.0,9269.0,0.0453,Acetaminophen,HPLC-UV/Vis
SMP-00178,4.15,85261.9,14534.6,14876.4,0.0852,Caffeine,HPLC-UV/Vis
SMP-00178,5.59,24384.7,5482.8,5727.5,0.0245,Aspirin,HPLC-UV/Vis
SMP-00178,7.2,63517.9,10665.0,11417.7,0.0651,Benzoic Acid,HPLC-UV/Vis
SMP-00178,8.98,28488.5,5794.2,6077.8,0.0294,Phenacetin,HPLC-UV/Vis
SMP-00178,10.39,19003.8,4640.1,4948.6,0.0191,Salicylic Acid,HPLC-UV/Vis
SMP-00178,12.09,59309.6,11123.6,11227.0,0.0589,Chlorpheniramine,HPLC-UV/Vis
SMP-00179,1.25,11836.2,3139.1,3302.6,0.0118,Uracil,HPLC-UV/Vis
SMP-00179,2.76,41698.9,8136.5,8385.7,0.0408,Acetaminophen,HPLC-UV/Vis
SMP-00179,4.12,93260.0,14304.1,14443.8,0.0899,Caffeine,HPLC-UV/Vis
SMP-00179,5.55,23173.3,5367.3,5708.0,0.0223,Aspirin,HPLC-UV/Vis
SMP-00179,7.17,59358.4,9826.3,10362.4,0.0602,Benzoic Acid,HPLC-UV/Vis
SMP-00179,8.97,24199.9,4819.8,4885.0,0.0242,Phenacetin,HPLC-UV/Vis
SMP-00179,10.4,15328.1,3736.4,3888.8,0.0154,Salicylic Acid,HPLC-UV/Vis
SMP-00179,12.11,58678.6,10446.8,10747.8,0.0599,Chlorpheniramine,HPLC-UV/Vis
SMP-00180,1.3,10783.2,2738.4,2768.5,0.0114,Uracil,HPLC-UV/Vis
SMP-00180,2.78,44102.2,8595.9,8797.4,0.044,Acetaminophen,HPLC-UV/Vis
SMP-00180,4.15,89359.6,14977.8,15819.3,0.089,Caffeine,HPLC-UV/Vis
SMP-00180,5.57,24872.6,5404.1,5438.2,0.0248,Aspirin,HPLC-UV/Vis
SMP-00180,7.21,77486.4,12625.4,13268.7,0.0766,Benzoic Acid,HPLC-UV/Vis
SMP-00180,8.96,33264.3,6872.0,6976.6,0.0338,Phenacetin,HPLC-UV/Vis
SMP-00180,10.38,12737.6,3159.7,3233.6,0.0127,Salicylic Acid,HPLC-UV/Vis
SMP-00180,12.09,52743.7,9507.7,10072.4,0.0528,Chlorpheniramine,HPLC-UV/Vis
SMP-00181,1.21,12623.8,3136.2,3132.3,0.0128,Uracil,HPLC-UV/Vis
SMP-00181,2.79,47145.2,9212.0,9599.3,0.0477,Acetaminophen,HPLC-UV/Vis
SMP-00181,4.15,87055.5,14376.8,14690.0,0.0871,Caffeine,HPLC-UV/Vis
SMP-00181,5.6,26583.3,6041.8,6208.8,0.0265,Aspirin,HPLC-UV/Vis
SMP-00181,7.22,65199.5,10380.4,10737.7,0.0654,Benzoic Acid,HPLC-UV/Vis
SMP-00181,8.99,31118.4,6821.6,7057.9,0.0303,Phenacetin,HPLC-UV/Vis
SMP-00181,10.39,16524.5,3917.2,4011.4,0.0165,Salicylic Acid,HPLC-UV/Vis
SMP-00181,12.12,57676.9,10772.1,11024.0,0.059,Chlorpheniramine,HPLC-UV/Vis
SMP-00182,1.21,10939.3,2812.6,2964.6,0.0108,Uracil,HPLC-UV/Vis
SMP-00182,2.79,48423.8,9282.7,9462.2,0.0472,Acetaminophen,HPLC-UV/Vis
SMP-00182,4.19,90011.9,14310.2,15093.3,0.089,Caffeine,HPLC-UV/Vis
SMP-00182,5.64,23229.4,4899.6,5270.9,0.0234,Aspirin,HPLC-UV/Vis
SMP-00182,7.23,72133.6,12427.9,12636.1,0.0726,Benzoic Acid,HPLC-UV/Vis
SMP-00182,8.97,31128.8,6439.8,6614.1,0.031,Phenacetin,HPLC-UV/Vis
SMP-00182,10.42,17924.7,4302.9,4479.6,0.0181,Salicylic Acid,HPLC-UV/Vis
SMP-00182,12.05,47146.1,8295.3,8189.3,0.0487,Chlorpheniramine,HPLC-UV/Vis
SMP-00183,1.25,9723.5,2324.1,2393.7,0.0103,Uracil,HPLC-UV/Vis
SMP-00183,2.83,43602.2,8488.0,8948.9,0.0433,Acetaminophen,HPLC-UV/Vis
SMP-00183,4.19,89607.2,15040.9,15286.0,0.0921,Caffeine,HPLC-UV/Vis
SMP-00183,5.61,23404.1,5090.1,5242.6,0.0232,Aspirin,HPLC-UV/Vis
SMP-00183,7.19,57313.6,8960.3,8919.6,0.0581,Benzoic Acid,HPLC-UV/Vis
SMP-00183,8.96,31626.5,6475.5,6726.5,0.0317,Phenacetin,HPLC-UV/Vis
SMP-00183,10.39,16263.9,4148.7,4413.1,0.0158,Salicylic Acid,HPLC-UV/Vis
SMP-00183,12.05,62438.8,11588.0,12016.9,0.0626,Chlorpheniramine,HPLC-UV/Vis
SMP-00184,1.29,13892.3,3614.5,3697.7,0.0141,Uracil,HPLC-UV/Vis
SMP-00184,2.79,44191.5,8890.4,9453.0,0.0435,Acetaminophen,HPLC-UV/Vis
SMP-00184,4.16,93541.3,14978.5,15992.2,0.0943,Caffeine,HPLC-UV/Vis
SMP-00184,5.65,22062.7,4857.7,4881.7,0.022,Aspirin,HPLC-UV/Vis
SMP-00184,7.22,70230.9,11578.1,11902.2,0.0713,Benzoic Acid,HPLC-UV/Vis
SMP-00184,8.96,33382.9,6506.0,6790.3,0.0323,Phenacetin,HPLC-UV/Vis
SMP-00184,10.37,17833.5,4212.2,4199.5,0.0179,Salicylic Acid,HPLC-UV/Vis
SMP-00184,12.05,57050.9,9730.4,9820.6,0.0564,Chlorpheniramine,HPLC-UV/Vis
SMP-00185,1.29,13823.5,3538.3,3472.7,0.014,Uracil,HPLC-UV/Vis
SMP-00185,2.84,47920.5,8994.8,9170.2,0.0497,Acetaminophen,HPLC-UV/Vis
SMP-00185,4.12,97608.4,15679.4,15779.2,0.1003,Caffeine,HPLC-UV/Vis
SMP-00185,5.59,20453.3,4829.2,4971.7,0.0211,Aspirin,HPLC-UV/Vis
SMP-00185,7.18,63942.9,11112.3,11770.7,0.0614,Benzoic Acid,HPLC-UV/Vis
SMP-00185,8.95,27976.4,5789.4,5806.8,0.0277,Phenacetin,HPLC-UV/Vis
SMP-00185,10.39,15489.2,3657.3,3882.0,0.0156,Salicylic Acid,HPLC-UV/Vis
SMP-00185,12.1,51226.4,9779.8,9960.1,0.051,Chlorpheniramine,HPLC-UV/Vis
SMP-00186,1.21,13336.1,3483.7,3676.7,0.0136,Uracil,HPLC-UV/Vis
SMP-00186,2.8,41849.2,8696.0,8691.3,0.0405,Acetaminophen,HPLC-UV/Vis
SMP-00186,4.2,90891.6,15209.8,15058.9,0.09,Caffeine,HPLC-UV/Vis
SMP-00186,5.62,19525.9,4115.6,4281.4,0.02,Aspirin,HPLC-UV/Vis
SMP-00186,7.22,71024.8,11730.8,11825.9,0.0718,Benzoic Acid,HPLC-UV/Vis
SMP-00186,8.98,32174.1,6375.9,6655.2,0.0322,Phenacetin,HPLC-UV/Vis
SMP-00186,10.39,14523.9,3639.2,3645.2,0.0142,Salicylic Acid,HPLC-UV/Vis
SMP-00186,12.15,59915.2,10351.4,10941.7,0.0614,Chlorpheniramine,HPLC-UV/Vis
SMP-00187,1.17,12360.6,3284.7,3487.8,0.0122,Uracil,HPLC-UV/Vis
SMP-00187,2.73,44114.5,8461.4,8910.3,0.0453,Acetaminophen,HPLC-UV/Vis
SMP-00187,4.11,96895.4,15972.5,15917.8,0.0932,Caffeine,HPLC-UV/Vis
SMP-00187,5.59,20131.2,4413.0,4577.5,0.0201,Aspirin,HPLC-UV/Vis
SMP-00187,7.26,74168.5,12212.9,12507.2,0.0747,Benzoic Acid,HPLC-UV/Vis
SMP-00187,8.96,27048.5,5535.2,5571.9,0.0264,Phenacetin,HPLC-UV/Vis
SMP-00187,10.4,15924.3,3649.7,3715.6,0.0161,Salicylic Acid,HPLC-UV/Vis
SMP-00187,12.04,55323.6,10111.4,10674.3,0.0546,Chlorpheniramine,HPLC-UV/Vis
SMP-00188,1.22,11084.6,2919.8,2848.7,0.011,Uracil,HPLC-UV/Vis
SMP-00188,2.8,49905.3,9259.8,9240.9,0.0512,Acetaminophen,HPLC-UV/Vis
SMP-00188,4.15,79226.8,12922.7,13014.2,0.0813,Caffeine,HPLC-UV/Vis
SMP-00188,5.61,21633.3,4388.8,4372.6,0.0224,Aspirin,HPLC-UV/Vis
SMP-00188,7.19,71817.0,12432.9,12756.3,0.0713,Benzoic Acid,HPLC-UV/Vis
SMP-00188,8.93,29410.1,6112.3,6318.3,0.0307,Phenacetin,HPLC-UV/Vis
SMP-00188,10.43,13929.4,3453.0,3506.6,0.0141,Salicylic Acid,HPLC-UV/Vis
SMP-00188,12.1,67248.8,12579.8,13253.4,0.0681,Chlorpheniramine,HPLC-UV/Vis
SMP-00189,1.21,14156.6,3543.4,3609.8,0.0144,Uracil,HPLC-UV/Vis
SMP-00189,2.77,43452.7,8470.3,8692.8,0.0442,Acetaminophen,HPLC-UV/Vis
SMP-00189,4.16,82642.8,12870.2,13172.5,0.081,Caffeine,HPLC-UV/Vis
SMP-00189,5.61,22030.1,5167.8,5246.8,0.022,Aspirin,HPLC-UV/Vis
SMP-00189,7.23,76011.0,12775.8,13427.6,0.0751,Benzoic Acid,HPLC-UV/Vis
SMP-00189,8.98,35920.7,7048.5,7132.0,0.0364,Phenacetin,HPLC-UV/Vis
SMP-00189,10.41,17254.1,4137.2,4225.8,0.0169,Salicylic Acid,HPLC-UV/Vis
SMP-00189,12.09,50499.8,8914.5,9133.6,0.0502,Chlorpheniramine,HPLC-UV/Vis
SMP-00190,1.24,12879.0,3254.8,3314.1,0.0125,Uracil,HPLC-UV/Vis
SMP-00190,2.76,46641.5,9351.2,9297.6,0.0461,Acetaminophen,HPLC-UV/Vis
SMP-00190,4.14,98796.7,15865.7,16326.6,0.1014,Caffeine,HPLC-UV/Vis
SMP-00190,5.58,23467.1,5054.7,5248.9,0.0237,Aspirin,HPLC-UV/Vis
SMP-00190,7.21,66607.7,11252.1,11776.8,0.0673,Benzoic Acid,HPLC-UV/Vis
SMP-00190,8.98,28476.4,5588.1,5398.7,0.0284,Phenacetin,HPLC-UV/Vis
SMP-00190,10.41,12525.4,2977.3,3094.6,0.0122,Salicylic Acid,HPLC-UV/Vis
SMP-00190,12.08,54023.1,9943.4,10431.2,0.0541,Chlorpheniramine,HPLC-UV/Vis
SMP-00191,1.24,13243.5,3305.9,3393.3,0.0132,Uracil,HPLC-UV/Vis
SMP-00191,2.77,37318.3,7391.1,7755.4,0.0357,Acetaminophen,HPLC-UV/Vis
SMP-00191,4.18,94516.4,15183.0,15352.0,0.0947,Caffeine,HPLC-UV/Vis
SMP-00191,5.6,22683.9,4842.8,5029.0,0.0229,Aspirin,HPLC-UV/Vis
SMP-00191,7.2,78718.3,12871.9,13587.9,0.0777,Benzoic Acid,HPLC-UV/Vis
SMP-00191,8.99,30286.1,6531.9,6789.1,0.0297,Phenacetin,HPLC-UV/Vis
SMP-00191,10.43,17040.7,4030.4,4140.0,0.0171,Salicylic Acid,HPLC-UV/Vis
SMP-00191,12.17,55467.4,10011.4,10550.2,0.0551,Chlorpheniramine,HPLC-UV/Vis
SMP-00192,1.2,11885.7,3155.6,3349.4,0.0117,Uracil,HPLC-UV/Vis
SMP-00192,2.82,42946.7,8274.2,8667.4,0.0424,Acetaminophen,HPLC-UV/Vis
SMP-00192,4.11,89289.6,13704.0,14033.7,0.0868,Caffeine,HPLC-UV/Vis
SMP-00192,5.66,20655.6,4599.9,4649.5,0.0205,Aspirin,HPLC-UV/Vis
SMP-00192,7.19,65472.2,10563.7,11122.8,0.0611,Benzoic Acid,HPLC-UV/Vis
SMP-00192,8.95,29137.8,6143.2,6475.2,0.0283,Phenacetin,HPLC-UV/Vis
SMP-00192,10.36,17611.1,4307.0,4392.8,0.0175,Salicylic Acid,HPLC-UV/Vis
SMP-00192,12.11,49213.6,8830.0,8958.8,0.0479,Chlorpheniramine,HPLC-UV/Vis
SMP-00193,1.22,11927.4,3107.2,3207.9,0.0125,Uracil,HPLC-UV/Vis
SMP-00193,2.81,45829.6,9123.9,9528.4,0.0457,Acetaminophen,HPLC-UV/Vis
SMP-00193,4.13,94674.9,14572.7,15236.3,0.0946,Caffeine,HPLC-UV/Vis
SMP-00193,5.59,22732.3,5217.6,5711.6,0.0233,Aspirin,HPLC-UV/Vis
SMP-00193,7.22,71938.3,11644.1,11699.8,0.0719,Benzoic Acid,HPLC-UV/Vis
SMP-00193,8.9,28951.2,6049.0,6235.6,0.0298,Phenacetin,HPLC-UV/Vis
SMP-00193,10.47,13201.3,2984.4,3070.4,0.0128,Salicylic Acid,HPLC-UV/Vis
SMP-00193,12.1,53139.8,9361.0,9722.9,0.0528,Chlorpheniramine,HPLC-UV/Vis
SMP-00194,1.24,11249.5,2729.4,2801.9,0.011,Uracil,HPLC-UV/Vis
SMP-00194,2.82,37658.4,7695.3,7950.7,0.0376,Acetaminophen,HPLC-UV/Vis
SMP-00194,4.17,89174.9,14197.5,14680.2,0.0862,Caffeine,HPLC-UV/Vis
SMP-00194,5.57,23907.4,5278.1,5547.1,0.0235,Aspirin,HPLC-UV/Vis
SMP-00194,7.2,61044.0,10274.0,10568.6,0.0602,Benzoic Acid,HPLC-UV/Vis
SMP-00194,8.95,30720.9,6222.9,6247.2,0.0308,Phenacetin,HPLC-UV/Vis
SMP-00194,10.37,15225.2,3792.4,3920.3,0.0151,Salicylic Acid,HPLC-UV/Vis
SMP-00194,12.12,41210.4,7686.1,7628.6,0.0397,Chlorpheniramine,HPLC-UV/Vis
SMP-00195,1.32,14539.0,3804.7,3946.0,0.0141,Uracil,HPLC-UV/Vis
SMP-00195,2.78,42059.8,8214.9,8383.9,0.0429,Acetaminophen,HPLC-UV/Vis
SMP-00195,4.15,81359.2,13047.3,13518.2,0.0794,Caffeine,HPLC-UV/Vis
SMP-00195,5.59,21574.0,4691.4,4817.6,0.0212,Aspirin,HPLC-UV/Vis
SMP-00195,7.19,63280.0,11050.3,11473.6,0.0628,Benzoic Acid,HPLC-UV/Vis
SMP-00195,8.92,29837.7,6059.5,6090.2,0.0301,Phenacetin,HPLC-UV/Vis
SMP-00195,10.39,14713.5,3921.4,3987.1,0.0141,Salicylic Acid,HPLC-UV/Vis
SMP-00195,12.12,61444.6,10909.9,11516.3,0.0622,Chlorpheniramine,HPLC-UV/Vis
SMP-00196,1.24,12675.7,3342.2,3469.0,0.0126,Uracil,HPLC-UV/Vis
SMP-00196,2.86,46950.8,9356.1,9737.8,0.0472,Acetaminophen,HPLC-UV/Vis
SMP-00196,4.18,95611.1,15657.0,15909.5,0.0963,Caffeine,HPLC-UV/Vis
SMP-00196,5.59,29288.0,6231.1,6537.5,0.0289,Aspirin,HPLC-UV/Vis
SMP-00196,7.28,60913.7,9879.6,10172.6,0.0598,Benzoic Acid,HPLC-UV/Vis
SMP-00196,8.93,33240.9,6563.9,6523.6,0.0331,Phenacetin,HPLC-UV/Vis
SMP-00196,10.45,13214.1,3100.5,3219.2,0.013,Salicylic Acid,HPLC-UV/Vis
SMP-00196,12.16,48772.0,8761.2,8987.4,0.0495,Chlorpheniramine,HPLC-UV/Vis
SMP-00197,1.23,12044.8,3074.0,3212.3,0.0118,Uracil,HPLC-UV/Vis
SMP-00197,2.78,45760.1,8582.9,8617.5,0.045,Acetaminophen,HPLC-UV/Vis
SMP-00197,4.14,80468.4,13383.3,13575.2,0.0789,Caffeine,HPLC-UV/Vis
SMP-00197,5.63,23596.4,5194.6,5201.6,0.0231,Aspirin,HPLC-UV/Vis
SMP-00197,7.24,70976.1,11505.5,11720.8,0.0699,Benzoic Acid,HPLC-UV/Vis
SMP-00197,8.96,30303.3,6616.1,6980.0,0.0311,Phenacetin,HPLC-UV/Vis
SMP-00197,10.39,16533.3,3987.6,4237.2,0.0167,Salicylic Acid,HPLC-UV/Vis
SMP-00197,12.1,63633.3,11084.6,11824.7,0.0634,Chlorpheniramine,HPLC-UV/Vis
SMP-00198,1.23,10395.2,2734.6,2759.8,0.0105,Uracil,HPLC-UV/Vis
SMP-00198,2.78,44572.3,8313.8,8498.6,0.0469,Acetaminophen,HPLC-UV/Vis
SMP-00198,4.14,83744.5,13594.7,14037.9,0.083,Caffeine,HPLC-UV/Vis
SMP-00198,5.57,104430.6,20525.4,19404.1,0.1061,Aspirin,HPLC-UV/Vis
SMP-00198,7.22,65723.8,11544.2,12137.9,0.0643,Benzoic Acid,HPLC-UV/Vis
SMP-00198,8.93,27390.0,5969.4,6147.3,0.028,Phenacetin,HPLC-UV/Vis
SMP-00198,10.39,15549.8,3914.0,4055.8,0.0152,Salicylic Acid,HPLC-UV/Vis
SMP-00198,12.09,51731.9,8522.2,8886.0,0.0518,Chlorpheniramine,HPLC-UV/Vis
SMP-00199,1.24,11734.3,2980.5,3097.6,0.0119,Uracil,HPLC-UV/Vis
SMP-00199,2.83,45438.5,8695.5,8990.8,0.0442,Acetaminophen,HPLC-UV/Vis
SMP-00199,4.1,80033.4,12131.8,12453.3,0.0829,Caffeine,HPLC-UV/Vis
SMP-00199,5.62,28533.8,6361.9,6455.4,0.0282,Aspirin,HPLC-UV/Vis
SMP-00199,7.18,63638.6,10906.8,11457.8,0.0614,Benzoic Acid,HPLC-UV/Vis
SMP-00199,8.94,33069.6,7003.4,7592.0,0.0328,Phenacetin,HPLC-UV/Vis
SMP-00199,10.42,14536.4,3524.9,3601.4,0.0137,Salicylic Acid,HPLC-UV/Vis
SMP-00199,12.09,61091.1,11048.1,11102.3,0.0608,Chlorpheniramine,HPLC-UV/Vis
SMP-00200,1.21,13241.7,3379.7,3543.5,0.0128,Uracil,HPLC-UV/Vis
SMP-00200,2.79,50178.0,9930.8,10356.3,0.0516,Acetaminophen,HPLC-UV/Vis
SMP-00200,4.19,79886.4,12515.9,13079.8,0.0772,Caffeine,HPLC-UV/Vis
SMP-00200,5.6,25576.0,5637.9,5813.3,0.0258,Aspirin,HPLC-UV/Vis
SMP-00200,7.18,70597.8,11722.4,11978.5,0.0705,Benzoic Acid,HPLC-UV/Vis
SMP-00200,8.94,29727.7,5770.5,5938.8,0.0301,Phenacetin,HPLC-UV/Vis
SMP-00200,10.4,17091.9,4246.8,4468.7,0.0174,Salicylic Acid,HPLC-UV/Vis
SMP-00200,12.09,47008.1,8695.1,9091.7,0.0487,Chlorpheniramine,HPLC-UV/Vis
SMP-00201,1.31,13222.2,3420.4,3428.3,0.0134,Uracil,HPLC-UV/Vis
SMP-00201,2.81,46049.9,9074.9,9329.5,0.0469,Acetaminophen,HPLC-UV/Vis
SMP-00201,4.16,99927.1,17057.3,17818.7,0.1029,Caffeine,HPLC-UV/Vis
SMP-00201,5.6,24323.0,5369.8,5446.9,0.0241,Aspirin,HPLC-UV/Vis
SMP-00201,7.22,67476.9,11092.5,11299.6,0.0682,Benzoic Acid,HPLC-UV/Vis
SMP-00201,8.92,27182.8,5759.6,5774.0,0.0275,Phenacetin,HPLC-UV/Vis
SMP-00201,10.45,16751.8,4161.4,4473.7,0.016,Salicylic Acid,HPLC-UV/Vis
SMP-00201,12.13,52372.8,9834.6,10121.9,0.0525,Chlorpheniramine,HPLC-UV/Vis
SMP-00202,1.23,11769.3,3051.1,3095.3,0.0121,Uracil,HPLC-UV/Vis
SMP-00202,2.83,40629.7,7441.8,7664.5,0.0433,Acetaminophen,HPLC-UV/Vis
SMP-00202,4.13,92987.5,15432.3,15472.9,0.0954,Caffeine,HPLC-UV/Vis
SMP-00202,5.6,23154.9,5287.6,5366.3,0.0224,Aspirin,HPLC-UV/Vis
SMP-00202,7.14,65370.7,11262.4,11730.7,0.0668,Benzoic Acid,HPLC-UV/Vis
SMP-00202,9.02,29365.1,6100.4,6230.0,0.03,Phenacetin,HPLC-UV/Vis
SMP-00202,10.45,14772.6,3758.9,3916.3,0.0148,Salicylic Acid,HPLC-UV/Vis
SMP-00202,12.11,56130.2,10088.6,10249.7,0.0558,Chlorpheniramine,HPLC-UV/Vis
SMP-00203,1.28,10912.7,2783.9,2903.5,0.0112,Uracil,HPLC-UV/Vis
SMP-00203,2.8,47905.8,9323.5,9853.8,0.0472,Acetaminophen,HPLC-UV/Vis
SMP-00203,4.17,84409.9,12956.4,13304.1,0.0866,Caffeine,HPLC-UV/Vis
SMP-00203,5.67,88890.9,17950.9,19518.0,0.089,Aspirin,HPLC-UV/Vis
SMP-00203,7.19,64067.4,10972.6,11699.9,0.0656,Benzoic Acid,HPLC-UV/Vis
SMP-00203,8.96,25330.4,5369.5,5355.0,0.0248,Phenacetin,HPLC-UV/Vis
SMP-00203,10.41,15193.6,3874.2,4046.5,0.0154,Salicylic Acid,HPLC-UV/Vis
SMP-00203,12.15,49848.2,9524.4,10195.4,0.0504,Chlorpheniramine,HPLC-UV/Vis
SMP-00204,1.16,12207.7,3243.5,3400.8,0.012,Uracil,HPLC-UV/Vis
SMP-00204,2.72,47691.7,8765.1,9226.2,0.0488,Acetaminophen,HPLC-UV/Vis
SMP-00204,4.17,87264.3,14290.6,14391.5,0.0884,Caffeine,HPLC-UV/Vis
SMP-00204,5.55,22818.3,5005.8,5183.2,0.0225,Aspirin,HPLC-UV/Vis
SMP-00204,7.2,68969.7,11527.9,12105.0,0.0697,Benzoic Acid,HPLC-UV/Vis
SMP-00204,8.97,25507.5,4889.6,5028.8,0.0254,Phenacetin,HPLC-UV/Vis
SMP-00204,10.4,16508.5,3879.3,3994.9,0.0161,Salicylic Acid,HPLC-UV/Vis
SMP-00204,12.04,196310.7,33547.8,34661.1,0.1997,Chlorpheniramine,HPLC-UV/Vis
SMP-00205,1.2,10340.4,2669.1,2779.0,0.0105,Uracil,HPLC-UV/Vis
SMP-00205,2.8,44548.1,8370.5,8548.0,0.0433,Acetaminophen,HPLC-UV/Vis
SMP-00205,4.15,88150.0,15662.6,15710.9,0.0879,Caffeine,HPLC-UV/Vis
SMP-00205,5.59,22298.2,5052.5,5158.7,0.0222,Aspirin,HPLC-UV/Vis
SMP-00205,7.16,63004.9,10342.1,10667.6,0.0638,Benzoic Acid,HPLC-UV/Vis
SMP-00205,8.94,25831.4,5402.7,5489.6,0.0263,Phenacetin,HPLC-UV/Vis
SMP-00205,10.39,14004.3,3409.4,3535.5,0.0139,Salicylic Acid,HPLC-UV/Vis
SMP-00205,12.12,56897.8,10186.4,10155.1,0.0574,Chlorpheniramine,HPLC-UV/Vis
SMP-00206,1.26,12638.7,3067.1,3164.1,0.0128,Uracil,HPLC-UV/Vis
SMP-00206,2.8,36744.6,7481.6,7767.6,0.0356,Acetaminophen,HPLC-UV/Vis
SMP-00206,4.16,95264.5,15273.6,15984.0,0.0921,Caffeine,HPLC-UV/Vis
SMP-00206,5.54,21027.0,4873.3,5220.1,0.0211,Aspirin,HPLC-UV/Vis
SMP-00206,7.19,70590.4,11205.8,11413.6,0.0725,Benzoic Acid,HPLC-UV/Vis
SMP-00206,8.93,31241.6,6463.3,6576.4,0.0313,Phenacetin,HPLC-UV/Vis
SMP-00206,10.46,15403.7,3747.5,3974.4,0.0152,Salicylic Acid,HPLC-UV/Vis
SMP-00206,12.11,252142.2,48230.4,42429.8,0.2455,Chlorpheniramine,HPLC-UV/Vis
SMP-00207,1.24,11968.1,3009.1,3114.3,0.0121,Uracil,HPLC-UV/Vis
SMP-00207,2.77,38261.6,7505.5,7654.7,0.0399,Acetaminophen,HPLC-UV/Vis
SMP-00207,4.21,80814.9,13384.7,14019.4,0.0822,Caffeine,HPLC-UV/Vis
SMP-00207,5.64,23101.1,5120.1,5116.3,0.0234,Aspirin,HPLC-UV/Vis
SMP-00207,7.21,68984.8,11524.9,11860.2,0.07,Benzoic Acid,HPLC-UV/Vis
SMP-00207,8.91,32975.6,6609.3,6632.5,0.0323,Phenacetin,HPLC-UV/Vis
SMP-00207,10.4,12273.6,2946.0,3103.3,0.0121,Salicylic Acid,HPLC-UV/Vis
SMP-00207,12.13,58512.5,10880.6,10603.7,0.0604,Chlorpheniramine,HPLC-UV/Vis
SMP-00208,1.32,11476.5,2780.5,2864.3,0.0115,Uracil,HPLC-UV/Vis
SMP-00208,2.83,45400.4,8758.4,9112.7,0.0452,Acetaminophen,HPLC-UV/Vis
SMP-00208,4.18,100438.1,16798.4,17245.9,0.0966,Caffeine,HPLC-UV/Vis
SMP-00208,5.58,22800.3,4931.5,5077.4,0.0223,Aspirin,HPLC-UV/Vis
SMP-00208,7.24,60864.6,10114.8,10611.4,0.0621,Benzoic Acid,HPLC-UV/Vis
SMP-00208,8.96,33459.3,7127.6,7402.0,0.0323,Phenacetin,HPLC-UV/Vis
SMP-00208,10.42,14622.4,3746.6,3854.3,0.0146,Salicylic Acid,HPLC-UV/Vis
SMP-00208,12.09,55156.3,10237.7,10243.4,0.0548,Chlorpheniramine,HPLC-UV/Vis
SMP-00209,1.25,14277.4,3518.4,3505.0,0.0145,Uracil,HPLC-UV/Vis
SMP-00209,2.79,47634.0,9455.7,9585.5,0.047,Acetaminophen,HPLC-UV/Vis
SMP-00209,4.18,78800.4,12723.4,13043.0,0.0795,Caffeine,HPLC-UV/Vis
SMP-00209,5.58,25984.2,5654.6,5791.2,0.0252,Aspirin,HPLC-UV/Vis
SMP-00209,7.22,69561.0,11761.4,12243.8,0.0724,Benzoic Acid,HPLC-UV/Vis
SMP-00209,8.9,27922.6,5593.0,5651.8,0.028,Phenacetin,HPLC-UV/Vis
SMP-00209,10.45,16387.5,4236.0,4332.9,0.0159,Salicylic Acid,HPLC-UV/Vis
SMP-00209,12.04,50108.7,9213.6,9471.1,0.0499,Chlorpheniramine,HPLC-UV/Vis
SMP-00210,1.25,13700.1,3523.2,3570.4,0.0134,Uracil,HPLC-UV/Vis
SMP-00210,2.81,47373.9,8992.5,8864.6,0.0478,Acetaminophen,HPLC-UV/Vis
SMP-00210,4.17,82456.2,12974.1,13403.1,0.0867,Caffeine,HPLC-UV/Vis
SMP-00210,5.6,23928.9,5015.4,5053.3,0.0228,Aspirin,HPLC-UV/Vis
SMP-00210,7.25,70047.7,11686.2,11674.1,0.0698,Benzoic Acid,HPLC-UV/Vis
SMP-00210,8.95,29438.7,5701.5,6030.0,0.0294,Phenacetin,HPLC-UV/Vis
SMP-00210,10.37,13607.7,3299.7,3412.4,0.0135,Salicylic Acid,HPLC-UV/Vis
SMP-00210,12.1,59958.7,10736.7,11712.7,0.0593,Chlorpheniramine,HPLC-UV/Vis
SMP-00211,1.22,12187.9,2967.5,3074.0,0.0118,Uracil,HPLC-UV/Vis
SMP-00211,2.76,44053.9,8722.5,9386.1,0.0431,Acetaminophen,HPLC-UV/Vis
SMP-00211,4.13,81441.5,12927.9,13528.8,0.0806,Caffeine,HPLC-UV/Vis
SMP-00211,5.61,20766.9,4529.1,4592.3,0.0211,Aspirin,HPLC-UV/Vis
SMP-00211,7.16,63413.1,10767.7,11356.3,0.0653,Benzoic Acid,HPLC-UV/Vis
SMP-00211,8.95,33679.7,6689.3,6643.2,0.034,Phenacetin,HPLC-UV/Vis
SMP-00211,10.4,15787.3,3873.9,4062.8,0.016,Salicylic Acid,HPLC-UV/Vis
SMP-00211,12.09,54785.0,9730.9,9984.6,0.0576,Chlorpheniramine,HPLC-UV/Vis
SMP-00212,1.26,11572.1,3072.3,3211.2,0.0118,Uracil,HPLC-UV/Vis
SMP-00212,2.83,51624.5,10107.8,10387.9,0.0524,Acetaminophen,HPLC-UV/Vis
SMP-00212,4.13,88725.4,13665.4,14301.6,0.087,Caffeine,HPLC-UV/Vis
SMP-00212,5.59,23190.8,5067.8,5213.0,0.0232,Aspirin,HPLC-UV/Vis
SMP-00212,7.18,74689.2,11705.0,12008.0,0.0741,Benzoic Acid,HPLC-UV/Vis
SMP-00212,8.91,29641.0,6061.0,6372.5,0.0298,Phenacetin,HPLC-UV/Vis
SMP-00212,10.39,16983.0,4000.0,4113.7,0.017,Salicylic Acid,HPLC-UV/Vis
SMP-00212,12.18,51963.9,9528.3,9668.2,0.0525,Chlorpheniramine,HPLC-UV/Vis
SMP-00213,1.23,12382.4,3096.6,3118.7,0.0127,Uracil,HPLC-UV/Vis
SMP-00213,2.73,53885.6,10257.5,10514.6,0.0554,Acetaminophen,HPLC-UV/Vis
SMP-00213,4.15,78245.4,12008.2,12328.4,0.0789,Caffeine,HPLC-UV/Vis
SMP-00213,5.59,23146.8,4829.5,5018.9,0.0232,Aspirin,HPLC-UV/Vis
SMP-00213,7.2,61046.5,10127.9,10365.3,0.0616,Benzoic Acid,HPLC-UV/Vis
SMP-00213,8.91,26096.8,5404.0,5715.6,0.0261,Phenacetin,HPLC-UV/Vis
SMP-00213,10.43,16016.9,3808.7,3937.9,0.0164,Salicylic Acid,HPLC-UV/Vis
SMP-00213,12.12,51693.9,9287.8,9544.4,0.0516,Chlorpheniramine,HPLC-UV/Vis
SMP-00214,1.18,12488.5,3202.2,3210.5,0.0127,Uracil,HPLC-UV/Vis
SMP-00214,2.79,54267.7,10815.6,11264.3,0.0546,Acetaminophen,HPLC-UV/Vis
SMP-00214,4.21,96356.2,15337.3,15367.9,0.0974,Caffeine,HPLC-UV/Vis
SMP-00214,5.56,24090.0,5277.7,5492.1,0.0243,Aspirin,HPLC-UV/Vis
SMP-00214,7.22,64044.2,10497.6,10700.8,0.0656,Benzoic Acid,HPLC-UV/Vis
SMP-00214,8.99,36764.9,7400.2,7189.9,0.0374,Phenacetin,HPLC-UV/Vis
SMP-00214,10.37,14682.3,3529.2,3726.6,0.0147,Salicylic Acid,HPLC-UV/Vis
SMP-00214,12.11,52524.8,9382.8,9769.6,0.0534,Chlorpheniramine,HPLC-UV/Vis
SMP-00215,1.24,12668.6,3312.2,3386.2,0.0124,Uracil,HPLC-UV/Vis
SMP-00215,2.79,48833.1,9826.0,9854.2,0.0483,Acetaminophen,HPLC-UV/Vis
SMP-00215,4.17,84490.0,13547.5,13571.3,0.0854,Caffeine,HPLC-UV/Vis
SMP-00215,5.58,22500.5,5140.4,5191.3,0.0221,Aspirin,HPLC-UV/Vis
SMP-00215,7.2,71914.2,12086.0,12440.0,0.0714,Benzoic Acid,HPLC-UV/Vis
SMP-00215,8.98,34583.1,6866.8,7252.0,0.0344,Phenacetin,HPLC-UV/Vis
SMP-00215,10.39,16897.3,4177.7,4281.7,0.0172,Salicylic Acid,HPLC-UV/Vis
SMP-00215,12.08,50363.3,9227.3,9488.9,0.0489,Chlorpheniramine,HPLC-UV/Vis
SMP-00216,1.24,14432.8,3574.9,3669.2,0.0143,Uracil,HPLC-UV/Vis
SMP-00216,2.79,53909.4,10514.6,10663.5,0.0522,Acetaminophen,HPLC-UV/Vis
SMP-00216,4.13,83548.3,13483.9,13275.6,0.0834,Caffeine,HPLC-UV/Vis
SMP-00216,5.59,25474.1,5872.8,5826.5,0.0251,Aspirin,HPLC-UV/Vis
SMP-00216,7.2,59178.8,10399.8,10720.9,0.059,Benzoic Acid,HPLC-UV/Vis
SMP-00216,8.95,32449.4,6512.5,6529.4,0.0321,Phenacetin,HPLC-UV/Vis
SMP-00216,10.42,16029.0,3793.2,3976.1,0.0156,Salicylic Acid,HPLC-UV/Vis
SMP-00216,12.08,64794.4,12274.1,12531.6,0.0641,Chlorpheniramine,HPLC-UV/Vis
SMP-00217,1.25,12652.2,3327.7,3488.2,0.0127,Uracil,HPLC-UV/Vis
SMP-00217,2.78,48259.9,9243.0,9605.2,0.0486,Acetaminophen,HPLC-UV/Vis
SMP-00217,4.17,75192.7,11759.8,12049.1,0.0726,Caffeine,HPLC-UV/Vis
SMP-00217,5.59,26125.4,5790.1,6083.0,0.0263,Aspirin,HPLC-UV/Vis
SMP-00217,7.2,72316.4,12418.8,12758.5,0.0701,Benzoic Acid,HPLC-UV/Vis
SMP-00217,8.94,23906.1,5248.8,5468.9,0.0235,Phenacetin,HPLC-UV/Vis
SMP-00217,10.43,13863.3,3260.9,3308.8,0.0139,Salicylic Acid,HPLC-UV/Vis
SMP-00217,12.14,59864.7,10825.0,11370.7,0.0591,Chlorpheniramine,HPLC-UV/Vis
SMP-00218,1.23,11446.7,2881.4,2912.6,0.0114,Uracil,HPLC-UV/Vis
SMP-00218,2.85,37898.1,7020.9,7120.4,0.0386,Acetaminophen,HPLC-UV/Vis
SMP-00218,4.13,95594.1,15955.5,16428.2,0.0941,Caffeine,HPLC-UV/Vis
SMP-00218,5.59,22543.3,4899.0,5136.6,0.0227,Aspirin,HPLC-UV/Vis
SMP-00218,7.24,70493.6,11544.7,12131.3,0.0711,Benzoic Acid,HPLC-UV/Vis
SMP-00218,8.96,33377.2,6902.8,7096.2,0.0332,Phenacetin,HPLC-UV/Vis
SMP-00218,10.42,17401.6,4274.1,4362.8,0.0173,Salicylic Acid,HPLC-UV/Vis
SMP-00218,12.15,51267.7,9554.7,9894.1,0.0516,Chlorpheniramine,HPLC-UV/Vis
SMP-00219,1.23,11244.6,3056.1,3154.7,0.0116,Uracil,HPLC-UV/Vis
SMP-00219,2.79,47739.9,9289.4,9353.0,0.0476,Acetaminophen,HPLC-UV/Vis
SMP-00219,4.14,86303.2,13953.8,14961.6,0.083,Caffeine,HPLC-UV/Vis
SMP-00219,5.59,21620.1,4731.0,4936.1,0.022,Aspirin,HPLC-UV/Vis
SMP-00219,7.23,75952.0,12896.3,13142.3,0.0766,Benzoic Acid,HPLC-UV/Vis
SMP-00219,8.93,26303.7,5007.6,5164.8,0.0265,Phenacetin,HPLC-UV/Vis
SMP-00219,10.43,15838.2,4011.9,4162.0,0.0155,Salicylic Acid,HPLC-UV/Vis
SMP-00219,12.12,51232.7,8839.9,9122.8,0.0501,Chlorpheniramine,HPLC-UV/Vis
SMP-00220,1.24,14597.7,3548.1,3664.1,0.015,Uracil,HPLC-UV/Vis
SMP-00220,2.8,43954.3,8359.1,8650.8,0.0428,Acetaminophen,HPLC-UV/Vis
SMP-00220,4.17,87282.1,13753.2,14449.2,0.0886,Caffeine,HPLC-UV/Vis
SMP-00220,5.56,20901.1,4698.2,4865.1,0.0213,Aspirin,HPLC-UV/Vis
SMP-00220,7.17,73593.1,12044.0,12450.3,0.0715,Benzoic Acid,HPLC-UV/Vis
SMP-00220,8.98,28965.6,6098.4,5997.1,0.0286,Phenacetin,HPLC-UV/Vis
SMP-00220,10.45,13776.9,3432.4,3608.0,0.0136,Salicylic Acid,HPLC-UV/Vis
SMP-00220,12.1,46171.1,8214.8,8671.0,0.0467,Chlorpheniramine,HPLC-UV/Vis
SMP-00221,1.25,13173.8,3460.1,3525.4,0.0136,Uracil,HPLC-UV/Vis
SMP-00221,2.82,41939.4,7877.7,8062.6,0.042,Acetaminophen,HPLC-UV/Vis
SMP-00221,4.16,100685.1,16617.8,16891.7,0.0993,Caffeine,HPLC-UV/Vis
SMP-00221,5.6,24123.4,5418.3,5699.2,0.0236,Aspirin,HPLC-UV/Vis
SMP-00221,7.19,66735.3,11380.8,11943.7,0.0686,Benzoic Acid,HPLC-UV/Vis
SMP-00221,8.95,30411.4,5905.5,6240.9,0.0302,Phenacetin,HPLC-UV/Vis
SMP-00221,10.42,13657.9,3221.7,3418.0,0.0137,Salicylic Acid,HPLC-UV/Vis
SMP-00221,12.1,60088.4,11139.9,11147.4,0.0619,Chlorpheniramine,HPLC-UV/Vis
SMP-00222,1.25,10966.7,2919.9,3035.3,0.0106,Uracil,HPLC-UV/Vis
SMP-00222,2.89,45875.8,8717.0,8802.7,0.0475,Acetaminophen,HPLC-UV/Vis
SMP-00222,4.19,91414.6,15405.6,15606.4,0.0917,Caffeine,HPLC-UV/Vis
SMP-00222,5.64,23836.5,5167.2,5328.8,0.0231,Aspirin,HPLC-UV/Vis
SMP-00222,7.22,64874.3,10693.2,11191.7,0.0668,Benzoic Acid,HPLC-UV/Vis
SMP-00222,9.01,32768.8,6780.3,7016.3,0.032,Phenacetin,HPLC-UV/Vis
SMP-00222,10.33,14686.1,3580.0,3630.9,0.0145,Salicylic Acid,HPLC-UV/Vis
SMP-00222,12.13,50483.7,8990.4,9030.5,0.0512,Chlorpheniramine,HPLC-UV/Vis
SMP-00223,1.19,12576.0,3274.5,3435.8,0.0126,Uracil,HPLC-UV/Vis
SMP-00223,2.86,45830.4,9098.4,9273.2,0.0465,Acetaminophen,HPLC-UV/Vis
SMP-00223,4.14,78422.9,12485.0,13171.8,0.0773,Caffeine,HPLC-UV/Vis
SMP-00223,5.65,23036.3,5238.3,5451.1,0.0231,Aspirin,HPLC-UV/Vis
SMP-00223,7.26,63104.9,10164.7,10262.7,0.0644,Benzoic Acid,HPLC-UV/Vis
SMP-00223,8.93,24536.0,4903.8,5104.6,0.0245,Phenacetin,HPLC-UV/Vis
SMP-00223,10.38,17182.8,4224.7,4401.0,0.0172,Salicylic Acid,HPLC-UV/Vis
SMP-00223,12.11,49170.7,9000.7,9413.2,0.0504,Chlorpheniramine,HPLC-UV/Vis
SMP-00224,1.22,11440.4,2898.7,2996.6,0.0115,Uracil,HPLC-UV/Vis
SMP-00224,2.77,36188.9,6199.7,6369.3,0.0383,Acetaminophen,HPLC-UV/Vis
SMP-00224,4.12,90537.9,14080.5,14133.4,0.0884,Caffeine,HPLC-UV/Vis
SMP-00224,5.59,23683.7,5330.7,5454.7,0.0237,Aspirin,HPLC-UV/Vis
SMP-00224,7.16,57297.0,9740.0,9966.4,0.0548,Benzoic Acid,HPLC-UV/Vis
SMP-00224,8.91,36380.8,7352.1,7672.9,0.0371,Phenacetin,HPLC-UV/Vis
SMP-00224,10.4,16464.1,4023.7,4173.5,0.016,Salicylic Acid,HPLC-UV/Vis
SMP-00224,12.09,56095.0,10413.6,10865.3,0.0565,Chlorpheniramine,HPLC-UV/Vis
SMP-00225,1.27,14312.5,3675.4,3797.7,0.0146,Uracil,HPLC-UV/Vis
SMP-00225,2.76,48059.2,9284.4,9338.7,0.0485,Acetaminophen,HPLC-UV/Vis
SMP-00225,4.1,98320.0,14879.0,15206.2,0.1016,Caffeine,HPLC-UV/Vis
SMP-00225,5.6,24862.2,5226.7,5391.1,0.0249,Aspirin,HPLC-UV/Vis
SMP-00225,7.16,64828.5,10461.5,10558.9,0.0663,Benzoic Acid,HPLC-UV/Vis
SMP-00225,8.93,29584.7,5960.9,6083.2,0.0288,Phenacetin,HPLC-UV/Vis
SMP-00225,10.39,14418.5,3529.9,3652.7,0.0142,Salicylic Acid,HPLC-UV/Vis
SMP-00225,12.16,65693.8,11568.8,11704.3,0.0645,Chlorpheniramine,HPLC-UV/Vis
SMP-00226,1.24,12748.9,3468.5,3571.8,0.013,Uracil,HPLC-UV/Vis
SMP-00226,2.78,50651.2,9616.2,10162.4,0.0501,Acetaminophen,HPLC-UV/Vis
SMP-00226,4.12,80956.3,12974.4,12732.7,0.0805,Caffeine,HPLC-UV/Vis
SMP-00226,5.62,24924.9,5567.9,5656.2,0.0247,Aspirin,HPLC-UV/Vis
SMP-00226,7.24,61857.8,10037.9,10112.5,0.0599,Benzoic Acid,HPLC-UV/Vis
SMP-00226,8.96,35202.7,7421.5,7999.9,0.0352,Phenacetin,HPLC-UV/Vis
SMP-00226,10.36,16687.4,4078.4,4253.9,0.0163,Salicylic Acid,HPLC-UV/Vis
SMP-00226,12.11,54954.5,9736.0,10259.6,0.0572,Chlorpheniramine,HPLC-UV/Vis
SMP-00227,1.27,8867.4,2343.3,2326.0,0.0088,Uracil,HPLC-UV/Vis
SMP-00227,2.79,49641.9,9151.0,9359.8,0.0492,Acetaminophen,HPLC-UV/Vis
SMP-00227,4.16,78699.9,12588.2,13357.6,0.08,Caffeine,HPLC-UV/Vis
SMP-00227,5.59,22556.9,4898.1,4877.5,0.0222,Aspirin,HPLC-UV/Vis
SMP-00227,7.19,66704.2,11132.4,11960.2,0.0667,Benzoic Acid,HPLC-UV/Vis
SMP-00227,8.93,30391.1,6236.9,6327.4,0.0303,Phenacetin,HPLC-UV/Vis
SMP-00227,10.38,54602.9,13832.6,14267.9,0.0558,Salicylic Acid,HPLC-UV/Vis
SMP-00227,12.11,63660.8,11678.1,12291.5,0.0623,Chlorpheniramine,HPLC-UV/Vis
SMP-00228,1.29,11345.2,3008.7,3143.1,0.0115,Uracil,HPLC-UV/Vis
SMP-00228,2.77,53931.5,10649.3,11041.3,0.0536,Acetaminophen,HPLC-UV/Vis
SMP-00228,4.15,92767.7,15399.5,15620.5,0.0902,Caffeine,HPLC-UV/Vis
SMP-00228,5.55,22352.3,4857.3,5050.8,0.0233,Aspirin,HPLC-UV/Vis
SMP-00228,7.27,65829.2,11056.6,11075.4,0.0672,Benzoic Acid,HPLC-UV/Vis
SMP-00228,8.95,25155.7,5174.6,5417.4,0.025,Phenacetin,HPLC-UV/Vis
SMP-00228,10.43,14600.5,3738.4,3854.0,0.0146,Salicylic Acid,HPLC-UV/Vis
SMP-00228,12.1,39945.3,7168.4,7187.9,0.0417,Chlorpheniramine,HPLC-UV/Vis
SMP-00229,1.28,12153.6,3027.0,3078.0,0.0127,Uracil,HPLC-UV/Vis
SMP-00229,2.73,50518.4,10217.9,10863.6,0.0515,Acetaminophen,HPLC-UV/Vis
SMP-00229,4.15,70680.1,11501.7,11989.7,0.0704,Caffeine,HPLC-UV/Vis
SMP-00229,5.57,20786.0,4870.6,5199.3,0.0208,Aspirin,HPLC-UV/Vis
SMP-00229,7.17,71731.1,12511.8,12504.5,0.0724,Benzoic Acid,HPLC-UV/Vis
SMP-00229,8.97,36326.1,7842.9,8041.6,0.0367,Phenacetin,HPLC-UV/Vis
SMP-00229,10.38,16023.2,3979.7,4116.3,0.0157,Salicylic Acid,HPLC-UV/Vis
SMP-00229,12.09,49634.8,9067.1,9415.0,0.0507,Chlorpheniramine,HPLC-UV/Vis
SMP-00230,1.23,14386.0,3681.8,3794.5,0.0144,Uracil,HPLC-UV/Vis
SMP-00230,2.84,50898.7,9898.3,10022.5,0.0527,Acetaminophen,HPLC-UV/Vis
SMP-00230,4.14,101901.4,16331.8,17282.5,0.1045,Caffeine,HPLC-UV/Vis
SMP-00230,5.62,24906.9,5899.3,5988.7,0.0256,Aspirin,HPLC-UV/Vis
SMP-00230,7.16,66591.4,11067.2,11164.9,0.067,Benzoic Acid,HPLC-UV/Vis
SMP-00230,8.96,29509.8,6025.2,6205.4,0.0296,Phenacetin,HPLC-UV/Vis
SMP-00230,10.41,13412.4,3203.0,3309.8,0.0138,Salicylic Acid,HPLC-UV/Vis
SMP-00230,12.15,54908.8,10153.0,10162.3,0.0554,Chlorpheniramine,HPLC-UV/Vis
SMP-00231,1.25,16222.8,4198.8,4252.2,0.0164,Uracil,HPLC-UV/Vis
SMP-00231,2.77,55432.6,11057.1,11465.3,0.0551,Acetaminophen,HPLC-UV/Vis
SMP-00231,4.2,91935.5,13603.7,14670.5,0.0923,Caffeine,HPLC-UV/Vis
SMP-00231,5.63,24175.1,5452.0,5569.3,0.0236,Aspirin,HPLC-UV/Vis
SMP-00231,7.24,63033.9,10230.6,10787.3,0.0624,Benzoic Acid,HPLC-UV/Vis
SMP-00231,8.94,30997.7,6056.7,6173.1,0.0311,Phenacetin,HPLC-UV/Vis
SMP-00231,10.43,18470.3,4671.6,4897.2,0.0184,Salicylic Acid,HPLC-UV/Vis
SMP-00231,12.1,57374.8,10616.2,11066.9,0.0572,Chlorpheniramine,HPLC-UV/Vis
SMP-00232,1.29,13546.3,3478.7,3525.0,0.0134,Uracil,HPLC-UV/Vis
SMP-00232,2.81,48180.9,8985.3,9164.3,0.0484,Acetaminophen,HPLC-UV/Vis
SMP-00232,4.16,86458.5,13739.7,14166.5,0.0872,Caffeine,HPLC-UV/Vis
SMP-00232,5.59,24180.3,5222.2,5205.7,0.0235,Aspirin,HPLC-UV/Vis
SMP-00232,7.16,65056.5,11370.8,11398.4,0.0647,Benzoic Acid,HPLC-UV/Vis
SMP-00232,8.96,30053.1,6135.0,6371.7,0.0311,Phenacetin,HPLC-UV/Vis
SMP-00232,10.38,13449.7,3288.0,3294.2,0.0133,Salicylic Acid,HPLC-UV/Vis
SMP-00232,12.13,51445.3,9419.0,9399.4,0.0516,Chlorpheniramine,HPLC-UV/Vis
SMP-00233,1.24,15203.6,3997.2,4106.8,0.0161,Uracil,HPLC-UV/Vis
SMP-00233,2.83,38780.5,7471.1,7493.9,0.039,Acetaminophen,HPLC-UV/Vis
SMP-00233,4.14,98942.0,15837.0,16415.7,0.1004,Caffeine,HPLC-UV/Vis
SMP-00233,5.58,23224.4,5224.2,5529.4,0.0231,Aspirin,HPLC-UV/Vis
SMP-00233,7.17,69624.2,11470.6,11751.8,0.0695,Benzoic Acid,HPLC-UV/Vis
SMP-00233,8.93,28791.2,5989.2,5806.4,0.0284,Phenacetin,HPLC-UV/Vis
SMP-00233,10.39,17477.9,4207.2,4286.2,0.0175,Salicylic Acid,HPLC-UV/Vis
SMP-00233,12.09,54727.2,9771.7,9981.0,0.0536,Chlorpheniramine,HPLC-UV/Vis
SMP-00234,1.25,12832.2,3161.1,3304.0,0.0131,Uracil,HPLC-UV/Vis
SMP-00234,2.81,48718.0,10050.9,10291.8,0.0478,Acetaminophen,HPLC-UV/Vis
SMP-00234,4.2,104978.5,16662.8,16920.3,0.1044,Caffeine,HPLC-UV/Vis
SMP-00234,5.56,18557.1,4428.9,4589.5,0.0188,Aspirin,HPLC-UV/Vis
SMP-00234,7.21,57194.3,9222.2,9518.3,0.0541,Benzoic Acid,HPLC-UV/Vis
SMP-00234,8.94,30256.0,6100.9,6162.5,0.0291,Phenacetin,HPLC-UV/Vis
SMP-00234,10.39,13455.2,3284.7,3363.9,0.0133,Salicylic Acid,HPLC-UV/Vis
SMP-00234,12.12,47517.7,8610.7,8729.9,0.0471,Chlorpheniramine,HPLC-UV/Vis
SMP-00235,1.27,13857.5,3593.4,3729.7,0.0135,Uracil,HPLC-UV/Vis
SMP-00235,2.79,51404.6,9854.3,10202.2,0.0516,Acetaminophen,HPLC-UV/Vis
SMP-00235,4.15,96584.7,14958.9,14924.8,0.0925,Caffeine,HPLC-UV/Vis
SMP-00235,5.59,24656.2,5581.1,5672.9,0.0244,Aspirin,HPLC-UV/Vis
SMP-00235,7.24,78816.5,13364.8,13854.2,0.0806,Benzoic Acid,HPLC-UV/Vis
SMP-00235,8.94,30797.8,6130.0,6292.4,0.0301,Phenacetin,HPLC-UV/Vis
SMP-00235,10.42,17830.9,4157.7,4440.6,0.0173,Salicylic Acid,HPLC-UV/Vis
SMP-00235,12.08,61288.9,11148.6,11428.7,0.0604,Chlorpheniramine,HPLC-UV/Vis
SMP-00236,1.28,13444.8,3585.5,3721.5,0.0128,Uracil,HPLC-UV/Vis
SMP-00236,2.81,44106.9,8422.1,8489.0,0.045,Acetaminophen,HPLC-UV/Vis
SMP-00236,4.17,83549.0,13658.2,13702.5,0.0833,Caffeine,HPLC-UV/Vis
SMP-00236,5.55,22355.5,5299.3,5267.5,0.0218,Aspirin,HPLC-UV/Vis
SMP-00236,7.25,68762.7,11663.2,11934.3,0.0681,Benzoic Acid,HPLC-UV/Vis
SMP-00236,8.93,33460.1,6555.6,6869.0,0.0335,Phenacetin,HPLC-UV/Vis
SMP-00236,10.35,14072.2,3564.5,3656.6,0.0142,Salicylic Acid,HPLC-UV/Vis
SMP-00236,12.1,46763.7,8485.2,8802.6,0.0471,Chlorpheniramine,HPLC-UV/Vis
SMP-00237,1.24,13119.3,3351.7,3433.0,0.0136,Uracil,HPLC-UV/Vis
SMP-00237,2.83,40511.7,8047.5,8402.9,0.04,Acetaminophen,HPLC-UV/Vis
SMP-00237,4.09,83713.9,13837.2,13954.1,0.0839,Caffeine,HPLC-UV/Vis
SMP-00237,5.59,20450.3,4503.3,4593.3,0.0199,Aspirin,HPLC-UV/Vis
SMP-00237,7.17,58544.2,10092.9,10323.0,0.0556,Benzoic Acid,HPLC-UV/Vis
SMP-00237,8.98,28824.9,6200.8,6280.6,0.0291,Phenacetin,HPLC-UV/Vis
SMP-00237,10.41,13456.4,3170.4,3339.7,0.0132,Salicylic Acid,HPLC-UV/Vis
SMP-00237,12.09,54967.5,9531.7,9701.7,0.054,Chlorpheniramine,HPLC-UV/Vis
SMP-00238,1.25,13026.5,3301.1,3338.7,0.0131,Uracil,HPLC-UV/Vis
SMP-00238,2.83,45275.7,8711.4,9053.3,0.0452,Acetaminophen,HPLC-UV/Vis
SMP-00238,4.12,98635.6,16070.4,16012.0,0.0993,Caffeine,HPLC-UV/Vis
SMP-00238,5.57,20455.3,4669.4,4625.9,0.0201,Aspirin,HPLC-UV/Vis
SMP-00238,7.25,71133.1,11536.9,12235.9,0.0693,Benzoic Acid,HPLC-UV/Vis
SMP-00238,8.96,28451.3,5970.5,6088.2,0.0289,Phenacetin,HPLC-UV/Vis
SMP-00238,10.41,14957.8,3774.7,3884.6,0.0153,Salicylic Acid,HPLC-UV/Vis
SMP-00238,12.1,58470.1,10806.0,11232.2,0.056,Chlorpheniramine,HPLC-UV/Vis
SMP-00239,1.29,10886.8,2882.9,3010.1,0.0107,Uracil,HPLC-UV/Vis
SMP-00239,2.78,55317.6,10519.4,10667.9,0.0544,Acetaminophen,HPLC-UV/Vis
SMP-00239,4.14,83617.7,14207.5,14798.4,0.082,Caffeine,HPLC-UV/Vis
SMP-00239,5.63,23138.8,4871.8,4844.3,0.0226,Aspirin,HPLC-UV/Vis
SMP-00239,7.14,59989.4,9660.4,9860.9,0.0623,Benzoic Acid,HPLC-UV/Vis
SMP-00239,8.94,32789.3,6680.9,6934.8,0.033,Phenacetin,HPLC-UV/Vis
SMP-00239,10.48,17022.1,4023.1,4173.6,0.0168,Salicylic Acid,HPLC-UV/Vis
SMP-00239,12.06,48196.6,8816.0,9256.4,0.0487,Chlorpheniramine,HPLC-UV/Vis
SMP-00240,1.26,12665.3,3206.9,3355.3,0.013,Uracil,HPLC-UV/Vis
SMP-00240,2.8,53088.9,10311.4,10636.3,0.0535,Acetaminophen,HPLC-UV/Vis
SMP-00240,4.13,92572.3,15031.4,16036.2,0.094,Caffeine,HPLC-UV/Vis
SMP-00240,5.62,142867.0,32404.1,29936.8,0.1434,Aspirin,HPLC-UV/Vis
SMP-00240,7.22,70217.2,12100.8,12461.4,0.0697,Benzoic Acid,HPLC-UV/Vis
SMP-00240,8.93,34585.6,7302.9,7705.6,0.0348,Phenacetin,HPLC-UV/Vis
SMP-00240,10.4,16193.6,3880.8,4100.7,0.0164,Salicylic Acid,HPLC-UV/Vis
SMP-00240,12.16,54728.8,9574.4,9702.6,0.0563,Chlorpheniramine,HPLC-UV/Vis
SMP-00241,1.28,14093.1,3739.1,3892.9,0.0142,Uracil,HPLC-UV/Vis
SMP-00241,2.82,42403.7,8435.8,8935.0,0.0422,Acetaminophen,HPLC-UV/Vis
SMP-00241,4.16,83405.8,12985.4,13673.0,0.0826,Caffeine,HPLC-UV/Vis
SMP-00241,5.58,26049.3,5882.0,6030.2,0.0255,Aspirin,HPLC-UV/Vis
SMP-00241,7.22,68671.5,11448.7,11840.7,0.0697,Benzoic Acid,HPLC-UV/Vis
SMP-00241,8.96,28121.2,6259.2,6411.4,0.0282,Phenacetin,HPLC-UV/Vis
SMP-00241,10.39,15612.9,3802.7,3847.2,0.0157,Salicylic Acid,HPLC-UV/Vis
SMP-00241,12.15,58498.9,10765.7,10714.7,0.0576,Chlorpheniramine,HPLC-UV/Vis
SMP-00242,1.37,13938.0,3682.0,3831.1,0.0138,Uracil,HPLC-UV/Vis
SMP-00242,2.77,40255.7,7482.9,7853.4,0.0402,Acetaminophen,HPLC-UV/Vis
SMP-00242,4.15,79159.3,12576.1,12797.3,0.0767,Caffeine,HPLC-UV/Vis
SMP-00242,5.57,24434.4,5496.1,5518.7,0.0243,Aspirin,HPLC-UV/Vis
SMP-00242,7.17,70275.6,11714.1,12321.6,0.0707,Benzoic Acid,HPLC-UV/Vis
SMP-00242,8.96,29854.7,6137.3,6331.4,0.0298,Phenacetin,HPLC-UV/Vis
SMP-00242,10.44,17264.4,4086.4,4184.4,0.0172,Salicylic Acid,HPLC-UV/Vis
SMP-00242,12.04,50566.2,9038.6,9049.2,0.0508,Chlorpheniramine,HPLC-UV/Vis
SMP-00243,1.28,12292.8,2982.9,3115.1,0.0124,Uracil,HPLC-UV/Vis
SMP-00243,2.86,42022.5,7398.7,7464.8,0.0425,Acetaminophen,HPLC-UV/Vis
SMP-00243,4.11,76536.8,12287.3,12349.7,0.0775,Caffeine,HPLC-UV/Vis
SMP-00243,5.58,21348.4,4753.8,4900.5,0.0214,Aspirin,HPLC-UV/Vis
SMP-00243,7.2,60436.8,9798.2,10014.8,0.0632,Benzoic Acid,HPLC-UV/Vis
SMP-00243,8.94,31507.0,6405.2,6734.9,0.0313,Phenacetin,HPLC-UV/Vis
SMP-00243,10.42,18425.5,4648.8,4775.5,0.0184,Salicylic Acid,HPLC-UV/Vis
SMP-00243,12.1,49608.2,9245.5,9561.1,0.0496,Chlorpheniramine,HPLC-UV/Vis
SMP-00244,1.25,10093.4,2538.4,2586.0,0.0102,Uracil,HPLC-UV/Vis
SMP-00244,2.82,52433.9,10361.8,10905.8,0.0541,Acetaminophen,HPLC-UV/Vis
SMP-00244,4.13,95166.6,15468.4,16000.6,0.0947,Caffeine,HPLC-UV/Vis
SMP-00244,5.65,20559.3,4644.4,4832.4,0.0198,Aspirin,HPLC-UV/Vis
SMP-00244,7.18,71205.4,11709.8,12041.1,0.0692,Benzoic Acid,HPLC-UV/Vis
SMP-00244,8.95,32757.3,6616.1,6728.2,0.034,Phenacetin,HPLC-UV/Vis
SMP-00244,10.41,13710.7,3293.6,3350.4,0.0134,Salicylic Acid,HPLC-UV/Vis
SMP-00244,12.02,52490.9,9464.9,9491.5,0.0541,Chlorpheniramine,HPLC-UV/Vis
SMP-00245,1.24,11713.2,3002.8,3171.4,0.0124,Uracil,HPLC-UV/Vis
SMP-00245,2.83,53661.5,10494.5,11139.0,0.0544,Acetaminophen,HPLC-UV/Vis
SMP-00245,4.16,72953.6,11986.2,11975.7,0.0701,Caffeine,HPLC-UV/Vis
SMP-00245,5.57,23083.6,5117.9,5290.1,0.0227,Aspirin,HPLC-UV/Vis
SMP-00245,7.2,70373.0,11292.8,11591.3,0.0719,Benzoic Acid,HPLC-UV/Vis
SMP-00245,8.93,29498.2,5861.5,5960.4,0.0286,Phenacetin,HPLC-UV/Vis
SMP-00245,10.42,14376.0,3491.5,3580.9,0.0147,Salicylic Acid,HPLC-UV/Vis
SMP-00245,12.08,49615.4,8637.0,8987.5,0.0495,Chlorpheniramine,HPLC-UV/Vis
SMP-00246,1.29,14109.0,3468.3,3617.3,0.0142,Uracil,HPLC-UV/Vis
SMP-00246,2.81,37893.3,7754.4,8066.9,0.0371,Acetaminophen,HPLC-UV/Vis
SMP-00246,4.1,86400.3,13835.0,13883.4,0.0878,Caffeine,HPLC-UV/Vis
SMP-00246,5.6,22394.0,5011.0,5159.3,0.0219,Aspirin,HPLC-UV/Vis
SMP-00246,7.19,69072.9,11481.9,11874.7,0.067,Benzoic Acid,HPLC-UV/Vis
SMP-00246,8.95,39165.0,7959.9,8250.2,0.0409,Phenacetin,HPLC-UV/Vis
SMP-00246,10.4,14061.0,3599.4,3623.9,0.0142,Salicylic Acid,HPLC-UV/Vis
SMP-00246,12.09,46483.1,8800.0,9015.1,0.0452,Chlorpheniramine,HPLC-UV/Vis
SMP-00247,1.23,12867.1,3388.0,3521.7,0.0124,Uracil,HPLC-UV/Vis
SMP-00247,2.8,44293.2,8578.4,8559.5,0.0445,Acetaminophen,HPLC-UV/Vis
SMP-00247,4.14,90594.7,15194.0,15400.8,0.0932,Caffeine,HPLC-UV/Vis
SMP-00247,5.59,20538.8,4313.9,4466.8,0.0202,Aspirin,HPLC-UV/Vis
SMP-00247,7.18,61329.6,10270.5,10437.7,0.0613,Benzoic Acid,HPLC-UV/Vis
SMP-00247,8.95,31577.8,6517.3,6492.1,0.0318,Phenacetin,HPLC-UV/Vis
SMP-00247,10.43,16545.8,4007.4,4210.4,0.0165,Salicylic Acid,HPLC-UV/Vis
SMP-00247,12.09,56703.7,10142.5,10780.9,0.0589,Chlorpheniramine,HPLC-UV/Vis
SMP-00248,1.3,10534.1,2571.1,2631.7,0.0106,Uracil,HPLC-UV/Vis
SMP-00248,2.75,51074.5,10500.6,11084.6,0.0521,Acetaminophen,HPLC-UV/Vis
SMP-00248,4.12,89847.8,15521.3,15877.7,0.089,Caffeine,HPLC-UV/Vis
SMP-00248,5.64,21141.3,4627.8,4720.2,0.0212,Aspirin,HPLC-UV/Vis
SMP-00248,7.18,313926.7,44164.3,47010.7,0.3157,Benzoic Acid,HPLC-UV/Vis
SMP-00248,8.94,30400.8,5930.7,6100.0,0.0291,Phenacetin,HPLC-UV/Vis
SMP-00248,10.41,15752.0,3790.2,3897.4,0.0155,Salicylic Acid,HPLC-UV/Vis
SMP-00248,12.1,49321.5,8997.0,9314.0,0.0491,Chlorpheniramine,HPLC-UV/Vis
SMP-00249,1.25,12102.8,3070.2,3102.7,0.0123,Uracil,HPLC-UV/Vis
SMP-00249,2.78,43335.0,8158.4,8117.4,0.0429,Acetaminophen,HPLC-UV/Vis
SMP-00249,4.16,360924.4,56999.4,66139.9,0.3727,Caffeine,HPLC-UV/Vis
SMP-00249,5.65,23105.8,5002.4,5211.3,0.0227,Aspirin,HPLC-UV/Vis
SMP-00249,7.21,66123.5,11178.8,11181.5,0.0663,Benzoic Acid,HPLC-UV/Vis
SMP-00249,9.04,31686.6,6385.7,6401.3,0.0325,Phenacetin,HPLC-UV/Vis
SMP-00249,10.38,16125.4,4002.1,4172.9,0.0161,Salicylic Acid,HPLC-UV/Vis
SMP-00249,12.11,56024.2,10255.2,10787.3,0.0561,Chlorpheniramine,HPLC-UV/Vis
SMP-00250,1.25,13389.0,3269.8,3251.4,0.0137,Uracil,HPLC-UV/Vis
SMP-00250,2.76,46260.3,8883.1,9103.3,0.0465,Acetaminophen,HPLC-UV/Vis
SMP-00250,4.12,86513.6,14000.1,14104.9,0.0879,Caffeine,HPLC-UV/Vis
SMP-00250,5.59,23752.9,5224.7,5469.0,0.0233,Aspirin,HPLC-UV/Vis
SMP-00250,7.19,67806.1,10851.3,10875.7,0.0681,Benzoic Acid,HPLC-UV/Vis
SMP-00250,8.91,34212.3,6897.1,7262.6,0.0342,Phenacetin,HPLC-UV/Vis
SMP-00250,10.39,11458.5,2661.6,2734.7,0.0116,Salicylic Acid,HPLC-UV/Vis
SMP-00250,12.1,48118.1,8769.7,9029.4,0.0489,Chlorpheniramine,HPLC-UV/Vis
SMP-00251,1.26,13521.7,3441.8,3739.4,0.0133,Uracil,HPLC-UV/Vis
SMP-00251,2.83,49247.7,9700.5,10122.5,0.0473,Acetaminophen,HPLC-UV/Vis
SMP-00251,4.14,100314.3,15422.2,15964.0,0.0993,Caffeine,HPLC-UV/Vis
SMP-00251,5.61,23945.6,5125.0,5272.9,0.0239,Aspirin,HPLC-UV/Vis
SMP-00251,7.23,68414.3,10940.5,11292.3,0.0719,Benzoic Acid,HPLC-UV/Vis
SMP-00251,8.86,31398.0,6620.0,6794.5,0.0311,Phenacetin,HPLC-UV/Vis
SMP-00251,10.42,13809.0,3499.3,3600.3,0.0135,Salicylic Acid,HPLC-UV/Vis
SMP-00251,12.05,51191.6,9088.4,9750.7,0.0504,Chlorpheniramine,HPLC-UV/Vis
SMP-00252,1.23,13017.7,3421.2,3679.6,0.0134,Uracil,HPLC-UV/Vis
SMP-00252,2.77,53238.3,10247.4,10420.0,0.0529,Acetaminophen,HPLC-UV/Vis
SMP-00252,4.14,87121.5,14480.0,14802.0,0.0849,Caffeine,HPLC-UV/Vis
SMP-00252,5.61,23267.8,5052.5,5156.9,0.0234,Aspirin,HPLC-UV/Vis
SMP-00252,7.18,67999.3,11622.4,11790.6,0.068,Benzoic Acid,HPLC-UV/Vis
SMP-00252,8.91,31726.1,6514.4,6782.2,0.031,Phenacetin,HPLC-UV/Vis
SMP-00252,10.44,18841.7,4735.6,4766.2,0.019,Salicylic Acid,HPLC-UV/Vis
SMP-00252,12.11,50015.4,8540.0,8737.3,0.0508,Chlorpheniramine,HPLC-UV/Vis
SMP-00253,1.26,12719.9,3308.2,3442.4,0.0127,Uracil,HPLC-UV/Vis
SMP-00253,2.85,46450.7,9038.2,9327.9,0.0463,Acetaminophen,HPLC-UV/Vis
SMP-00253,4.16,84689.8,13703.6,13898.1,0.0849,Caffeine,HPLC-UV/Vis
SMP-00253,5.59,18460.6,4166.3,4301.3,0.018,Aspirin,HPLC-UV/Vis
SMP-00253,7.16,74446.2,12352.5,12162.5,0.0747,Benzoic Acid,HPLC-UV/Vis
SMP-00253,8.93,28898.7,5903.9,6023.7,0.0277,Phenacetin,HPLC-UV/Vis
SMP-00253,10.39,14458.8,3393.4,3547.5,0.0141,Salicylic Acid,HPLC-UV/Vis
SMP-00253,12.08,51353.1,8961.2,9118.9,0.0514,Chlorpheniramine,HPLC-UV/Vis
SMP-00254,1.27,11472.4,2940.0,3080.4,0.0111,Uracil,HPLC-UV/Vis
SMP-00254,2.77,40978.9,8033.2,8186.6,0.0399,Acetaminophen,HPLC-UV/Vis
SMP-00254,4.18,71964.5,11056.9,11519.9,0.0715,Caffeine,HPLC-UV/Vis
SMP-00254,5.62,23791.8,5096.7,5299.7,0.0232,Aspirin,HPLC-UV/Vis
SMP-00254,7.21,61840.7,10547.3,11336.6,0.0615,Benzoic Acid,HPLC-UV/Vis
SMP-00254,8.94,31466.7,6165.7,6350.6,0.0315,Phenacetin,HPLC-UV/Vis
SMP-00254,10.35,15162.5,3840.3,3937.0,0.0151,Salicylic Acid,HPLC-UV/Vis
SMP-00254,12.07,44304.6,7826.2,7906.1,0.0444,Chlorpheniramine,HPLC-UV/Vis
SMP-00255,1.24,71324.9,16060.3,18859.3,0.07,Uracil,HPLC-UV/Vis
SMP-00255,2.8,36408.3,7038.0,7192.8,0.0356,Acetaminophen,HPLC-UV/Vis
SMP-00255,4.14,98053.6,16414.3,16602.1,0.0971,Caffeine,HPLC-UV/Vis
SMP-00255,5.62,23436.1,5188.7,5400.0,0.0232,Aspirin,HPLC-UV/Vis
SMP-00255,7.2,61631.2,10164.9,10720.3,0.0611,Benzoic Acid,HPLC-UV/Vis
SMP-00255,8.93,28811.5,6037.1,6112.7,0.0293,Phenacetin,HPLC-UV/Vis
SMP-00255,10.37,15489.2,3710.5,3847.7,0.0161,Salicylic Acid,HPLC-UV/Vis
SMP-00255,12.12,54333.4,9831.6,10094.1,0.0534,Chlorpheniramine,HPLC-UV/Vis
SMP-00256,1.24,11324.0,3007.9,3104.1,0.0113,Uracil,HPLC-UV/Vis
SMP-00256,2.74,51629.7,9798.2,10133.6,0.0511,Acetaminophen,HPLC-UV/Vis
SMP-00256,4.19,105758.4,17095.5,17723.1,0.1059,Caffeine,HPLC-UV/Vis
SMP-00256,5.54,23971.2,5181.4,5092.7,0.0238,Aspirin,HPLC-UV/Vis
SMP-00256,7.18,72729.9,12489.3,12860.8,0.0729,Benzoic Acid,HPLC-UV/Vis
SMP-00256,8.93,34030.3,6992.7,7253.8,0.0341,Phenacetin,HPLC-UV/Vis
SMP-00256,10.39,18105.3,4425.5,4708.2,0.0177,Salicylic Acid,HPLC-UV/Vis
SMP-00256,12.09,54956.9,10296.7,10683.6,0.0563,Chlorpheniramine,HPLC-UV/Vis
SMP-00257,1.23,12470.6,3201.5,3285.7,0.0123,Uracil,HPLC-UV/Vis
SMP-00257,2.79,52331.7,10173.1,10610.2,0.0528,Acetaminophen,HPLC-UV/Vis
SMP-00257,4.16,106401.7,17405.8,18241.7,0.1076,Caffeine,HPLC-UV/Vis
SMP-00257,5.61,24364.3,5496.2,5512.5,0.0245,Aspirin,HPLC-UV/Vis
SMP-00257,7.19,76134.9,12406.0,12432.1,0.0772,Benzoic Acid,HPLC-UV/Vis
SMP-00257,8.89,34034.2,7012.3,7289.0,0.0338,Phenacetin,HPLC-UV/Vis
SMP-00257,10.36,15176.1,3551.7,3680.1,0.015,Salicylic Acid,HPLC-UV/Vis
SMP-00257,12.1,56297.4,10326.5,10565.3,0.0565,Chlorpheniramine,HPLC-UV/Vis
SMP-00258,1.18,13255.5,3421.4,3562.6,0.013,Uracil,HPLC-UV/Vis
SMP-00258,2.77,49210.5,9187.9,9292.9,0.0497,Acetaminophen,HPLC-UV/Vis
SMP-00258,4.12,97288.8,16227.2,16948.4,0.0988,Caffeine,HPLC-UV/Vis
SMP-00258,5.59,21602.9,4795.4,4888.7,0.0214,Aspirin,HPLC-UV/Vis
SMP-00258,7.24,70084.4,12249.8,12444.5,0.0676,Benzoic Acid,HPLC-UV/Vis
SMP-00258,8.93,30346.5,5885.5,5956.2,0.0294,Phenacetin,HPLC-UV/Vis
SMP-00258,10.39,15741.0,3975.7,4148.8,0.0152,Salicylic Acid,HPLC-UV/Vis
SMP-00258,12.1,53670.7,9698.1,10028.7,0.0529,Chlorpheniramine,HPLC-UV/Vis
SMP-00259,1.29,11574.1,2876.0,2958.7,0.0113,Uracil,HPLC-UV/Vis
SMP-00259,2.79,52434.9,10179.4,10521.2,0.0505,Acetaminophen,HPLC-UV/Vis
SMP-00259,4.15,83269.7,13614.4,14069.1,0.0814,Caffeine,HPLC-UV/Vis
SMP-00259,5.64,22573.5,4851.3,4979.6,0.023,Aspirin,HPLC-UV/Vis
SMP-00259,7.22,62830.3,10522.7,10719.6,0.0621,Benzoic Acid,HPLC-UV/Vis
SMP-00259,8.91,32714.8,7043.6,7351.5,0.0319,Phenacetin,HPLC-UV/Vis
SMP-00259,10.38,15847.0,3886.0,3903.7,0.0156,Salicylic Acid,HPLC-UV/Vis
SMP-00259,12.09,64958.1,11471.3,11591.3,0.0637,Chlorpheniramine,HPLC-UV/Vis
SMP-00260,1.25,11334.7,2878.5,2919.3,0.0115,Uracil,HPLC-UV/Vis
SMP-00260,2.82,45374.3,8640.1,8667.1,0.046,Acetaminophen,HPLC-UV/Vis
SMP-00260,4.14,100023.8,16268.7,17008.9,0.1006,Caffeine,HPLC-UV/Vis
SMP-00260,5.6,20894.2,4591.0,4806.1,0.0207,Aspirin,HPLC-UV/Vis
SMP-00260,7.17,72657.7,12179.7,12252.2,0.0724,Benzoic Acid,HPLC-UV/Vis
SMP-00260,8.91,27859.0,5701.7,6116.0,0.0274,Phenacetin,HPLC-UV/Vis
SMP-00260,10.41,14681.0,3594.5,3670.2,0.0146,Salicylic Acid,HPLC-UV/Vis
SMP-00260,12.1,59074.1,10698.6,11252.9,0.0597,Chlorpheniramine,HPLC-UV/Vis
SMP-00261,1.23,11845.1,2903.3,2974.9,0.0119,Uracil,HPLC-UV/Vis
SMP-00261,2.82,41839.2,7746.3,7946.7,0.0426,Acetaminophen,HPLC-UV/Vis
SMP-00261,4.17,87585.1,14549.5,14521.2,0.0904,Caffeine,HPLC-UV/Vis
SMP-00261,5.62,22471.3,4943.8,5068.2,0.0226,Aspirin,HPLC-UV/Vis
SMP-00261,7.23,76889.7,12889.3,13717.8,0.077,Benzoic Acid,HPLC-UV/Vis
SMP-00261,8.96,29486.9,6083.8,6327.5,0.0295,Phenacetin,HPLC-UV/Vis
SMP-00261,10.43,15564.2,3455.7,3675.4,0.0155,Salicylic Acid,HPLC-UV/Vis
SMP-00261,12.07,52377.3,9305.4,9447.4,0.0516,Chlorpheniramine,HPLC-UV/Vis
SMP-00262,1.31,13472.2,3570.5,3650.6,0.0136,Uracil,HPLC-UV/Vis
SMP-00262,2.78,43850.3,8749.7,9202.9,0.0439,Acetaminophen,HPLC-UV/Vis
SMP-00262,4.14,76344.0,12443.0,12879.8,0.0759,Caffeine,HPLC-UV/Vis
SMP-00262,5.61,23693.4,5047.5,5173.3,0.0239,Aspirin,HPLC-UV/Vis
SMP-00262,7.19,71112.8,12112.9,12428.6,0.0727,Benzoic Acid,HPLC-UV/Vis
SMP-00262,8.99,32630.7,7147.1,7273.6,0.034,Phenacetin,HPLC-UV/Vis
SMP-00262,10.44,15101.4,3774.9,3995.8,0.0148,Salicylic Acid,HPLC-UV/Vis
SMP-00262,12.04,53234.3,9385.9,9626.6,0.0564,Chlorpheniramine,HPLC-UV/Vis
SMP-00263,1.21,13142.4,3454.6,3534.9,0.0132,Uracil,HPLC-UV/Vis
SMP-00263,2.76,41076.7,8028.5,8285.3,0.0404,Acetaminophen,HPLC-UV/Vis
SMP-00263,4.15,97105.3,15751.9,16735.6,0.0959,Caffeine,HPLC-UV/Vis
SMP-00263,5.59,24458.2,5280.6,5642.6,0.0237,Aspirin,HPLC-UV/Vis
SMP-00263,7.2,71123.4,12268.0,12846.5,0.0701,Benzoic Acid,HPLC-UV/Vis
SMP-00263,9.01,28432.0,6239.4,6474.7,0.0282,Phenacetin,HPLC-UV/Vis
SMP-00263,10.39,12550.3,3009.8,3084.3,0.0122,Salicylic Acid,HPLC-UV/Vis
SMP-00263,12.09,50754.8,9081.8,9418.8,0.0508,Chlorpheniramine,HPLC-UV/Vis
SMP-00264,1.25,12387.4,3074.5,3149.0,0.0126,Uracil,HPLC-UV/Vis
SMP-00264,2.79,48899.8,9241.1,9342.9,0.0487,Acetaminophen,HPLC-UV/Vis
SMP-00264,4.15,86744.5,14772.6,15131.0,0.0907,Caffeine,HPLC-UV/Vis
SMP-00264,5.57,22715.7,4977.3,5046.3,0.0239,Aspirin,HPLC-UV/Vis
SMP-00264,7.21,64287.0,10489.3,11019.2,0.062,Benzoic Acid,HPLC-UV/Vis
SMP-00264,8.91,30428.8,6501.6,6648.0,0.0307,Phenacetin,HPLC-UV/Vis
SMP-00264,10.44,13128.4,3281.9,3367.3,0.0134,Salicylic Acid,HPLC-UV/Vis
SMP-00264,12.1,53645.3,9405.4,9446.7,0.053,Chlorpheniramine,HPLC-UV/Vis
SMP-00265,1.23,12039.5,2913.4,2979.2,0.0123,Uracil,HPLC-UV/Vis
SMP-00265,2.8,46916.1,8896.1,9452.0,0.0488,Acetaminophen,HPLC-UV/Vis
SMP-00265,4.23,83133.5,12969.7,13174.7,0.0827,Caffeine,HPLC-UV/Vis
SMP-00265,5.59,21114.2,4524.4,4763.3,0.0216,Aspirin,HPLC-UV/Vis
SMP-00265,7.14,59793.4,10515.1,10975.4,0.0599,Benzoic Acid,HPLC-UV/Vis
SMP-00265,9.01,31088.3,6374.1,6491.1,0.0309,Phenacetin,HPLC-UV/Vis
SMP-00265,10.36,12913.2,3269.2,3265.2,0.0135,Salicylic Acid,HPLC-UV/Vis
SMP-00265,12.15,52222.3,8982.3,9482.4,0.0537,Chlorpheniramine,HPLC-UV/Vis
SMP-00266,1.24,11322.7,2898.7,2991.9,0.0113,Uracil,HPLC-UV/Vis
SMP-00266,2.78,49022.3,9470.8,9692.9,0.0482,Acetaminophen,HPLC-UV/Vis
SMP-00266,4.19,79033.9,13161.1,13568.3,0.0795,Caffeine,HPLC-UV/Vis
SMP-00266,5.59,23086.8,5017.7,5201.5,0.0233,Aspirin,HPLC-UV/Vis
SMP-00266,7.21,54511.6,9449.7,9694.7,0.0572,Benzoic Acid,HPLC-UV/Vis
SMP-00266,8.93,33452.8,6748.5,6951.3,0.0339,Phenacetin,HPLC-UV/Vis
SMP-00266,10.43,15717.7,4111.8,4205.2,0.0152,Salicylic Acid,HPLC-UV/Vis
SMP-00266,12.14,53785.4,9772.2,9959.4,0.0533,Chlorpheniramine,HPLC-UV/Vis
SMP-00267,1.26,12329.3,3210.7,3328.8,0.0123,Uracil,HPLC-UV/Vis
SMP-00267,2.75,59662.3,11988.9,12669.9,0.059,Acetaminophen,HPLC-UV/Vis
SMP-00267,4.13,77496.9,12341.5,13039.1,0.079,Caffeine,HPLC-UV/Vis
SMP-00267,5.59,24830.5,5395.0,5565.4,0.025,Aspirin,HPLC-UV/Vis
SMP-00267,7.21,62994.2,10283.5,10358.8,0.0609,Benzoic Acid,HPLC-UV/Vis
SMP-00267,8.97,26893.9,5569.5,5823.9,0.0257,Phenacetin,HPLC-UV/Vis
SMP-00267,10.45,16461.8,3796.7,3960.6,0.0162,Salicylic Acid,HPLC-UV/Vis
SMP-00267,12.08,53913.5,9590.6,9878.9,0.0533,Chlorpheniramine,HPLC-UV/Vis
SMP-00268,1.21,13061.4,3373.9,3366.1,0.0134,Uracil,HPLC-UV/Vis
SMP-00268,2.8,49301.9,9668.5,10183.9,0.049,Acetaminophen,HPLC-UV/Vis
SMP-00268,4.15,93728.9,15411.9,16256.7,0.095,Caffeine,HPLC-UV/Vis
SMP-00268,5.58,22985.1,4958.6,5003.0,0.022,Aspirin,HPLC-UV/Vis
SMP-00268,7.26,62975.3,11105.1,11527.8,0.0629,Benzoic Acid,HPLC-UV/Vis
SMP-00268,8.95,37104.1,7910.7,8191.4,0.0364,Phenacetin,HPLC-UV/Vis
SMP-00268,10.37,17594.7,4472.0,4623.6,0.0175,Salicylic Acid,HPLC-UV/Vis
SMP-00268,12.07,54481.8,9987.5,10114.8,0.0538,Chlorpheniramine,HPLC-UV/Vis
SMP-00269,1.29,51918.9,12849.0,12037.7,0.0516,Uracil,HPLC-UV/Vis
SMP-00269,2.81,43943.9,8489.0,8712.2,0.0437,Acetaminophen,HPLC-UV/Vis
SMP-00269,4.17,73405.7,12617.4,13030.1,0.0745,Caffeine,HPLC-UV/Vis
SMP-00269,5.58,20987.8,4476.0,4588.2,0.0213,Aspirin,HPLC-UV/Vis
SMP-00269,7.22,51440.3,8419.0,8868.1,0.0512,Benzoic Acid,HPLC-UV/Vis
SMP-00269,8.93,21752.8,4268.1,4486.4,0.0214,Phenacetin,HPLC-UV/Vis
SMP-00269,10.33,13056.5,3316.1,3456.5,0.0127,Salicylic Acid,HPLC-UV/Vis
SMP-00269,12.1,47717.8,8039.1,8254.6,0.0483,Chlorpheniramine,HPLC-UV/Vis
SMP-00270,1.28,52581.2,11838.9,14031.5,0.0527,Uracil,HPLC-UV/Vis
SMP-00270,2.81,39002.1,7705.7,7867.9,0.0386,Acetaminophen,HPLC-UV/Vis
SMP-00270,4.17,82066.3,12863.3,13540.4,0.0817,Caffeine,HPLC-UV/Vis
SMP-00270,5.62,21557.9,4688.2,4857.5,0.0208,Aspirin,HPLC-UV/Vis
SMP-00270,7.18,73166.0,12342.7,12815.3,0.071,Benzoic Acid,HPLC-UV/Vis
SMP-00270,8.98,27527.3,5639.9,5548.0,0.0266,Phenacetin,HPLC-UV/Vis
SMP-00270,10.41,15048.7,3562.1,3591.8,0.0151,Salicylic Acid,HPLC-UV/Vis
SMP-00270,12.15,53199.5,9636.8,9658.3,0.0528,Chlorpheniramine,HPLC-UV/Vis
SMP-00271,1.24,11845.9,3076.1,3261.6,0.0119,Uracil,HPLC-UV/Vis
SMP-00271,2.82,50766.6,9702.7,9953.6,0.0506,Acetaminophen,HPLC-UV/Vis
SMP-00271,4.17,90316.3,15062.9,15345.1,0.0919,Caffeine,HPLC-UV/Vis
SMP-00271,5.62,23409.9,5277.9,5341.8,0.0235,Aspirin,HPLC-UV/Vis
SMP-00271,7.16,70598.8,11312.7,11555.3,0.0707,Benzoic Acid,HPLC-UV/Vis
SMP-00271,8.95,31408.1,6285.6,6545.6,0.0309,Phenacetin,HPLC-UV/Vis
SMP-00271,10.4,13773.4,3242.9,3414.6,0.0136,Salicylic Acid,HPLC-UV/Vis
SMP-00271,12.13,51948.5,9585.4,10052.3,0.0522,Chlorpheniramine,HPLC-UV/Vis
SMP-00272,1.2,11432.1,2913.8,3133.0,0.0119,Uracil,HPLC-UV/Vis
SMP-00272,2.78,42697.2,8076.1,8191.9,0.0441,Acetaminophen,HPLC-UV/Vis
SMP-00272,4.15,96108.4,14899.4,15362.1,0.0942,Caffeine,HPLC-UV/Vis
SMP-00272,5.58,21626.3,4809.4,4975.0,0.0215,Aspirin,HPLC-UV/Vis
SMP-00272,7.17,71994.0,11894.9,12136.7,0.0709,Benzoic Acid,HPLC-UV/Vis
SMP-00272,9.01,31002.9,6140.2,6437.3,0.0307,Phenacetin,HPLC-UV/Vis
SMP-00272,10.38,17598.8,4219.6,4464.1,0.0173,Salicylic Acid,HPLC-UV/Vis
SMP-00272,12.14,55112.4,10633.3,10895.0,0.0554,Chlorpheniramine,HPLC-UV/Vis
SMP-00273,1.2,10411.4,2599.6,2719.9,0.0101,Uracil,HPLC-UV/Vis
SMP-00273,2.82,55026.1,10972.4,11381.5,0.0563,Acetaminophen,HPLC-UV/Vis
SMP-00273,4.14,78990.8,12592.8,12960.5,0.0793,Caffeine,HPLC-UV/Vis
SMP-00273,5.59,23166.0,5198.7,5523.8,0.0233,Aspirin,HPLC-UV/Vis
SMP-00273,7.15,72030.6,11678.3,12231.1,0.0739,Benzoic Acid,HPLC-UV/Vis
SMP-00273,8.97,35233.4,7423.5,7335.0,0.0347,Phenacetin,HPLC-UV/Vis
SMP-00273,10.42,16245.5,3649.7,3737.2,0.0165,Salicylic Acid,HPLC-UV/Vis
SMP-00273,12.1,52222.6,9131.5,9402.4,0.0523,Chlorpheniramine,HPLC-UV/Vis
SMP-00274,1.27,12557.4,3332.7,3407.7,0.0122,Uracil,HPLC-UV/Vis
SMP-00274,2.8,48076.2,9005.1,9597.7,0.0487,Acetaminophen,HPLC-UV/Vis
SMP-00274,4.18,86631.8,13675.7,14380.6,0.0847,Caffeine,HPLC-UV/Vis
SMP-00274,5.58,27074.4,5949.6,6316.2,0.0267,Aspirin,HPLC-UV/Vis
SMP-00274,7.22,71862.5,12312.3,12561.6,0.072,Benzoic Acid,HPLC-UV/Vis
SMP-00274,8.93,32986.8,6724.9,6954.3,0.033,Phenacetin,HPLC-UV/Vis
SMP-00274,10.39,15826.8,3843.6,4079.8,0.0161,Salicylic Acid,HPLC-UV/Vis
SMP-00274,12.08,49734.6,9573.3,9667.2,0.0499,Chlorpheniramine,HPLC-UV/Vis
SMP-00275,1.24,11202.7,2804.0,2857.5,0.0111,Uracil,HPLC-UV/Vis
SMP-00275,2.8,43401.2,8462.8,8829.7,0.0431,Acetaminophen,HPLC-UV/Vis
SMP-00275,4.11,99648.9,16194.7,16665.0,0.0984,Caffeine,HPLC-UV/Vis
SMP-00275,5.55,21338.0,4801.2,4852.9,0.0206,Aspirin,HPLC-UV/Vis
SMP-00275,7.19,65071.4,10770.5,11316.0,0.0668,Benzoic Acid,HPLC-UV/Vis
SMP-00275,8.9,28530.0,5986.8,6112.1,0.0291,Phenacetin,HPLC-UV/Vis
SMP-00275,10.45,17227.4,4317.4,4411.4,0.0172,Salicylic Acid,HPLC-UV/Vis
SMP-00275,12.05,62178.0,11462.2,11726.9,0.0636,Chlorpheniramine,HPLC-UV/Vis
SMP-00276,1.19,13704.7,3399.7,3488.4,0.0138,Uracil,HPLC-UV/Vis
SMP-00276,2.83,48460.5,9564.2,9699.9,0.0487,Acetaminophen,HPLC-UV/Vis
SMP-00276,4.2,76689.8,12315.7,12360.4,0.0754,Caffeine,HPLC-UV/Vis
SMP-00276,5.58,25743.2,5718.6,5837.2,0.0257,Aspirin,HPLC-UV/Vis
SMP-00276,7.23,59724.8,9696.6,10079.5,0.0602,Benzoic Acid,HPLC-UV/Vis
SMP-00276,8.97,28420.8,6080.7,6327.5,0.0277,Phenacetin,HPLC-UV/Vis
SMP-00276,10.38,15850.1,3837.7,3864.9,0.0154,Salicylic Acid,HPLC-UV/Vis
SMP-00276,12.11,54772.9,9983.6,10159.6,0.055,Chlorpheniramine,HPLC-UV/Vis
SMP-00277,1.24,15611.1,4125.2,4225.2,0.0155,Uracil,HPLC-UV/Vis
SMP-00277,2.83,49402.9,9455.3,9468.2,0.0483,Acetaminophen,HPLC-UV/Vis
SMP-00277,4.15,95369.9,15540.6,16307.3,0.096,Caffeine,HPLC-UV/Vis
SMP-00277,5.54,85044.4,18774.0,19174.4,0.0887,Aspirin,HPLC-UV/Vis
SMP-00277,7.23,63691.8,11578.6,11754.7,0.0665,Benzoic Acid,HPLC-UV/Vis
SMP-00277,8.92,31924.7,6697.2,6867.9,0.0324,Phenacetin,HPLC-UV/Vis
SMP-00277,10.42,15575.0,3660.0,3764.2,0.0156,Salicylic Acid,HPLC-UV/Vis
SMP-00277,12.11,53676.2,9324.5,9542.1,0.0533,Chlorpheniramine,HPLC-UV/Vis
SMP-00278,1.26,13740.4,3520.3,3494.0,0.014,Uracil,HPLC-UV/Vis
SMP-00278,2.79,40977.6,7982.6,8392.2,0.0418,Acetaminophen,HPLC-UV/Vis
SMP-00278,4.2,70951.4,11014.4,10946.5,0.0721,Caffeine,HPLC-UV/Vis
SMP-00278,5.59,22599.7,5048.4,5049.8,0.022,Aspirin,HPLC-UV/Vis
SMP-00278,7.24,67228.9,10906.3,10764.9,0.0685,Benzoic Acid,HPLC-UV/Vis
SMP-00278,8.92,25848.5,5026.3,5080.4,0.0257,Phenacetin,HPLC-UV/Vis
SMP-00278,10.41,15216.2,3959.9,3943.7,0.0153,Salicylic Acid,HPLC-UV/Vis
SMP-00278,12.07,54717.2,10120.2,10443.4,0.0562,Chlorpheniramine,HPLC-UV/Vis
SMP-00279,1.22,14287.0,3759.7,3913.1,0.0147,Uracil,HPLC-UV/Vis
SMP-00279,2.82,50675.0,9671.9,10470.6,0.0509,Acetaminophen,HPLC-UV/Vis
SMP-00279,4.16,82779.6,13963.2,14535.1,0.0817,Caffeine,HPLC-UV/Vis
SMP-00279,5.63,21187.5,4654.8,4842.5,0.021,Aspirin,HPLC-UV/Vis
SMP-00279,7.2,60216.6,9256.8,9578.7,0.0575,Benzoic Acid,HPLC-UV/Vis
SMP-00279,8.9,26057.2,5427.3,5566.0,0.0259,Phenacetin,HPLC-UV/Vis
SMP-00279,10.38,16188.0,3937.3,4120.2,0.0165,Salicylic Acid,HPLC-UV/Vis
SMP-00279,12.04,50099.8,9030.3,9161.0,0.049,Chlorpheniramine,HPLC-UV/Vis
SMP-00280,1.32,11842.7,3043.6,3055.0,0.0122,Uracil,HPLC-UV/Vis
SMP-00280,2.82,52028.1,9996.6,10236.0,0.0536,Acetaminophen,HPLC-UV/Vis
SMP-00280,4.08,93257.8,14906.7,15621.6,0.094,Caffeine,HPLC-UV/Vis
SMP-00280,5.61,23586.6,5263.3,5481.8,0.0243,Aspirin,HPLC-UV/Vis
SMP-00280,7.2,75137.4,13240.2,13879.8,0.0754,Benzoic Acid,HPLC-UV/Vis
SMP-00280,8.96,31258.2,6828.1,6930.6,0.032,Phenacetin,HPLC-UV/Vis
SMP-00280,10.36,15306.9,3666.3,3818.6,0.0153,Salicylic Acid,HPLC-UV/Vis
SMP-00280,12.14,60109.5,11335.3,11729.1,0.0601,Chlorpheniramine,HPLC-UV/Vis
SMP-00281,1.23,12612.4,3224.9,3227.4,0.0127,Uracil,HPLC-UV/Vis
SMP-00281,2.79,47466.3,9564.0,9688.5,0.0472,Acetaminophen,HPLC-UV/Vis
SMP-00281,4.13,83897.2,13552.6,14118.0,0.0845,Caffeine,HPLC-UV/Vis
SMP-00281,5.64,25281.6,5444.1,5740.7,0.0254,Aspirin,HPLC-UV/Vis
SMP-00281,7.21,67226.4,11355.1,11738.3,0.0668,Benzoic Acid,HPLC-UV/Vis
SMP-00281,8.97,30034.6,6310.7,6560.8,0.0298,Phenacetin,HPLC-UV/Vis
SMP-00281,10.41,15856.0,3846.6,4091.6,0.0156,Salicylic Acid,HPLC-UV/Vis
SMP-00281,12.06,58139.8,10341.7,10554.7,0.0576,Chlorpheniramine,HPLC-UV/Vis
SMP-00282,1.21,9657.5,2526.2,2495.2,0.0099,Uracil,HPLC-UV/Vis
SMP-00282,2.8,51751.9,10050.5,10673.5,0.0513,Acetaminophen,HPLC-UV/Vis
SMP-00282,4.15,104436.0,17209.5,17548.4,0.105,Caffeine,HPLC-UV/Vis
SMP-00282,5.6,29167.0,6360.7,6679.0,0.0295,Aspirin,HPLC-UV/Vis
SMP-00282,7.19,74262.1,12389.8,12845.3,0.0721,Benzoic Acid,HPLC-UV/Vis
SMP-00282,8.96,31001.0,6428.9,6569.1,0.0306,Phenacetin,HPLC-UV/Vis
SMP-00282,10.39,19002.5,4732.8,4783.1,0.0196,Salicylic Acid,HPLC-UV/Vis
SMP-00282,12.1,59065.0,10100.9,10356.1,0.0584,Chlorpheniramine,HPLC-UV/Vis
SMP-00283,1.26,12354.3,3163.5,3325.8,0.0125,Uracil,HPLC-UV/Vis
SMP-00283,2.8,54208.6,10580.5,10789.1,0.0525,Acetaminophen,HPLC-UV/Vis
SMP-00283,4.14,88234.1,14101.4,14623.4,0.0872,Caffeine,HPLC-UV/Vis
SMP-00283,5.62,26263.3,5629.3,5825.6,0.0254,Aspirin,HPLC-UV/Vis
SMP-00283,7.18,75049.4,12210.3,12377.3,0.0751,Benzoic Acid,HPLC-UV/Vis
SMP-00283,8.93,37397.5,7620.8,7866.8,0.0371,Phenacetin,HPLC-UV/Vis
SMP-00283,10.44,18196.1,4345.5,4571.6,0.0184,Salicylic Acid,HPLC-UV/Vis
SMP-00283,12.1,53187.1,9892.4,10378.1,0.0549,Chlorpheniramine,HPLC-UV/Vis
SMP-00284,1.25,9387.9,2258.2,2308.2,0.0091,Uracil,HPLC-UV/Vis
SMP-00284,2.76,43504.2,8330.9,8781.5,0.0429,Acetaminophen,HPLC-UV/Vis
SMP-00284,4.16,97258.2,16179.8,16654.4,0.0942,Caffeine,HPLC-UV/Vis
SMP-00284,5.6,23760.7,5133.3,5404.5,0.0238,Aspirin,HPLC-UV/Vis
SMP-00284,7.19,80398.5,13584.2,14276.5,0.079,Benzoic Acid,HPLC-UV/Vis
SMP-00284,8.93,31775.7,6485.1,6616.2,0.0315,Phenacetin,HPLC-UV/Vis
SMP-00284,10.39,17337.4,4050.7,4200.3,0.0178,Salicylic Acid,HPLC-UV/Vis
SMP-00284,12.08,59210.3,10417.0,10724.8,0.0581,Chlorpheniramine,HPLC-UV/Vis
SMP-00285,1.25,10877.5,2794.7,2940.8,0.0114,Uracil,HPLC-UV/Vis
SMP-00285,2.83,47627.5,9153.2,9075.4,0.0491,Acetaminophen,HPLC-UV/Vis
SMP-00285,4.19,93989.2,14854.0,15392.3,0.0978,Caffeine,HPLC-UV/Vis
SMP-00285,5.58,21455.3,4752.5,4879.3,0.022,Aspirin,HPLC-UV/Vis
SMP-00285,7.15,70491.6,11654.4,12012.7,0.0708,Benzoic Acid,HPLC-UV/Vis
SMP-00285,8.98,28861.2,5909.4,6033.6,0.0278,Phenacetin,HPLC-UV/Vis
SMP-00285,10.46,12929.8,3146.8,3237.7,0.013,Salicylic Acid,HPLC-UV/Vis
SMP-00285,12.06,46728.8,8840.8,8932.3,0.0462,Chlorpheniramine,HPLC-UV/Vis
SMP-00286,1.23,12876.8,3411.8,3583.5,0.0126,Uracil,HPLC-UV/Vis
SMP-00286,2.81,54635.1,10414.0,10623.6,0.055,Acetaminophen,HPLC-UV/Vis
SMP-00286,4.17,81651.2,13041.5,13489.0,0.0839,Caffeine,HPLC-UV/Vis
SMP-00286,5.6,20730.1,4862.1,5023.0,0.0212,Aspirin,HPLC-UV/Vis
SMP-00286,7.2,57288.0,8797.6,9281.8,0.0574,Benzoic Acid,HPLC-UV/Vis
SMP-00286,8.91,28382.8,6026.5,6417.0,0.028,Phenacetin,HPLC-UV/Vis
SMP-00286,10.41,15412.7,3965.5,4048.6,0.0158,Salicylic Acid,HPLC-UV/Vis
SMP-00286,12.07,196938.9,33781.4,32238.4,0.198,Chlorpheniramine,HPLC-UV/Vis
SMP-00287,1.13,12998.5,3361.3,3459.8,0.0132,Uracil,HPLC-UV/Vis
SMP-00287,2.82,44572.9,9061.9,9475.0,0.0451,Acetaminophen,HPLC-UV/Vis
SMP-00287,4.18,98314.3,15932.6,16726.2,0.0986,Caffeine,HPLC-UV/Vis
SMP-00287,5.63,21654.8,5137.8,5076.0,0.0219,Aspirin,HPLC-UV/Vis
SMP-00287,7.26,69104.0,11217.2,11494.0,0.0681,Benzoic Acid,HPLC-UV/Vis
SMP-00287,8.94,28856.8,5971.6,6197.5,0.0282,Phenacetin,HPLC-UV/Vis
SMP-00287,10.41,16430.5,4085.6,4253.2,0.0169,Salicylic Acid,HPLC-UV/Vis
SMP-00287,12.18,71006.7,12322.5,12150.7,0.071,Chlorpheniramine,HPLC-UV/Vis
SMP-00288,1.25,13326.5,3399.3,3454.1,0.0132,Uracil,HPLC-UV/Vis
SMP-00288,2.83,43570.9,8390.0,8737.4,0.0434,Acetaminophen,HPLC-UV/Vis
SMP-00288,4.12,79064.3,12985.0,13479.5,0.0775,Caffeine,HPLC-UV/Vis
SMP-00288,5.66,21649.7,5007.6,4919.3,0.0221,Aspirin,HPLC-UV/Vis
SMP-00288,7.23,60921.1,10101.1,10240.5,0.0606,Benzoic Acid,HPLC-UV/Vis
SMP-00288,8.95,37784.6,7677.1,8136.5,0.0368,Phenacetin,HPLC-UV/Vis
SMP-00288,10.38,17999.6,4405.7,4353.9,0.0176,Salicylic Acid,HPLC-UV/Vis
SMP-00288,12.13,58564.1,10501.2,10701.1,0.0593,Chlorpheniramine,HPLC-UV/Vis
SMP-00289,1.23,11044.2,2882.6,2990.5,0.011,Uracil,HPLC-UV/Vis
SMP-00289,2.8,48078.4,8986.9,9367.0,0.049,Acetaminophen,HPLC-UV/Vis
SMP-00289,4.17,88220.3,14728.5,15189.6,0.0862,Caffeine,HPLC-UV/Vis
SMP-00289,5.55,23753.2,5185.7,5294.8,0.0238,Aspirin,HPLC-UV/Vis
SMP-00289,7.22,67782.9,11057.0,11684.6,0.0681,Benzoic Acid,HPLC-UV/Vis
SMP-00289,8.99,124491.5,23276.0,27411.2,0.1214,Phenacetin,HPLC-UV/Vis
SMP-00289,10.3,16958.1,4237.0,4338.6,0.0173,Salicylic Acid,HPLC-UV/Vis
SMP-00289,12.08,61091.5,10673.9,10981.9,0.0609,Chlorpheniramine,HPLC-UV/Vis
SMP-00290,1.26,14082.0,3739.2,3905.5,0.0137,Uracil,HPLC-UV/Vis
SMP-00290,2.8,45643.4,8736.9,9332.0,0.0457,Acetaminophen,HPLC-UV/Vis
SMP-00290,4.18,89691.0,15707.0,15882.8,0.0886,Caffeine,HPLC-UV/Vis
SMP-00290,5.65,24952.8,5426.1,5495.2,0.0256,Aspirin,HPLC-UV/Vis
SMP-00290,7.24,66994.7,11305.3,11712.4,0.0662,Benzoic Acid,HPLC-UV/Vis
SMP-00290,8.91,32742.0,6862.9,7204.7,0.0332,Phenacetin,HPLC-UV/Vis
SMP-00290,10.45,16992.8,4297.6,4551.3,0.017,Salicylic Acid,HPLC-UV/Vis
SMP-00290,12.12,47972.4,8343.0,8376.5,0.0479,Chlorpheniramine,HPLC-UV/Vis
SMP-00291,1.21,12636.5,3238.7,3412.5,0.0132,Uracil,HPLC-UV/Vis
SMP-00291,2.78,48762.2,9478.5,9717.3,0.048,Acetaminophen,HPLC-UV/Vis
SMP-00291,4.14,96373.4,15888.5,16945.2,0.0976,Caffeine,HPLC-UV/Vis
SMP-00291,5.59,20703.5,4484.0,4555.7,0.0195,Aspirin,HPLC-UV/Vis
SMP-00291,7.25,69884.5,11487.1,11923.3,0.0673,Benzoic Acid,HPLC-UV/Vis
SMP-00291,8.99,30822.5,5982.7,6112.7,0.0316,Phenacetin,HPLC-UV/Vis
SMP-00291,10.36,19294.4,4557.0,4671.6,0.019,Salicylic Acid,HPLC-UV/Vis
SMP-00291,12.09,57648.9,10803.5,11044.2,0.0566,Chlorpheniramine,HPLC-UV/Vis
SMP-00292,1.27,12749.8,3303.5,3395.2,0.0128,Uracil,HPLC-UV/Vis
SMP-00292,2.83,56006.6,10931.8,11258.3,0.0562,Acetaminophen,HPLC-UV/Vis
SMP-00292,4.17,93136.1,14957.0,15675.6,0.0932,Caffeine,HPLC-UV/Vis
SMP-00292,5.61,23647.5,5368.1,5618.4,0.0236,Aspirin,HPLC-UV/Vis
SMP-00292,7.2,69848.8,11770.3,12194.4,0.0697,Benzoic Acid,HPLC-UV/Vis
SMP-00292,8.93,38936.2,8134.0,8194.6,0.0391,Phenacetin,HPLC-UV/Vis
SMP-00292,10.39,13268.2,3113.6,3240.7,0.0127,Salicylic Acid,HPLC-UV/Vis
SMP-00292,12.12,52994.7,9377.9,9566.5,0.0514,Chlorpheniramine,HPLC-UV/Vis
SMP-00293,1.23,11783.5,3061.9,3138.1,0.0117,Uracil,HPLC-UV/Vis
SMP-00293,2.81,46162.0,8832.6,8914.3,0.0462,Acetaminophen,HPLC-UV/Vis
SMP-00293,4.15,103812.5,17182.0,17660.6,0.1051,Caffeine,HPLC-UV/Vis
SMP-00293,5.6,26094.6,5624.1,5795.4,0.0266,Aspirin,HPLC-UV/Vis
SMP-00293,7.19,55900.6,8526.9,9136.7,0.0563,Benzoic Acid,HPLC-UV/Vis
SMP-00293,8.96,28243.6,5730.3,5794.4,0.0274,Phenacetin,HPLC-UV/Vis
SMP-00293,10.35,17194.0,4075.8,4241.7,0.0175,Salicylic Acid,HPLC-UV/Vis
SMP-00293,12.09,54921.9,9808.5,10338.9,0.057,Chlorpheniramine,HPLC-UV/Vis
SMP-00294,1.19,11906.4,3060.6,3180.8,0.0115,Uracil,HPLC-UV/Vis
SMP-00294,2.84,43239.4,8005.6,8069.1,0.0436,Acetaminophen,HPLC-UV/Vis
SMP-00294,4.16,80470.5,12322.3,13043.0,0.0812,Caffeine,HPLC-UV/Vis
SMP-00294,5.58,26483.9,5938.0,6252.3,0.0262,Aspirin,HPLC-UV/Vis
SMP-00294,7.21,63692.6,10552.6,10746.0,0.0642,Benzoic Acid,HPLC-UV/Vis
SMP-00294,8.97,32169.8,6560.3,6816.1,0.0319,Phenacetin,HPLC-UV/Vis
SMP-00294,10.42,16516.5,3965.4,4037.4,0.0165,Salicylic Acid,HPLC-UV/Vis
SMP-00294,12.15,55916.2,10115.1,10229.8,0.0567,Chlorpheniramine,HPLC-UV/Vis
SMP-00295,1.23,13412.4,3484.5,3414.6,0.0134,Uracil,HPLC-UV/Vis
SMP-00295,2.79,46534.7,8559.9,8332.1,0.0456,Acetaminophen,HPLC-UV/Vis
SMP-00295,4.05,81676.3,12440.6,12753.5,0.0852,Caffeine,HPLC-UV/Vis
SMP-00295,5.6,25038.6,5531.6,5673.8,0.0255,Aspirin,HPLC-UV/Vis
SMP-00295,7.21,66464.7,10929.1,11457.4,0.066,Benzoic Acid,HPLC-UV/Vis
SMP-00295,8.92,35673.9,7408.8,7487.6,0.036,Phenacetin,HPLC-UV/Vis
SMP-00295,10.4,14841.5,3600.1,3775.9,0.015,Salicylic Acid,HPLC-UV/Vis
SMP-00295,12.07,55668.5,10166.9,10334.7,0.0574,Chlorpheniramine,HPLC-UV/Vis
SMP-00296,1.23,11551.3,2947.1,3016.0,0.0119,Uracil,HPLC-UV/Vis
SMP-00296,2.8,48905.0,9723.5,10026.5,0.0493,Acetaminophen,HPLC-UV/Vis
SMP-00296,4.16,82253.8,13076.1,13392.9,0.081,Caffeine,HPLC-UV/Vis
SMP-00296,5.62,23900.2,5072.0,5199.8,0.0238,Aspirin,HPLC-UV/Vis
SMP-00296,7.17,58274.2,9858.9,9852.2,0.058,Benzoic Acid,HPLC-UV/Vis
SMP-00296,8.95,31988.9,6869.2,6855.5,0.0325,Phenacetin,HPLC-UV/Vis
SMP-00296,10.44,12413.7,3301.6,3374.9,0.0128,Salicylic Acid,HPLC-UV/Vis
SMP-00296,12.09,52251.0,9201.9,9622.8,0.0518,Chlorpheniramine,HPLC-UV/Vis
SMP-00297,1.27,11333.5,2881.4,2974.0,0.0112,Uracil,HPLC-UV/Vis
SMP-00297,2.85,44864.8,8622.6,8851.1,0.0453,Acetaminophen,HPLC-UV/Vis
SMP-00297,4.16,91482.7,14093.1,15021.6,0.0941,Caffeine,HPLC-UV/Vis
SMP-00297,5.57,23626.8,4998.4,5284.8,0.0234,Aspirin,HPLC-UV/Vis
SMP-00297,7.18,66643.9,11500.9,11771.6,0.067,Benzoic Acid,HPLC-UV/Vis
SMP-00297,8.93,27263.7,5312.8,5534.2,0.0275,Phenacetin,HPLC-UV/Vis
SMP-00297,10.39,13368.6,2988.3,3249.3,0.0135,Salicylic Acid,HPLC-UV/Vis
SMP-00297,12.11,46442.9,8164.1,8693.7,0.0472,Chlorpheniramine,HPLC-UV/Vis
SMP-00298,1.21,11808.4,3004.8,3218.1,0.0118,Uracil,HPLC-UV/Vis
SMP-00298,2.8,47010.9,8793.8,9128.3,0.0481,Acetaminophen,HPLC-UV/Vis
SMP-00298,4.13,84483.2,13011.7,13367.2,0.085,Caffeine,HPLC-UV/Vis
SMP-00298,5.66,24930.2,5230.1,5201.6,0.0245,Aspirin,HPLC-UV/Vis
SMP-00298,7.23,78343.9,13022.9,13359.0,0.0767,Benzoic Acid,HPLC-UV/Vis
SMP-00298,8.94,30468.2,6561.0,6741.2,0.0313,Phenacetin,HPLC-UV/Vis
SMP-00298,10.48,15018.4,3739.0,3915.9,0.0149,Salicylic Acid,HPLC-UV/Vis
SMP-00298,12.13,50335.6,8895.5,9170.4,0.0502,Chlorpheniramine,HPLC-UV/Vis
SMP-00299,1.23,14185.0,3713.4,3819.5,0.0144,Uracil,HPLC-UV/Vis
SMP-00299,2.78,47118.4,9454.4,9775.8,0.0485,Acetaminophen,HPLC-UV/Vis
SMP-00299,4.14,87951.7,14474.8,14779.2,0.0907,Caffeine,HPLC-UV/Vis
SMP-00299,5.61,24798.9,5427.4,5531.8,0.0248,Aspirin,HPLC-UV/Vis
SMP-00299,7.19,60195.6,10390.1,10784.8,0.0616,Benzoic Acid,HPLC-UV/Vis
SMP-00299,9.02,34679.2,6975.1,7250.0,0.0343,Phenacetin,HPLC-UV/Vis
SMP-00299,10.36,15154.3,3753.6,3861.3,0.0148,Salicylic Acid,HPLC-UV/Vis
SMP-00299,12.16,55963.3,9877.0,10264.5,0.0583,Chlorpheniramine,HPLC-UV/Vis
SMP-00300,1.17,15752.7,3871.3,3971.5,0.0155,Uracil,HPLC-UV/Vis
SMP-00300,2.81,36314.9,7033.0,7405.4,0.0355,Acetaminophen,HPLC-UV/Vis
SMP-00300,4.15,86182.8,13750.7,13836.4,0.0871,Caffeine,HPLC-UV/Vis
SMP-00300,5.57,20958.0,4648.3,4698.0,0.021,Aspirin,HPLC-UV/Vis
SMP-00300,7.2,59220.3,9973.2,10237.0,0.059,Benzoic Acid,HPLC-UV/Vis
SMP-00300,8.97,31311.2,6411.6,6868.5,0.0321,Phenacetin,HPLC-UV/Vis
SMP-00300,10.4,14031.7,3546.5,3663.2,0.0139,Salicylic Acid,HPLC-UV/Vis
SMP-00300,12.07,59931.7,11037.7,11408.9,0.0599,Chlorpheniramine,HPLC-UV/Vis
SMP-00301,1.19,10691.3,2676.7,2709.1,0.0108,Uracil,HPLC-UV/Vis
SMP-00301,2.8,52253.1,9945.3,10216.8,0.0522,Acetaminophen,HPLC-UV/Vis
SMP-00301,4.15,90392.2,13974.0,14141.7,0.0923,Caffeine,HPLC-UV/Vis
SMP-00301,5.64,24254.2,5240.8,5310.8,0.0251,Aspirin,HPLC-UV/Vis
SMP-00301,7.2,68307.2,11134.4,11498.5,0.0674,Benzoic Acid,HPLC-UV/Vis
SMP-00301,9.0,30902.1,6138.1,6154.5,0.031,Phenacetin,HPLC-UV/Vis
SMP-00301,10.41,13074.2,3263.4,3292.2,0.0131,Salicylic Acid,HPLC-UV/Vis
SMP-00301,12.15,55130.4,10540.7,10975.1,0.0567,Chlorpheniramine,HPLC-UV/Vis
SMP-00302,1.26,13967.8,3677.0,3826.3,0.0139,Uracil,HPLC-UV/Vis
SMP-00302,2.83,51964.5,9940.0,10090.4,0.0511,Acetaminophen,HPLC-UV/Vis
SMP-00302,4.12,96493.9,15923.1,16227.2,0.0993,Caffeine,HPLC-UV/Vis
SMP-00302,5.65,23836.6,4945.7,5251.5,0.0243,Aspirin,HPLC-UV/Vis
SMP-00302,7.17,56824.6,10255.0,10373.2,0.0551,Benzoic Acid,HPLC-UV/Vis
SMP-00302,8.9,28137.9,5963.3,6197.6,0.0279,Phenacetin,HPLC-UV/Vis
SMP-00302,10.39,15504.0,3689.8,3757.7,0.0153,Salicylic Acid,HPLC-UV/Vis
SMP-00302,12.13,58375.0,10281.2,10344.1,0.0582,Chlorpheniramine,HPLC-UV/Vis
SMP-00303,1.22,12249.8,3157.0,3244.9,0.0122,Uracil,HPLC-UV/Vis
SMP-00303,2.81,49674.0,9810.6,10280.3,0.0511,Acetaminophen,HPLC-UV/Vis
SMP-00303,4.22,100059.6,15974.2,16724.1,0.1013,Caffeine,HPLC-UV/Vis
SMP-00303,5.59,20865.9,4692.4,4769.2,0.0211,Aspirin,HPLC-UV/Vis
SMP-00303,7.21,57894.4,9887.7,10225.0,0.0581,Benzoic Acid,HPLC-UV/Vis
SMP-00303,8.94,32268.3,6638.8,6864.3,0.0337,Phenacetin,HPLC-UV/Vis
SMP-00303,10.38,18519.4,4476.1,4466.7,0.0183,Salicylic Acid,HPLC-UV/Vis
SMP-00303,12.05,52233.3,9424.2,9929.4,0.0529,Chlorpheniramine,HPLC-UV/Vis
SMP-00304,1.22,13552.3,3616.9,3753.9,0.0137,Uracil,HPLC-UV/Vis
SMP-00304,2.83,53956.4,10571.6,10763.1,0.0538,Acetaminophen,HPLC-UV/Vis
SMP-00304,4.14,94980.9,15561.4,16340.6,0.0956,Caffeine,HPLC-UV/Vis
SMP-00304,5.58,21799.8,4784.7,5100.0,0.0227,Aspirin,HPLC-UV/Vis
SMP-00304,7.2,58222.6,9749.6,9888.0,0.0604,Benzoic Acid,HPLC-UV/Vis
SMP-00304,8.96,28472.7,5839.1,6092.1,0.0291,Phenacetin,HPLC-UV/Vis
SMP-00304,10.42,14567.2,3576.4,3755.4,0.0147,Salicylic Acid,HPLC-UV/Vis
SMP-00304,12.09,59705.8,10475.0,10591.4,0.0604,Chlorpheniramine,HPLC-UV/Vis
SMP-00305,1.21,14132.3,3526.8,3618.5,0.014,Uracil,HPLC-UV/Vis
SMP-00305,2.77,49071.6,9565.7,10040.9,0.0485,Acetaminophen,HPLC-UV/Vis
SMP-00305,4.09,75061.3,12964.3,13476.2,0.0757,Caffeine,HPLC-UV/Vis
SMP-00305,5.62,23792.5,5105.4,5342.1,0.0241,Aspirin,HPLC-UV/Vis
SMP-00305,7.25,69627.5,11158.5,11888.8,0.0683,Benzoic Acid,HPLC-UV/Vis
SMP-00305,8.94,29856.8,6271.6,6490.4,0.0302,Phenacetin,HPLC-UV/Vis
SMP-00305,10.39,14400.2,3485.1,3581.3,0.015,Salicylic Acid,HPLC-UV/Vis
SMP-00305,12.04,61762.4,11300.0,11609.4,0.0613,Chlorpheniramine,HPLC-UV/Vis
SMP-00306,1.31,12515.0,3049.9,3161.3,0.0129,Uracil,HPLC-UV/Vis
SMP-00306,2.77,41261.1,7773.4,8243.1,0.0412,Acetaminophen,HPLC-UV/Vis
SMP-00306,4.16,90458.9,14509.4,14648.6,0.0886,Caffeine,HPLC-UV/Vis
SMP-00306,5.61,24205.7,5381.9,5578.6,0.024,Aspirin,HPLC-UV/Vis
SMP-00306,7.23,76934.5,12374.6,12694.3,0.0781,Benzoic Acid,HPLC-UV/Vis
SMP-00306,9.0,28717.6,6136.0,6327.3,0.0294,Phenacetin,HPLC-UV/Vis
SMP-00306,10.36,16458.7,4123.9,4245.9,0.0164,Salicylic Acid,HPLC-UV/Vis
SMP-00306,12.12,55332.3,9734.0,9962.6,0.0555,Chlorpheniramine,HPLC-UV/Vis
SMP-00307,1.25,10271.7,2769.7,2853.6,0.01,Uracil,HPLC-UV/Vis
SMP-00307,2.83,48356.3,9453.4,9900.3,0.0491,Acetaminophen,HPLC-UV/Vis
SMP-00307,4.14,85479.9,14078.4,14894.2,0.0853,Caffeine,HPLC-UV/Vis
SMP-00307,5.61,23979.4,5662.5,6019.5,0.0248,Aspirin,HPLC-UV/Vis
SMP-00307,7.27,66846.0,11032.3,10886.8,0.0673,Benzoic Acid,HPLC-UV/Vis
SMP-00307,8.96,27576.3,6002.2,6248.5,0.029,Phenacetin,HPLC-UV/Vis
SMP-00307,10.45,12788.3,3138.9,3193.4,0.0126,Salicylic Acid,HPLC-UV/Vis
SMP-00307,12.07,47373.3,8435.9,8708.6,0.0486,Chlorpheniramine,HPLC-UV/Vis
SMP-00308,1.28,10610.1,2685.5,2804.3,0.0107,Uracil,HPLC-UV/Vis
SMP-00308,2.83,43367.0,8220.0,8546.6,0.0434,Acetaminophen,HPLC-UV/Vis
SMP-00308,4.13,79658.1,12776.8,13441.2,0.0801,Caffeine,HPLC-UV/Vis
SMP-00308,5.62,21685.7,4535.7,4587.7,0.0214,Aspirin,HPLC-UV/Vis
SMP-00308,7.23,73941.9,13031.2,13223.1,0.0761,Benzoic Acid,HPLC-UV/Vis
SMP-00308,8.94,32677.9,6941.8,7141.9,0.0326,Phenacetin,HPLC-UV/Vis
SMP-00308,10.33,15710.6,3746.1,3777.9,0.0158,Salicylic Acid,HPLC-UV/Vis
SMP-00308,12.12,56822.1,10156.9,10448.7,0.0555,Chlorpheniramine,HPLC-UV/Vis
SMP-00309,1.26,12776.5,3332.1,3389.2,0.0124,Uracil,HPLC-UV/Vis
SMP-00309,2.82,43348.2,8533.1,9003.8,0.0444,Acetaminophen,HPLC-UV/Vis
SMP-00309,4.11,77451.1,12454.6,13192.5,0.0762,Caffeine,HPLC-UV/Vis
SMP-00309,5.58,21871.7,4827.4,4848.6,0.0224,Aspirin,HPLC-UV/Vis
SMP-00309,7.27,59490.2,10420.5,11023.1,0.0589,Benzoic Acid,HPLC-UV/Vis
SMP-00309,8.92,28361.7,5818.1,5995.0,0.0274,Phenacetin,HPLC-UV/Vis
SMP-00309,10.39,78515.3,16052.9,19117.2,0.078,Salicylic Acid,HPLC-UV/Vis
SMP-00309,12.12,54147.7,9859.0,10107.2,0.0552,Chlorpheniramine,HPLC-UV/Vis
SMP-00310,1.25,12253.7,3131.5,3218.6,0.0123,Uracil,HPLC-UV/Vis
SMP-00310,2.78,49303.5,9802.3,10446.1,0.0488,Acetaminophen,HPLC-UV/Vis
SMP-00310,4.09,96595.9,15068.7,15224.1,0.0972,Caffeine,HPLC-UV/Vis
SMP-00310,5.58,21980.1,4964.7,5021.0,0.022,Aspirin,HPLC-UV/Vis
SMP-00310,7.22,73115.1,11533.8,12120.9,0.0723,Benzoic Acid,HPLC-UV/Vis
SMP-00310,8.92,32358.4,7127.9,7359.9,0.0321,Phenacetin,HPLC-UV/Vis
SMP-00310,10.36,17861.2,4386.5,4426.1,0.0175,Salicylic Acid,HPLC-UV/Vis
SMP-00310,12.13,47962.4,8999.9,9253.4,0.047,Chlorpheniramine,HPLC-UV/Vis
SMP-00311,1.3,10722.1,2685.6,2817.3,0.0108,Uracil,HPLC-UV/Vis
SMP-00311,2.83,50436.5,9889.9,10065.4,0.05,Acetaminophen,HPLC-UV/Vis
SMP-00311,4.11,101044.7,17165.1,17599.1,0.1017,Caffeine,HPLC-UV/Vis
SMP-00311,5.66,26696.6,5628.9,5762.2,0.0269,Aspirin,HPLC-UV/Vis
SMP-00311,7.25,78382.1,12751.7,13092.8,0.0774,Benzoic Acid,HPLC-UV/Vis
SMP-00311,8.94,34177.7,6840.7,6687.9,0.0332,Phenacetin,HPLC-UV/Vis
SMP-00311,10.38,15892.7,3748.2,3769.9,0.0156,Salicylic Acid,HPLC-UV/Vis
SMP-00311,12.08,50963.5,9417.8,9514.0,0.0506,Chlorpheniramine,HPLC-UV/Vis
SMP-00312,1.27,12258.4,3251.6,3274.2,0.0123,Uracil,HPLC-UV/Vis
SMP-00312,2.76,45491.0,9303.0,9423.4,0.0454,Acetaminophen,HPLC-UV/Vis
SMP-00312,4.11,82178.4,13162.9,13451.0,0.0818,Caffeine,HPLC-UV/Vis
SMP-00312,5.58,24259.1,5148.4,5266.3,0.0244,Aspirin,HPLC-UV/Vis
SMP-00312,7.21,57147.7,9795.6,10161.1,0.0572,Benzoic Acid,HPLC-UV/Vis
SMP-00312,8.94,29272.7,6268.6,6687.4,0.0288,Phenacetin,HPLC-UV/Vis
SMP-00312,10.43,15478.8,3838.3,4013.3,0.0153,Salicylic Acid,HPLC-UV/Vis
SMP-00312,12.1,47605.4,8317.0,8458.0,0.0486,Chlorpheniramine,HPLC-UV/Vis
SMP-00313,1.27,12998.5,3380.6,3500.8,0.0132,Uracil,HPLC-UV/Vis
SMP-00313,2.76,42180.9,7922.3,8335.4,0.0437,Acetaminophen,HPLC-UV/Vis
SMP-00313,4.2,89974.4,15066.5,15671.1,0.0925,Caffeine,HPLC-UV/Vis
SMP-00313,5.56,22855.9,5125.3,5256.9,0.0232,Aspirin,HPLC-UV/Vis
SMP-00313,7.18,60080.6,9852.8,10188.7,0.0574,Benzoic Acid,HPLC-UV/Vis
SMP-00313,8.89,29275.1,6235.4,6274.6,0.0297,Phenacetin,HPLC-UV/Vis
SMP-00313,10.44,79045.0,19704.9,17024.5,0.0766,Salicylic Acid,HPLC-UV/Vis
SMP-00313,12.08,55249.1,10036.9,10311.7,0.0552,Chlorpheniramine,HPLC-UV/Vis
SMP-00314,1.26,12693.3,3220.3,3359.8,0.013,Uracil,HPLC-UV/Vis
SMP-00314,2.77,46256.6,8745.7,9025.0,0.0454,Acetaminophen,HPLC-UV/Vis
SMP-00314,4.17,99485.6,16629.6,17038.5,0.0987,Caffeine,HPLC-UV/Vis
SMP-00314,5.6,19970.9,4563.6,4713.6,0.0207,Aspirin,HPLC-UV/Vis
SMP-00314,7.2,77686.2,12393.2,12619.9,0.0765,Benzoic Acid,HPLC-UV/Vis
SMP-00314,8.98,29461.2,6217.6,6452.5,0.0298,Phenacetin,HPLC-UV/Vis
SMP-00314,10.38,15740.7,3939.1,4053.3,0.0155,Salicylic Acid,HPLC-UV/Vis
SMP-00314,12.11,51197.8,9236.5,9469.5,0.0507,Chlorpheniramine,HPLC-UV/Vis
SMP-00315,1.27,14897.4,3901.8,4143.2,0.0148,Uracil,HPLC-UV/Vis
SMP-00315,2.8,49730.0,9851.3,10385.5,0.0474,Acetaminophen,HPLC-UV/Vis
SMP-00315,4.16,75428.1,12576.1,12996.0,0.0761,Caffeine,HPLC-UV/Vis
SMP-00315,5.61,19697.8,4327.2,4317.0,0.02,Aspirin,HPLC-UV/Vis
SMP-00315,7.16,62874.4,10152.2,10364.6,0.0634,Benzoic Acid,HPLC-UV/Vis
SMP-00315,8.97,34524.4,7294.0,7349.6,0.0354,Phenacetin,HPLC-UV/Vis
SMP-00315,10.45,15354.5,3654.5,3692.2,0.015,Salicylic Acid,HPLC-UV/Vis
SMP-00315,12.13,61282.6,10938.3,11258.0,0.0612,Chlorpheniramine,HPLC-UV/Vis
SMP-00316,1.27,12902.3,3329.8,3453.6,0.0131,Uracil,HPLC-UV/Vis
SMP-00316,2.77,49905.4,9766.4,9974.5,0.0501,Acetaminophen,HPLC-UV/Vis
SMP-00316,4.18,79869.0,13559.6,13972.7,0.079,Caffeine,HPLC-UV/Vis
SMP-00316,5.57,19078.5,4316.0,4616.5,0.0183,Aspirin,HPLC-UV/Vis
SMP-00316,7.22,67092.5,11430.1,11749.7,0.0663,Benzoic Acid,HPLC-UV/Vis
SMP-00316,8.88,27632.7,5850.7,6165.7,0.0285,Phenacetin,HPLC-UV/Vis
SMP-00316,10.33,14610.0,3709.9,3941.6,0.015,Salicylic Acid,HPLC-UV/Vis
SMP-00316,12.06,53980.7,9765.1,10363.8,0.0542,Chlorpheniramine,HPLC-UV/Vis
SMP-00317,1.25,12948.3,3388.2,3440.7,0.0127,Uracil,HPLC-UV/Vis
SMP-00317,2.75,53301.1,9847.9,10028.2,0.0542,Acetaminophen,HPLC-UV/Vis
SMP-00317,4.11,465022.9,71560.7,77133.5,0.4595,Caffeine,HPLC-UV/Vis
SMP-00317,5.59,21848.8,5095.9,5081.8,0.022,Aspirin,HPLC-UV/Vis
SMP-00317,7.16,61879.5,10389.9,10522.0,0.0622,Benzoic Acid,HPLC-UV/Vis
SMP-00317,8.96,26665.4,5307.6,5436.5,0.0264,Phenacetin,HPLC-UV/Vis
SMP-00317,10.41,18300.4,4457.4,4488.4,0.0187,Salicylic Acid,HPLC-UV/Vis
SMP-00317,12.11,52865.4,9742.2,9993.3,0.0506,Chlorpheniramine,HPLC-UV/Vis
SMP-00318,1.28,14244.7,3591.1,3715.1,0.0144,Uracil,HPLC-UV/Vis
SMP-00318,2.8,45970.3,8990.0,9392.9,0.0471,Acetaminophen,HPLC-UV/Vis
SMP-00318,4.14,85431.1,13641.3,13609.7,0.0855,Caffeine,HPLC-UV/Vis
SMP-00318,5.6,23079.3,5159.8,5460.2,0.0229,Aspirin,HPLC-UV/Vis
SMP-00318,7.2,80095.3,12920.4,13476.1,0.0817,Benzoic Acid,HPLC-UV/Vis
SMP-00318,8.96,33083.1,6735.4,6850.4,0.0327,Phenacetin,HPLC-UV/Vis
SMP-00318,10.39,14835.1,3574.4,3766.8,0.0145,Salicylic Acid,HPLC-UV/Vis
SMP-00318,12.14,53160.1,9498.3,9762.1,0.0534,Chlorpheniramine,HPLC-UV/Vis
SMP-00319,1.27,11252.4,2863.2,2822.3,0.0116,Uracil,HPLC-UV/Vis
SMP-00319,2.82,47982.9,9471.4,9754.0,0.0483,Acetaminophen,HPLC-UV/Vis
SMP-00319,4.11,88298.9,14057.9,14880.4,0.089,Caffeine,HPLC-UV/Vis
SMP-00319,5.59,23407.2,5157.7,5340.5,0.0234,Aspirin,HPLC-UV/Vis
SMP-00319,7.14,64882.0,10970.7,11220.3,0.0665,Benzoic Acid,HPLC-UV/Vis
SMP-00319,8.99,34794.4,7339.6,7383.2,0.0348,Phenacetin,HPLC-UV/Vis
SMP-00319,10.41,16465.5,3852.6,4116.1,0.0162,Salicylic Acid,HPLC-UV/Vis
SMP-00319,12.09,40935.3,7082.9,7657.8,0.0405,Chlorpheniramine,HPLC-UV/Vis
SMP-00320,1.25,11332.7,2995.8,3032.4,0.0114,Uracil,HPLC-UV/Vis
SMP-00320,2.88,48106.8,9309.8,9534.5,0.0476,Acetaminophen,HPLC-UV/Vis
SMP-00320,4.13,104171.6,16693.4,16483.3,0.1021,Caffeine,HPLC-UV/Vis
SMP-00320,5.59,22790.3,5210.9,5286.2,0.0231,Aspirin,HPLC-UV/Vis
SMP-00320,7.22,64763.8,10681.5,11177.2,0.0658,Benzoic Acid,HPLC-UV/Vis
SMP-00320,8.94,36189.8,7537.2,7704.3,0.0358,Phenacetin,HPLC-UV/Vis
SMP-00320,10.4,15345.5,3751.2,3889.0,0.0153,Salicylic Acid,HPLC-UV/Vis
SMP-00320,12.14,57083.8,10726.1,11049.7,0.0578,Chlorpheniramine,HPLC-UV/Vis
SMP-00321,1.28,13591.0,3553.8,3799.5,0.0135,Uracil,HPLC-UV/Vis
SMP-00321,2.79,220572.2,44223.5,38253.2,0.2159,Acetaminophen,HPLC-UV/Vis
SMP-00321,4.17,82195.0,12867.2,13303.2,0.0809,Caffeine,HPLC-UV/Vis
SMP-00321,5.61,24948.0,5383.1,5437.9,0.025,Aspirin,HPLC-UV/Vis
SMP-00321,7.24,60179.3,9894.0,10423.5,0.0628,Benzoic Acid,HPLC-UV/Vis
SMP-00321,8.93,32389.4,6533.5,6630.3,0.0325,Phenacetin,HPLC-UV/Vis
SMP-00321,10.36,17938.2,4304.1,4463.0,0.0184,Salicylic Acid,HPLC-UV/Vis
SMP-00321,12.09,58093.5,10453.5,10876.1,0.0579,Chlorpheniramine,HPLC-UV/Vis
SMP-00322,1.21,11188.6,2740.5,2819.6,0.0109,Uracil,HPLC-UV/Vis
SMP-00322,2.77,52577.1,9952.8,9995.3,0.0528,Acetaminophen,HPLC-UV/Vis
SMP-00322,4.15,88855.4,15005.5,15719.3,0.0896,Caffeine,HPLC-UV/Vis
SMP-00322,5.61,19956.6,4310.8,4563.6,0.0206,Aspirin,HPLC-UV/Vis
SMP-00322,7.14,59256.7,9619.2,9874.7,0.0576,Benzoic Acid,HPLC-UV/Vis
SMP-00322,9.0,32451.0,6699.1,6763.7,0.0314,Phenacetin,HPLC-UV/Vis
SMP-00322,10.35,15717.8,3872.5,3913.9,0.0158,Salicylic Acid,HPLC-UV/Vis
SMP-00322,12.16,58376.6,10504.2,10974.4,0.0598,Chlorpheniramine,HPLC-UV/Vis
SMP-00323,1.29,11772.5,2974.5,3042.6,0.0119,Uracil,HPLC-UV/Vis
SMP-00323,2.79,48206.0,9426.3,9780.9,0.0479,Acetaminophen,HPLC-UV/Vis
SMP-00323,4.18,98089.1,16131.1,16917.9,0.0996,Caffeine,HPLC-UV/Vis
SMP-00323,5.64,22895.0,4915.5,5037.3,0.0227,Aspirin,HPLC-UV/Vis
SMP-00323,7.18,75435.4,12069.2,12037.2,0.0753,Benzoic Acid,HPLC-UV/Vis
SMP-00323,8.91,29212.7,5846.5,6023.1,0.0288,Phenacetin,HPLC-UV/Vis
SMP-00323,10.4,17183.0,4353.3,4496.8,0.0173,Salicylic Acid,HPLC-UV/Vis
SMP-00323,12.11,56315.9,10572.9,10490.7,0.0561,Chlorpheniramine,HPLC-UV/Vis
SMP-00324,1.25,11281.2,2774.8,2902.8,0.0111,Uracil,HPLC-UV/Vis
SMP-00324,2.83,47902.4,9278.0,9386.6,0.0478,Acetaminophen,HPLC-UV/Vis
SMP-00324,4.1,75250.0,11959.3,12311.7,0.0744,Caffeine,HPLC-UV/Vis
SMP-00324,5.63,23744.0,5328.2,5517.1,0.0237,Aspirin,HPLC-UV/Vis
SMP-00324,7.17,58294.9,9637.8,9971.7,0.0563,Benzoic Acid,HPLC-UV/Vis
SMP-00324,8.92,27864.5,5596.1,5638.6,0.0282,Phenacetin,HPLC-UV/Vis
SMP-00324,10.42,14908.8,3585.4,3827.3,0.0144,Salicylic Acid,HPLC-UV/Vis
SMP-00324,12.15,58351.7,10454.0,11065.9,0.058,Chlorpheniramine,HPLC-UV/Vis
SMP-00325,1.24,11740.6,2926.8,3079.5,0.0116,Uracil,HPLC-UV/Vis
SMP-00325,2.76,45941.3,8619.2,8674.3,0.0458,Acetaminophen,HPLC-UV/Vis
SMP-00325,4.16,93742.2,15181.9,15535.5,0.0952,Caffeine,HPLC-UV/Vis
SMP-00325,5.63,25955.0,5601.9,5692.2,0.0257,Aspirin,HPLC-UV/Vis
SMP-00325,7.19,76171.9,12307.2,13002.6,0.0756,Benzoic Acid,HPLC-UV/Vis
SMP-00325,8.93,30751.2,6133.6,6233.2,0.0316,Phenacetin,HPLC-UV/Vis
SMP-00325,10.43,13548.3,3374.9,3410.6,0.0131,Salicylic Acid,HPLC-UV/Vis
SMP-00325,12.11,54490.0,10063.9,10541.6,0.0561,Chlorpheniramine,HPLC-UV/Vis
SMP-00326,1.3,14794.1,3767.3,3754.6,0.0145,Uracil,HPLC-UV/Vis
SMP-00326,2.86,45878.4,8750.8,8893.4,0.0447,Acetaminophen,HPLC-UV/Vis
SMP-00326,4.15,107931.4,17818.3,18648.6,0.1075,Caffeine,HPLC-UV/Vis
SMP-00326,5.57,19937.0,4541.2,4642.5,0.0204,Aspirin,HPLC-UV/Vis
SMP-00326,7.19,59517.0,9992.1,10248.2,0.0607,Benzoic Acid,HPLC-UV/Vis
SMP-00326,8.97,36319.9,7503.1,7846.0,0.0367,Phenacetin,HPLC-UV/Vis
SMP-00326,10.41,16692.7,4062.1,4121.0,0.0163,Salicylic Acid,HPLC-UV/Vis
SMP-00326,12.07,58243.6,10653.9,11169.1,0.0577,Chlorpheniramine,HPLC-UV/Vis
SMP-00327,1.26,12086.5,2988.4,3193.9,0.0119,Uracil,HPLC-UV/Vis
SMP-00327,2.79,51538.3,9436.9,9940.9,0.0507,Acetaminophen,HPLC-UV/Vis
SMP-00327,4.13,374391.0,54145.7,54266.3,0.3725,Caffeine,HPLC-UV/Vis
SMP-00327,5.56,22314.0,5019.6,5102.9,0.0226,Aspirin,HPLC-UV/Vis
SMP-00327,7.21,65932.5,11358.2,11304.1,0.065,Benzoic Acid,HPLC-UV/Vis
SMP-00327,9.0,38332.8,7873.3,8181.6,0.0388,Phenacetin,HPLC-UV/Vis
SMP-00327,10.41,17045.6,4204.6,4374.6,0.0168,Salicylic Acid,HPLC-UV/Vis
SMP-00327,12.08,47757.0,8149.8,8325.3,0.0475,Chlorpheniramine,HPLC-UV/Vis
SMP-00328,1.27,12684.7,3235.6,3273.5,0.013,Uracil,HPLC-UV/Vis
SMP-00328,2.79,44946.2,8538.8,8704.3,0.0444,Acetaminophen,HPLC-UV/Vis
SMP-00328,4.17,92832.3,15763.4,16618.3,0.0963,Caffeine,HPLC-UV/Vis
SMP-00328,5.62,21974.1,4978.1,5062.1,0.0213,Aspirin,HPLC-UV/Vis
SMP-00328,7.16,70358.0,11396.5,11995.2,0.0721,Benzoic Acid,HPLC-UV/Vis
SMP-00328,8.99,31223.3,6834.2,7141.2,0.0307,Phenacetin,HPLC-UV/Vis
SMP-00328,10.4,15210.0,3516.1,3648.8,0.0148,Salicylic Acid,HPLC-UV/Vis
SMP-00328,12.09,50103.9,8806.5,8524.1,0.0492,Chlorpheniramine,HPLC-UV/Vis
SMP-00329,1.23,12932.8,3457.8,3597.2,0.0132,Uracil,HPLC-UV/Vis
SMP-00329,2.77,47811.4,9556.9,9760.3,0.0471,Acetaminophen,HPLC-UV/Vis
SMP-00329,4.11,79495.7,12632.5,13125.3,0.0799,Caffeine,HPLC-UV/Vis
SMP-00329,5.57,20846.7,4682.9,4748.6,0.0206,Aspirin,HPLC-UV/Vis
SMP-00329,7.21,77788.4,12581.3,13215.8,0.0777,Benzoic Acid,HPLC-UV/Vis
SMP-00329,8.92,28216.2,5727.5,5947.4,0.0294,Phenacetin,HPLC-UV/Vis
SMP-00329,10.39,14202.9,3315.2,3420.9,0.0142,Salicylic Acid,HPLC-UV/Vis
SMP-00329,12.1,47667.5,8622.7,9100.3,0.0482,Chlorpheniramine,HPLC-UV/Vis
SMP-00330,1.23,12533.8,3275.6,3404.2,0.0126,Uracil,HPLC-UV/Vis
SMP-00330,2.76,42436.9,8435.7,8830.9,0.0425,Acetaminophen,HPLC-UV/Vis
SMP-00330,4.17,87121.3,13631.6,14432.8,0.0885,Caffeine,HPLC-UV/Vis
SMP-00330,5.67,20127.2,4247.4,4131.6,0.0206,Aspirin,HPLC-UV/Vis
SMP-00330,7.2,59135.9,9797.5,10127.6,0.0602,Benzoic Acid,HPLC-UV/Vis
SMP-00330,8.97,30813.1,6547.9,6827.1,0.0301,Phenacetin,HPLC-UV/Vis
SMP-00330,10.44,16326.9,4009.1,4262.4,0.0158,Salicylic Acid,HPLC-UV/Vis
SMP-00330,12.09,60136.9,10909.3,10965.4,0.0596,Chlorpheniramine,HPLC-UV/Vis
SMP-00331,1.24,11676.7,2940.9,3066.9,0.0122,Uracil,HPLC-UV/Vis
SMP-00331,2.88,46733.4,9236.7,9433.2,0.0467,Acetaminophen,HPLC-UV/Vis
SMP-00331,4.12,82014.1,13847.2,13832.7,0.0828,Caffeine,HPLC-UV/Vis
SMP-00331,5.57,27655.2,5960.0,6004.1,0.0276,Aspirin,HPLC-UV/Vis
SMP-00331,7.2,68447.5,11453.7,11768.9,0.0675,Benzoic Acid,HPLC-UV/Vis
SMP-00331,8.95,29654.1,6367.5,6543.0,0.0303,Phenacetin,HPLC-UV/Vis
SMP-00331,10.44,16679.0,4062.8,4179.5,0.0166,Salicylic Acid,HPLC-UV/Vis
SMP-00331,12.12,55525.9,10282.9,10567.3,0.0562,Chlorpheniramine,HPLC-UV/Vis
SMP-00332,1.21,9367.5,2394.8,2429.6,0.0092,Uracil,HPLC-UV/Vis
SMP-00332,2.79,39236.6,8304.4,8547.4,0.0382,Acetaminophen,HPLC-UV/Vis
SMP-00332,4.14,87637.6,14812.5,15233.4,0.0909,Caffeine,HPLC-UV/Vis
SMP-00332,5.61,25460.8,5804.4,6130.8,0.0253,Aspirin,HPLC-UV/Vis
SMP-00332,7.13,66079.0,11347.9,11891.9,0.066,Benzoic Acid,HPLC-UV/Vis
SMP-00332,8.94,28966.0,5852.2,5896.4,0.0294,Phenacetin,HPLC-UV/Vis
SMP-00332,10.42,14954.3,3636.1,3586.8,0.0151,Salicylic Acid,HPLC-UV/Vis
SMP-00332,12.07,53633.6,9622.2,10250.4,0.0525,Chlorpheniramine,HPLC-UV/Vis
SMP-00333,1.22,11755.9,3048.2,3126.7,0.0118,Uracil,HPLC-UV/Vis
SMP-00333,2.79,49849.6,9605.8,9875.2,0.0502,Acetaminophen,HPLC-UV/Vis
SMP-00333,4.17,92028.1,15163.8,15520.1,0.0901,Caffeine,HPLC-UV/Vis
SMP-00333,5.55,27171.9,5660.8,5965.7,0.0268,Aspirin,HPLC-UV/Vis
SMP-00333,7.13,65815.6,11426.1,11931.8,0.0654,Benzoic Acid,HPLC-UV/Vis
SMP-00333,8.91,35534.6,7222.8,7429.1,0.0357,Phenacetin,HPLC-UV/Vis
SMP-00333,10.41,14946.1,3674.2,3742.0,0.0145,Salicylic Acid,HPLC-UV/Vis
SMP-00333,12.12,56336.7,10195.9,10684.9,0.0561,Chlorpheniramine,HPLC-UV/Vis
SMP-00334,1.24,13641.5,3534.2,3600.9,0.0133,Uracil,HPLC-UV/Vis
SMP-00334,2.78,46130.3,9592.7,10034.3,0.0476,Acetaminophen,HPLC-UV/Vis
SMP-00334,4.18,89438.7,14698.1,15733.1,0.0889,Caffeine,HPLC-UV/Vis
SMP-00334,5.57,25152.4,5467.7,5743.5,0.0244,Aspirin,HPLC-UV/Vis
SMP-00334,7.18,72323.8,12014.5,12246.3,0.0718,Benzoic Acid,HPLC-UV/Vis
SMP-00334,8.98,27928.6,5678.0,5887.6,0.0289,Phenacetin,HPLC-UV/Vis
SMP-00334,10.39,16027.6,3667.8,3689.9,0.0159,Salicylic Acid,HPLC-UV/Vis
SMP-00334,12.05,58850.1,10717.6,11069.2,0.0581,Chlorpheniramine,HPLC-UV/Vis
SMP-00335,1.27,12120.7,3158.0,3202.5,0.0122,Uracil,HPLC-UV/Vis
SMP-00335,2.84,51880.6,10158.3,10469.4,0.0515,Acetaminophen,HPLC-UV/Vis
SMP-00335,4.11,87701.7,14209.4,15037.0,0.09,Caffeine,HPLC-UV/Vis
SMP-00335,5.62,21998.0,4961.4,5190.2,0.0226,Aspirin,HPLC-UV/Vis
SMP-00335,7.23,54777.3,9538.7,9820.0,0.0548,Benzoic Acid,HPLC-UV/Vis
SMP-00335,8.94,35429.5,7186.1,7504.3,0.0355,Phenacetin,HPLC-UV/Vis
SMP-00335,10.41,14147.0,3452.5,3666.7,0.0143,Salicylic Acid,HPLC-UV/Vis
SMP-00335,12.17,60484.0,11176.8,11583.1,0.0613,Chlorpheniramine,HPLC-UV/Vis
SMP-00336,1.18,12942.2,3311.0,3377.3,0.0129,Uracil,HPLC-UV/Vis
SMP-00336,2.75,51509.2,10133.2,9948.2,0.051,Acetaminophen,HPLC-UV/Vis
SMP-00336,4.14,100306.3,16762.1,16810.2,0.1,Caffeine,HPLC-UV/Vis
SMP-00336,5.56,19740.6,4235.2,4308.0,0.0199,Aspirin,HPLC-UV/Vis
SMP-00336,7.22,72457.6,11951.7,12454.4,0.0723,Benzoic Acid,HPLC-UV/Vis
SMP-00336,9.01,23929.2,4549.2,4720.5,0.0238,Phenacetin,HPLC-UV/Vis
SMP-00336,10.37,14158.6,3550.6,3743.3,0.0147,Salicylic Acid,HPLC-UV/Vis
SMP-00336,12.11,45588.3,7841.3,7851.4,0.047,Chlorpheniramine,HPLC-UV/Vis
SMP-00337,1.25,12736.4,3268.1,3292.9,0.0129,Uracil,HPLC-UV/Vis
SMP-00337,2.76,48430.4,9297.8,9619.1,0.0483,Acetaminophen,HPLC-UV/Vis
SMP-00337,4.16,81318.1,13358.9,13854.4,0.0822,Caffeine,HPLC-UV/Vis
SMP-00337,5.58,24642.9,5177.1,5319.9,0.0245,Aspirin,HPLC-UV/Vis
SMP-00337,7.2,71498.0,11289.8,11549.1,0.0704,Benzoic Acid,HPLC-UV/Vis
SMP-00337,8.93,31429.0,6471.7,6460.1,0.0311,Phenacetin,HPLC-UV/Vis
SMP-00337,10.4,12011.9,2861.4,3005.6,0.0122,Salicylic Acid,HPLC-UV/Vis
SMP-00337,12.07,61143.7,11042.9,11725.9,0.0611,Chlorpheniramine,HPLC-UV/Vis
SMP-00338,1.28,11898.3,3022.1,3024.9,0.0124,Uracil,HPLC-UV/Vis
SMP-00338,2.85,43825.1,8268.9,8735.1,0.0438,Acetaminophen,HPLC-UV/Vis
SMP-00338,4.11,85118.8,14023.1,14079.4,0.0842,Caffeine,HPLC-UV/Vis
SMP-00338,5.6,26517.8,5809.0,5903.1,0.0278,Aspirin,HPLC-UV/Vis
SMP-00338,7.19,64988.2,10707.0,11044.8,0.0662,Benzoic Acid,HPLC-UV/Vis
SMP-00338,8.98,34457.8,7108.8,7375.5,0.0351,Phenacetin,HPLC-UV/Vis
SMP-00338,10.47,14801.0,3565.4,3585.9,0.0144,Salicylic Acid,HPLC-UV/Vis
SMP-00338,12.17,51126.4,9346.8,9668.3,0.0522,Chlorpheniramine,HPLC-UV/Vis
SMP-00339,1.3,12153.4,3174.5,3309.6,0.0122,Uracil,HPLC-UV/Vis
SMP-00339,2.78,51058.8,10256.4,10521.5,0.0513,Acetaminophen,HPLC-UV/Vis
SMP-00339,4.1,85219.3,14730.8,15260.9,0.0832,Caffeine,HPLC-UV/Vis
SMP-00339,5.63,17217.5,3828.5,3914.8,0.0165,Aspirin,HPLC-UV/Vis
SMP-00339,7.2,67237.7,11056.8,11162.6,0.0653,Benzoic Acid,HPLC-UV/Vis
SMP-00339,8.96,29045.4,6123.4,6335.7,0.029,Phenacetin,HPLC-UV/Vis
SMP-00339,10.39,16750.7,4137.9,4222.5,0.0159,Salicylic Acid,HPLC-UV/Vis
SMP-00339,12.09,49284.3,8790.1,9197.4,0.0492,Chlorpheniramine,HPLC-UV/Vis
SMP-00340,1.2,12070.7,2916.3,2978.9,0.0119,Uracil,HPLC-UV/Vis
SMP-00340,2.81,50448.1,9689.0,9782.1,0.0495,Acetaminophen,HPLC-UV/Vis
SMP-00340,4.2,92879.3,14935.1,15326.8,0.0928,Caffeine,HPLC-UV/Vis
SMP-00340,5.64,23700.5,5249.7,5438.6,0.0239,Aspirin,HPLC-UV/Vis
SMP-00340,7.17,74357.3,12364.4,12969.9,0.0766,Benzoic Acid,HPLC-UV/Vis
SMP-00340,8.96,41185.3,8488.6,8558.1,0.041,Phenacetin,HPLC-UV/Vis
SMP-00340,10.36,14426.8,3640.4,3729.8,0.0144,Salicylic Acid,HPLC-UV/Vis
SMP-00340,12.08,46240.9,7952.9,8284.0,0.0465,Chlorpheniramine,HPLC-UV/Vis
SMP-00341,1.22,12113.6,3220.7,3263.5,0.012,Uracil,HPLC-UV/Vis
SMP-00341,2.8,44117.4,8663.7,9290.1,0.0443,Acetaminophen,HPLC-UV/Vis
SMP-00341,4.18,95411.1,15258.4,16418.7,0.0954,Caffeine,HPLC-UV/Vis
SMP-00341,5.62,23899.0,5510.1,5610.4,0.0243,Aspirin,HPLC-UV/Vis
SMP-00341,7.23,65951.1,10842.3,11326.3,0.0664,Benzoic Acid,HPLC-UV/Vis
SMP-00341,8.99,33485.9,6855.1,6996.6,0.0337,Phenacetin,HPLC-UV/Vis
SMP-00341,10.35,16186.8,4017.4,3948.9,0.0162,Salicylic Acid,HPLC-UV/Vis
SMP-00341,12.12,58550.2,10490.7,10587.3,0.0566,Chlorpheniramine,HPLC-UV/Vis
SMP-00342,1.27,13905.3,3504.4,3665.9,0.0136,Uracil,HPLC-UV/Vis
SMP-00342,2.8,48837.7,9939.0,10189.4,0.048,Acetaminophen,HPLC-UV/Vis
SMP-00342,4.13,109012.5,18050.0,18993.1,0.1086,Caffeine,HPLC-UV/Vis
SMP-00342,5.62,109658.0,23166.0,24720.3,0.1086,Aspirin,HPLC-UV/Vis
SMP-00342,7.21,66192.0,10722.0,11066.1,0.0655,Benzoic Acid,HPLC-UV/Vis
SMP-00342,8.98,27291.2,6015.9,6187.6,0.0275,Phenacetin,HPLC-UV/Vis
SMP-00342,10.43,15404.7,3707.5,3776.1,0.0153,Salicylic Acid,HPLC-UV/Vis
SMP-00342,12.11,53984.9,9552.4,9692.0,0.0535,Chlorpheniramine,HPLC-UV/Vis
SMP-00343,1.27,13442.9,3455.0,3585.2,0.0135,Uracil,HPLC-UV/Vis
SMP-00343,2.79,44081.2,8288.9,8443.5,0.0442,Acetaminophen,HPLC-UV/Vis
SMP-00343,4.13,103008.2,16047.5,16470.1,0.1009,Caffeine,HPLC-UV/Vis
SMP-00343,5.59,20818.7,4684.4,4951.5,0.0212,Aspirin,HPLC-UV/Vis
SMP-00343,7.16,65761.8,11085.6,11611.3,0.0681,Benzoic Acid,HPLC-UV/Vis
SMP-00343,8.98,39417.3,8104.6,8300.9,0.0395,Phenacetin,HPLC-UV/Vis
SMP-00343,10.4,12906.7,3083.6,3169.0,0.0132,Salicylic Acid,HPLC-UV/Vis
SMP-00343,12.07,65453.2,11878.9,12292.3,0.0637,Chlorpheniramine,HPLC-UV/Vis
SMP-00344,1.28,12661.9,3264.8,3377.6,0.0124,Uracil,HPLC-UV/Vis
SMP-00344,2.84,50777.3,9834.2,10436.8,0.0496,Acetaminophen,HPLC-UV/Vis
SMP-00344,4.21,94356.4,15212.6,15652.2,0.0929,Caffeine,HPLC-UV/Vis
SMP-00344,5.61,23145.9,4933.0,5107.1,0.0229,Aspirin,HPLC-UV/Vis
SMP-00344,7.24,82024.0,14283.8,14898.1,0.0817,Benzoic Acid,HPLC-UV/Vis
SMP-00344,8.96,29889.2,6384.8,6316.3,0.0297,Phenacetin,HPLC-UV/Vis
SMP-00344,10.37,15226.1,3776.6,4004.6,0.0148,Salicylic Acid,HPLC-UV/Vis
SMP-00344,12.07,45867.3,7862.6,7945.5,0.0472,Chlorpheniramine,HPLC-UV/Vis
SMP-00345,1.25,11260.9,2955.2,3154.7,0.0111,Uracil,HPLC-UV/Vis
SMP-00345,2.81,45877.4,9022.2,9363.4,0.0476,Acetaminophen,HPLC-UV/Vis
SMP-00345,4.17,85441.0,14254.0,14408.9,0.0856,Caffeine,HPLC-UV/Vis
SMP-00345,5.52,23638.6,5260.8,5394.6,0.0235,Aspirin,HPLC-UV/Vis
SMP-00345,7.19,68896.2,11285.6,12080.6,0.0686,Benzoic Acid,HPLC-UV/Vis
SMP-00345,8.93,34111.8,7138.6,7412.6,0.0335,Phenacetin,HPLC-UV/Vis
SMP-00345,10.45,14409.6,3583.1,3622.9,0.0147,Salicylic Acid,HPLC-UV/Vis
SMP-00345,12.07,50339.9,8939.6,9280.2,0.0504,Chlorpheniramine,HPLC-UV/Vis
SMP-00346,1.25,11026.8,2896.0,3030.7,0.0111,Uracil,HPLC-UV/Vis
SMP-00346,2.85,45078.4,8508.0,8861.8,0.044,Acetaminophen,HPLC-UV/Vis
SMP-00346,4.13,82940.5,13373.8,14015.7,0.0849,Caffeine,HPLC-UV/Vis
SMP-00346,5.61,22504.7,4608.1,4780.2,0.0215,Aspirin,HPLC-UV/Vis
SMP-00346,7.2,69183.4,11345.6,12034.4,0.0698,Benzoic Acid,HPLC-UV/Vis
SMP-00346,8.99,36083.6,7500.7,7609.4,0.0357,Phenacetin,HPLC-UV/Vis
SMP-00346,10.4,13962.6,3363.6,3482.1,0.0133,Salicylic Acid,HPLC-UV/Vis
SMP-00346,12.08,53916.2,9603.9,9840.1,0.0531,Chlorpheniramine,HPLC-UV/Vis
SMP-00347,1.23,12185.1,3102.1,3202.1,0.0123,Uracil,HPLC-UV/Vis
SMP-00347,2.78,38583.0,7837.4,8132.9,0.0377,Acetaminophen,HPLC-UV/Vis
SMP-00347,4.18,104625.2,17116.6,17992.8,0.1025,Caffeine,HPLC-UV/Vis
SMP-00347,5.59,23891.3,5521.5,5714.8,0.0235,Aspirin,HPLC-UV/Vis
SMP-00347,7.25,70863.1,11926.9,12202.7,0.0712,Benzoic Acid,HPLC-UV/Vis
SMP-00347,8.96,27534.8,5579.5,5675.2,0.0255,Phenacetin,HPLC-UV/Vis
SMP-00347,10.37,15272.5,3720.4,3963.6,0.0154,Salicylic Acid,HPLC-UV/Vis
SMP-00347,12.11,58926.2,10788.6,11173.0,0.0597,Chlorpheniramine,HPLC-UV/Vis
SMP-00348,1.31,14429.8,3729.7,3736.2,0.0148,Uracil,HPLC-UV/Vis
SMP-00348,2.82,39924.5,8353.0,8362.7,0.04,Acetaminophen,HPLC-UV/Vis
SMP-00348,4.15,85407.2,14378.2,14687.2,0.0874,Caffeine,HPLC-UV/Vis
SMP-00348,5.59,22495.0,5042.5,5231.0,0.0228,Aspirin,HPLC-UV/Vis
SMP-00348,7.22,61348.5,10325.8,10967.7,0.0591,Benzoic Acid,HPLC-UV/Vis
SMP-00348,8.97,35759.4,7475.1,7714.4,0.036,Phenacetin,HPLC-UV/Vis
SMP-00348,10.39,13516.9,3462.1,3597.2,0.0132,Salicylic Acid,HPLC-UV/Vis
SMP-00348,12.13,59581.9,10500.9,10157.7,0.06,Chlorpheniramine,HPLC-UV/Vis
SMP-00349,1.27,13633.6,3611.1,3845.5,0.014,Uracil,HPLC-UV/Vis
SMP-00349,2.84,52515.5,10194.5,10237.4,0.0548,Acetaminophen,HPLC-UV/Vis
SMP-00349,4.19,84292.3,14121.6,13854.7,0.0836,Caffeine,HPLC-UV/Vis
SMP-00349,5.61,25576.4,5479.7,5716.4,0.0261,Aspirin,HPLC-UV/Vis
SMP-00349,7.22,64303.0,10258.8,10941.8,0.0653,Benzoic Acid,HPLC-UV/Vis
SMP-00349,8.9,28295.1,5925.7,6145.4,0.0271,Phenacetin,HPLC-UV/Vis
SMP-00349,10.35,17713.0,4338.5,4428.5,0.018,Salicylic Acid,HPLC-UV/Vis
SMP-00349,12.14,54637.1,9920.3,10161.3,0.0549,Chlorpheniramine,HPLC-UV/Vis
SMP-00350,1.23,13257.2,3322.9,3285.3,0.0134,Uracil,HPLC-UV/Vis
SMP-00350,2.8,38948.6,7650.2,7920.4,0.0381,Acetaminophen,HPLC-UV/Vis
SMP-00350,4.14,95025.0,15628.2,15821.7,0.0953,Caffeine,HPLC-UV/Vis
SMP-00350,5.56,23245.9,5337.5,5361.5,0.0238,Aspirin,HPLC-UV/Vis
SMP-00350,7.19,65088.2,11163.7,11457.1,0.0619,Benzoic Acid,HPLC-UV/Vis
SMP-00350,8.96,33509.5,6705.1,6870.1,0.0341,Phenacetin,HPLC-UV/Vis
SMP-00350,10.35,17531.5,4246.1,4466.2,0.0171,Salicylic Acid,HPLC-UV/Vis
SMP-00350,12.12,53728.6,9367.4,9201.2,0.0554,Chlorpheniramine,HPLC-UV/Vis
SMP-00351,1.29,13606.7,3554.6,3638.4,0.0138,Uracil,HPLC-UV/Vis
SMP-00351,2.8,54510.0,10192.6,10170.8,0.0554,Acetaminophen,HPLC-UV/Vis
SMP-00351,4.21,101130.0,17130.0,17946.9,0.0995,Caffeine,HPLC-UV/Vis
SMP-00351,5.64,19636.0,4578.0,4776.6,0.0196,Aspirin,HPLC-UV/Vis
SMP-00351,7.21,66035.9,11453.1,12115.5,0.0662,Benzoic Acid,HPLC-UV/Vis
SMP-00351,8.93,29328.4,6267.2,6201.7,0.0296,Phenacetin,HPLC-UV/Vis
SMP-00351,10.38,17119.9,4167.2,4246.8,0.0174,Salicylic Acid,HPLC-UV/Vis
SMP-00351,12.13,43456.4,7941.8,8187.0,0.0429,Chlorpheniramine,HPLC-UV/Vis
SMP-00352,1.22,12351.4,3275.9,3410.9,0.0125,Uracil,HPLC-UV/Vis
SMP-00352,2.79,44417.9,8698.1,8928.8,0.0454,Acetaminophen,HPLC-UV/Vis
SMP-00352,4.16,76688.7,12876.6,13113.2,0.0748,Caffeine,HPLC-UV/Vis
SMP-00352,5.62,25357.1,5668.2,5827.7,0.0252,Aspirin,HPLC-UV/Vis
SMP-00352,7.23,66940.5,11820.9,12128.8,0.0651,Benzoic Acid,HPLC-UV/Vis
SMP-00352,8.9,29909.3,6091.1,6357.0,0.0299,Phenacetin,HPLC-UV/Vis
SMP-00352,10.4,15621.8,3739.5,3958.1,0.0151,Salicylic Acid,HPLC-UV/Vis
SMP-00352,12.09,58438.1,10560.6,10879.3,0.0581,Chlorpheniramine,HPLC-UV/Vis
SMP-00353,1.25,14902.8,3856.5,3973.9,0.0149,Uracil,HPLC-UV/Vis
SMP-00353,2.78,46467.7,9032.3,9362.0,0.0468,Acetaminophen,HPLC-UV/Vis
SMP-00353,4.15,103195.9,16959.0,18351.7,0.1033,Caffeine,HPLC-UV/Vis
SMP-00353,5.58,26335.8,5707.0,5930.2,0.0262,Aspirin,HPLC-UV/Vis
SMP-00353,7.19,62080.5,10225.5,10847.5,0.0627,Benzoic Acid,HPLC-UV/Vis
SMP-00353,8.98,28418.8,5972.6,6217.9,0.0288,Phenacetin,HPLC-UV/Vis
SMP-00353,10.38,16553.6,4175.9,4247.5,0.0163,Salicylic Acid,HPLC-UV/Vis
SMP-00353,12.11,46556.0,8580.4,8596.1,0.048,Chlorpheniramine,HPLC-UV/Vis
SMP-00354,1.31,55789.3,14793.3,11991.5,0.0563,Uracil,HPLC-UV/Vis
SMP-00354,2.84,44868.1,9199.3,9331.2,0.0451,Acetaminophen,HPLC-UV/Vis
SMP-00354,4.21,74506.0,11484.9,11683.6,0.0769,Caffeine,HPLC-UV/Vis
SMP-00354,5.6,25453.7,5602.3,5817.7,0.0262,Aspirin,HPLC-UV/Vis
SMP-00354,7.18,70570.4,11976.4,12362.2,0.0719,Benzoic Acid,HPLC-UV/Vis
SMP-00354,8.95,32369.1,6695.4,7112.3,0.0326,Phenacetin,HPLC-UV/Vis
SMP-00354,10.42,17174.6,4271.9,4461.4,0.0167,Salicylic Acid,HPLC-UV/Vis
SMP-00354,12.14,56579.5,10224.4,10673.1,0.0587,Chlorpheniramine,HPLC-UV/Vis
SMP-00355,1.28,11346.5,2843.7,2793.3,0.0115,Uracil,HPLC-UV/Vis
SMP-00355,2.84,48893.7,9460.4,9637.5,0.0481,Acetaminophen,HPLC-UV/Vis
SMP-00355,4.12,104864.1,16479.8,16909.3,0.1014,Caffeine,HPLC-UV/Vis
SMP-00355,5.6,22275.8,4775.6,4919.1,0.022,Aspirin,HPLC-UV/Vis
SMP-00355,7.26,68560.6,11572.7,11812.4,0.0675,Benzoic Acid,HPLC-UV/Vis
SMP-00355,9.03,30303.6,6285.9,6370.4,0.0286,Phenacetin,HPLC-UV/Vis
SMP-00355,10.47,16529.6,4213.5,4310.6,0.0158,Salicylic Acid,HPLC-UV/Vis
SMP-00355,12.11,55488.8,10030.4,10225.0,0.0565,Chlorpheniramine,HPLC-UV/Vis
SMP-00356,1.26,12693.7,3227.2,3267.2,0.0126,Uracil,HPLC-UV/Vis
SMP-00356,2.83,50473.6,9598.6,9610.6,0.0515,Acetaminophen,HPLC-UV/Vis
SMP-00356,4.15,85895.6,13326.1,13957.0,0.088,Caffeine,HPLC-UV/Vis
SMP-00356,5.58,25966.9,5635.1,6004.6,0.0259,Aspirin,HPLC-UV/Vis
SMP-00356,7.2,64794.2,11146.2,11678.0,0.0663,Benzoic Acid,HPLC-UV/Vis
SMP-00356,8.94,31172.1,6313.0,6687.5,0.0318,Phenacetin,HPLC-UV/Vis
SMP-00356,10.37,18004.5,4401.3,4521.9,0.0185,Salicylic Acid,HPLC-UV/Vis
SMP-00356,12.09,52950.2,9187.3,9521.0,0.0521,Chlorpheniramine,HPLC-UV/Vis
SMP-00357,1.23,11719.6,2931.7,3034.1,0.0117,Uracil,HPLC-UV/Vis
SMP-00357,2.87,45087.7,8923.5,9319.5,0.045,Acetaminophen,HPLC-UV/Vis
SMP-00357,4.15,91007.6,14538.8,14831.2,0.091,Caffeine,HPLC-UV/Vis
SMP-00357,5.64,28091.6,6228.5,6498.2,0.0286,Aspirin,HPLC-UV/Vis
SMP-00357,7.23,387155.3,67924.7,65310.9,0.3945,Benzoic Acid,HPLC-UV/Vis
SMP-00357,8.98,33155.7,6879.2,7117.1,0.0327,Phenacetin,HPLC-UV/Vis
SMP-00357,10.43,14838.1,3747.8,3886.6,0.0152,Salicylic Acid,HPLC-UV/Vis
SMP-00357,12.03,57533.7,10302.2,10851.3,0.0582,Chlorpheniramine,HPLC-UV/Vis
SMP-00358,1.24,11314.3,2866.5,2849.3,0.0112,Uracil,HPLC-UV/Vis
SMP-00358,2.76,46333.7,9146.7,9415.3,0.0459,Acetaminophen,HPLC-UV/Vis
SMP-00358,4.14,81866.5,13280.6,13274.9,0.0831,Caffeine,HPLC-UV/Vis
SMP-00358,5.61,25149.5,5603.0,5860.6,0.0242,Aspirin,HPLC-UV/Vis
SMP-00358,7.23,70832.3,12392.3,13186.5,0.0712,Benzoic Acid,HPLC-UV/Vis
SMP-00358,8.92,29715.9,6017.6,6126.7,0.0291,Phenacetin,HPLC-UV/Vis
SMP-00358,10.45,17056.6,4118.1,4325.2,0.0172,Salicylic Acid,HPLC-UV/Vis
SMP-00358,12.1,53117.2,9796.1,10117.3,0.0523,Chlorpheniramine,HPLC-UV/Vis
SMP-00359,1.26,12984.2,3307.2,3331.6,0.0133,Uracil,HPLC-UV/Vis
SMP-00359,2.74,51935.5,10036.9,10376.1,0.053,Acetaminophen,HPLC-UV/Vis
SMP-00359,4.18,91350.8,14251.3,14101.3,0.0929,Caffeine,HPLC-UV/Vis
SMP-00359,5.58,22476.8,4877.4,4966.8,0.023,Aspirin,HPLC-UV/Vis
SMP-00359,7.19,85311.8,13695.4,14256.4,0.0839,Benzoic Acid,HPLC-UV/Vis
SMP-00359,8.95,33835.6,6890.9,7047.1,0.0337,Phenacetin,HPLC-UV/Vis
SMP-00359,10.42,16039.6,3956.7,4069.9,0.016,Salicylic Acid,HPLC-UV/Vis
SMP-00359,12.13,61869.2,11296.7,11941.3,0.0614,Chlorpheniramine,HPLC-UV/Vis
SMP-00360,1.29,13500.6,3442.1,3473.4,0.0135,Uracil,HPLC-UV/Vis
SMP-00360,2.85,49281.2,9372.4,9457.6,0.0486,Acetaminophen,HPLC-UV/Vis
SMP-00360,4.14,99142.6,15695.9,16885.5,0.0975,Caffeine,HPLC-UV/Vis
SMP-00360,5.65,26152.1,5746.3,5962.5,0.0263,Aspirin,HPLC-UV/Vis
SMP-00360,7.16,50671.6,8136.9,8676.6,0.0532,Benzoic Acid,HPLC-UV/Vis
SMP-00360,8.92,32068.1,6662.8,6942.7,0.0305,Phenacetin,HPLC-UV/Vis
SMP-00360,10.36,17367.4,4208.0,4273.8,0.0177,Salicylic Acid,HPLC-UV/Vis
SMP-00360,12.1,56685.1,10216.7,10605.3,0.0575,Chlorpheniramine,HPLC-UV/Vis
SMP-00361,1.26,14184.7,3492.5,3541.5,0.0142,Uracil,HPLC-UV/Vis
SMP-00361,2.79,51698.1,10006.8,9940.9,0.0513,Acetaminophen,HPLC-UV/Vis
SMP-00361,4.15,94160.7,15512.8,15935.1,0.092,Caffeine,HPLC-UV/Vis
SMP-00361,5.58,22441.4,5060.6,5253.4,0.0228,Aspirin,HPLC-UV/Vis
SMP-00361,7.25,71935.0,11992.1,12496.6,0.071,Benzoic Acid,HPLC-UV/Vis
SMP-00361,8.93,33532.5,6894.3,7082.3,0.033,Phenacetin,HPLC-UV/Vis
SMP-00361,10.44,15276.4,3672.2,3733.1,0.0157,Salicylic Acid,HPLC-UV/Vis
SMP-00361,12.07,60512.8,10899.3,11093.2,0.0602,Chlorpheniramine,HPLC-UV/Vis
SMP-00362,1.21,13416.8,3427.3,3572.4,0.0135,Uracil,HPLC-UV/Vis
SMP-00362,2.74,41830.4,8281.0,8318.3,0.0422,Acetaminophen,HPLC-UV/Vis
SMP-00362,4.15,103562.0,17171.7,17051.2,0.1051,Caffeine,HPLC-UV/Vis
SMP-00362,5.68,24197.4,5133.8,5332.5,0.0249,Aspirin,HPLC-UV/Vis
SMP-00362,7.23,61741.2,10385.5,10180.0,0.0605,Benzoic Acid,HPLC-UV/Vis
SMP-00362,8.94,27142.4,5472.1,5672.3,0.0271,Phenacetin,HPLC-UV/Vis
SMP-00362,10.42,15065.3,3824.7,3863.8,0.0157,Salicylic Acid,HPLC-UV/Vis
SMP-00362,12.09,52632.8,9577.8,9979.8,0.0538,Chlorpheniramine,HPLC-UV/Vis
SMP-00363,1.26,9815.3,2505.8,2653.8,0.0095,Uracil,HPLC-UV/Vis
SMP-00363,2.81,52154.7,10222.2,10139.4,0.0506,Acetaminophen,HPLC-UV/Vis
SMP-00363,4.11,90420.1,14783.7,15082.4,0.0937,Caffeine,HPLC-UV/Vis
SMP-00363,5.64,25226.5,5546.9,5691.7,0.0251,Aspirin,HPLC-UV/Vis
SMP-00363,7.18,79026.8,12882.3,13324.1,0.0787,Benzoic Acid,HPLC-UV/Vis
SMP-00363,9.02,29830.5,6061.0,6162.3,0.0299,Phenacetin,HPLC-UV/Vis
SMP-00363,10.37,14938.7,3708.4,3895.9,0.0149,Salicylic Acid,HPLC-UV/Vis
SMP-00363,12.09,51477.6,9037.8,9027.6,0.0507,Chlorpheniramine,HPLC-UV/Vis
SMP-00364,1.24,12019.7,3054.3,3221.9,0.0118,Uracil,HPLC-UV/Vis
SMP-00364,2.8,46111.3,9026.1,9307.2,0.0468,Acetaminophen,HPLC-UV/Vis
SMP-00364,4.2,89597.6,13823.7,14414.9,0.0903,Caffeine,HPLC-UV/Vis
SMP-00364,5.59,18215.2,3723.9,3958.3,0.0179,Aspirin,HPLC-UV/Vis
SMP-00364,7.15,60344.3,10256.3,10542.9,0.0611,Benzoic Acid,HPLC-UV/Vis
SMP-00364,8.95,30552.5,6137.0,6174.6,0.0314,Phenacetin,HPLC-UV/Vis
SMP-00364,10.37,13878.3,3341.0,3464.0,0.0138,Salicylic Acid,HPLC-UV/Vis
SMP-00364,12.1,53579.6,10397.7,10600.5,0.0554,Chlorpheniramine,HPLC-UV/Vis
SMP-00365,1.27,10052.4,2586.7,2637.7,0.0101,Uracil,HPLC-UV/Vis
SMP-00365,2.82,50311.5,10089.5,10315.1,0.0493,Acetaminophen,HPLC-UV/Vis
SMP-00365,4.2,89819.8,14797.6,15172.0,0.0889,Caffeine,HPLC-UV/Vis
SMP-00365,5.6,24032.1,5383.8,5582.7,0.0243,Aspirin,HPLC-UV/Vis
SMP-00365,7.17,67112.8,11146.8,11364.8,0.0674,Benzoic Acid,HPLC-UV/Vis
SMP-00365,8.99,35606.7,7052.0,7099.5,0.0354,Phenacetin,HPLC-UV/Vis
SMP-00365,10.39,14738.5,3555.5,3696.5,0.0143,Salicylic Acid,HPLC-UV/Vis
SMP-00365,12.1,59896.6,10660.0,11102.2,0.06,Chlorpheniramine,HPLC-UV/Vis
SMP-00366,1.24,14382.3,3553.4,3727.4,0.0145,Uracil,HPLC-UV/Vis
SMP-00366,2.86,54267.3,9992.1,10327.2,0.0549,Acetaminophen,HPLC-UV/Vis
SMP-00366,4.2,100865.0,16511.7,17759.0,0.1025,Caffeine,HPLC-UV/Vis
SMP-00366,5.58,25972.1,5613.1,5735.5,0.0259,Aspirin,HPLC-UV/Vis
SMP-00366,7.19,58523.7,10116.2,10337.8,0.0612,Benzoic Acid,HPLC-UV/Vis
SMP-00366,8.99,33168.7,7056.8,7349.0,0.0333,Phenacetin,HPLC-UV/Vis
SMP-00366,10.47,15179.8,3788.3,3901.5,0.0153,Salicylic Acid,HPLC-UV/Vis
SMP-00366,12.04,53115.9,9898.3,10043.8,0.0541,Chlorpheniramine,HPLC-UV/Vis
SMP-00367,1.24,13578.3,3555.4,3691.9,0.0139,Uracil,HPLC-UV/Vis
SMP-00367,2.75,44068.4,8082.1,8430.8,0.0449,Acetaminophen,HPLC-UV/Vis
SMP-00367,4.16,97834.8,15217.9,15641.7,0.0953,Caffeine,HPLC-UV/Vis
SMP-00367,5.65,25625.4,5759.2,5911.1,0.0252,Aspirin,HPLC-UV/Vis
SMP-00367,7.23,70162.6,11127.1,11484.2,0.0676,Benzoic Acid,HPLC-UV/Vis
SMP-00367,8.93,27384.2,5774.7,6012.5,0.0275,Phenacetin,HPLC-UV/Vis
SMP-00367,10.42,14594.5,3614.3,3702.0,0.015,Salicylic Acid,HPLC-UV/Vis
SMP-00367,12.11,46383.1,8405.0,8647.7,0.0453,Chlorpheniramine,HPLC-UV/Vis
SMP-00368,1.26,12445.1,3063.1,3138.3,0.0124,Uracil,HPLC-UV/Vis
SMP-00368,2.8,43915.0,8413.7,8677.4,0.0448,Acetaminophen,HPLC-UV/Vis
SMP-00368,4.19,99309.0,16794.4,17758.0,0.1021,Caffeine,HPLC-UV/Vis
SMP-00368,5.62,25914.3,5935.7,6022.3,0.0262,Aspirin,HPLC-UV/Vis
SMP-00368,7.26,58049.7,9388.4,9330.1,0.0582,Benzoic Acid,HPLC-UV/Vis
SMP-00368,8.95,31515.6,6570.8,6752.7,0.0317,Phenacetin,HPLC-UV/Vis
SMP-00368,10.37,15454.0,3849.0,4036.0,0.0159,Salicylic Acid,HPLC-UV/Vis
SMP-00368,12.11,58267.0,10361.0,10540.0,0.0581,Chlorpheniramine,HPLC-UV/Vis
SMP-00369,1.26,13756.7,3467.7,3601.9,0.0137,Uracil,HPLC-UV/Vis
SMP-00369,2.86,41210.0,7666.8,7929.7,0.0415,Acetaminophen,HPLC-UV/Vis
SMP-00369,4.21,82268.7,13121.7,13937.6,0.0839,Caffeine,HPLC-UV/Vis
SMP-00369,5.58,25700.8,5797.4,5993.3,0.0254,Aspirin,HPLC-UV/Vis
SMP-00369,7.25,60026.7,9706.7,9876.0,0.0595,Benzoic Acid,HPLC-UV/Vis
SMP-00369,8.98,32640.0,6707.5,6945.9,0.033,Phenacetin,HPLC-UV/Vis
SMP-00369,10.43,14311.4,3435.6,3562.0,0.0143,Salicylic Acid,HPLC-UV/Vis
SMP-00369,12.1,52632.7,9966.5,10406.7,0.053,Chlorpheniramine,HPLC-UV/Vis
SMP-00370,1.23,15158.2,3791.6,3914.0,0.0151,Uracil,HPLC-UV/Vis
SMP-00370,2.79,42265.8,8530.8,8581.2,0.0432,Acetaminophen,HPLC-UV/Vis
SMP-00370,4.14,93951.7,15203.8,15325.1,0.092,Caffeine,HPLC-UV/Vis
SMP-00370,5.62,23659.0,5163.8,5299.1,0.0235,Aspirin,HPLC-UV/Vis
SMP-00370,7.2,70921.5,11808.7,12580.8,0.0696,Benzoic Acid,HPLC-UV/Vis
SMP-00370,8.95,31961.0,6191.5,6451.8,0.0321,Phenacetin,HPLC-UV/Vis
SMP-00370,10.4,14339.3,3441.3,3452.4,0.0145,Salicylic Acid,HPLC-UV/Vis
SMP-00370,12.11,42496.8,7768.2,7971.1,0.0413,Chlorpheniramine,HPLC-UV/Vis
SMP-00371,1.28,11618.2,2828.4,2799.4,0.0115,Uracil,HPLC-UV/Vis
SMP-00371,2.78,42670.8,8443.9,8775.4,0.0429,Acetaminophen,HPLC-UV/Vis
SMP-00371,4.13,79437.2,12685.8,12916.4,0.0758,Caffeine,HPLC-UV/Vis
SMP-00371,5.63,24950.0,5589.1,5771.5,0.0256,Aspirin,HPLC-UV/Vis
SMP-00371,7.17,74977.9,12469.4,12676.1,0.0757,Benzoic Acid,HPLC-UV/Vis
SMP-00371,8.92,28500.5,5908.4,6109.9,0.0294,Phenacetin,HPLC-UV/Vis
SMP-00371,10.39,17846.6,4459.7,4606.4,0.0174,Salicylic Acid,HPLC-UV/Vis
SMP-00371,12.07,54398.5,9686.9,10288.0,0.0527,Chlorpheniramine,HPLC-UV/Vis
SMP-00372,1.26,13099.7,3118.6,3103.9,0.0131,Uracil,HPLC-UV/Vis
SMP-00372,2.86,43901.8,8485.9,8598.5,0.0445,Acetaminophen,HPLC-UV/Vis
SMP-00372,4.19,88942.1,14093.4,14518.5,0.0914,Caffeine,HPLC-UV/Vis
SMP-00372,5.55,22268.4,4874.0,4842.7,0.0224,Aspirin,HPLC-UV/Vis
SMP-00372,7.26,58419.9,9953.9,10445.0,0.0591,Benzoic Acid,HPLC-UV/Vis
SMP-00372,8.92,31503.7,6480.0,6601.9,0.0323,Phenacetin,HPLC-UV/Vis
SMP-00372,10.34,15251.2,3769.8,3908.7,0.0154,Salicylic Acid,HPLC-UV/Vis
SMP-00372,12.07,51904.4,9839.6,9747.6,0.0518,Chlorpheniramine,HPLC-UV/Vis
SMP-00373,1.29,13272.4,3477.1,3509.1,0.0137,Uracil,HPLC-UV/Vis
SMP-00373,2.77,47576.7,9114.0,9425.1,0.048,Acetaminophen,HPLC-UV/Vis
SMP-00373,4.16,351470.4,50906.3,49390.7,0.3583,Caffeine,HPLC-UV/Vis
SMP-00373,5.55,27132.7,5815.0,6074.6,0.0268,Aspirin,HPLC-UV/Vis
SMP-00373,7.2,78479.2,13238.4,13737.5,0.0802,Benzoic Acid,HPLC-UV/Vis
SMP-00373,8.98,34012.5,7148.3,7340.5,0.0337,Phenacetin,HPLC-UV/Vis
SMP-00373,10.38,14170.1,3493.5,3582.4,0.0143,Salicylic Acid,HPLC-UV/Vis
SMP-00373,12.07,48294.3,8665.3,8791.0,0.0473,Chlorpheniramine,HPLC-UV/Vis
SMP-00374,1.2,14969.3,3875.2,4067.9,0.0152,Uracil,HPLC-UV/Vis
SMP-00374,2.85,40842.7,7895.3,7997.4,0.0393,Acetaminophen,HPLC-UV/Vis
SMP-00374,4.21,87653.5,15111.5,16195.3,0.093,Caffeine,HPLC-UV/Vis
SMP-00374,5.67,23851.1,5301.1,5491.4,0.0239,Aspirin,HPLC-UV/Vis
SMP-00374,7.22,64260.5,10216.1,10596.9,0.0633,Benzoic Acid,HPLC-UV/Vis
SMP-00374,8.95,30039.3,6375.5,6545.5,0.0308,Phenacetin,HPLC-UV/Vis
SMP-00374,10.4,15847.5,3713.1,3849.6,0.0161,Salicylic Acid,HPLC-UV/Vis
SMP-00374,12.06,45967.9,8154.1,8624.5,0.0462,Chlorpheniramine,HPLC-UV/Vis
SMP-00375,1.21,11598.9,2909.1,3050.8,0.0119,Uracil,HPLC-UV/Vis
SMP-00375,2.82,48780.7,9164.6,9424.2,0.0491,Acetaminophen,HPLC-UV/Vis
SMP-00375,4.1,90371.0,14967.2,15889.1,0.0892,Caffeine,HPLC-UV/Vis
SMP-00375,5.59,23772.7,5263.7,5485.2,0.0233,Aspirin,HPLC-UV/Vis
SMP-00375,7.18,66434.0,11614.2,11637.8,0.0661,Benzoic Acid,HPLC-UV/Vis
SMP-00375,8.95,34470.9,7104.0,7300.5,0.0353,Phenacetin,HPLC-UV/Vis
SMP-00375,10.42,16716.6,3744.1,3850.7,0.0164,Salicylic Acid,HPLC-UV/Vis
SMP-00375,12.14,52169.4,9989.7,10008.2,0.051,Chlorpheniramine,HPLC-UV/Vis
SMP-00376,1.24,12833.1,3287.7,3376.9,0.0128,Uracil,HPLC-UV/Vis
SMP-00376,2.82,53194.3,10283.2,10510.8,0.0527,Acetaminophen,HPLC-UV/Vis
SMP-00376,4.17,72261.3,10901.3,11047.4,0.0727,Caffeine,HPLC-UV/Vis
SMP-00376,5.62,22694.7,5224.6,5462.1,0.0227,Aspirin,HPLC-UV/Vis
SMP-00376,7.15,66826.7,11151.7,11620.5,0.0645,Benzoic Acid,HPLC-UV/Vis
SMP-00376,8.96,32689.2,6933.7,7247.3,0.0327,Phenacetin,HPLC-UV/Vis
SMP-00376,10.39,15829.7,3946.6,4061.4,0.0159,Salicylic Acid,HPLC-UV/Vis
SMP-00376,12.12,60886.4,11694.1,12209.3,0.0604,Chlorpheniramine,HPLC-UV/Vis
SMP-00377,1.26,13214.4,3540.0,3526.9,0.0136,Uracil,HPLC-UV/Vis
SMP-00377,2.82,48512.2,9362.9,9645.0,0.0492,Acetaminophen,HPLC-UV/Vis
SMP-00377,4.17,94790.7,15799.7,16522.3,0.093,Caffeine,HPLC-UV/Vis
SMP-00377,5.66,23038.5,5316.2,5378.1,0.023,Aspirin,HPLC-UV/Vis
SMP-00377,7.24,78456.9,13004.9,13699.7,0.0807,Benzoic Acid,HPLC-UV/Vis
SMP-00377,8.95,33489.3,6708.3,6924.3,0.0348,Phenacetin,HPLC-UV/Vis
SMP-00377,10.43,16417.9,3980.6,4117.6,0.017,Salicylic Acid,HPLC-UV/Vis
SMP-00377,12.12,62877.7,11284.4,11386.7,0.0648,Chlorpheniramine,HPLC-UV/Vis
SMP-00378,1.28,11501.4,2993.4,3017.6,0.0116,Uracil,HPLC-UV/Vis
SMP-00378,2.77,44411.9,8018.2,8072.8,0.0451,Acetaminophen,HPLC-UV/Vis
SMP-00378,4.12,94087.9,14912.6,15575.3,0.0939,Caffeine,HPLC-UV/Vis
SMP-00378,5.6,29012.5,6289.6,6506.8,0.0294,Aspirin,HPLC-UV/Vis
SMP-00378,7.15,63348.7,10782.7,11032.4,0.063,Benzoic Acid,HPLC-UV/Vis
SMP-00378,8.93,30923.5,6053.0,6273.4,0.0311,Phenacetin,HPLC-UV/Vis
SMP-00378,10.37,15301.3,3581.5,3671.3,0.0158,Salicylic Acid,HPLC-UV/Vis
SMP-00378,12.06,50515.9,8660.6,8696.0,0.0512,Chlorpheniramine,HPLC-UV/Vis
SMP-00379,1.26,12482.6,3157.3,3266.4,0.0123,Uracil,HPLC-UV/Vis
SMP-00379,2.78,44030.6,8421.6,8790.4,0.0445,Acetaminophen,HPLC-UV/Vis
SMP-00379,4.16,73638.9,11822.0,12151.1,0.073,Caffeine,HPLC-UV/Vis
SMP-00379,5.62,21313.3,4581.9,4716.1,0.0206,Aspirin,HPLC-UV/Vis
SMP-00379,7.24,57247.6,9399.3,9570.0,0.06,Benzoic Acid,HPLC-UV/Vis
SMP-00379,8.94,27984.4,5742.5,5945.9,0.0274,Phenacetin,HPLC-UV/Vis
SMP-00379,10.41,16929.7,4086.5,4229.0,0.0169,Salicylic Acid,HPLC-UV/Vis
SMP-00379,12.1,54248.3,9674.4,9864.8,0.0545,Chlorpheniramine,HPLC-UV/Vis
SMP-00380,1.23,12608.1,3258.3,3379.4,0.0122,Uracil,HPLC-UV/Vis
SMP-00380,2.76,45950.8,8689.1,8863.5,0.0449,Acetaminophen,HPLC-UV/Vis
SMP-00380,4.12,95961.4,15807.6,16329.4,0.0954,Caffeine,HPLC-UV/Vis
SMP-00380,5.59,21341.0,4749.8,4951.1,0.0215,Aspirin,HPLC-UV/Vis
SMP-00380,7.18,63290.2,10866.6,11228.7,0.063,Benzoic Acid,HPLC-UV/Vis
SMP-00380,8.97,30605.9,6146.8,6494.3,0.0307,Phenacetin,HPLC-UV/Vis
SMP-00380,10.42,16973.7,4197.3,4397.5,0.0171,Salicylic Acid,HPLC-UV/Vis
SMP-00380,12.08,64013.2,11212.1,11617.9,0.0626,Chlorpheniramine,HPLC-UV/Vis
SMP-00381,1.23,12328.3,3113.9,3215.7,0.0125,Uracil,HPLC-UV/Vis
SMP-00381,2.8,52183.3,9790.4,9916.9,0.053,Acetaminophen,HPLC-UV/Vis
SMP-00381,4.15,98319.8,15637.1,15943.8,0.0972,Caffeine,HPLC-UV/Vis
SMP-00381,5.64,19170.5,4050.0,4060.9,0.0198,Aspirin,HPLC-UV/Vis
SMP-00381,7.19,56517.4,9304.1,9744.5,0.0569,Benzoic Acid,HPLC-UV/Vis
SMP-00381,8.9,30177.2,6218.8,6282.0,0.0306,Phenacetin,HPLC-UV/Vis
SMP-00381,10.38,16733.0,4063.5,4278.7,0.0174,Salicylic Acid,HPLC-UV/Vis
SMP-00381,12.12,61273.9,10794.1,10993.8,0.0606,Chlorpheniramine,HPLC-UV/Vis
SMP-00382,1.24,12203.6,3217.1,3191.6,0.012,Uracil,HPLC-UV/Vis
SMP-00382,2.82,40952.1,8107.7,8566.1,0.0409,Acetaminophen,HPLC-UV/Vis
SMP-00382,4.18,104570.5,16613.2,17124.6,0.1065,Caffeine,HPLC-UV/Vis
SMP-00382,5.55,24124.3,5176.7,5200.4,0.0233,Aspirin,HPLC-UV/Vis
SMP-00382,7.17,69646.8,11768.7,12159.9,0.07,Benzoic Acid,HPLC-UV/Vis
SMP-00382,8.95,28828.7,5750.9,5911.3,0.0287,Phenacetin,HPLC-UV/Vis
SMP-00382,10.43,16137.2,3838.4,3786.2,0.0159,Salicylic Acid,HPLC-UV/Vis
SMP-00382,12.08,55514.1,10062.9,10738.7,0.056,Chlorpheniramine,HPLC-UV/Vis
SMP-00383,1.27,13802.3,3513.1,3543.0,0.0137,Uracil,HPLC-UV/Vis
SMP-00383,2.78,41214.9,8120.6,8201.0,0.0398,Acetaminophen,HPLC-UV/Vis
SMP-00383,4.14,80361.7,12964.1,13508.7,0.0814,Caffeine,HPLC-UV/Vis
SMP-00383,5.56,21770.3,4907.0,5141.5,0.0219,Aspirin,HPLC-UV/Vis
SMP-00383,7.25,64143.1,11159.1,11435.7,0.0655,Benzoic Acid,HPLC-UV/Vis
SMP-00383,8.89,28185.7,5547.6,5516.3,0.0287,Phenacetin,HPLC-UV/Vis
SMP-00383,10.39,16933.2,4294.1,4440.8,0.0169,Salicylic Acid,HPLC-UV/Vis
SMP-00383,12.12,58941.8,10793.6,11209.7,0.0589,Chlorpheniramine,HPLC-UV/Vis
SMP-00384,1.28,10851.1,2848.5,2977.0,0.0106,Uracil,HPLC-UV/Vis
SMP-00384,2.86,45436.2,8503.8,8895.2,0.0447,Acetaminophen,HPLC-UV/Vis
SMP-00384,4.17,81024.5,13310.8,13493.8,0.0823,Caffeine,HPLC-UV/Vis
SMP-00384,5.52,23982.4,5250.8,5557.1,0.0242,Aspirin,HPLC-UV/Vis
SMP-00384,7.18,62075.0,10307.2,10542.1,0.0639,Benzoic Acid,HPLC-UV/Vis
SMP-00384,8.91,28618.3,6056.1,6217.5,0.0285,Phenacetin,HPLC-UV/Vis
SMP-00384,10.37,12113.7,2853.6,2953.0,0.012,Salicylic Acid,HPLC-UV/Vis
SMP-00384,12.13,55087.1,10075.2,10462.0,0.0537,Chlorpheniramine,HPLC-UV/Vis
SMP-00385,1.28,13870.2,3634.3,3780.6,0.0135,Uracil,HPLC-UV/Vis
SMP-00385,2.77,51672.6,10343.4,10457.1,0.0516,Acetaminophen,HPLC-UV/Vis
SMP-00385,4.18,74254.2,11109.3,11451.1,0.0697,Caffeine,HPLC-UV/Vis
SMP-00385,5.62,25955.3,5635.5,5822.7,0.0263,Aspirin,HPLC-UV/Vis
SMP-00385,7.23,69249.2,11304.6,11675.7,0.0691,Benzoic Acid,HPLC-UV/Vis
SMP-00385,8.94,31908.9,6426.6,6498.9,0.032,Phenacetin,HPLC-UV/Vis
SMP-00385,10.42,16524.6,3938.0,4073.0,0.0163,Salicylic Acid,HPLC-UV/Vis
SMP-00385,12.08,53928.2,9904.6,10231.3,0.0549,Chlorpheniramine,HPLC-UV/Vis
SMP-00386,1.24,14497.8,3540.9,3615.1,0.0143,Uracil,HPLC-UV/Vis
SMP-00386,2.79,169953.3,34768.8,31479.5,0.1681,Acetaminophen,HPLC-UV/Vis
SMP-00386,4.17,80169.2,12991.2,13428.0,0.0792,Caffeine,HPLC-UV/Vis
SMP-00386,5.53,24377.8,5309.5,5457.2,0.0251,Aspirin,HPLC-UV/Vis
SMP-00386,7.21,72751.1,12147.3,12119.6,0.0746,Benzoic Acid,HPLC-UV/Vis
SMP-00386,8.93,30231.7,6128.4,6166.4,0.0303,Phenacetin,HPLC-UV/Vis
SMP-00386,10.42,16408.2,4182.2,4290.0,0.0162,Salicylic Acid,HPLC-UV/Vis
SMP-00386,12.17,57789.6,10245.9,10900.3,0.0593,Chlorpheniramine,HPLC-UV/Vis
SMP-00387,1.23,12285.7,3055.0,3140.8,0.0125,Uracil,HPLC-UV/Vis
SMP-00387,2.81,51151.9,10047.3,10333.5,0.0505,Acetaminophen,HPLC-UV/Vis
SMP-00387,4.11,91366.5,14863.4,15643.9,0.0903,Caffeine,HPLC-UV/Vis
SMP-00387,5.56,24110.1,5258.5,5325.6,0.0238,Aspirin,HPLC-UV/Vis
SMP-00387,7.17,60564.6,10366.1,10642.6,0.0619,Benzoic Acid,HPLC-UV/Vis
SMP-00387,8.95,31688.1,6766.9,7146.7,0.0324,Phenacetin,HPLC-UV/Vis
SMP-00387,10.37,16787.6,4246.3,4472.4,0.0168,Salicylic Acid,HPLC-UV/Vis
SMP-00387,12.12,55008.2,10003.1,10322.9,0.0542,Chlorpheniramine,HPLC-UV/Vis
SMP-00388,1.23,10459.4,2702.0,2780.9,0.0107,Uracil,HPLC-UV/Vis
SMP-00388,2.84,52296.8,9960.7,9974.3,0.0531,Acetaminophen,HPLC-UV/Vis
SMP-00388,4.2,93527.0,14334.9,14869.7,0.0945,Caffeine,HPLC-UV/Vis
SMP-00388,5.64,25201.3,5474.4,5525.9,0.0254,Aspirin,HPLC-UV/Vis
SMP-00388,7.24,55911.4,9482.0,9827.1,0.0556,Benzoic Acid,HPLC-UV/Vis
SMP-00388,8.89,29542.3,5961.7,6273.1,0.0291,Phenacetin,HPLC-UV/Vis
SMP-00388,10.36,16349.9,3727.6,3995.6,0.0163,Salicylic Acid,HPLC-UV/Vis
SMP-00388,12.08,49454.7,8749.6,8948.3,0.0487,Chlorpheniramine,HPLC-UV/Vis
SMP-00389,1.22,13473.7,3578.4,3667.5,0.0135,Uracil,HPLC-UV/Vis
SMP-00389,2.8,46853.4,9046.5,9389.6,0.0471,Acetaminophen,HPLC-UV/Vis
SMP-00389,4.19,87348.6,14928.0,15501.4,0.0909,Caffeine,HPLC-UV/Vis
SMP-00389,5.61,21429.6,4624.1,4812.2,0.0215,Aspirin,HPLC-UV/Vis
SMP-00389,7.22,67661.4,11526.2,11647.1,0.069,Benzoic Acid,HPLC-UV/Vis
SMP-00389,8.99,34250.0,7009.8,7196.9,0.0354,Phenacetin,HPLC-UV/Vis
SMP-00389,10.42,15005.7,3443.0,3461.8,0.0151,Salicylic Acid,HPLC-UV/Vis
SMP-00389,12.11,60412.0,11038.7,11198.7,0.0611,Chlorpheniramine,HPLC-UV/Vis
SMP-00390,1.23,13038.8,3358.9,3419.1,0.013,Uracil,HPLC-UV/Vis
SMP-00390,2.84,46661.9,9083.1,9095.3,0.0482,Acetaminophen,HPLC-UV/Vis
SMP-00390,4.17,68910.0,11219.6,11527.7,0.0701,Caffeine,HPLC-UV/Vis
SMP-00390,5.59,24530.8,5297.9,5396.0,0.0246,Aspirin,HPLC-UV/Vis
SMP-00390,7.22,74648.3,12426.6,13171.0,0.0723,Benzoic Acid,HPLC-UV/Vis
SMP-00390,9.01,32625.1,6852.6,7052.9,0.0325,Phenacetin,HPLC-UV/Vis
SMP-00390,10.4,16468.0,4059.3,4342.4,0.0165,Salicylic Acid,HPLC-UV/Vis
SMP-00390,12.15,47583.2,8439.5,8738.6,0.048,Chlorpheniramine,HPLC-UV/Vis
SMP-00391,1.23,10606.9,2785.9,2935.4,0.0103,Uracil,HPLC-UV/Vis
SMP-00391,2.83,42781.6,7784.4,7851.2,0.0422,Acetaminophen,HPLC-UV/Vis
SMP-00391,4.15,80219.8,13104.6,13158.2,0.0811,Caffeine,HPLC-UV/Vis
SMP-00391,5.58,23967.4,5559.6,5970.8,0.0235,Aspirin,HPLC-UV/Vis
SMP-00391,7.22,75277.8,11782.8,12156.8,0.0746,Benzoic Acid,HPLC-UV/Vis
SMP-00391,8.91,29428.9,6048.4,6351.8,0.0296,Phenacetin,HPLC-UV/Vis
SMP-00391,10.4,14500.9,3511.4,3665.5,0.0148,Salicylic Acid,HPLC-UV/Vis
SMP-00391,12.07,56020.2,10270.1,10831.4,0.0553,Chlorpheniramine,HPLC-UV/Vis
SMP-00392,1.27,11943.2,3026.5,3193.3,0.0116,Uracil,HPLC-UV/Vis
SMP-00392,2.78,49769.8,9642.8,9984.4,0.0495,Acetaminophen,HPLC-UV/Vis
SMP-00392,4.14,84090.1,14458.2,14900.5,0.0829,Caffeine,HPLC-UV/Vis
SMP-00392,5.66,21825.1,5134.3,5329.3,0.0219,Aspirin,HPLC-UV/Vis
SMP-00392,7.27,52624.5,8817.4,9035.1,0.0523,Benzoic Acid,HPLC-UV/Vis
SMP-00392,8.94,31787.4,6516.4,6540.7,0.032,Phenacetin,HPLC-UV/Vis
SMP-00392,10.38,18514.7,4662.3,4880.9,0.0188,Salicylic Acid,HPLC-UV/Vis
SMP-00392,12.13,62714.5,11577.6,11792.9,0.0627,Chlorpheniramine,HPLC-UV/Vis
SMP-00393,1.28,12354.0,3120.9,3313.4,0.0121,Uracil,HPLC-UV/Vis
SMP-00393,2.76,41478.7,8393.7,8860.5,0.0414,Acetaminophen,HPLC-UV/Vis
SMP-00393,4.15,78568.3,13736.7,14526.5,0.0792,Caffeine,HPLC-UV/Vis
SMP-00393,5.59,21500.5,4762.1,4934.5,0.0213,Aspirin,HPLC-UV/Vis
SMP-00393,7.26,69001.0,11620.3,11870.7,0.0669,Benzoic Acid,HPLC-UV/Vis
SMP-00393,8.94,33414.2,7028.6,7347.0,0.034,Phenacetin,HPLC-UV/Vis
SMP-00393,10.41,17315.6,4274.2,4240.0,0.0173,Salicylic Acid,HPLC-UV/Vis
SMP-00393,12.11,49913.6,9203.4,9660.1,0.0512,Chlorpheniramine,HPLC-UV/Vis
SMP-00394,1.2,10957.7,3097.5,3253.0,0.0111,Uracil,HPLC-UV/Vis
SMP-00394,2.8,36943.6,6973.1,7166.7,0.0363,Acetaminophen,HPLC-UV/Vis
SMP-00394,4.23,86956.0,14256.3,14753.1,0.088,Caffeine,HPLC-UV/Vis
SMP-00394,5.64,24124.6,5129.6,5272.4,0.024,Aspirin,HPLC-UV/Vis
SMP-00394,7.22,71678.2,12085.4,12529.8,0.0718,Benzoic Acid,HPLC-UV/Vis
SMP-00394,8.97,32724.1,6524.0,6756.3,0.0331,Phenacetin,HPLC-UV/Vis
SMP-00394,10.42,16102.4,4030.4,4126.6,0.0162,Salicylic Acid,HPLC-UV/Vis
SMP-00394,12.13,45476.1,8463.1,8720.0,0.0465,Chlorpheniramine,HPLC-UV/Vis
SMP-00395,1.25,12526.0,3261.2,3290.7,0.0127,Uracil,HPLC-UV/Vis
SMP-00395,2.78,38642.9,7730.7,8024.4,0.0391,Acetaminophen,HPLC-UV/Vis
SMP-00395,4.14,94638.4,15412.8,15848.6,0.097,Caffeine,HPLC-UV/Vis
SMP-00395,5.59,25025.9,5574.3,5778.5,0.0251,Aspirin,HPLC-UV/Vis
SMP-00395,7.09,77744.7,12686.5,13005.8,0.0774,Benzoic Acid,HPLC-UV/Vis
SMP-00395,8.96,31062.1,6234.6,6440.2,0.031,Phenacetin,HPLC-UV/Vis
SMP-00395,10.36,14344.2,3576.8,3638.4,0.0141,Salicylic Acid,HPLC-UV/Vis
SMP-00395,12.1,53674.2,9643.6,9734.6,0.0545,Chlorpheniramine,HPLC-UV/Vis
SMP-00396,1.19,10516.3,2799.2,2971.1,0.01,Uracil,HPLC-UV/Vis
SMP-00396,2.85,41850.3,8554.6,8780.8,0.0421,Acetaminophen,HPLC-UV/Vis
SMP-00396,4.18,96644.2,16460.4,17428.5,0.0966,Caffeine,HPLC-UV/Vis
SMP-00396,5.64,24348.6,5223.4,5220.3,0.0237,Aspirin,HPLC-UV/Vis
SMP-00396,7.24,70683.1,11540.3,11855.1,0.0703,Benzoic Acid,HPLC-UV/Vis
SMP-00396,8.92,32291.4,6681.9,6769.0,0.0333,Phenacetin,HPLC-UV/Vis
SMP-00396,10.37,16931.3,4130.5,4288.2,0.0166,Salicylic Acid,HPLC-UV/Vis
SMP-00396,12.17,47356.2,8667.1,8791.0,0.0503,Chlorpheniramine,HPLC-UV/Vis
SMP-00397,1.26,10921.7,2712.5,2834.4,0.0106,Uracil,HPLC-UV/Vis
SMP-00397,2.8,46411.3,9120.6,9314.1,0.0473,Acetaminophen,HPLC-UV/Vis
SMP-00397,4.17,91110.8,15072.0,15880.4,0.0903,Caffeine,HPLC-UV/Vis
SMP-00397,5.55,18436.1,4043.6,4156.2,0.0179,Aspirin,HPLC-UV/Vis
SMP-00397,7.25,73303.3,11757.9,12006.6,0.0739,Benzoic Acid,HPLC-UV/Vis
SMP-00397,8.93,30145.1,6393.4,6736.3,0.0297,Phenacetin,HPLC-UV/Vis
SMP-00397,10.4,14027.8,3383.2,3399.1,0.0144,Salicylic Acid,HPLC-UV/Vis
SMP-00397,12.09,304097.0,59193.3,48510.8,0.2968,Chlorpheniramine,HPLC-UV/Vis
SMP-00398,1.23,11777.8,3017.5,3018.1,0.0113,Uracil,HPLC-UV/Vis
SMP-00398,2.78,55577.9,11327.0,11552.1,0.0577,Acetaminophen,HPLC-UV/Vis
SMP-00398,4.13,66170.6,11055.8,11394.4,0.0669,Caffeine,HPLC-UV/Vis
SMP-00398,5.57,22113.6,4990.6,5105.0,0.0219,Aspirin,HPLC-UV/Vis
SMP-00398,7.2,59905.7,10264.0,10421.2,0.0595,Benzoic Acid,HPLC-UV/Vis
SMP-00398,8.94,29825.8,6231.0,6195.4,0.0306,Phenacetin,HPLC-UV/Vis
SMP-00398,10.42,10332.2,2487.3,2498.6,0.0107,Salicylic Acid,HPLC-UV/Vis
SMP-00398,12.11,47679.9,9060.8,9285.1,0.0496,Chlorpheniramine,HPLC-UV/Vis
SMP-00399,1.27,11877.4,3187.9,3322.3,0.0123,Uracil,HPLC-UV/Vis
SMP-00399,2.8,48525.9,9815.3,10309.3,0.0487,Acetaminophen,HPLC-UV/Vis
SMP-00399,4.17,76367.4,12429.3,12773.4,0.0738,Caffeine,HPLC-UV/Vis
SMP-00399,5.66,22377.9,5058.0,5448.1,0.0228,Aspirin,HPLC-UV/Vis
SMP-00399,7.21,70640.6,12221.1,12884.5,0.0669,Benzoic Acid,HPLC-UV/Vis
SMP-00399,8.95,28032.7,5040.2,5118.3,0.028,Phenacetin,HPLC-UV/Vis
SMP-00399,10.37,15665.4,3855.1,3934.6,0.0161,Salicylic Acid,HPLC-UV/Vis
SMP-00399,12.1,49477.2,8615.8,8837.6,0.0507,Chlorpheniramine,HPLC-UV/Vis
SMP-00400,1.27,12568.2,3421.7,3551.1,0.0124,Uracil,HPLC-UV/Vis
SMP-00400,2.82,43981.9,8236.2,8571.6,0.044,Acetaminophen,HPLC-UV/Vis
SMP-00400,4.16,83518.8,12917.3,13213.8,0.0858,Caffeine,HPLC-UV/Vis
SMP-00400,5.63,23721.9,5328.8,5499.2,0.0232,Aspirin,HPLC-UV/Vis
SMP-00400,7.18,76845.3,13132.2,13242.6,0.0769,Benzoic Acid,HPLC-UV/Vis
SMP-00400,8.95,29527.9,6327.3,6514.7,0.0297,Phenacetin,HPLC-UV/Vis
SMP-00400,10.37,15770.1,3962.6,4198.2,0.0154,Salicylic Acid,HPLC-UV/Vis
SMP-00400,12.1,60212.8,10993.4,11472.8,0.0587,Chlorpheniramine,HPLC-UV/Vis
SMP-00401,1.18,12273.1,2946.7,3113.7,0.0127,Uracil,HPLC-UV/Vis
SMP-00401,2.75,47521.0,9731.2,10115.7,0.0486,Acetaminophen,HPLC-UV/Vis
SMP-00401,4.12,88568.7,13559.3,14580.1,0.0888,Caffeine,HPLC-UV/Vis
SMP-00401,5.59,19535.5,4531.4,4565.5,0.0197,Aspirin,HPLC-UV/Vis
SMP-00401,7.2,62112.0,10271.7,10384.7,0.0632,Benzoic Acid,HPLC-UV/Vis
SMP-00401,8.95,29427.1,6441.4,6466.9,0.0285,Phenacetin,HPLC-UV/Vis
SMP-00401,10.39,17313.0,4291.0,4422.2,0.0175,Salicylic Acid,HPLC-UV/Vis
SMP-00401,12.16,55574.2,9848.7,10183.2,0.0527,Chlorpheniramine,HPLC-UV/Vis
SMP-00402,1.28,13200.2,3421.5,3568.5,0.0135,Uracil,HPLC-UV/Vis
SMP-00402,2.81,266114.4,40886.3,41394.7,0.2689,Acetaminophen,HPLC-UV/Vis
SMP-00402,4.14,88893.8,14425.9,14988.5,0.0868,Caffeine,HPLC-UV/Vis
SMP-00402,5.58,21515.8,4886.0,4935.3,0.0219,Aspirin,HPLC-UV/Vis
SMP-00402,7.15,76596.7,12833.4,13319.5,0.078,Benzoic Acid,HPLC-UV/Vis
SMP-00402,8.96,33126.4,6866.9,7025.8,0.0321,Phenacetin,HPLC-UV/Vis
SMP-00402,10.44,16510.7,3900.2,4102.8,0.0164,Salicylic Acid,HPLC-UV/Vis
SMP-00402,12.13,49076.9,9397.6,9895.3,0.0488,Chlorpheniramine,HPLC-UV/Vis
SMP-00403,1.32,13695.6,3543.0,3854.0,0.0138,Uracil,HPLC-UV/Vis
SMP-00403,2.77,38130.0,7333.0,7558.6,0.0384,Acetaminophen,HPLC-UV/Vis
SMP-00403,4.17,81793.7,13560.9,14221.3,0.0811,Caffeine,HPLC-UV/Vis
SMP-00403,5.65,25116.4,5568.8,5899.4,0.0252,Aspirin,HPLC-UV/Vis
SMP-00403,7.17,66673.5,11339.4,11994.7,0.0667,Benzoic Acid,HPLC-UV/Vis
SMP-00403,8.94,28761.8,5649.4,5761.7,0.028,Phenacetin,HPLC-UV/Vis
SMP-00403,10.41,15451.5,3960.2,3975.8,0.0154,Salicylic Acid,HPLC-UV/Vis
SMP-00403,12.1,67462.9,12429.6,13127.1,0.0689,Chlorpheniramine,HPLC-UV/Vis
SMP-00404,1.24,12306.8,3068.4,3156.4,0.0124,Uracil,HPLC-UV/Vis
SMP-00404,2.82,56621.0,10426.6,10485.6,0.0563,Acetaminophen,HPLC-UV/Vis
SMP-00404,4.15,76107.7,12265.2,12339.4,0.0736,Caffeine,HPLC-UV/Vis
SMP-00404,5.59,23500.0,5174.4,5303.6,0.0231,Aspirin,HPLC-UV/Vis
SMP-00404,7.21,76961.7,13108.1,13181.8,0.0783,Benzoic Acid,HPLC-UV/Vis
SMP-00404,8.93,31768.6,6626.9,6832.0,0.0321,Phenacetin,HPLC-UV/Vis
SMP-00404,10.46,12590.9,3132.9,3249.9,0.0128,Salicylic Acid,HPLC-UV/Vis
SMP-00404,12.14,53615.6,9346.0,9421.7,0.0537,Chlorpheniramine,HPLC-UV/Vis
SMP-00405,1.3,13756.5,3711.1,3950.3,0.0137,Uracil,HPLC-UV/Vis
SMP-00405,2.72,43939.6,9010.3,9131.4,0.0437,Acetaminophen,HPLC-UV/Vis
SMP-00405,4.16,100672.8,15695.5,15743.3,0.1033,Caffeine,HPLC-UV/Vis
SMP-00405,5.59,27043.4,5762.1,6042.3,0.027,Aspirin,HPLC-UV/Vis
SMP-00405,7.13,65643.0,11156.4,11476.9,0.0673,Benzoic Acid,HPLC-UV/Vis
SMP-00405,8.92,33771.3,6737.3,6946.7,0.0342,Phenacetin,HPLC-UV/Vis
SMP-00405,10.42,14812.3,3542.0,3698.3,0.0146,Salicylic Acid,HPLC-UV/Vis
SMP-00405,12.13,54789.3,9479.5,9926.1,0.0543,Chlorpheniramine,HPLC-UV/Vis
SMP-00406,1.17,13575.3,3406.6,3424.1,0.0138,Uracil,HPLC-UV/Vis
SMP-00406,2.78,49980.1,10261.4,10845.6,0.0511,Acetaminophen,HPLC-UV/Vis
SMP-00406,4.14,88702.3,14610.9,14681.7,0.0873,Caffeine,HPLC-UV/Vis
SMP-00406,5.61,23291.9,5042.8,5276.8,0.0228,Aspirin,HPLC-UV/Vis
SMP-00406,7.22,73660.3,11973.8,12388.5,0.0726,Benzoic Acid,HPLC-UV/Vis
SMP-00406,8.95,32948.8,6820.1,7062.0,0.0323,Phenacetin,HPLC-UV/Vis
SMP-00406,10.42,16675.5,3980.0,4172.3,0.0163,Salicylic Acid,HPLC-UV/Vis
SMP-00406,12.09,47358.5,8477.9,8769.8,0.0454,Chlorpheniramine,HPLC-UV/Vis
SMP-00407,1.26,10273.7,2836.6,2933.7,0.0103,Uracil,HPLC-UV/Vis
SMP-00407,2.82,50280.2,9353.5,9879.2,0.0514,Acetaminophen,HPLC-UV/Vis
SMP-00407,4.15,61523.9,9460.0,9842.0,0.0637,Caffeine,HPLC-UV/Vis
SMP-00407,5.6,27548.8,6236.4,6374.3,0.0286,Aspirin,HPLC-UV/Vis
SMP-00407,7.16,64561.8,10474.2,10712.0,0.0656,Benzoic Acid,HPLC-UV/Vis
SMP-00407,8.95,31383.9,5994.1,5992.3,0.0311,Phenacetin,HPLC-UV/Vis
SMP-00407,10.39,17791.2,4325.3,4340.7,0.0175,Salicylic Acid,HPLC-UV/Vis
SMP-00407,12.15,57430.6,9925.2,10283.9,0.0578,Chlorpheniramine,HPLC-UV/Vis
SMP-00408,1.23,11999.0,3022.6,3044.1,0.0124,Uracil,HPLC-UV/Vis
SMP-00408,2.79,47413.2,9317.9,10034.1,0.0482,Acetaminophen,HPLC-UV/Vis
SMP-00408,4.15,85325.7,14471.8,15094.7,0.0838,Caffeine,HPLC-UV/Vis
SMP-00408,5.63,18258.6,3890.2,4035.2,0.0174,Aspirin,HPLC-UV/Vis
SMP-00408,7.19,70713.1,11932.1,12667.7,0.0708,Benzoic Acid,HPLC-UV/Vis
SMP-00408,8.91,30000.3,6290.2,6573.6,0.0302,Phenacetin,HPLC-UV/Vis
SMP-00408,10.44,15718.1,3984.7,4046.3,0.0157,Salicylic Acid,HPLC-UV/Vis
SMP-00408,12.12,48702.3,8711.7,8649.1,0.0493,Chlorpheniramine,HPLC-UV/Vis
SMP-00409,1.28,13462.3,3540.7,3696.5,0.0137,Uracil,HPLC-UV/Vis
SMP-00409,2.78,44883.3,8741.0,8944.5,0.0434,Acetaminophen,HPLC-UV/Vis
SMP-00409,4.16,97280.4,15817.7,17166.8,0.0956,Caffeine,HPLC-UV/Vis
SMP-00409,5.64,25561.7,5744.1,6039.3,0.0256,Aspirin,HPLC-UV/Vis
SMP-00409,7.24,61656.1,10354.3,10344.5,0.0637,Benzoic Acid,HPLC-UV/Vis
SMP-00409,8.99,30859.2,5974.1,6468.4,0.0309,Phenacetin,HPLC-UV/Vis
SMP-00409,10.43,18776.8,4550.8,4678.3,0.0189,Salicylic Acid,HPLC-UV/Vis
SMP-00409,12.08,63859.1,11508.1,11660.6,0.0634,Chlorpheniramine,HPLC-UV/Vis
SMP-00410,1.19,12767.6,3518.0,3766.4,0.013,Uracil,HPLC-UV/Vis
SMP-00410,2.84,45223.8,9035.3,9629.6,0.0441,Acetaminophen,HPLC-UV/Vis
SMP-00410,4.16,90121.0,14656.2,15163.7,0.0907,Caffeine,HPLC-UV/Vis
SMP-00410,5.61,22689.1,4881.1,4981.4,0.0228,Aspirin,HPLC-UV/Vis
SMP-00410,7.23,70298.7,12066.7,12274.6,0.0692,Benzoic Acid,HPLC-UV/Vis
SMP-00410,8.95,30568.5,6405.0,6681.9,0.0298,Phenacetin,HPLC-UV/Vis
SMP-00410,10.39,18252.8,4294.2,4450.3,0.0182,Salicylic Acid,HPLC-UV/Vis
SMP-00410,12.12,43773.0,7829.3,8237.1,0.0432,Chlorpheniramine,HPLC-UV/Vis
SMP-00411,1.27,12139.8,3081.4,3252.4,0.0119,Uracil,HPLC-UV/Vis
SMP-00411,2.83,40157.9,8278.0,8490.4,0.041,Acetaminophen,HPLC-UV/Vis
SMP-00411,4.15,84928.0,13786.9,14397.1,0.0832,Caffeine,HPLC-UV/Vis
SMP-00411,5.64,21402.5,4779.7,4903.7,0.0213,Aspirin,HPLC-UV/Vis
SMP-00411,7.2,64995.1,10710.5,10924.0,0.0641,Benzoic Acid,HPLC-UV/Vis
SMP-00411,9.0,33420.3,6789.6,7126.6,0.0324,Phenacetin,HPLC-UV/Vis
SMP-00411,10.44,19089.5,4765.4,4950.0,0.0195,Salicylic Acid,HPLC-UV/Vis
SMP-00411,12.09,53852.7,10140.1,10270.7,0.0528,Chlorpheniramine,HPLC-UV/Vis
SMP-00412,1.27,11575.1,3039.5,3213.8,0.0119,Uracil,HPLC-UV/Vis
SMP-00412,2.8,53749.4,10449.3,10959.3,0.0555,Acetaminophen,HPLC-UV/Vis
SMP-00412,4.12,78148.6,12574.1,13129.8,0.0789,Caffeine,HPLC-UV/Vis
SMP-00412,5.61,22343.6,4759.9,5015.1,0.0223,Aspirin,HPLC-UV/Vis
SMP-00412,7.2,60688.8,9942.5,10242.0,0.0595,Benzoic Acid,HPLC-UV/Vis
SMP-00412,8.93,28962.4,5747.8,5864.8,0.0284,Phenacetin,HPLC-UV/Vis
SMP-00412,10.41,17464.5,4469.3,4663.9,0.0176,Salicylic Acid,HPLC-UV/Vis
SMP-00412,12.11,54473.0,9841.2,9935.3,0.0554,Chlorpheniramine,HPLC-UV/Vis
SMP-00413,1.29,13589.9,3432.9,3621.4,0.013,Uracil,HPLC-UV/Vis
SMP-00413,2.76,48067.8,9455.2,9951.3,0.0478,Acetaminophen,HPLC-UV/Vis
SMP-00413,4.14,87245.9,13291.0,13701.8,0.0853,Caffeine,HPLC-UV/Vis
SMP-00413,5.59,27630.1,6061.3,6295.3,0.0275,Aspirin,HPLC-UV/Vis
SMP-00413,7.19,72478.1,12247.0,12542.5,0.0705,Benzoic Acid,HPLC-UV/Vis
SMP-00413,8.96,33831.9,6887.7,6862.3,0.0342,Phenacetin,HPLC-UV/Vis
SMP-00413,10.44,15645.5,3805.9,3951.9,0.0155,Salicylic Acid,HPLC-UV/Vis
SMP-00413,12.1,49212.2,8831.2,9438.7,0.0503,Chlorpheniramine,HPLC-UV/Vis
SMP-00414,1.3,11423.5,3175.2,3241.2,0.012,Uracil,HPLC-UV/Vis
SMP-00414,2.75,52519.5,10130.4,10319.2,0.053,Acetaminophen,HPLC-UV/Vis
SMP-00414,4.17,80808.8,13213.1,13962.3,0.0815,Caffeine,HPLC-UV/Vis
SMP-00414,5.62,19851.0,4254.6,4345.6,0.0202,Aspirin,HPLC-UV/Vis
SMP-00414,7.22,67215.5,10905.3,11557.0,0.0663,Benzoic Acid,HPLC-UV/Vis
SMP-00414,8.95,32957.0,6644.6,6983.8,0.0338,Phenacetin,HPLC-UV/Vis
SMP-00414,10.4,14921.9,3956.6,3996.8,0.0152,Salicylic Acid,HPLC-UV/Vis
SMP-00414,12.1,55204.5,9832.1,10211.0,0.0555,Chlorpheniramine,HPLC-UV/Vis
SMP-00415,1.28,13092.8,3420.4,3648.9,0.0129,Uracil,HPLC-UV/Vis
SMP-00415,2.74,48359.4,9624.2,9721.3,0.0497,Acetaminophen,HPLC-UV/Vis
SMP-00415,4.14,90267.3,15367.1,15564.3,0.0908,Caffeine,HPLC-UV/Vis
SMP-00415,5.63,24413.2,5482.9,5730.9,0.0242,Aspirin,HPLC-UV/Vis
SMP-00415,7.2,65756.6,11380.5,11578.4,0.0662,Benzoic Acid,HPLC-UV/Vis
SMP-00415,9.03,38403.5,7857.0,8174.4,0.0384,Phenacetin,HPLC-UV/Vis
SMP-00415,10.4,15537.4,3611.4,3738.7,0.0155,Salicylic Acid,HPLC-UV/Vis
SMP-00415,12.1,52247.8,9704.7,10099.3,0.0538,Chlorpheniramine,HPLC-UV/Vis
SMP-00416,1.24,13218.4,3207.3,3438.5,0.0133,Uracil,HPLC-UV/Vis
SMP-00416,2.77,40681.4,8003.3,8301.5,0.041,Acetaminophen,HPLC-UV/Vis
SMP-00416,4.13,75951.3,12469.6,12523.8,0.0735,Caffeine,HPLC-UV/Vis
SMP-00416,5.61,27691.7,6264.0,6631.4,0.028,Aspirin,HPLC-UV/Vis
SMP-00416,7.28,58484.0,9580.2,9803.4,0.0597,Benzoic Acid,HPLC-UV/Vis
SMP-00416,8.97,33008.9,6927.7,7245.7,0.034,Phenacetin,HPLC-UV/Vis
SMP-00416,10.42,14451.6,3410.3,3633.0,0.0142,Salicylic Acid,HPLC-UV/Vis
SMP-00416,12.12,60569.4,10464.6,10965.1,0.0605,Chlorpheniramine,HPLC-UV/Vis
SMP-00417,1.24,13741.3,3602.1,3700.9,0.0135,Uracil,HPLC-UV/Vis
SMP-00417,2.82,39948.1,7731.6,8378.1,0.0404,Acetaminophen,HPLC-UV/Vis
SMP-00417,4.12,78253.2,13066.8,13385.0,0.0803,Caffeine,HPLC-UV/Vis
SMP-00417,5.71,22008.9,4918.9,4988.4,0.0225,Aspirin,HPLC-UV/Vis
SMP-00417,7.17,65935.6,11452.0,12105.2,0.0642,Benzoic Acid,HPLC-UV/Vis
SMP-00417,9.01,30990.8,6411.9,6748.8,0.0302,Phenacetin,HPLC-UV/Vis
SMP-00417,10.39,17636.0,4423.6,4628.9,0.0176,Salicylic Acid,HPLC-UV/Vis
SMP-00417,12.1,57875.5,10762.6,11472.3,0.0579,Chlorpheniramine,HPLC-UV/Vis
SMP-00418,1.29,14283.0,3628.5,3664.5,0.0147,Uracil,HPLC-UV/Vis
SMP-00418,2.75,45029.4,8778.0,8855.2,0.0452,Acetaminophen,HPLC-UV/Vis
SMP-00418,4.14,107339.5,17635.7,18562.8,0.1047,Caffeine,HPLC-UV/Vis
SMP-00418,5.61,27384.7,5891.8,6085.5,0.0268,Aspirin,HPLC-UV/Vis
SMP-00418,7.21,64079.9,10210.3,10245.5,0.0615,Benzoic Acid,HPLC-UV/Vis
SMP-00418,8.97,33049.2,6605.2,6936.2,0.0335,Phenacetin,HPLC-UV/Vis
SMP-00418,10.4,14588.0,3575.4,3798.3,0.0149,Salicylic Acid,HPLC-UV/Vis
SMP-00418,12.12,48231.1,8935.8,9055.4,0.049,Chlorpheniramine,HPLC-UV/Vis
SMP-00419,1.23,16089.5,4182.5,4245.3,0.016,Uracil,HPLC-UV/Vis
SMP-00419,2.81,43207.2,8342.2,8664.3,0.0432,Acetaminophen,HPLC-UV/Vis
SMP-00419,4.2,79139.2,13145.0,13520.2,0.0782,Caffeine,HPLC-UV/Vis
SMP-00419,5.56,17633.5,3927.7,4034.7,0.017,Aspirin,HPLC-UV/Vis
SMP-00419,7.26,70520.8,11726.0,12592.6,0.0719,Benzoic Acid,HPLC-UV/Vis
SMP-00419,8.91,27402.1,5739.8,5959.6,0.0282,Phenacetin,HPLC-UV/Vis
SMP-00419,10.42,17144.0,4282.9,4376.5,0.0173,Salicylic Acid,HPLC-UV/Vis
SMP-00419,12.09,48548.1,8555.4,8770.8,0.048,Chlorpheniramine,HPLC-UV/Vis
SMP-00420,1.21,14892.2,3779.6,3917.9,0.0145,Uracil,HPLC-UV/Vis
SMP-00420,2.81,43767.2,8389.1,8786.7,0.0411,Acetaminophen,HPLC-UV/Vis
SMP-00420,4.15,88035.7,15400.6,15758.7,0.0898,Caffeine,HPLC-UV/Vis
SMP-00420,5.62,21543.5,4560.1,4764.9,0.0223,Aspirin,HPLC-UV/Vis
SMP-00420,7.24,84869.8,14385.4,14500.3,0.0849,Benzoic Acid,HPLC-UV/Vis
SMP-00420,8.94,35898.3,7351.4,7621.1,0.0357,Phenacetin,HPLC-UV/Vis
SMP-00420,10.41,13091.3,3138.6,3155.3,0.013,Salicylic Acid,HPLC-UV/Vis
SMP-00420,12.13,59747.8,10968.3,11019.3,0.0596,Chlorpheniramine,HPLC-UV/Vis
SMP-00421,1.25,13256.6,3502.5,3640.7,0.0136,Uracil,HPLC-UV/Vis
SMP-00421,2.79,49801.6,9920.0,10113.6,0.0501,Acetaminophen,HPLC-UV/Vis
SMP-00421,4.09,93126.6,14575.2,15108.2,0.0904,Caffeine,HPLC-UV/Vis
SMP-00421,5.59,25876.0,5631.6,5679.5,0.026,Aspirin,HPLC-UV/Vis
SMP-00421,7.22,60580.0,10138.3,10943.2,0.0603,Benzoic Acid,HPLC-UV/Vis
SMP-00421,8.9,28539.1,5942.8,6081.9,0.0289,Phenacetin,HPLC-UV/Vis
SMP-00421,10.36,17184.6,4044.4,4103.8,0.0173,Salicylic Acid,HPLC-UV/Vis
SMP-00421,12.07,55001.4,9991.2,10422.3,0.0563,Chlorpheniramine,HPLC-UV/Vis
SMP-00422,1.28,14106.8,3797.1,3949.1,0.0142,Uracil,HPLC-UV/Vis
SMP-00422,2.76,44527.2,8683.0,8924.5,0.0451,Acetaminophen,HPLC-UV/Vis
SMP-00422,4.14,106994.3,17825.7,18580.2,0.1077,Caffeine,HPLC-UV/Vis
SMP-00422,5.55,24156.0,4958.8,5075.3,0.0242,Aspirin,HPLC-UV/Vis
SMP-00422,7.27,79696.2,13591.3,13747.5,0.0823,Benzoic Acid,HPLC-UV/Vis
SMP-00422,8.92,31302.5,6605.5,6724.5,0.0314,Phenacetin,HPLC-UV/Vis
SMP-00422,10.37,15179.3,3580.7,3750.3,0.0149,Salicylic Acid,HPLC-UV/Vis
SMP-00422,12.06,48057.6,8342.3,8544.2,0.0483,Chlorpheniramine,HPLC-UV/Vis
SMP-00423,1.2,12240.5,3074.1,3199.1,0.0122,Uracil,HPLC-UV/Vis
SMP-00423,2.78,53699.1,10092.7,10314.8,0.0538,Acetaminophen,HPLC-UV/Vis
SMP-00423,4.13,73040.4,11572.4,11697.5,0.076,Caffeine,HPLC-UV/Vis
SMP-00423,5.6,19855.0,4496.8,4543.4,0.0196,Aspirin,HPLC-UV/Vis
SMP-00423,7.18,65009.3,10362.1,10527.5,0.0664,Benzoic Acid,HPLC-UV/Vis
SMP-00423,8.95,24235.7,5153.7,5237.7,0.0249,Phenacetin,HPLC-UV/Vis
SMP-00423,10.38,12983.2,3410.6,3567.7,0.0133,Salicylic Acid,HPLC-UV/Vis
SMP-00423,12.11,61531.0,10985.3,11476.9,0.0608,Chlorpheniramine,HPLC-UV/Vis
SMP-00424,1.25,10872.5,2826.1,2893.3,0.0104,Uracil,HPLC-UV/Vis
SMP-00424,2.79,49706.2,9735.6,10309.5,0.0502,Acetaminophen,HPLC-UV/Vis
SMP-00424,4.15,86096.2,14207.8,14651.0,0.085,Caffeine,HPLC-UV/Vis
SMP-00424,5.61,20775.2,4635.5,4628.2,0.0213,Aspirin,HPLC-UV/Vis
SMP-00424,7.25,59874.2,10331.0,10834.3,0.0596,Benzoic Acid,HPLC-UV/Vis
SMP-00424,8.92,27001.4,5394.9,5421.2,0.028,Phenacetin,HPLC-UV/Vis
SMP-00424,10.4,16280.4,4006.5,4162.4,0.0166,Salicylic Acid,HPLC-UV/Vis
SMP-00424,12.1,52609.8,9895.9,10608.3,0.0513,Chlorpheniramine,HPLC-UV/Vis
SMP-00425,1.27,13783.2,3730.5,3897.5,0.0142,Uracil,HPLC-UV/Vis
SMP-00425,2.84,49835.9,9342.3,9621.0,0.0501,Acetaminophen,HPLC-UV/Vis
SMP-00425,4.15,103180.6,16443.5,17199.6,0.1037,Caffeine,HPLC-UV/Vis
SMP-00425,5.57,19170.0,4306.9,4430.6,0.0188,Aspirin,HPLC-UV/Vis
SMP-00425,7.21,66229.2,10766.4,10881.8,0.0659,Benzoic Acid,HPLC-UV/Vis
SMP-00425,8.94,27492.2,5628.6,5915.2,0.0275,Phenacetin,HPLC-UV/Vis
SMP-00425,10.39,14212.8,3356.9,3346.0,0.0146,Salicylic Acid,HPLC-UV/Vis
SMP-00425,12.1,55803.0,10190.1,10346.1,0.0554,Chlorpheniramine,HPLC-UV/Vis
SMP-00426,1.33,13720.7,3542.7,3745.8,0.0141,Uracil,HPLC-UV/Vis
SMP-00426,2.79,45725.4,9049.2,9280.1,0.0456,Acetaminophen,HPLC-UV/Vis
SMP-00426,4.18,76326.1,12221.4,12137.4,0.0745,Caffeine,HPLC-UV/Vis
SMP-00426,5.61,22376.5,5112.5,5404.4,0.0223,Aspirin,HPLC-UV/Vis
SMP-00426,7.19,71625.3,11501.7,12259.9,0.0732,Benzoic Acid,HPLC-UV/Vis
SMP-00426,8.93,32514.7,6605.2,6875.3,0.0323,Phenacetin,HPLC-UV/Vis
SMP-00426,10.4,19376.9,4788.8,4803.2,0.02,Salicylic Acid,HPLC-UV/Vis
SMP-00426,12.11,57705.7,10084.7,10023.3,0.0577,Chlorpheniramine,HPLC-UV/Vis
SMP-00427,1.26,14578.5,3873.9,3991.7,0.0149,Uracil,HPLC-UV/Vis
SMP-00427,2.8,44821.1,8747.6,8588.1,0.0451,Acetaminophen,HPLC-UV/Vis
SMP-00427,4.15,92275.3,14981.1,14832.2,0.0952,Caffeine,HPLC-UV/Vis
SMP-00427,5.58,26236.9,5942.7,6153.4,0.0266,Aspirin,HPLC-UV/Vis
SMP-00427,7.2,76127.0,12423.5,12548.2,0.0762,Benzoic Acid,HPLC-UV/Vis
SMP-00427,8.97,26900.5,5028.9,5272.4,0.0262,Phenacetin,HPLC-UV/Vis
SMP-00427,10.33,17196.5,4228.9,4382.0,0.0173,Salicylic Acid,HPLC-UV/Vis
SMP-00427,12.07,51752.5,9137.7,9362.2,0.052,Chlorpheniramine,HPLC-UV/Vis
SMP-00428,1.21,12439.5,3265.6,3303.2,0.0124,Uracil,HPLC-UV/Vis
SMP-00428,2.8,48888.0,9525.7,9752.1,0.0478,Acetaminophen,HPLC-UV/Vis
SMP-00428,4.15,80344.7,13313.8,14050.8,0.0792,Caffeine,HPLC-UV/Vis
SMP-00428,5.58,19222.3,4550.8,4646.5,0.0188,Aspirin,HPLC-UV/Vis
SMP-00428,7.19,62714.4,10905.3,10960.1,0.0606,Benzoic Acid,HPLC-UV/Vis
SMP-00428,8.95,30504.8,6365.3,6573.6,0.0305,Phenacetin,HPLC-UV/Vis
SMP-00428,10.35,14508.0,3410.4,3531.1,0.0139,Salicylic Acid,HPLC-UV/Vis
SMP-00428,12.09,53986.0,9879.0,10110.9,0.0533,Chlorpheniramine,HPLC-UV/Vis
SMP-00429,1.24,14217.4,3623.0,3730.5,0.0142,Uracil,HPLC-UV/Vis
SMP-00429,2.79,46240.5,9394.7,9873.6,0.0472,Acetaminophen,HPLC-UV/Vis
SMP-00429,4.11,91143.2,15151.2,15448.4,0.0899,Caffeine,HPLC-UV/Vis
SMP-00429,5.62,25543.9,5572.4,5681.6,0.026,Aspirin,HPLC-UV/Vis
SMP-00429,7.18,63282.9,10209.7,10411.6,0.0645,Benzoic Acid,HPLC-UV/Vis
SMP-00429,8.97,28990.7,5906.8,6066.8,0.0289,Phenacetin,HPLC-UV/Vis
SMP-00429,10.39,14709.2,3733.5,3847.4,0.0147,Salicylic Acid,HPLC-UV/Vis
SMP-00429,12.09,50725.7,9397.2,9537.5,0.0483,Chlorpheniramine,HPLC-UV/Vis
SMP-00430,1.24,11721.2,3100.2,3023.7,0.0122,Uracil,HPLC-UV/Vis
SMP-00430,2.78,43735.6,8633.9,8984.6,0.0432,Acetaminophen,HPLC-UV/Vis
SMP-00430,4.21,97729.5,15954.8,16489.6,0.0988,Caffeine,HPLC-UV/Vis
SMP-00430,5.54,22289.5,4851.8,4981.6,0.0226,Aspirin,HPLC-UV/Vis
SMP-00430,7.16,62805.1,10489.1,10978.3,0.065,Benzoic Acid,HPLC-UV/Vis
SMP-00430,8.97,33416.1,6959.0,7164.4,0.0332,Phenacetin,HPLC-UV/Vis
SMP-00430,10.37,16142.2,3925.9,4011.0,0.0163,Salicylic Acid,HPLC-UV/Vis
SMP-00430,12.07,52756.5,9780.7,9873.9,0.053,Chlorpheniramine,HPLC-UV/Vis
SMP-00431,1.23,12085.3,2955.3,3050.5,0.0118,Uracil,HPLC-UV/Vis
SMP-00431,2.8,43181.3,8701.3,8782.8,0.0425,Acetaminophen,HPLC-UV/Vis
SMP-00431,4.19,105906.9,16487.9,16713.5,0.106,Caffeine,HPLC-UV/Vis
SMP-00431,5.6,22828.3,5102.7,5157.7,0.0229,Aspirin,HPLC-UV/Vis
SMP-00431,7.19,55694.4,9119.6,9288.7,0.057,Benzoic Acid,HPLC-UV/Vis
SMP-00431,8.95,31130.3,5977.3,5917.9,0.0309,Phenacetin,HPLC-UV/Vis
SMP-00431,10.39,14252.7,3444.4,3525.2,0.0145,Salicylic Acid,HPLC-UV/Vis
SMP-00431,12.08,53930.3,9832.9,10211.4,0.0557,Chlorpheniramine,HPLC-UV/Vis
SMP-00432,1.29,11006.1,2767.6,2732.4,0.0111,Uracil,HPLC-UV/Vis
SMP-00432,2.72,46662.6,9229.3,9607.2,0.0456,Acetaminophen,HPLC-UV/Vis
SMP-00432,4.15,94472.9,15302.5,15878.2,0.0965,Caffeine,HPLC-UV/Vis
SMP-00432,5.61,25987.0,5717.3,5760.2,0.0263,Aspirin,HPLC-UV/Vis
SMP-00432,7.24,72219.1,11214.0,11407.8,0.0714,Benzoic Acid,HPLC-UV/Vis
SMP-00432,9.0,27829.1,6139.4,6276.7,0.0274,Phenacetin,HPLC-UV/Vis
SMP-00432,10.43,16614.7,3959.5,4118.0,0.0163,Salicylic Acid,HPLC-UV/Vis
SMP-00432,12.1,49756.6,9306.5,9478.1,0.0495,Chlorpheniramine,HPLC-UV/Vis
SMP-00433,1.28,11621.1,3096.6,3255.6,0.0116,Uracil,HPLC-UV/Vis
SMP-00433,2.79,48299.6,9334.2,9536.3,0.0483,Acetaminophen,HPLC-UV/Vis
SMP-00433,4.15,94995.4,15502.2,16262.3,0.0943,Caffeine,HPLC-UV/Vis
SMP-00433,5.57,22162.7,5194.2,5378.6,0.0219,Aspirin,HPLC-UV/Vis
SMP-00433,7.15,61803.2,10525.8,10751.7,0.0605,Benzoic Acid,HPLC-UV/Vis
SMP-00433,8.97,30946.9,6228.1,6376.5,0.0323,Phenacetin,HPLC-UV/Vis
SMP-00433,10.44,12867.3,3117.1,3170.5,0.013,Salicylic Acid,HPLC-UV/Vis
SMP-00433,12.11,49472.0,8751.2,9122.3,0.0503,Chlorpheniramine,HPLC-UV/Vis
SMP-00434,1.25,12512.9,3242.0,3385.7,0.0127,Uracil,HPLC-UV/Vis
SMP-00434,2.8,45400.4,8614.3,8736.1,0.0459,Acetaminophen,HPLC-UV/Vis
SMP-00434,4.17,88742.8,14782.3,15414.1,0.0902,Caffeine,HPLC-UV/Vis
SMP-00434,5.61,24804.5,5239.3,5574.8,0.0259,Aspirin,HPLC-UV/Vis
SMP-00434,7.22,71368.3,11751.6,12078.2,0.0727,Benzoic Acid,HPLC-UV/Vis
SMP-00434,8.92,29960.7,6272.2,6351.7,0.0298,Phenacetin,HPLC-UV/Vis
SMP-00434,10.37,11794.5,2756.0,2853.1,0.0119,Salicylic Acid,HPLC-UV/Vis
SMP-00434,12.12,50805.8,8939.5,9274.8,0.0506,Chlorpheniramine,HPLC-UV/Vis
SMP-00435,1.26,14048.9,3566.2,3749.4,0.0146,Uracil,HPLC-UV/Vis
SMP-00435,2.81,41538.4,8310.9,8747.9,0.0411,Acetaminophen,HPLC-UV/Vis
SMP-00435,4.16,92686.6,15420.1,16042.7,0.0924,Caffeine,HPLC-UV/Vis
SMP-00435,5.63,21819.8,4817.4,4791.5,0.0221,Aspirin,HPLC-UV/Vis
SMP-00435,7.19,68299.5,11276.3,11528.0,0.0686,Benzoic Acid,HPLC-UV/Vis
SMP-00435,8.94,28378.2,5934.7,6141.1,0.0281,Phenacetin,HPLC-UV/Vis
SMP-00435,10.39,17385.3,4184.6,4363.3,0.0172,Salicylic Acid,HPLC-UV/Vis
SMP-00435,12.13,60079.0,11296.0,11700.9,0.0614,Chlorpheniramine,HPLC-UV/Vis
SMP-00436,1.22,11699.4,2863.5,3010.1,0.0114,Uracil,HPLC-UV/Vis
SMP-00436,2.77,37838.7,7425.9,7487.6,0.0363,Acetaminophen,HPLC-UV/Vis
SMP-00436,4.15,72522.2,11478.5,11805.7,0.0719,Caffeine,HPLC-UV/Vis
SMP-00436,5.64,28058.5,6147.2,6169.1,0.028,Aspirin,HPLC-UV/Vis
SMP-00436,7.2,71516.2,12628.1,12574.3,0.0708,Benzoic Acid,HPLC-UV/Vis
SMP-00436,8.93,33663.7,7027.0,7411.6,0.0349,Phenacetin,HPLC-UV/Vis
SMP-00436,10.35,14508.0,3783.3,3789.7,0.0147,Salicylic Acid,HPLC-UV/Vis
SMP-00436,12.06,59008.2,10680.4,10920.4,0.0581,Chlorpheniramine,HPLC-UV/Vis
SMP-00437,1.27,12098.0,2963.4,3054.1,0.0123,Uracil,HPLC-UV/Vis
SMP-00437,2.8,45974.8,8745.6,9017.5,0.0466,Acetaminophen,HPLC-UV/Vis
SMP-00437,4.17,83178.9,13798.1,14340.4,0.0819,Caffeine,HPLC-UV/Vis
SMP-00437,5.62,26280.7,5525.4,5872.4,0.0268,Aspirin,HPLC-UV/Vis
SMP-00437,7.19,70031.6,11422.9,11725.0,0.068,Benzoic Acid,HPLC-UV/Vis
SMP-00437,9.02,31397.2,6480.0,6670.4,0.0309,Phenacetin,HPLC-UV/Vis
SMP-00437,10.4,15293.9,3639.7,3783.8,0.0154,Salicylic Acid,HPLC-UV/Vis
SMP-00437,12.12,53276.6,9583.8,10155.5,0.0523,Chlorpheniramine,HPLC-UV/Vis
SMP-00438,1.27,11666.9,2895.3,3033.4,0.0117,Uracil,HPLC-UV/Vis
SMP-00438,2.86,38423.2,7443.7,7385.7,0.0387,Acetaminophen,HPLC-UV/Vis
SMP-00438,4.17,89045.7,15062.5,15384.9,0.0862,Caffeine,HPLC-UV/Vis
SMP-00438,5.59,18897.5,4010.9,4072.1,0.0196,Aspirin,HPLC-UV/Vis
SMP-00438,7.19,70573.8,11042.9,11249.4,0.0711,Benzoic Acid,HPLC-UV/Vis
SMP-00438,8.93,31080.9,6440.9,6632.9,0.0316,Phenacetin,HPLC-UV/Vis
SMP-00438,10.44,16398.3,4189.8,4384.9,0.0169,Salicylic Acid,HPLC-UV/Vis
SMP-00438,12.05,53440.6,9596.8,10164.8,0.0522,Chlorpheniramine,HPLC-UV/Vis
SMP-00439,1.26,12575.1,3215.7,3335.2,0.0129,Uracil,HPLC-UV/Vis
SMP-00439,2.8,42063.6,8584.0,8656.5,0.0437,Acetaminophen,HPLC-UV/Vis
SMP-00439,4.19,95314.5,14575.1,14709.4,0.0959,Caffeine,HPLC-UV/Vis
SMP-00439,5.59,24515.6,5386.8,5417.1,0.0249,Aspirin,HPLC-UV/Vis
SMP-00439,7.19,72194.0,12029.4,12710.6,0.0724,Benzoic Acid,HPLC-UV/Vis
SMP-00439,8.89,32633.2,6618.0,6702.9,0.0334,Phenacetin,HPLC-UV/Vis
SMP-00439,10.34,16716.9,4139.8,4204.2,0.0165,Salicylic Acid,HPLC-UV/Vis
SMP-00439,12.09,53238.9,9861.0,10209.9,0.0521,Chlorpheniramine,HPLC-UV/Vis
SMP-00440,1.24,11286.6,2748.3,2865.1,0.0114,Uracil,HPLC-UV/Vis
SMP-00440,2.78,46583.7,8685.4,8774.6,0.0466,Acetaminophen,HPLC-UV/Vis
SMP-00440,4.1,79767.4,12807.8,13437.6,0.0783,Caffeine,HPLC-UV/Vis
SMP-00440,5.61,22523.2,5014.0,5029.5,0.0222,Aspirin,HPLC-UV/Vis
SMP-00440,7.25,73081.4,12514.7,12433.1,0.0718,Benzoic Acid,HPLC-UV/Vis
SMP-00440,9.02,30223.6,6343.1,6581.4,0.0304,Phenacetin,HPLC-UV/Vis
SMP-00440,10.41,15564.0,3654.4,3566.7,0.016,Salicylic Acid,HPLC-UV/Vis
SMP-00440,12.04,56574.7,10353.0,10822.5,0.0578,Chlorpheniramine,HPLC-UV/Vis
SMP-00441,1.22,12053.7,3177.0,3138.7,0.0121,Uracil,HPLC-UV/Vis
SMP-00441,2.83,49045.4,9814.9,9570.1,0.0505,Acetaminophen,HPLC-UV/Vis
SMP-00441,4.19,78723.0,12034.0,12825.0,0.0771,Caffeine,HPLC-UV/Vis
SMP-00441,5.62,24885.4,5659.5,5854.6,0.0244,Aspirin,HPLC-UV/Vis
SMP-00441,7.22,55166.7,9644.5,9454.1,0.0566,Benzoic Acid,HPLC-UV/Vis
SMP-00441,8.97,32792.2,6719.9,6982.1,0.0327,Phenacetin,HPLC-UV/Vis
SMP-00441,10.47,13508.3,2927.0,2990.5,0.0134,Salicylic Acid,HPLC-UV/Vis
SMP-00441,12.07,58929.6,10249.5,10649.4,0.0596,Chlorpheniramine,HPLC-UV/Vis
SMP-00442,1.26,13632.4,3509.0,3590.0,0.0138,Uracil,HPLC-UV/Vis
SMP-00442,2.83,37957.4,7327.3,7391.0,0.0385,Acetaminophen,HPLC-UV/Vis
SMP-00442,4.14,82695.7,13702.4,14077.0,0.0852,Caffeine,HPLC-UV/Vis
SMP-00442,5.63,23637.4,5498.3,5689.7,0.0234,Aspirin,HPLC-UV/Vis
SMP-00442,7.18,67357.2,11349.3,11368.5,0.0668,Benzoic Acid,HPLC-UV/Vis
SMP-00442,8.97,31119.5,6430.9,6464.5,0.0306,Phenacetin,HPLC-UV/Vis
SMP-00442,10.42,15961.5,3791.3,3887.1,0.0164,Salicylic Acid,HPLC-UV/Vis
SMP-00442,12.1,48640.8,8585.5,8844.2,0.0489,Chlorpheniramine,HPLC-UV/Vis
SMP-00443,1.26,11989.5,3032.6,3247.7,0.0119,Uracil,HPLC-UV/Vis
SMP-00443,2.75,220912.9,45237.1,41902.0,0.2277,Acetaminophen,HPLC-UV/Vis
SMP-00443,4.15,93505.2,15122.1,15664.2,0.0946,Caffeine,HPLC-UV/Vis
SMP-00443,5.59,21901.8,4763.8,4945.5,0.0217,Aspirin,HPLC-UV/Vis
SMP-00443,7.19,60226.0,10175.4,10644.6,0.0573,Benzoic Acid,HPLC-UV/Vis
SMP-00443,8.96,26804.7,5649.0,5937.1,0.0267,Phenacetin,HPLC-UV/Vis
SMP-00443,10.33,16870.6,4337.8,4623.8,0.0168,Salicylic Acid,HPLC-UV/Vis
SMP-00443,12.13,53513.3,9816.8,10170.8,0.0536,Chlorpheniramine,HPLC-UV/Vis
SMP-00444,1.28,11799.7,2944.2,2885.4,0.0118,Uracil,HPLC-UV/Vis
SMP-00444,2.81,185900.1,36437.6,35129.3,0.1874,Acetaminophen,HPLC-UV/Vis
SMP-00444,4.14,85889.2,14304.8,14792.0,0.0839,Caffeine,HPLC-UV/Vis
SMP-00444,5.64,25829.0,5938.9,6362.8,0.0266,Aspirin,HPLC-UV/Vis
SMP-00444,7.23,65995.3,10352.6,10665.4,0.0667,Benzoic Acid,HPLC-UV/Vis
SMP-00444,8.89,30306.1,6341.0,6401.1,0.0304,Phenacetin,HPLC-UV/Vis
SMP-00444,10.43,18272.5,4407.9,4556.4,0.0183,Salicylic Acid,HPLC-UV/Vis
SMP-00444,12.12,61924.6,10511.7,10915.0,0.0625,Chlorpheniramine,HPLC-UV/Vis
SMP-00445,1.18,12374.6,3112.4,3310.2,0.0125,Uracil,HPLC-UV/Vis
SMP-00445,2.74,48505.2,9612.0,9858.8,0.0491,Acetaminophen,HPLC-UV/Vis
SMP-00445,4.18,98055.6,15226.7,15258.6,0.1017,Caffeine,HPLC-UV/Vis
SMP-00445,5.56,19472.4,4331.2,4362.1,0.0193,Aspirin,HPLC-UV/Vis
SMP-00445,7.2,74993.0,13079.1,13346.2,0.0735,Benzoic Acid,HPLC-UV/Vis
SMP-00445,9.0,29942.4,6305.7,6389.3,0.03,Phenacetin,HPLC-UV/Vis
SMP-00445,10.4,15419.0,3825.3,4076.1,0.0153,Salicylic Acid,HPLC-UV/Vis
SMP-00445,12.09,55823.2,10153.3,10425.9,0.0574,Chlorpheniramine,HPLC-UV/Vis
SMP-00446,1.25,11482.2,2783.5,2885.4,0.0116,Uracil,HPLC-UV/Vis
SMP-00446,2.8,45141.4,8605.6,8727.2,0.0455,Acetaminophen,HPLC-UV/Vis
SMP-00446,4.13,81514.6,13194.2,13834.0,0.0819,Caffeine,HPLC-UV/Vis
SMP-00446,5.61,26251.7,5871.2,6077.9,0.0265,Aspirin,HPLC-UV/Vis
SMP-00446,7.21,64104.5,10132.1,10505.5,0.0646,Benzoic Acid,HPLC-UV/Vis
SMP-00446,8.98,28949.0,5598.5,5688.4,0.028,Phenacetin,HPLC-UV/Vis
SMP-00446,10.38,17136.9,4284.3,4333.6,0.0169,Salicylic Acid,HPLC-UV/Vis
SMP-00446,12.13,43292.3,7910.9,7800.6,0.0427,Chlorpheniramine,HPLC-UV/Vis
SMP-00447,1.34,12153.2,3003.9,3063.2,0.0122,Uracil,HPLC-UV/Vis
SMP-00447,2.77,43845.2,8626.1,8855.7,0.043,Acetaminophen,HPLC-UV/Vis
SMP-00447,4.14,80285.8,12743.4,13289.7,0.0799,Caffeine,HPLC-UV/Vis
SMP-00447,5.63,24062.6,5101.2,5217.0,0.0237,Aspirin,HPLC-UV/Vis
SMP-00447,7.19,66909.6,11055.7,11060.1,0.0688,Benzoic Acid,HPLC-UV/Vis
SMP-00447,8.93,31799.0,6710.3,6919.1,0.0328,Phenacetin,HPLC-UV/Vis
SMP-00447,10.4,14691.9,3466.0,3416.6,0.0151,Salicylic Acid,HPLC-UV/Vis
SMP-00447,12.13,60035.4,10537.8,10657.7,0.0619,Chlorpheniramine,HPLC-UV/Vis
SMP-00448,1.23,11149.2,2852.1,3023.6,0.0114,Uracil,HPLC-UV/Vis
SMP-00448,2.85,52192.9,10231.9,11107.0,0.052,Acetaminophen,HPLC-UV/Vis
SMP-00448,4.14,97254.3,15701.3,16317.2,0.1015,Caffeine,HPLC-UV/Vis
SMP-00448,5.61,21310.4,4734.0,4780.6,0.0217,Aspirin,HPLC-UV/Vis
SMP-00448,7.19,78612.3,13575.8,14023.7,0.0794,Benzoic Acid,HPLC-UV/Vis
SMP-00448,8.94,27837.0,5618.7,5775.5,0.0268,Phenacetin,HPLC-UV/Vis
SMP-00448,10.43,15588.3,3489.7,3576.7,0.0152,Salicylic Acid,HPLC-UV/Vis
SMP-00448,12.14,41005.8,7174.6,7508.9,0.0402,Chlorpheniramine,HPLC-UV/Vis
SMP-00449,1.31,12921.6,3410.9,3547.0,0.013,Uracil,HPLC-UV/Vis
SMP-00449,2.86,38089.7,7392.6,7608.0,0.0377,Acetaminophen,HPLC-UV/Vis
SMP-00449,4.16,106376.2,17770.8,18789.0,0.1042,Caffeine,HPLC-UV/Vis
SMP-00449,5.58,26156.4,5627.1,5690.4,0.0256,Aspirin,HPLC-UV/Vis
SMP-00449,7.2,70971.6,11411.0,11972.3,0.0686,Benzoic Acid,HPLC-UV/Vis
SMP-00449,8.93,31883.3,6388.3,6774.7,0.0322,Phenacetin,HPLC-UV/Vis
SMP-00449,10.43,14987.1,3583.4,3755.1,0.0142,Salicylic Acid,HPLC-UV/Vis
SMP-00449,12.08,50327.7,9676.0,9863.4,0.0514,Chlorpheniramine,HPLC-UV/Vis
SMP-00450,1.26,12138.6,3090.9,3278.0,0.0124,Uracil,HPLC-UV/Vis
SMP-00450,2.77,43123.3,8642.3,9105.3,0.0436,Acetaminophen,HPLC-UV/Vis
SMP-00450,4.17,100828.8,16465.9,17611.9,0.0985,Caffeine,HPLC-UV/Vis
SMP-00450,5.57,25545.2,5734.0,6112.6,0.0258,Aspirin,HPLC-UV/Vis
SMP-00450,7.19,65713.9,10749.0,11361.0,0.0674,Benzoic Acid,HPLC-UV/Vis
SMP-00450,8.95,31395.4,6290.5,6534.3,0.0323,Phenacetin,HPLC-UV/Vis
SMP-00450,10.44,14479.8,3531.3,3583.2,0.0146,Salicylic Acid,HPLC-UV/Vis
SMP-00450,12.13,61320.1,11290.5,11435.0,0.0599,Chlorpheniramine,HPLC-UV/Vis
SMP-00451,1.3,12419.6,3045.5,3263.9,0.0126,Uracil,HPLC-UV/Vis
SMP-00451,2.76,45874.5,9098.2,9462.7,0.0453,Acetaminophen,HPLC-UV/Vis
SMP-00451,4.13,104045.3,17302.5,17640.2,0.102,Caffeine,HPLC-UV/Vis
SMP-00451,5.59,22133.7,4713.3,4759.3,0.0222,Aspirin,HPLC-UV/Vis
SMP-00451,7.27,71405.4,11479.4,11471.2,0.0719,Benzoic Acid,HPLC-UV/Vis
SMP-00451,8.99,32079.8,6200.2,6259.8,0.0317,Phenacetin,HPLC-UV/Vis
SMP-00451,10.37,15839.1,3705.9,3817.6,0.016,Salicylic Acid,HPLC-UV/Vis
SMP-00451,12.11,49774.1,9439.1,9687.7,0.0506,Chlorpheniramine,HPLC-UV/Vis
SMP-00452,1.25,11452.9,2974.6,3111.7,0.0114,Uracil,HPLC-UV/Vis
SMP-00452,2.81,42021.6,7760.8,8048.4,0.0419,Acetaminophen,HPLC-UV/Vis
SMP-00452,4.17,95094.7,15388.3,15504.4,0.094,Caffeine,HPLC-UV/Vis
SMP-00452,5.6,21830.1,4699.9,4899.0,0.0217,Aspirin,HPLC-UV/Vis
SMP-00452,7.23,65291.6,11169.5,11535.5,0.0657,Benzoic Acid,HPLC-UV/Vis
SMP-00452,8.92,28340.3,5752.6,5938.3,0.0284,Phenacetin,HPLC-UV/Vis
SMP-00452,10.38,16679.3,4269.2,4367.1,0.0165,Salicylic Acid,HPLC-UV/Vis
SMP-00452,12.1,51351.2,8776.6,8784.2,0.0525,Chlorpheniramine,HPLC-UV/Vis
SMP-00453,1.3,12732.3,3177.4,3244.9,0.0124,Uracil,HPLC-UV/Vis
SMP-00453,2.81,48268.9,9903.1,10183.7,0.047,Acetaminophen,HPLC-UV/Vis
SMP-00453,4.14,84819.0,13937.4,14017.0,0.0851,Caffeine,HPLC-UV/Vis
SMP-00453,5.62,24605.1,5649.8,5854.4,0.0251,Aspirin,HPLC-UV/Vis
SMP-00453,7.19,76484.6,12249.6,12518.3,0.078,Benzoic Acid,HPLC-UV/Vis
SMP-00453,8.94,30372.6,6253.2,6576.6,0.0309,Phenacetin,HPLC-UV/Vis
SMP-00453,10.43,16133.9,4028.0,4066.0,0.0167,Salicylic Acid,HPLC-UV/Vis
SMP-00453,12.02,63195.7,11428.5,11681.0,0.0625,Chlorpheniramine,HPLC-UV/Vis
SMP-00454,1.22,11732.2,2962.4,3034.0,0.0117,Uracil,HPLC-UV/Vis
SMP-00454,2.81,47600.3,9413.3,9678.1,0.0467,Acetaminophen,HPLC-UV/Vis
SMP-00454,4.18,103587.3,17288.9,17648.3,0.0994,Caffeine,HPLC-UV/Vis
SMP-00454,5.62,22865.0,4984.2,4884.9,0.0229,Aspirin,HPLC-UV/Vis
SMP-00454,7.18,73129.8,11807.2,11940.9,0.0734,Benzoic Acid,HPLC-UV/Vis
SMP-00454,8.94,35778.2,7094.1,7100.6,0.0348,Phenacetin,HPLC-UV/Vis
SMP-00454,10.41,14075.3,3267.9,3390.7,0.0143,Salicylic Acid,HPLC-UV/Vis
SMP-00454,12.13,49224.7,8982.0,9340.7,0.0487,Chlorpheniramine,HPLC-UV/Vis
SMP-00455,1.21,11669.1,3035.0,3217.5,0.012,Uracil,HPLC-UV/Vis
SMP-00455,2.8,45455.6,8446.9,8559.2,0.0447,Acetaminophen,HPLC-UV/Vis
SMP-00455,4.18,95771.1,16082.7,16588.4,0.094,Caffeine,HPLC-UV/Vis
SMP-00455,5.58,24619.7,5380.9,5531.7,0.0249,Aspirin,HPLC-UV/Vis
SMP-00455,7.23,58317.3,9794.4,10070.4,0.0594,Benzoic Acid,HPLC-UV/Vis
SMP-00455,8.9,33540.6,6805.5,6997.3,0.0331,Phenacetin,HPLC-UV/Vis
SMP-00455,10.41,15976.2,3758.3,3908.8,0.0157,Salicylic Acid,HPLC-UV/Vis
SMP-00455,12.06,53352.4,9960.2,10304.1,0.0529,Chlorpheniramine,HPLC-UV/Vis
SMP-00456,1.25,12532.8,3238.3,3268.1,0.0126,Uracil,HPLC-UV/Vis
SMP-00456,2.82,40749.6,8233.3,8077.7,0.0423,Acetaminophen,HPLC-UV/Vis
SMP-00456,4.11,91868.4,15203.0,15572.9,0.0935,Caffeine,HPLC-UV/Vis
SMP-00456,5.59,22402.2,4863.9,4821.6,0.0224,Aspirin,HPLC-UV/Vis
SMP-00456,7.23,58732.8,9545.6,10061.7,0.0591,Benzoic Acid,HPLC-UV/Vis
SMP-00456,8.96,32629.0,7043.2,7267.4,0.032,Phenacetin,HPLC-UV/Vis
SMP-00456,10.38,15429.2,3800.6,3852.2,0.0153,Salicylic Acid,HPLC-UV/Vis
SMP-00456,12.08,59476.7,10464.6,10571.5,0.0615,Chlorpheniramine,HPLC-UV/Vis
SMP-00457,1.25,14755.7,3789.8,4005.6,0.015,Uracil,HPLC-UV/Vis
SMP-00457,2.8,36093.7,6928.9,7169.0,0.0363,Acetaminophen,HPLC-UV/Vis
SMP-00457,4.16,94821.7,15920.7,16570.4,0.0947,Caffeine,HPLC-UV/Vis
SMP-00457,5.63,22290.0,4989.4,5122.1,0.0226,Aspirin,HPLC-UV/Vis
SMP-00457,7.2,77861.0,12863.8,13723.8,0.0781,Benzoic Acid,HPLC-UV/Vis
SMP-00457,8.95,30228.7,5820.9,6098.0,0.0316,Phenacetin,HPLC-UV/Vis
SMP-00457,10.42,15315.8,3862.8,3975.7,0.0154,Salicylic Acid,HPLC-UV/Vis
SMP-00457,12.08,56192.0,10427.4,10935.2,0.0545,Chlorpheniramine,HPLC-UV/Vis
SMP-00458,1.27,11520.7,3047.0,3039.1,0.0115,Uracil,HPLC-UV/Vis
SMP-00458,2.81,41077.5,7457.5,7706.7,0.0416,Acetaminophen,HPLC-UV/Vis
SMP-00458,4.14,96119.9,15836.3,16730.2,0.096,Caffeine,HPLC-UV/Vis
SMP-00458,5.6,23304.3,5224.7,5221.3,0.0232,Aspirin,HPLC-UV/Vis
SMP-00458,7.2,65339.4,11498.9,11597.8,0.067,Benzoic Acid,HPLC-UV/Vis
SMP-00458,8.94,31097.8,6372.4,6586.8,0.0307,Phenacetin,HPLC-UV/Vis
SMP-00458,10.39,15096.3,3641.9,3588.0,0.0151,Salicylic Acid,HPLC-UV/Vis
SMP-00458,12.04,52303.6,9345.5,9864.2,0.0517,Chlorpheniramine,HPLC-UV/Vis
SMP-00459,1.29,11668.5,2994.6,3187.9,0.0118,Uracil,HPLC-UV/Vis
SMP-00459,2.79,48946.9,9501.3,9438.2,0.0486,Acetaminophen,HPLC-UV/Vis
SMP-00459,4.15,81022.5,13378.8,13792.1,0.0788,Caffeine,HPLC-UV/Vis
SMP-00459,5.62,25751.9,5547.7,5592.4,0.0267,Aspirin,HPLC-UV/Vis
SMP-00459,7.2,62416.6,10444.9,11116.6,0.0628,Benzoic Acid,HPLC-UV/Vis
SMP-00459,8.95,27999.9,5612.7,5655.6,0.0281,Phenacetin,HPLC-UV/Vis
SMP-00459,10.4,15120.5,3593.2,3726.6,0.0147,Salicylic Acid,HPLC-UV/Vis
SMP-00459,12.13,52695.6,9440.9,9692.3,0.0535,Chlorpheniramine,HPLC-UV/Vis
SMP-00460,1.23,11570.1,2955.1,3061.6,0.0116,Uracil,HPLC-UV/Vis
SMP-00460,2.8,45634.3,8659.8,9111.3,0.0452,Acetaminophen,HPLC-UV/Vis
SMP-00460,4.09,87281.4,13709.9,13852.7,0.0916,Caffeine,HPLC-UV/Vis
SMP-00460,5.64,25075.8,5687.0,5834.9,0.0258,Aspirin,HPLC-UV/Vis
SMP-00460,7.2,69174.7,11449.8,11805.2,0.0691,Benzoic Acid,HPLC-UV/Vis
SMP-00460,9.0,27440.1,5848.5,5980.8,0.0282,Phenacetin,HPLC-UV/Vis
SMP-00460,10.41,15352.9,3542.5,3772.0,0.0151,Salicylic Acid,HPLC-UV/Vis
SMP-00460,12.07,46954.2,8430.0,8582.8,0.0457,Chlorpheniramine,HPLC-UV/Vis
SMP-00461,1.21,12606.7,3228.0,3164.7,0.0125,Uracil,HPLC-UV/Vis
SMP-00461,2.77,48144.2,9471.4,9562.8,0.0481,Acetaminophen,HPLC-UV/Vis
SMP-00461,4.12,87365.0,14702.1,14891.0,0.0882,Caffeine,HPLC-UV/Vis
SMP-00461,5.6,24131.9,4960.2,5056.0,0.0243,Aspirin,HPLC-UV/Vis
SMP-00461,7.18,59955.2,10174.8,10414.4,0.0607,Benzoic Acid,HPLC-UV/Vis
SMP-00461,8.94,34546.8,6972.9,7348.1,0.0354,Phenacetin,HPLC-UV/Vis
SMP-00461,10.39,19574.3,4785.5,4952.1,0.0196,Salicylic Acid,HPLC-UV/Vis
SMP-00461,12.14,51098.4,9510.0,10015.8,0.0518,Chlorpheniramine,HPLC-UV/Vis
SMP-00462,1.24,9117.4,2332.2,2439.6,0.0091,Uracil,HPLC-UV/Vis
SMP-00462,2.79,51366.6,9967.6,10637.0,0.0508,Acetaminophen,HPLC-UV/Vis
SMP-00462,4.14,107705.4,17586.4,18862.5,0.107,Caffeine,HPLC-UV/Vis
SMP-00462,5.6,25032.7,5340.4,5537.8,0.0245,Aspirin,HPLC-UV/Vis
SMP-00462,7.15,66766.0,11463.6,11933.0,0.0651,Benzoic Acid,HPLC-UV/Vis
SMP-00462,8.96,36133.8,7227.5,7747.5,0.0361,Phenacetin,HPLC-UV/Vis
SMP-00462,10.35,16801.9,4107.6,4352.6,0.0164,Salicylic Acid,HPLC-UV/Vis
SMP-00462,12.1,53425.7,9547.9,9765.1,0.0536,Chlorpheniramine,HPLC-UV/Vis
SMP-00463,1.26,13952.0,3470.7,3449.1,0.0143,Uracil,HPLC-UV/Vis
SMP-00463,2.79,42996.8,8186.5,8193.3,0.0425,Acetaminophen,HPLC-UV/Vis
SMP-00463,4.15,93701.0,15015.9,15737.6,0.0928,Caffeine,HPLC-UV/Vis
SMP-00463,5.61,24872.7,5406.1,5698.0,0.0245,Aspirin,HPLC-UV/Vis
SMP-00463,7.25,67647.7,11165.8,11477.2,0.0698,Benzoic Acid,HPLC-UV/Vis
SMP-00463,9.01,32071.7,6453.7,6572.0,0.0321,Phenacetin,HPLC-UV/Vis
SMP-00463,10.39,14894.3,3655.5,3907.1,0.0149,Salicylic Acid,HPLC-UV/Vis
SMP-00463,12.07,55622.5,10085.0,10715.2,0.0567,Chlorpheniramine,HPLC-UV/Vis
SMP-00464,1.24,13819.0,3465.8,3636.9,0.0138,Uracil,HPLC-UV/Vis
SMP-00464,2.82,52201.0,10035.7,10650.4,0.0507,Acetaminophen,HPLC-UV/Vis
SMP-00464,4.15,85893.6,13672.4,14119.1,0.0849,Caffeine,HPLC-UV/Vis
SMP-00464,5.61,21558.0,4743.6,4824.7,0.021,Aspirin,HPLC-UV/Vis
SMP-00464,7.25,74575.3,12504.7,12719.4,0.0742,Benzoic Acid,HPLC-UV/Vis
SMP-00464,8.88,30067.0,6309.0,6354.6,0.0303,Phenacetin,HPLC-UV/Vis
SMP-00464,10.36,15736.4,3762.9,3907.1,0.0159,Salicylic Acid,HPLC-UV/Vis
SMP-00464,12.1,55766.6,9737.9,10024.1,0.0549,Chlorpheniramine,HPLC-UV/Vis
SMP-00465,1.27,13297.6,3582.3,3666.2,0.0132,Uracil,HPLC-UV/Vis
SMP-00465,2.75,38822.2,7710.2,7726.4,0.0378,Acetaminophen,HPLC-UV/Vis
SMP-00465,4.14,97100.9,15810.7,16032.5,0.0988,Caffeine,HPLC-UV/Vis
SMP-00465,5.56,23682.7,5119.6,5197.2,0.0245,Aspirin,HPLC-UV/Vis
SMP-00465,7.19,67972.7,11589.7,11774.8,0.0673,Benzoic Acid,HPLC-UV/Vis
SMP-00465,8.9,34291.6,6726.4,6895.2,0.0333,Phenacetin,HPLC-UV/Vis
SMP-00465,10.44,17230.1,4328.4,4332.8,0.0169,Salicylic Acid,HPLC-UV/Vis
SMP-00465,12.12,49867.5,8846.8,8912.0,0.0517,Chlorpheniramine,HPLC-UV/Vis
SMP-00466,1.25,12554.6,3333.0,3369.5,0.0129,Uracil,HPLC-UV/Vis
SMP-00466,2.83,37944.1,7345.8,7805.0,0.0386,Acetaminophen,HPLC-UV/Vis
SMP-00466,4.12,82646.3,14019.5,14572.6,0.0842,Caffeine,HPLC-UV/Vis
SMP-00466,5.59,24871.0,5531.0,5678.1,0.0242,Aspirin,HPLC-UV/Vis
SMP-00466,7.21,63313.9,10918.0,11298.8,0.0637,Benzoic Acid,HPLC-UV/Vis
SMP-00466,8.97,32116.7,6552.3,7008.8,0.0317,Phenacetin,HPLC-UV/Vis
SMP-00466,10.4,16310.1,4113.6,4211.4,0.0165,Salicylic Acid,HPLC-UV/Vis
SMP-00466,12.08,61019.9,11242.7,11482.3,0.0622,Chlorpheniramine,HPLC-UV/Vis
SMP-00467,1.25,11916.1,3134.9,3198.8,0.0122,Uracil,HPLC-UV/Vis
SMP-00467,2.79,54180.3,10329.9,10348.7,0.055,Acetaminophen,HPLC-UV/Vis
SMP-00467,4.19,90108.5,14027.0,14181.7,0.0872,Caffeine,HPLC-UV/Vis
SMP-00467,5.56,24259.8,5309.7,5418.6,0.0245,Aspirin,HPLC-UV/Vis
SMP-00467,7.23,63128.4,10480.9,10662.2,0.0633,Benzoic Acid,HPLC-UV/Vis
SMP-00467,8.94,29893.1,6188.6,6374.7,0.0302,Phenacetin,HPLC-UV/Vis
SMP-00467,10.38,15899.1,3768.3,3924.3,0.0158,Salicylic Acid,HPLC-UV/Vis
SMP-00467,12.11,62881.4,11482.4,11843.7,0.0621,Chlorpheniramine,HPLC-UV/Vis
SMP-00468,1.24,52756.0,12361.9,11158.7,0.0519,Uracil,HPLC-UV/Vis
SMP-00468,2.84,39793.2,8276.1,8519.0,0.0403,Acetaminophen,HPLC-UV/Vis
SMP-00468,4.1,79776.0,12740.1,13375.5,0.0773,Caffeine,HPLC-UV/Vis
SMP-00468,5.6,24192.3,5409.2,5465.0,0.0235,Aspirin,HPLC-UV/Vis
SMP-00468,7.24,65072.8,10429.4,10652.6,0.0656,Benzoic Acid,HPLC-UV/Vis
SMP-00468,8.99,34086.3,7027.9,6964.1,0.0337,Phenacetin,HPLC-UV/Vis
SMP-00468,10.38,15898.4,3896.8,3883.3,0.0161,Salicylic Acid,HPLC-UV/Vis
SMP-00468,12.11,58237.9,10305.1,10873.7,0.0581,Chlorpheniramine,HPLC-UV/Vis
SMP-00469,1.22,14241.2,3573.6,3862.9,0.0141,Uracil,HPLC-UV/Vis
SMP-00469,2.79,49075.0,9526.0,9603.9,0.0465,Acetaminophen,HPLC-UV/Vis
SMP-00469,4.15,62944.3,10363.7,10817.5,0.0617,Caffeine,HPLC-UV/Vis
SMP-00469,5.6,25878.0,5729.0,6068.5,0.0264,Aspirin,HPLC-UV/Vis
SMP-00469,7.15,65872.3,11123.8,11470.9,0.0667,Benzoic Acid,HPLC-UV/Vis
SMP-00469,8.97,30341.4,6324.1,6796.6,0.0294,Phenacetin,HPLC-UV/Vis
SMP-00469,10.45,13768.3,3468.0,3650.7,0.0133,Salicylic Acid,HPLC-UV/Vis
SMP-00469,12.09,53873.3,9645.8,10188.4,0.0538,Chlorpheniramine,HPLC-UV/Vis
SMP-00470,1.24,12026.0,2987.3,3048.8,0.0121,Uracil,HPLC-UV/Vis
SMP-00470,2.84,46903.9,8988.2,9076.1,0.0472,Acetaminophen,HPLC-UV/Vis
SMP-00470,4.15,91542.6,15106.8,15641.5,0.0912,Caffeine,HPLC-UV/Vis
SMP-00470,5.58,25059.5,5468.1,5485.0,0.0256,Aspirin,HPLC-UV/Vis
SMP-00470,7.2,70710.5,11752.0,11522.1,0.0712,Benzoic Acid,HPLC-UV/Vis
SMP-00470,8.97,24573.5,5449.5,5468.5,0.0239,Phenacetin,HPLC-UV/Vis
SMP-00470,10.41,15726.0,3765.8,3979.0,0.0157,Salicylic Acid,HPLC-UV/Vis
SMP-00470,12.14,55389.4,10343.3,10772.1,0.058,Chlorpheniramine,HPLC-UV/Vis
SMP-00471,1.25,13346.7,3401.3,3557.9,0.0127,Uracil,HPLC-UV/Vis
SMP-00471,2.8,45162.6,8542.3,8953.4,0.0447,Acetaminophen,HPLC-UV/Vis
SMP-00471,4.15,93664.1,15848.2,16385.5,0.0952,Caffeine,HPLC-UV/Vis
SMP-00471,5.58,22773.0,4984.7,5190.9,0.0228,Aspirin,HPLC-UV/Vis
SMP-00471,7.19,57115.4,9429.6,9712.8,0.0596,Benzoic Acid,HPLC-UV/Vis
SMP-00471,8.92,31829.9,6571.8,6738.6,0.0317,Phenacetin,HPLC-UV/Vis
SMP-00471,10.46,14951.4,3680.9,3605.2,0.0152,Salicylic Acid,HPLC-UV/Vis
SMP-00471,12.07,51426.4,9431.7,9718.3,0.0519,Chlorpheniramine,HPLC-UV/Vis
SMP-00472,1.23,12092.9,3287.1,3341.6,0.0128,Uracil,HPLC-UV/Vis
SMP-00472,2.82,41034.8,8217.2,8563.0,0.0391,Acetaminophen,HPLC-UV/Vis
SMP-00472,4.16,88011.8,14082.2,14808.6,0.0864,Caffeine,HPLC-UV/Vis
SMP-00472,5.58,24278.5,5097.4,5199.6,0.0235,Aspirin,HPLC-UV/Vis
SMP-00472,7.22,72393.7,11786.2,12265.5,0.0721,Benzoic Acid,HPLC-UV/Vis
SMP-00472,8.95,21924.4,4669.4,4766.6,0.0218,Phenacetin,HPLC-UV/Vis
SMP-00472,10.36,15717.2,3889.5,4034.5,0.0155,Salicylic Acid,HPLC-UV/Vis
SMP-00472,12.07,50810.5,9147.6,9476.0,0.0505,Chlorpheniramine,HPLC-UV/Vis
SMP-00473,1.26,12544.7,3249.3,3394.4,0.0127,Uracil,HPLC-UV/Vis
SMP-00473,2.83,46348.3,9189.8,9390.9,0.0447,Acetaminophen,HPLC-UV/Vis
SMP-00473,4.12,93815.1,15814.9,16384.8,0.0919,Caffeine,HPLC-UV/Vis
SMP-00473,5.64,20072.1,4753.4,5074.3,0.0211,Aspirin,HPLC-UV/Vis
SMP-00473,7.19,69801.9,11905.2,12107.4,0.0683,Benzoic Acid,HPLC-UV/Vis
SMP-00473,8.93,35072.0,7076.4,7302.2,0.0357,Phenacetin,HPLC-UV/Vis
SMP-00473,10.41,16200.2,3830.3,4023.6,0.0166,Salicylic Acid,HPLC-UV/Vis
SMP-00473,12.15,50403.3,9288.7,9581.8,0.0503,Chlorpheniramine,HPLC-UV/Vis
SMP-00474,1.22,13102.7,3340.3,3353.0,0.0129,Uracil,HPLC-UV/Vis
SMP-00474,2.78,48022.0,9142.3,9594.9,0.0479,Acetaminophen,HPLC-UV/Vis
SMP-00474,4.15,101645.7,15926.7,16932.1,0.1034,Caffeine,HPLC-UV/Vis
SMP-00474,5.64,22355.1,4979.5,5075.0,0.0228,Aspirin,HPLC-UV/Vis
SMP-00474,7.2,71977.5,12313.7,12480.9,0.073,Benzoic Acid,HPLC-UV/Vis
SMP-00474,8.89,28866.4,6082.0,6262.9,0.0285,Phenacetin,HPLC-UV/Vis
SMP-00474,10.4,16570.9,3852.8,3960.5,0.0166,Salicylic Acid,HPLC-UV/Vis
SMP-00474,12.06,52224.1,9445.7,9731.3,0.0516,Chlorpheniramine,HPLC-UV/Vis
SMP-00475,1.24,12822.2,3415.1,3365.9,0.013,Uracil,HPLC-UV/Vis
SMP-00475,2.82,307380.1,62484.9,51542.2,0.3005,Acetaminophen,HPLC-UV/Vis
SMP-00475,4.12,93097.8,15823.7,15990.9,0.0934,Caffeine,HPLC-UV/Vis
SMP-00475,5.59,26242.5,5728.4,5886.9,0.0258,Aspirin,HPLC-UV/Vis
SMP-00475,7.2,71686.1,11699.3,11890.7,0.0723,Benzoic Acid,HPLC-UV/Vis
SMP-00475,8.97,36964.4,7689.6,8000.1,0.0374,Phenacetin,HPLC-UV/Vis
SMP-00475,10.44,13908.2,3479.2,3602.0,0.0138,Salicylic Acid,HPLC-UV/Vis
SMP-00475,12.05,52225.5,9012.8,9221.2,0.053,Chlorpheniramine,HPLC-UV/Vis
SMP-00476,1.25,11118.4,2886.4,3002.3,0.0108,Uracil,HPLC-UV/Vis
SMP-00476,2.76,48132.4,9397.4,9670.0,0.048,Acetaminophen,HPLC-UV/Vis
SMP-00476,4.16,84780.2,13505.1,13894.3,0.0844,Caffeine,HPLC-UV/Vis
SMP-00476,5.59,23769.1,5319.3,5627.9,0.0234,Aspirin,HPLC-UV/Vis
SMP-00476,7.2,84259.2,14124.3,14200.9,0.084,Benzoic Acid,HPLC-UV/Vis
SMP-00476,8.95,31014.4,6500.4,6650.6,0.0309,Phenacetin,HPLC-UV/Vis
SMP-00476,10.45,13693.3,3354.9,3487.7,0.0137,Salicylic Acid,HPLC-UV/Vis
SMP-00476,12.07,57033.0,10083.4,9968.0,0.0575,Chlorpheniramine,HPLC-UV/Vis
SMP-00477,1.27,12199.5,3111.6,3208.2,0.012,Uracil,HPLC-UV/Vis
SMP-00477,2.79,40559.1,8072.5,8265.0,0.0392,Acetaminophen,HPLC-UV/Vis
SMP-00477,4.15,85221.6,14027.3,14609.1,0.0895,Caffeine,HPLC-UV/Vis
SMP-00477,5.55,22267.9,4875.8,5078.1,0.0218,Aspirin,HPLC-UV/Vis
SMP-00477,7.16,63340.8,10336.4,10581.8,0.0617,Benzoic Acid,HPLC-UV/Vis
SMP-00477,8.96,26680.0,5478.2,5471.0,0.0275,Phenacetin,HPLC-UV/Vis
SMP-00477,10.4,14270.5,3400.4,3471.6,0.0142,Salicylic Acid,HPLC-UV/Vis
SMP-00477,12.13,59463.8,10802.4,10877.2,0.0586,Chlorpheniramine,HPLC-UV/Vis
SMP-00478,1.21,12829.0,3374.7,3512.7,0.013,Uracil,HPLC-UV/Vis
SMP-00478,2.84,38621.5,7464.6,7780.9,0.0389,Acetaminophen,HPLC-UV/Vis
SMP-00478,4.12,91761.5,15138.7,15257.6,0.0925,Caffeine,HPLC-UV/Vis
SMP-00478,5.62,21058.3,4661.8,4793.5,0.0216,Aspirin,HPLC-UV/Vis
SMP-00478,7.18,69823.8,12323.5,12875.6,0.0697,Benzoic Acid,HPLC-UV/Vis
SMP-00478,8.93,33322.0,6665.6,6866.0,0.0342,Phenacetin,HPLC-UV/Vis
SMP-00478,10.37,18998.3,4828.8,5022.0,0.0194,Salicylic Acid,HPLC-UV/Vis
SMP-00478,12.12,51905.3,8987.0,9722.5,0.0504,Chlorpheniramine,HPLC-UV/Vis
SMP-00479,1.26,13093.0,3356.6,3452.0,0.0132,Uracil,HPLC-UV/Vis
SMP-00479,2.8,45487.1,8486.8,9083.2,0.046,Acetaminophen,HPLC-UV/Vis
SMP-00479,4.13,80248.5,13419.0,13778.7,0.0814,Caffeine,HPLC-UV/Vis
SMP-00479,5.65,25182.2,5547.6,5765.9,0.0255,Aspirin,HPLC-UV/Vis
SMP-00479,7.25,70657.3,11505.5,11598.3,0.072,Benzoic Acid,HPLC-UV/Vis
SMP-00479,8.96,131391.1,21459.0,23201.2,0.1309,Phenacetin,HPLC-UV/Vis
SMP-00479,10.48,16200.7,3960.0,4025.0,0.0161,Salicylic Acid,HPLC-UV/Vis
SMP-00479,12.12,47334.1,8824.4,9081.5,0.0475,Chlorpheniramine,HPLC-UV/Vis
SMP-00480,1.29,13956.3,3584.4,3627.4,0.0142,Uracil,HPLC-UV/Vis
SMP-00480,2.75,48082.7,9669.3,9881.0,0.0485,Acetaminophen,HPLC-UV/Vis
SMP-00480,4.17,98968.6,15973.7,16124.6,0.0964,Caffeine,HPLC-UV/Vis
SMP-00480,5.57,23959.4,5409.0,5517.0,0.0239,Aspirin,HPLC-UV/Vis
SMP-00480,7.18,61268.6,10103.1,10664.4,0.0634,Benzoic Acid,HPLC-UV/Vis
SMP-00480,8.93,34520.5,6761.1,6997.4,0.0345,Phenacetin,HPLC-UV/Vis
SMP-00480,10.44,14130.3,3461.1,3525.5,0.014,Salicylic Acid,HPLC-UV/Vis
SMP-00480,12.09,55252.0,10272.1,10891.6,0.0556,Chlorpheniramine,HPLC-UV/Vis
SMP-00481,1.22,14424.9,3755.2,3878.0,0.0145,Uracil,HPLC-UV/Vis
SMP-00481,2.82,49901.8,10127.6,10480.6,0.0515,Acetaminophen,HPLC-UV/Vis
SMP-00481,4.15,74327.7,12119.7,12861.1,0.0729,Caffeine,HPLC-UV/Vis
SMP-00481,5.6,25276.3,5521.5,5591.1,0.0255,Aspirin,HPLC-UV/Vis
SMP-00481,7.14,79804.2,13573.7,14492.2,0.081,Benzoic Acid,HPLC-UV/Vis
SMP-00481,8.96,30620.0,6379.8,6500.6,0.03,Phenacetin,HPLC-UV/Vis
SMP-00481,10.44,13678.1,3193.2,3326.7,0.0135,Salicylic Acid,HPLC-UV/Vis
SMP-00481,12.13,56702.4,10067.0,10627.4,0.0575,Chlorpheniramine,HPLC-UV/Vis
SMP-00482,1.23,12423.6,3229.1,3305.8,0.0121,Uracil,HPLC-UV/Vis
SMP-00482,2.82,35261.3,6988.7,7443.9,0.0342,Acetaminophen,HPLC-UV/Vis
SMP-00482,4.14,104011.8,17395.4,17611.7,0.1046,Caffeine,HPLC-UV/Vis
SMP-00482,5.58,23074.2,5173.2,5265.3,0.0239,Aspirin,HPLC-UV/Vis
SMP-00482,7.16,63861.7,10832.2,10984.3,0.0643,Benzoic Acid,HPLC-UV/Vis
SMP-00482,8.91,29441.6,6106.7,6375.7,0.0291,Phenacetin,HPLC-UV/Vis
SMP-00482,10.39,16736.2,4136.0,4229.2,0.0169,Salicylic Acid,HPLC-UV/Vis
SMP-00482,12.11,56755.4,10959.6,11214.7,0.0566,Chlorpheniramine,HPLC-UV/Vis
SMP-00483,1.22,11882.2,3117.9,3257.4,0.012,Uracil,HPLC-UV/Vis
SMP-00483,2.79,41601.1,7935.7,7968.2,0.0428,Acetaminophen,HPLC-UV/Vis
SMP-00483,4.09,91781.1,15038.3,15552.2,0.0907,Caffeine,HPLC-UV/Vis
SMP-00483,5.61,25488.8,5514.9,5527.8,0.0257,Aspirin,HPLC-UV/Vis
SMP-00483,7.23,53066.7,8661.4,8814.5,0.0526,Benzoic Acid,HPLC-UV/Vis
SMP-00483,8.96,33196.4,6954.9,7139.7,0.0345,Phenacetin,HPLC-UV/Vis
SMP-00483,10.39,15387.2,3710.2,3848.5,0.0151,Salicylic Acid,HPLC-UV/Vis
SMP-00483,12.03,52040.1,9722.9,9985.1,0.0519,Chlorpheniramine,HPLC-UV/Vis
SMP-00484,1.22,12482.0,3293.7,3412.7,0.0128,Uracil,HPLC-UV/Vis
SMP-00484,2.82,42533.0,8173.6,8734.5,0.0428,Acetaminophen,HPLC-UV/Vis
SMP-00484,4.12,88385.0,14679.2,15123.9,0.0875,Caffeine,HPLC-UV/Vis
SMP-00484,5.64,24642.6,5522.6,5737.0,0.0241,Aspirin,HPLC-UV/Vis
SMP-00484,7.23,65641.5,11237.0,11696.6,0.0668,Benzoic Acid,HPLC-UV/Vis
SMP-00484,8.98,26630.5,5469.4,5711.5,0.0268,Phenacetin,HPLC-UV/Vis
SMP-00484,10.4,14746.6,3405.3,3488.9,0.0149,Salicylic Acid,HPLC-UV/Vis
SMP-00484,12.06,60571.3,10666.0,10960.1,0.06,Chlorpheniramine,HPLC-UV/Vis
SMP-00485,1.25,13294.6,3594.1,3730.5,0.0132,Uracil,HPLC-UV/Vis
SMP-00485,2.86,48806.3,9737.1,9718.9,0.0492,Acetaminophen,HPLC-UV/Vis
SMP-00485,4.13,89001.7,14515.1,14769.3,0.0893,Caffeine,HPLC-UV/Vis
SMP-00485,5.62,99227.9,20995.9,20768.9,0.1003,Aspirin,HPLC-UV/Vis
SMP-00485,7.17,66818.9,11228.9,11865.1,0.0693,Benzoic Acid,HPLC-UV/Vis
SMP-00485,8.91,32216.7,6655.5,6695.2,0.0322,Phenacetin,HPLC-UV/Vis
SMP-00485,10.36,14049.1,3348.8,3435.0,0.0143,Salicylic Acid,HPLC-UV/Vis
SMP-00485,12.1,66375.4,11720.8,11919.4,0.0671,Chlorpheniramine,HPLC-UV/Vis
SMP-00486,1.26,14702.8,3809.5,3773.2,0.0148,Uracil,HPLC-UV/Vis
SMP-00486,2.84,50218.2,9334.5,9866.6,0.0511,Acetaminophen,HPLC-UV/Vis
SMP-00486,4.15,101619.1,15661.3,16270.6,0.1036,Caffeine,HPLC-UV/Vis
SMP-00486,5.62,23338.3,5032.9,5102.5,0.0237,Aspirin,HPLC-UV/Vis
SMP-00486,7.15,68225.1,11165.5,11232.7,0.0683,Benzoic Acid,HPLC-UV/Vis
SMP-00486,8.95,27873.7,5810.6,6105.2,0.0293,Phenacetin,HPLC-UV/Vis
SMP-00486,10.37,16939.4,4155.5,4184.4,0.017,Salicylic Acid,HPLC-UV/Vis
SMP-00486,12.14,48707.9,8811.4,9162.4,0.0468,Chlorpheniramine,HPLC-UV/Vis
SMP-00487,1.25,12659.3,3077.2,3193.4,0.013,Uracil,HPLC-UV/Vis
SMP-00487,2.8,48417.3,9526.2,9494.1,0.0476,Acetaminophen,HPLC-UV/Vis
SMP-00487,4.12,102286.3,16903.3,17035.3,0.1019,Caffeine,HPLC-UV/Vis
SMP-00487,5.58,25067.2,5746.3,6058.4,0.0252,Aspirin,HPLC-UV/Vis
SMP-00487,7.18,84155.0,14066.1,14810.7,0.0837,Benzoic Acid,HPLC-UV/Vis
SMP-00487,8.97,28302.4,5622.0,5767.6,0.029,Phenacetin,HPLC-UV/Vis
SMP-00487,10.39,17644.2,4157.5,4386.5,0.0173,Salicylic Acid,HPLC-UV/Vis
SMP-00487,12.1,64355.2,11448.5,11395.2,0.0628,Chlorpheniramine,HPLC-UV/Vis
SMP-00488,1.21,13929.6,3587.0,3692.3,0.0141,Uracil,HPLC-UV/Vis
SMP-00488,2.8,40335.9,8198.7,8276.2,0.0407,Acetaminophen,HPLC-UV/Vis
SMP-00488,4.13,85866.2,15255.0,15708.3,0.0844,Caffeine,HPLC-UV/Vis
SMP-00488,5.55,22724.0,5300.5,5495.1,0.0231,Aspirin,HPLC-UV/Vis
SMP-00488,7.19,68774.4,11185.5,11610.5,0.0696,Benzoic Acid,HPLC-UV/Vis
SMP-00488,8.95,34604.1,7049.3,7211.6,0.0355,Phenacetin,HPLC-UV/Vis
SMP-00488,10.35,14246.8,3514.6,3710.2,0.014,Salicylic Acid,HPLC-UV/Vis
SMP-00488,12.1,53574.7,9437.5,10088.9,0.0534,Chlorpheniramine,HPLC-UV/Vis
SMP-00489,1.32,12940.6,3402.8,3619.3,0.0131,Uracil,HPLC-UV/Vis
SMP-00489,2.8,49160.7,9544.3,9826.8,0.0493,Acetaminophen,HPLC-UV/Vis
SMP-00489,4.17,93677.3,15584.1,16251.0,0.0972,Caffeine,HPLC-UV/Vis
SMP-00489,5.59,24146.6,5547.5,5608.6,0.0251,Aspirin,HPLC-UV/Vis
SMP-00489,7.23,67444.6,11191.1,11235.2,0.0687,Benzoic Acid,HPLC-UV/Vis
SMP-00489,8.91,34818.7,7486.4,7611.1,0.0354,Phenacetin,HPLC-UV/Vis
SMP-00489,10.4,17684.7,4289.2,4462.3,0.0173,Salicylic Acid,HPLC-UV/Vis
SMP-00489,12.14,57188.5,10298.9,11000.9,0.0592,Chlorpheniramine,HPLC-UV/Vis
SMP-00490,1.21,12311.6,3084.5,3182.5,0.0121,Uracil,HPLC-UV/Vis
SMP-00490,2.73,46566.2,8435.5,8634.5,0.0472,Acetaminophen,HPLC-UV/Vis
SMP-00490,4.12,88595.6,14041.4,14514.8,0.0868,Caffeine,HPLC-UV/Vis
SMP-00490,5.59,23073.4,5344.6,5526.3,0.0233,Aspirin,HPLC-UV/Vis
SMP-00490,7.21,65547.9,10903.0,11371.6,0.0649,Benzoic Acid,HPLC-UV/Vis
SMP-00490,8.94,29622.5,6110.1,6248.9,0.0306,Phenacetin,HPLC-UV/Vis
SMP-00490,10.38,16059.4,4030.3,4129.8,0.0157,Salicylic Acid,HPLC-UV/Vis
SMP-00490,12.12,55928.2,10539.4,11018.0,0.0559,Chlorpheniramine,HPLC-UV/Vis
SMP-00491,1.24,13950.6,3651.1,3747.0,0.0144,Uracil,HPLC-UV/Vis
SMP-00491,2.83,46808.0,9612.4,10045.5,0.0469,Acetaminophen,HPLC-UV/Vis
SMP-00491,4.15,82730.2,12853.8,13318.8,0.0818,Caffeine,HPLC-UV/Vis
SMP-00491,5.6,23220.6,5128.1,5460.2,0.0235,Aspirin,HPLC-UV/Vis
SMP-00491,7.19,72682.4,11949.8,12174.2,0.0756,Benzoic Acid,HPLC-UV/Vis
SMP-00491,8.88,28991.6,5561.7,5622.8,0.0285,Phenacetin,HPLC-UV/Vis
SMP-00491,10.34,17466.5,4040.8,4151.7,0.0174,Salicylic Acid,HPLC-UV/Vis
SMP-00491,12.11,60633.9,10857.5,11082.3,0.0611,Chlorpheniramine,HPLC-UV/Vis
SMP-00492,1.27,12851.2,3325.4,3422.8,0.013,Uracil,HPLC-UV/Vis
SMP-00492,2.79,44130.8,8458.2,8777.8,0.0422,Acetaminophen,HPLC-UV/Vis
SMP-00492,4.18,84506.8,13818.4,14815.9,0.0851,Caffeine,HPLC-UV/Vis
SMP-00492,5.56,22520.2,4849.3,5004.8,0.0224,Aspirin,HPLC-UV/Vis
SMP-00492,7.17,66001.6,11041.4,11448.0,0.0662,Benzoic Acid,HPLC-UV/Vis
SMP-00492,8.95,30730.0,6469.9,6757.6,0.0309,Phenacetin,HPLC-UV/Vis
SMP-00492,10.44,17395.2,4268.7,4580.0,0.0172,Salicylic Acid,HPLC-UV/Vis
SMP-00492,12.1,52174.8,8709.4,8857.0,0.0525,Chlorpheniramine,HPLC-UV/Vis
SMP-00493,1.23,12503.2,3225.5,3368.4,0.0124,Uracil,HPLC-UV/Vis
SMP-00493,2.77,43494.7,8906.0,8990.8,0.0429,Acetaminophen,HPLC-UV/Vis
SMP-00493,4.13,90435.0,15008.2,15452.8,0.0899,Caffeine,HPLC-UV/Vis
SMP-00493,5.58,19528.7,4424.5,4628.5,0.0195,Aspirin,HPLC-UV/Vis
SMP-00493,7.23,68082.2,11782.4,11894.7,0.0676,Benzoic Acid,HPLC-UV/Vis
SMP-00493,8.97,26725.8,5760.6,5998.2,0.0278,Phenacetin,HPLC-UV/Vis
SMP-00493,10.38,16625.8,4167.4,4232.9,0.016,Salicylic Acid,HPLC-UV/Vis
SMP-00493,12.11,62548.9,10927.6,11195.9,0.0622,Chlorpheniramine,HPLC-UV/Vis
SMP-00494,1.32,12979.0,3422.1,3584.4,0.0127,Uracil,HPLC-UV/Vis
SMP-00494,2.77,45014.6,9052.0,9338.3,0.046,Acetaminophen,HPLC-UV/Vis
SMP-00494,4.1,69775.6,11848.0,12488.4,0.0702,Caffeine,HPLC-UV/Vis
SMP-00494,5.63,25119.9,5499.7,5769.9,0.025,Aspirin,HPLC-UV/Vis
SMP-00494,7.21,61607.5,9988.5,10734.5,0.0604,Benzoic Acid,HPLC-UV/Vis
SMP-00494,8.97,31031.2,6494.7,6732.3,0.0305,Phenacetin,HPLC-UV/Vis
SMP-00494,10.38,18316.3,4510.6,4582.8,0.0184,Salicylic Acid,HPLC-UV/Vis
SMP-00494,12.11,52977.6,9336.3,9459.6,0.0556,Chlorpheniramine,HPLC-UV/Vis
SMP-00495,1.24,11697.3,3051.8,3104.3,0.0115,Uracil,HPLC-UV/Vis
SMP-00495,2.8,43890.2,8291.2,8475.1,0.0435,Acetaminophen,HPLC-UV/Vis
SMP-00495,4.16,109058.9,18307.6,19567.9,0.108,Caffeine,HPLC-UV/Vis
SMP-00495,5.61,25378.5,5673.4,5804.7,0.0257,Aspirin,HPLC-UV/Vis
SMP-00495,7.15,66563.5,11354.9,11758.6,0.0672,Benzoic Acid,HPLC-UV/Vis
SMP-00495,8.96,30899.8,6299.8,6403.2,0.0315,Phenacetin,HPLC-UV/Vis
SMP-00495,10.41,18800.1,4633.6,4883.8,0.0189,Salicylic Acid,HPLC-UV/Vis
SMP-00495,12.07,55509.3,9254.1,9582.1,0.0559,Chlorpheniramine,HPLC-UV/Vis
SMP-00496,1.25,10892.7,2932.7,3000.9,0.0107,Uracil,HPLC-UV/Vis
SMP-00496,2.8,44159.0,8457.6,8710.3,0.0454,Acetaminophen,HPLC-UV/Vis
SMP-00496,4.15,96804.6,15748.2,16347.1,0.0971,Caffeine,HPLC-UV/Vis
SMP-00496,5.59,20468.1,4658.0,4937.9,0.02,Aspirin,HPLC-UV/Vis
SMP-00496,7.19,73354.1,12273.1,13458.1,0.0729,Benzoic Acid,HPLC-UV/Vis
SMP-00496,9.0,32865.2,6749.1,6964.4,0.0329,Phenacetin,HPLC-UV/Vis
SMP-00496,10.37,15349.6,3706.9,3690.1,0.0156,Salicylic Acid,HPLC-UV/Vis
SMP-00496,12.08,59784.3,10344.6,10659.9,0.0596,Chlorpheniramine,HPLC-UV/Vis
SMP-00497,1.25,12354.6,3138.2,3225.5,0.0127,Uracil,HPLC-UV/Vis
SMP-00497,2.87,42891.1,8399.2,8747.1,0.0426,Acetaminophen,HPLC-UV/Vis
SMP-00497,4.17,87373.1,14799.6,14943.0,0.0864,Caffeine,HPLC-UV/Vis
SMP-00497,5.62,23845.3,5245.4,5376.4,0.0244,Aspirin,HPLC-UV/Vis
SMP-00497,7.17,61132.5,10667.8,10834.5,0.0615,Benzoic Acid,HPLC-UV/Vis
SMP-00497,8.97,28836.5,5720.5,6106.1,0.0282,Phenacetin,HPLC-UV/Vis
SMP-00497,10.41,15259.2,3782.4,3784.9,0.0152,Salicylic Acid,HPLC-UV/Vis
SMP-00497,12.12,51098.2,8939.2,9245.5,0.0497,Chlorpheniramine,HPLC-UV/Vis
SMP-00498,1.25,11582.9,2875.9,2925.7,0.0112,Uracil,HPLC-UV/Vis
SMP-00498,2.78,47630.7,9399.7,9863.2,0.0479,Acetaminophen,HPLC-UV/Vis
SMP-00498,4.19,91504.1,15013.2,15296.2,0.0897,Caffeine,HPLC-UV/Vis
SMP-00498,5.62,24686.6,5360.2,5695.1,0.0246,Aspirin,HPLC-UV/Vis
SMP-00498,7.18,77989.9,12587.3,12775.8,0.0819,Benzoic Acid,HPLC-UV/Vis
SMP-00498,8.93,27826.2,5387.1,5559.2,0.0283,Phenacetin,HPLC-UV/Vis
SMP-00498,10.34,13533.0,3282.9,3564.4,0.0138,Salicylic Acid,HPLC-UV/Vis
SMP-00498,12.06,42710.4,7734.3,7951.0,0.0424,Chlorpheniramine,HPLC-UV/Vis
SMP-00499,1.23,11233.3,3020.6,3057.7,0.0112,Uracil,HPLC-UV/Vis
SMP-00499,2.82,41898.8,8403.4,8558.1,0.0418,Acetaminophen,HPLC-UV/Vis
SMP-00499,4.12,95631.3,15982.5,16561.1,0.0954,Caffeine,HPLC-UV/Vis
SMP-00499,5.6,23571.4,5152.9,5323.1,0.024,Aspirin,HPLC-UV/Vis
SMP-00499,7.14,70861.6,11413.7,11925.5,0.0709,Benzoic Acid,HPLC-UV/Vis
SMP-00499,8.92,29530.5,5992.6,5994.8,0.0302,Phenacetin,HPLC-UV/Vis
SMP-00499,10.43,16262.8,3938.8,4084.2,0.0164,Salicylic Acid,HPLC-UV/Vis
SMP-00499,12.11,58164.0,10239.4,10617.5,0.0553,Chlorpheniramine,HPLC-UV/Vis
SMP-00500,1.27,11930.3,2984.5,3070.8,0.0119,Uracil,HPLC-UV/Vis
SMP-00500,2.75,36786.0,7345.9,7504.2,0.0377,Acetaminophen,HPLC-UV/Vis
SMP-00500,4.16,88082.2,14337.7,14794.5,0.0873,Caffeine,HPLC-UV/Vis
SMP-00500,5.62,26781.1,6166.9,6283.7,0.0264,Aspirin,HPLC-UV/Vis
SMP-00500,7.19,67046.5,10806.7,10811.1,0.0671,Benzoic Acid,HPLC-UV/Vis
SMP-00500,8.94,30886.3,6154.7,6435.3,0.0315,Phenacetin,HPLC-UV/Vis
SMP-00500,10.39,13829.8,3276.0,3393.1,0.0133,Salicylic Acid,HPLC-UV/Vis
SMP-00500,12.09,56911.9,9767.0,9879.2,0.0548,Chlorpheniramine,HPLC-UV/Vis
SMP-00501,1.25,13161.8,3389.0,3522.4,0.0131,Uracil,HPLC-UV/Vis
SMP-00501,2.8,47658.0,9376.8,10185.4,0.0492,Acetaminophen,HPLC-UV/Vis
SMP-00501,4.15,85580.2,14468.5,14811.2,0.0864,Caffeine,HPLC-UV/Vis
SMP-00501,5.55,27933.2,6175.1,6237.1,0.028,Aspirin,HPLC-UV/Vis
SMP-00501,7.19,57609.4,9308.7,9510.5,0.0591,Benzoic Acid,HPLC-UV/Vis
SMP-00501,8.97,31120.0,6542.0,6624.0,0.0307,Phenacetin,HPLC-UV/Vis
SMP-00501,10.39,15579.1,3776.2,3984.2,0.016,Salicylic Acid,HPLC-UV/Vis
SMP-00501,12.05,50344.5,8839.6,9251.8,0.0513,Chlorpheniramine,HPLC-UV/Vis
SMP-00502,1.23,10609.1,2739.7,2819.4,0.0108,Uracil,HPLC-UV/Vis
SMP-00502,2.82,38737.8,7360.7,7721.2,0.0382,Acetaminophen,HPLC-UV/Vis
SMP-00502,4.17,84051.6,14125.4,14544.0,0.0836,Caffeine,HPLC-UV/Vis
SMP-00502,5.56,26413.1,5734.0,5924.6,0.0265,Aspirin,HPLC-UV/Vis
SMP-00502,7.18,64907.5,10445.7,11168.9,0.0643,Benzoic Acid,HPLC-UV/Vis
SMP-00502,8.98,32332.8,6606.7,6830.5,0.0327,Phenacetin,HPLC-UV/Vis
SMP-00502,10.35,12764.0,3281.2,3206.8,0.0128,Salicylic Acid,HPLC-UV/Vis
SMP-00502,12.1,48022.2,8786.5,9086.3,0.051,Chlorpheniramine,HPLC-UV/Vis
SMP-00503,1.29,10584.6,2818.4,2915.7,0.0107,Uracil,HPLC-UV/Vis
SMP-00503,2.85,46968.6,8918.1,9075.8,0.0477,Acetaminophen,HPLC-UV/Vis
SMP-00503,4.1,93791.4,14775.6,15348.4,0.0924,Caffeine,HPLC-UV/Vis
SMP-00503,5.58,26608.7,5936.5,6264.3,0.0279,Aspirin,HPLC-UV/Vis
SMP-00503,7.25,62685.8,10839.0,10989.1,0.0627,Benzoic Acid,HPLC-UV/Vis
SMP-00503,8.97,27230.0,5419.5,5648.4,0.027,Phenacetin,HPLC-UV/Vis
SMP-00503,10.4,15415.1,3775.2,3928.4,0.0156,Salicylic Acid,HPLC-UV/Vis
SMP-00503,12.09,59229.6,10550.2,10783.3,0.0576,Chlorpheniramine,HPLC-UV/Vis
SMP-00504,1.26,9990.9,2465.2,2469.0,0.0102,Uracil,HPLC-UV/Vis
SMP-00504,2.8,49088.0,9589.5,9792.8,0.0494,Acetaminophen,HPLC-UV/Vis
SMP-00504,4.15,69229.3,11753.0,12199.6,0.0692,Caffeine,HPLC-UV/Vis
SMP-00504,5.59,21077.6,4467.7,4589.5,0.0208,Aspirin,HPLC-UV/Vis
SMP-00504,7.22,69122.7,11320.6,11519.3,0.0685,Benzoic Acid,HPLC-UV/Vis
SMP-00504,8.97,27947.6,6013.3,6264.0,0.0262,Phenacetin,HPLC-UV/Vis
SMP-00504,10.43,16207.1,3900.9,4013.2,0.0163,Salicylic Acid,HPLC-UV/Vis
SMP-00504,12.06,50921.6,9689.4,9986.5,0.0526,Chlorpheniramine,HPLC-UV/Vis
SMP-00505,1.24,10959.8,2791.5,2936.6,0.0113,Uracil,HPLC-UV/Vis
SMP-00505,2.8,48035.5,9144.7,8960.6,0.048,Acetaminophen,HPLC-UV/Vis
SMP-00505,4.17,304158.2,43800.7,44831.9,0.3069,Caffeine,HPLC-UV/Vis
SMP-00505,5.65,27170.7,5980.1,6165.0,0.0271,Aspirin,HPLC-UV/Vis
SMP-00505,7.18,76292.3,12825.5,13068.1,0.075,Benzoic Acid,HPLC-UV/Vis
SMP-00505,8.95,143008.0,30067.6,29082.9,0.1435,Phenacetin,HPLC-UV/Vis
SMP-00505,10.36,13909.6,3362.1,3486.9,0.0143,Salicylic Acid,HPLC-UV/Vis
SMP-00505,12.15,50370.7,8950.0,9163.7,0.0495,Chlorpheniramine,HPLC-UV/Vis
SMP-00506,1.17,11823.5,3149.2,3224.0,0.0121,Uracil,HPLC-UV/Vis
SMP-00506,2.8,51153.9,10586.7,10989.5,0.0511,Acetaminophen,HPLC-UV/Vis
SMP-00506,4.19,88854.6,14233.4,15149.3,0.0884,Caffeine,HPLC-UV/Vis
SMP-00506,5.61,27320.3,5902.2,5978.8,0.0277,Aspirin,HPLC-UV/Vis
SMP-00506,7.2,77836.4,12335.4,12804.7,0.0795,Benzoic Acid,HPLC-UV/Vis
SMP-00506,8.92,30381.1,6071.4,6261.9,0.0302,Phenacetin,HPLC-UV/Vis
SMP-00506,10.41,18064.2,4437.7,4690.1,0.0186,Salicylic Acid,HPLC-UV/Vis
SMP-00506,12.11,51897.6,8948.3,9280.5,0.0508,Chlorpheniramine,HPLC-UV/Vis
SMP-00507,1.2,12663.4,3104.0,3239.0,0.0126,Uracil,HPLC-UV/Vis
SMP-00507,2.83,44327.4,8643.8,8868.8,0.0448,Acetaminophen,HPLC-UV/Vis
SMP-00507,4.18,85038.1,14349.5,14517.0,0.0837,Caffeine,HPLC-UV/Vis
SMP-00507,5.63,20397.0,4639.9,4774.0,0.0202,Aspirin,HPLC-UV/Vis
SMP-00507,7.18,289819.5,52582.0,46422.3,0.2971,Benzoic Acid,HPLC-UV/Vis
SMP-00507,8.96,34574.5,7240.5,7555.6,0.0352,Phenacetin,HPLC-UV/Vis
SMP-00507,10.34,62477.2,13509.0,12721.8,0.0627,Salicylic Acid,HPLC-UV/Vis
SMP-00507,12.07,58679.2,10185.0,10311.3,0.0591,Chlorpheniramine,HPLC-UV/Vis
SMP-00508,1.23,12552.4,3253.4,3282.9,0.0126,Uracil,HPLC-UV/Vis
SMP-00508,2.76,46784.2,8900.3,9189.3,0.0474,Acetaminophen,HPLC-UV/Vis
SMP-00508,4.18,96254.9,16041.8,16652.4,0.0982,Caffeine,HPLC-UV/Vis
SMP-00508,5.55,21270.3,4664.0,4795.8,0.0214,Aspirin,HPLC-UV/Vis
SMP-00508,7.26,66709.5,11083.5,11267.3,0.0654,Benzoic Acid,HPLC-UV/Vis
SMP-00508,8.95,30929.3,6662.7,6845.7,0.0309,Phenacetin,HPLC-UV/Vis
SMP-00508,10.39,16442.1,3859.3,3877.0,0.0165,Salicylic Acid,HPLC-UV/Vis
SMP-00508,12.08,54861.3,9981.5,10139.2,0.0543,Chlorpheniramine,HPLC-UV/Vis
SMP-00509,1.22,11698.4,3058.1,3148.3,0.0116,Uracil,HPLC-UV/Vis
SMP-00509,2.77,45196.8,9324.0,9709.3,0.044,Acetaminophen,HPLC-UV/Vis
SMP-00509,4.13,89157.5,14237.0,15240.1,0.0871,Caffeine,HPLC-UV/Vis
SMP-00509,5.58,24806.7,5522.0,5826.2,0.0251,Aspirin,HPLC-UV/Vis
SMP-00509,7.29,71143.7,11637.9,12034.9,0.072,Benzoic Acid,HPLC-UV/Vis
SMP-00509,8.96,34215.9,7185.8,7279.6,0.0355,Phenacetin,HPLC-UV/Vis
SMP-00509,10.42,15661.1,3821.3,3911.2,0.0156,Salicylic Acid,HPLC-UV/Vis
SMP-00509,12.15,60582.8,10461.6,10961.7,0.0606,Chlorpheniramine,HPLC-UV/Vis
SMP-00510,1.26,10280.6,2641.3,2724.7,0.0103,Uracil,HPLC-UV/Vis
SMP-00510,2.81,50654.2,9952.4,10205.4,0.0531,Acetaminophen,HPLC-UV/Vis
SMP-00510,4.17,91370.8,15728.3,16321.8,0.0924,Caffeine,HPLC-UV/Vis
SMP-00510,5.57,21092.9,4615.0,4841.8,0.0212,Aspirin,HPLC-UV/Vis
SMP-00510,7.24,54038.5,8544.9,8374.6,0.0557,Benzoic Acid,HPLC-UV/Vis
SMP-00510,8.98,30859.5,6527.0,6706.3,0.0311,Phenacetin,HPLC-UV/Vis
SMP-00510,10.41,91145.0,18270.2,22426.1,0.0914,Salicylic Acid,HPLC-UV/Vis
SMP-00510,12.1,67414.8,12345.3,12644.1,0.068,Chlorpheniramine,HPLC-UV/Vis
SMP-00511,1.29,10996.6,2653.5,2752.3,0.0112,Uracil,HPLC-UV/Vis
SMP-00511,2.82,48206.7,8972.8,9292.4,0.0494,Acetaminophen,HPLC-UV/Vis
SMP-00511,4.11,86222.8,14258.3,15198.1,0.0827,Caffeine,HPLC-UV/Vis
SMP-00511,5.57,24272.8,5449.2,5587.3,0.0246,Aspirin,HPLC-UV/Vis
SMP-00511,7.2,58387.6,10182.1,10656.3,0.0591,Benzoic Acid,HPLC-UV/Vis
SMP-00511,8.98,37572.8,7684.5,7929.5,0.0369,Phenacetin,HPLC-UV/Vis
SMP-00511,10.37,15804.8,3811.1,3953.8,0.0155,Salicylic Acid,HPLC-UV/Vis
SMP-00511,12.07,55217.6,9504.5,9818.4,0.0549,Chlorpheniramine,HPLC-UV/Vis
SMP-00512,1.2,13265.7,3380.9,3497.0,0.0129,Uracil,HPLC-UV/Vis
SMP-00512,2.79,52100.0,10265.4,10600.1,0.0513,Acetaminophen,HPLC-UV/Vis
SMP-00512,4.16,95451.0,15607.1,16609.0,0.0942,Caffeine,HPLC-UV/Vis
SMP-00512,5.55,23587.5,5432.8,5482.6,0.024,Aspirin,HPLC-UV/Vis
SMP-00512,7.18,70547.3,12254.6,12678.7,0.0716,Benzoic Acid,HPLC-UV/Vis
SMP-00512,8.97,32814.2,6476.9,6546.3,0.0332,Phenacetin,HPLC-UV/Vis
SMP-00512,10.43,16085.5,3924.7,4029.1,0.0162,Salicylic Acid,HPLC-UV/Vis
SMP-00512,12.12,51908.2,9750.4,10171.2,0.0523,Chlorpheniramine,HPLC-UV/Vis
SMP-00513,1.27,10170.0,2637.1,2802.7,0.0103,Uracil,HPLC-UV/Vis
SMP-00513,2.78,48056.9,9286.9,9808.7,0.0473,Acetaminophen,HPLC-UV/Vis
SMP-00513,4.13,105565.4,17077.8,17403.0,0.1018,Caffeine,HPLC-UV/Vis
SMP-00513,5.62,24310.2,5267.9,5363.1,0.0252,Aspirin,HPLC-UV/Vis
SMP-00513,7.23,77909.7,13542.6,14548.7,0.0775,Benzoic Acid,HPLC-UV/Vis
SMP-00513,9.01,28191.8,5585.8,5641.0,0.0281,Phenacetin,HPLC-UV/Vis
SMP-00513,10.36,14629.8,3427.4,3603.0,0.0146,Salicylic Acid,HPLC-UV/Vis
SMP-00513,12.11,53080.2,9888.5,10274.6,0.0527,Chlorpheniramine,HPLC-UV/Vis
SMP-00514,1.27,10880.1,2833.0,2922.4,0.0106,Uracil,HPLC-UV/Vis
SMP-00514,2.81,46693.1,9113.2,9267.6,0.0472,Acetaminophen,HPLC-UV/Vis
SMP-00514,4.12,95218.6,15885.8,16555.0,0.0948,Caffeine,HPLC-UV/Vis
SMP-00514,5.64,18583.7,4192.8,4495.6,0.0187,Aspirin,HPLC-UV/Vis
SMP-00514,7.21,68735.7,12212.6,12373.1,0.0674,Benzoic Acid,HPLC-UV/Vis
SMP-00514,9.0,29400.5,6113.9,6428.3,0.0299,Phenacetin,HPLC-UV/Vis
SMP-00514,10.44,16081.6,3865.2,3992.6,0.016,Salicylic Acid,HPLC-UV/Vis
SMP-00514,12.08,56819.6,9832.8,10153.9,0.0565,Chlorpheniramine,HPLC-UV/Vis
SMP-00515,1.27,14214.7,3782.0,3890.4,0.014,Uracil,HPLC-UV/Vis
SMP-00515,2.81,46522.9,9109.7,9285.5,0.0478,Acetaminophen,HPLC-UV/Vis
SMP-00515,4.13,79592.9,12847.5,13553.2,0.0791,Caffeine,HPLC-UV/Vis
SMP-00515,5.62,22325.4,4987.8,5162.5,0.0218,Aspirin,HPLC-UV/Vis
SMP-00515,7.21,76042.1,13067.5,14007.2,0.0767,Benzoic Acid,HPLC-UV/Vis
SMP-00515,8.95,30845.4,6249.4,6484.7,0.0311,Phenacetin,HPLC-UV/Vis
SMP-00515,10.43,12735.2,3076.8,3239.8,0.0129,Salicylic Acid,HPLC-UV/Vis
SMP-00515,12.16,51815.7,8780.7,9123.6,0.0499,Chlorpheniramine,HPLC-UV/Vis
SMP-00516,1.27,11876.7,3108.4,3129.6,0.0121,Uracil,HPLC-UV/Vis
SMP-00516,2.84,43623.1,8886.2,9003.4,0.0454,Acetaminophen,HPLC-UV/Vis
SMP-00516,4.1,89585.3,15099.5,15791.3,0.0917,Caffeine,HPLC-UV/Vis
SMP-00516,5.58,24870.4,5505.4,5592.4,0.025,Aspirin,HPLC-UV/Vis
SMP-00516,7.24,63929.8,10435.4,10602.6,0.0665,Benzoic Acid,HPLC-UV/Vis
SMP-00516,8.99,27982.4,5837.6,6043.4,0.0288,Phenacetin,HPLC-UV/Vis
SMP-00516,10.4,14762.8,3781.4,3846.6,0.0141,Salicylic Acid,HPLC-UV/Vis
SMP-00516,12.05,57429.6,11035.5,10916.3,0.0566,Chlorpheniramine,HPLC-UV/Vis
SMP-00517,1.3,11469.5,3004.7,3079.8,0.0122,Uracil,HPLC-UV/Vis
SMP-00517,2.81,46186.1,8864.7,9299.0,0.0451,Acetaminophen,HPLC-UV/Vis
SMP-00517,4.15,96475.7,15430.1,15950.6,0.0943,Caffeine,HPLC-UV/Vis
SMP-00517,5.62,23145.6,5136.2,5147.1,0.0225,Aspirin,HPLC-UV/Vis
SMP-00517,7.22,71204.0,11711.0,12236.9,0.0731,Benzoic Acid,HPLC-UV/Vis
SMP-00517,8.96,30551.9,6243.2,6451.7,0.0316,Phenacetin,HPLC-UV/Vis
SMP-00517,10.42,14892.8,3525.4,3658.6,0.0153,Salicylic Acid,HPLC-UV/Vis
SMP-00517,12.03,67460.5,12320.8,12914.4,0.0656,Chlorpheniramine,HPLC-UV/Vis
SMP-00518,1.27,10987.9,2546.9,2640.4,0.011,Uracil,HPLC-UV/Vis
SMP-00518,2.8,45403.0,9009.5,9466.0,0.0448,Acetaminophen,HPLC-UV/Vis
SMP-00518,4.13,89348.2,14815.9,15510.9,0.0899,Caffeine,HPLC-UV/Vis
SMP-00518,5.54,95196.5,19227.9,24576.4,0.0957,Aspirin,HPLC-UV/Vis
SMP-00518,7.22,73104.2,12029.4,12495.4,0.0708,Benzoic Acid,HPLC-UV/Vis
SMP-00518,8.95,35129.3,7168.3,7507.9,0.0349,Phenacetin,HPLC-UV/Vis
SMP-00518,10.39,15907.7,3892.2,4021.9,0.0157,Salicylic Acid,HPLC-UV/Vis
SMP-00518,12.07,43379.1,7812.5,7930.4,0.0445,Chlorpheniramine,HPLC-UV/Vis
SMP-00519,1.26,15091.9,3861.4,3977.1,0.0153,Uracil,HPLC-UV/Vis
SMP-00519,2.79,41182.2,8177.3,8110.5,0.0419,Acetaminophen,HPLC-UV/Vis
SMP-00519,4.15,84512.3,14360.5,14862.8,0.0839,Caffeine,HPLC-UV/Vis
SMP-00519,5.6,28636.9,6121.3,6437.5,0.0289,Aspirin,HPLC-UV/Vis
SMP-00519,7.22,67422.8,11547.3,11946.8,0.0684,Benzoic Acid,HPLC-UV/Vis
SMP-00519,8.95,29876.3,6005.3,6239.5,0.0293,Phenacetin,HPLC-UV/Vis
SMP-00519,10.37,16393.7,3907.6,3924.3,0.016,Salicylic Acid,HPLC-UV/Vis
SMP-00519,12.09,55563.8,9999.5,10373.6,0.0561,Chlorpheniramine,HPLC-UV/Vis
SMP-00520,1.19,11047.1,2892.6,2991.7,0.0113,Uracil,HPLC-UV/Vis
SMP-00520,2.79,155549.7,29864.1,25580.2,0.1571,Acetaminophen,HPLC-UV/Vis
SMP-00520,4.15,96319.0,15911.9,16259.5,0.0968,Caffeine,HPLC-UV/Vis
SMP-00520,5.6,19726.7,4433.2,4467.3,0.0198,Aspirin,HPLC-UV/Vis
SMP-00520,7.2,63140.7,10422.3,10981.1,0.0626,Benzoic Acid,HPLC-UV/Vis
SMP-00520,8.93,34384.2,7068.6,7172.6,0.0344,Phenacetin,HPLC-UV/Vis
SMP-00520,10.44,15531.0,3625.6,3770.5,0.0161,Salicylic Acid,HPLC-UV/Vis
SMP-00520,12.07,52744.4,9528.2,9810.5,0.0532,Chlorpheniramine,HPLC-UV/Vis
SMP-00521,1.22,13635.5,3396.8,3444.2,0.0134,Uracil,HPLC-UV/Vis
SMP-00521,2.8,49846.7,9477.1,9523.9,0.0494,Acetaminophen,HPLC-UV/Vis
SMP-00521,4.16,74193.7,12268.9,12417.6,0.073,Caffeine,HPLC-UV/Vis
SMP-00521,5.53,23845.0,5313.6,5385.9,0.0236,Aspirin,HPLC-UV/Vis
SMP-00521,7.26,261017.3,45829.7,40156.8,0.2536,Benzoic Acid,HPLC-UV/Vis
SMP-00521,8.92,28656.3,5947.1,6152.6,0.0282,Phenacetin,HPLC-UV/Vis
SMP-00521,10.37,14935.4,3494.0,3588.3,0.0147,Salicylic Acid,HPLC-UV/Vis
SMP-00521,12.1,52971.9,10098.2,10478.6,0.0526,Chlorpheniramine,HPLC-UV/Vis
SMP-00522,1.21,12368.5,3208.5,3182.0,0.0121,Uracil,HPLC-UV/Vis
SMP-00522,2.77,45998.3,8987.5,9235.2,0.0465,Acetaminophen,HPLC-UV/Vis
SMP-00522,4.15,80251.2,13169.2,13584.3,0.0781,Caffeine,HPLC-UV/Vis
SMP-00522,5.6,23749.1,5292.3,5374.7,0.0241,Aspirin,HPLC-UV/Vis
SMP-00522,7.18,59698.3,9703.1,9708.6,0.06,Benzoic Acid,HPLC-UV/Vis
SMP-00522,8.99,27801.6,5854.3,6039.9,0.0263,Phenacetin,HPLC-UV/Vis
SMP-00522,10.39,17489.7,4161.0,4332.7,0.0175,Salicylic Acid,HPLC-UV/Vis
SMP-00522,12.08,62502.5,11250.7,11792.1,0.0634,Chlorpheniramine,HPLC-UV/Vis
SMP-00523,1.21,11016.4,2970.9,3069.0,0.0106,Uracil,HPLC-UV/Vis
SMP-00523,2.75,42016.5,8186.8,8845.1,0.0428,Acetaminophen,HPLC-UV/Vis
SMP-00523,4.15,97404.7,16452.3,16864.4,0.097,Caffeine,HPLC-UV/Vis
SMP-00523,5.62,25470.0,5326.9,5444.5,0.0249,Aspirin,HPLC-UV/Vis
SMP-00523,7.16,58502.3,10099.7,10369.2,0.0584,Benzoic Acid,HPLC-UV/Vis
SMP-00523,8.98,29894.4,6056.5,6190.7,0.0306,Phenacetin,HPLC-UV/Vis
SMP-00523,10.39,16210.5,4157.5,4288.4,0.0161,Salicylic Acid,HPLC-UV/Vis
SMP-00523,12.14,60622.8,10814.6,11009.3,0.0586,Chlorpheniramine,HPLC-UV/Vis
SMP-00524,1.25,10208.3,2739.2,2802.9,0.0102,Uracil,HPLC-UV/Vis
SMP-00524,2.81,48098.3,9334.2,9536.1,0.0505,Acetaminophen,HPLC-UV/Vis
SMP-00524,4.13,95518.5,15085.9,15210.1,0.0975,Caffeine,HPLC-UV/Vis
SMP-00524,5.61,23520.0,5087.1,5214.0,0.0235,Aspirin,HPLC-UV/Vis
SMP-00524,7.21,61146.4,10426.8,10389.6,0.0607,Benzoic Acid,HPLC-UV/Vis
SMP-00524,8.92,37211.4,7351.2,7451.3,0.0375,Phenacetin,HPLC-UV/Vis
SMP-00524,10.4,17830.9,4418.1,4509.2,0.0178,Salicylic Acid,HPLC-UV/Vis
SMP-00524,12.12,54313.4,9927.0,10296.6,0.0542,Chlorpheniramine,HPLC-UV/Vis
SMP-00525,1.27,12813.8,3093.7,3135.4,0.0127,Uracil,HPLC-UV/Vis
SMP-00525,2.84,60466.9,11094.1,11494.4,0.0605,Acetaminophen,HPLC-UV/Vis
SMP-00525,4.17,90536.9,14560.2,15005.5,0.0915,Caffeine,HPLC-UV/Vis
SMP-00525,5.61,21752.2,5234.1,5428.7,0.0221,Aspirin,HPLC-UV/Vis
SMP-00525,7.21,68624.1,10761.8,10930.4,0.0676,Benzoic Acid,HPLC-UV/Vis
SMP-00525,8.92,31337.2,6696.9,6915.3,0.0306,Phenacetin,HPLC-UV/Vis
SMP-00525,10.39,13392.3,3297.0,3485.1,0.0132,Salicylic Acid,HPLC-UV/Vis
SMP-00525,12.09,50788.3,9239.3,9393.9,0.0499,Chlorpheniramine,HPLC-UV/Vis
SMP-00526,1.25,13779.0,3609.5,3825.4,0.0137,Uracil,HPLC-UV/Vis
SMP-00526,2.77,49048.6,9970.7,10369.2,0.0506,Acetaminophen,HPLC-UV/Vis
SMP-00526,4.15,81032.8,13187.6,13654.3,0.0811,Caffeine,HPLC-UV/Vis
SMP-00526,5.59,23897.3,5252.0,5288.5,0.023,Aspirin,HPLC-UV/Vis
SMP-00526,7.16,61768.3,10122.7,10396.8,0.0609,Benzoic Acid,HPLC-UV/Vis
SMP-00526,8.91,34973.2,7143.2,7263.6,0.0353,Phenacetin,HPLC-UV/Vis
SMP-00526,10.38,18392.9,4230.2,4336.4,0.0185,Salicylic Acid,HPLC-UV/Vis
SMP-00526,12.09,68623.8,12631.7,12412.6,0.067,Chlorpheniramine,HPLC-UV/Vis
SMP-00527,1.22,13132.6,3331.9,3352.1,0.0129,Uracil,HPLC-UV/Vis
SMP-00527,2.74,50587.6,10117.7,10354.1,0.0493,Acetaminophen,HPLC-UV/Vis
SMP-00527,4.14,75685.8,13133.7,13295.4,0.0731,Caffeine,HPLC-UV/Vis
SMP-00527,5.6,26533.1,5800.1,5931.2,0.0267,Aspirin,HPLC-UV/Vis
SMP-00527,7.21,69233.1,11560.7,11811.2,0.0704,Benzoic Acid,HPLC-UV/Vis
SMP-00527,8.97,35530.3,7158.6,7717.7,0.0351,Phenacetin,HPLC-UV/Vis
SMP-00527,10.42,16289.6,3976.2,4160.5,0.0164,Salicylic Acid,HPLC-UV/Vis
SMP-00527,12.1,49569.5,8800.9,9147.9,0.0501,Chlorpheniramine,HPLC-UV/Vis
SMP-00528,1.22,13830.8,3740.8,3855.2,0.0143,Uracil,HPLC-UV/Vis
SMP-00528,2.87,47964.9,9357.5,9795.9,0.0476,Acetaminophen,HPLC-UV/Vis
SMP-00528,4.19,96510.9,15675.0,16208.1,0.0979,Caffeine,HPLC-UV/Vis
SMP-00528,5.62,23884.1,5147.3,5233.2,0.0241,Aspirin,HPLC-UV/Vis
SMP-00528,7.22,62849.1,10393.7,10461.4,0.061,Benzoic Acid,HPLC-UV/Vis
SMP-00528,8.99,31511.8,6830.8,7013.3,0.0315,Phenacetin,HPLC-UV/Vis
SMP-00528,10.39,13744.3,3171.8,3192.6,0.0138,Salicylic Acid,HPLC-UV/Vis
SMP-00528,12.09,56422.4,9746.9,10055.1,0.0573,Chlorpheniramine,HPLC-UV/Vis
SMP-00529,1.27,12385.5,3123.5,3212.1,0.0128,Uracil,HPLC-UV/Vis
SMP-00529,2.8,48381.9,9415.4,9740.4,0.0482,Acetaminophen,HPLC-UV/Vis
SMP-00529,4.18,71803.5,11880.3,12123.5,0.0684,Caffeine,HPLC-UV/Vis
SMP-00529,5.6,23334.4,5265.3,5508.3,0.0226,Aspirin,HPLC-UV/Vis
SMP-00529,7.22,68875.6,11614.8,11514.4,0.0675,Benzoic Acid,HPLC-UV/Vis
SMP-00529,8.94,38136.6,7577.9,8042.3,0.0378,Phenacetin,HPLC-UV/Vis
SMP-00529,10.39,15781.2,3912.1,3981.4,0.016,Salicylic Acid,HPLC-UV/Vis
SMP-00529,12.11,39863.8,7109.0,7501.9,0.0406,Chlorpheniramine,HPLC-UV/Vis
SMP-00530,1.25,14537.5,3764.2,3827.4,0.0148,Uracil,HPLC-UV/Vis
SMP-00530,2.82,43954.8,8616.9,9115.6,0.0444,Acetaminophen,HPLC-UV/Vis
SMP-00530,4.13,83177.4,13192.9,13031.6,0.0865,Caffeine,HPLC-UV/Vis
SMP-00530,5.58,18614.7,4242.5,4362.1,0.0185,Aspirin,HPLC-UV/Vis
SMP-00530,7.22,64164.8,9994.8,10036.5,0.0624,Benzoic Acid,HPLC-UV/Vis
SMP-00530,8.98,35773.8,7024.8,7322.7,0.0354,Phenacetin,HPLC-UV/Vis
SMP-00530,10.44,18255.8,4538.4,4709.3,0.0181,Salicylic Acid,HPLC-UV/Vis
SMP-00530,12.08,57548.2,10864.6,11113.1,0.0568,Chlorpheniramine,HPLC-UV/Vis
SMP-00531,1.26,13981.0,3716.3,3930.2,0.0141,Uracil,HPLC-UV/Vis
SMP-00531,2.84,40716.1,7794.7,8295.2,0.0397,Acetaminophen,HPLC-UV/Vis
SMP-00531,4.17,89938.5,15120.1,16035.1,0.0908,Caffeine,HPLC-UV/Vis
SMP-00531,5.57,22736.1,5388.0,5759.0,0.0221,Aspirin,HPLC-UV/Vis
SMP-00531,7.2,70207.5,12095.5,12903.2,0.0703,Benzoic Acid,HPLC-UV/Vis
SMP-00531,8.97,31134.5,6060.9,6366.2,0.0315,Phenacetin,HPLC-UV/Vis
SMP-00531,10.37,18657.1,4562.1,4594.8,0.0182,Salicylic Acid,HPLC-UV/Vis
SMP-00531,12.12,51691.3,9482.8,9893.9,0.0518,Chlorpheniramine,HPLC-UV/Vis
SMP-00532,1.28,13493.4,3522.6,3569.6,0.0132,Uracil,HPLC-UV/Vis
SMP-00532,2.83,212373.5,39338.4,34483.8,0.2093,Acetaminophen,HPLC-UV/Vis
SMP-00532,4.14,107531.5,18154.8,18378.9,0.1102,Caffeine,HPLC-UV/Vis
SMP-00532,5.59,22360.2,4925.1,5133.9,0.0224,Aspirin,HPLC-UV/Vis
SMP-00532,7.19,69922.4,11646.5,11672.5,0.0706,Benzoic Acid,HPLC-UV/Vis
SMP-00532,8.93,29874.9,6051.7,6203.6,0.031,Phenacetin,HPLC-UV/Vis
SMP-00532,10.32,16362.3,4094.6,4199.7,0.0167,Salicylic Acid,HPLC-UV/Vis
SMP-00532,12.06,54925.9,10507.0,10562.1,0.0548,Chlorpheniramine,HPLC-UV/Vis
SMP-00533,1.28,13933.7,3596.9,3707.1,0.0136,Uracil,HPLC-UV/Vis
SMP-00533,2.79,45148.3,9033.2,9339.8,0.0461,Acetaminophen,HPLC-UV/Vis
SMP-00533,4.16,91970.0,14461.9,14852.7,0.0939,Caffeine,HPLC-UV/Vis
SMP-00533,5.58,21068.1,4675.1,4946.5,0.0213,Aspirin,HPLC-UV/Vis
SMP-00533,7.22,64420.4,10876.8,11170.6,0.0633,Benzoic Acid,HPLC-UV/Vis
SMP-00533,8.94,32160.5,6427.3,6475.6,0.0326,Phenacetin,HPLC-UV/Vis
SMP-00533,10.42,14588.6,3469.3,3526.0,0.0149,Salicylic Acid,HPLC-UV/Vis
SMP-00533,12.13,57653.0,10788.7,11341.8,0.0582,Chlorpheniramine,HPLC-UV/Vis
SMP-00534,1.27,12594.3,3201.2,3384.5,0.0126,Uracil,HPLC-UV/Vis
SMP-00534,2.83,43944.9,8385.1,8447.6,0.0432,Acetaminophen,HPLC-UV/Vis
SMP-00534,4.17,80110.6,12214.4,12654.9,0.079,Caffeine,HPLC-UV/Vis
SMP-00534,5.64,23265.3,5367.8,5521.5,0.0237,Aspirin,HPLC-UV/Vis
SMP-00534,7.2,61111.9,9882.2,10134.3,0.0593,Benzoic Acid,HPLC-UV/Vis
SMP-00534,8.94,31932.3,6298.5,6575.8,0.033,Phenacetin,HPLC-UV/Vis
SMP-00534,10.46,15666.9,3776.2,3926.3,0.0156,Salicylic Acid,HPLC-UV/Vis
SMP-00534,12.12,52930.4,9139.4,9320.7,0.0527,Chlorpheniramine,HPLC-UV/Vis
SMP-00535,1.25,14155.0,3514.5,3609.2,0.014,Uracil,HPLC-UV/Vis
SMP-00535,2.78,44225.5,8874.7,9376.0,0.0456,Acetaminophen,HPLC-UV/Vis
SMP-00535,4.16,91610.3,14869.6,15335.5,0.0939,Caffeine,HPLC-UV/Vis
SMP-00535,5.63,23578.0,5553.3,5675.4,0.0228,Aspirin,HPLC-UV/Vis
SMP-00535,7.2,76183.6,12488.8,12986.1,0.0742,Benzoic Acid,HPLC-UV/Vis
SMP-00535,8.95,106137.7,21784.2,24937.6,0.1039,Phenacetin,HPLC-UV/Vis
SMP-00535,10.43,12719.2,3250.2,3306.4,0.0131,Salicylic Acid,HPLC-UV/Vis
SMP-00535,12.11,50730.5,9066.3,9451.1,0.0493,Chlorpheniramine,HPLC-UV/Vis
SMP-00536,1.22,11101.9,2913.5,3076.2,0.0111,Uracil,HPLC-UV/Vis
SMP-00536,2.77,41082.7,8065.9,8296.6,0.0415,Acetaminophen,HPLC-UV/Vis
SMP-00536,4.17,85544.1,13584.6,14034.7,0.0854,Caffeine,HPLC-UV/Vis
SMP-00536,5.58,24583.5,5247.5,5358.8,0.0251,Aspirin,HPLC-UV/Vis
SMP-00536,7.23,57902.8,9089.8,9090.9,0.0581,Benzoic Acid,HPLC-UV/Vis
SMP-00536,8.99,34984.6,7342.4,7440.6,0.0345,Phenacetin,HPLC-UV/Vis
SMP-00536,10.44,13992.0,3555.9,3526.0,0.0141,Salicylic Acid,HPLC-UV/Vis
SMP-00536,12.09,54370.4,9580.2,9953.1,0.0544,Chlorpheniramine,HPLC-UV/Vis
SMP-00537,1.3,12608.5,3162.1,3185.0,0.0131,Uracil,HPLC-UV/Vis
SMP-00537,2.82,49864.4,9706.2,10155.6,0.0511,Acetaminophen,HPLC-UV/Vis
SMP-00537,4.15,79333.1,12840.0,13621.8,0.0813,Caffeine,HPLC-UV/Vis
SMP-00537,5.52,21585.1,4781.5,4904.3,0.0216,Aspirin,HPLC-UV/Vis
SMP-00537,7.18,67349.3,11142.1,11319.7,0.0698,Benzoic Acid,HPLC-UV/Vis
SMP-00537,8.88,36764.3,7379.4,7733.6,0.0363,Phenacetin,HPLC-UV/Vis
SMP-00537,10.4,17161.3,4156.0,4226.2,0.0172,Salicylic Acid,HPLC-UV/Vis
SMP-00537,12.04,50940.7,10054.6,9989.9,0.0512,Chlorpheniramine,HPLC-UV/Vis
SMP-00538,1.31,11067.2,2854.3,2979.1,0.0111,Uracil,HPLC-UV/Vis
SMP-00538,2.8,44382.7,8541.5,8956.8,0.0448,Acetaminophen,HPLC-UV/Vis
SMP-00538,4.16,97763.0,16459.4,16858.8,0.0992,Caffeine,HPLC-UV/Vis
SMP-00538,5.53,27319.0,5980.8,6190.4,0.0268,Aspirin,HPLC-UV/Vis
SMP-00538,7.18,71733.2,11747.3,12020.9,0.0707,Benzoic Acid,HPLC-UV/Vis
SMP-00538,8.98,29689.8,6222.0,6378.1,0.0295,Phenacetin,HPLC-UV/Vis
SMP-00538,10.42,14208.8,3518.4,3799.7,0.0143,Salicylic Acid,HPLC-UV/Vis
SMP-00538,12.1,56792.9,9795.8,10422.9,0.0579,Chlorpheniramine,HPLC-UV/Vis
SMP-00539,1.25,11756.6,3050.5,3145.7,0.0119,Uracil,HPLC-UV/Vis
SMP-00539,2.79,51049.2,9777.9,9554.3,0.0509,Acetaminophen,HPLC-UV/Vis
SMP-00539,4.18,83990.2,13631.2,14225.4,0.0809,Caffeine,HPLC-UV/Vis
SMP-00539,5.61,26783.3,5846.3,6204.9,0.0264,Aspirin,HPLC-UV/Vis
SMP-00539,7.22,71042.4,12053.5,12583.1,0.0713,Benzoic Acid,HPLC-UV/Vis
SMP-00539,8.94,29763.9,6028.9,5991.4,0.029,Phenacetin,HPLC-UV/Vis
SMP-00539,10.33,12468.3,2999.1,3081.3,0.0124,Salicylic Acid,HPLC-UV/Vis
SMP-00539,12.15,46416.4,8152.5,8191.3,0.0478,Chlorpheniramine,HPLC-UV/Vis
SMP-00540,1.24,11773.6,3043.4,3058.8,0.0119,Uracil,HPLC-UV/Vis
SMP-00540,2.82,48024.8,9174.2,9072.8,0.0478,Acetaminophen,HPLC-UV/Vis
SMP-00540,4.15,86912.2,13872.4,13929.1,0.089,Caffeine,HPLC-UV/Vis
SMP-00540,5.67,23180.7,5171.9,5331.1,0.0233,Aspirin,HPLC-UV/Vis
SMP-00540,7.23,55493.1,9509.5,9889.4,0.0555,Benzoic Acid,HPLC-UV/Vis
SMP-00540,9.0,34022.8,6875.1,6917.4,0.0345,Phenacetin,HPLC-UV/Vis
SMP-00540,10.34,17295.4,4184.0,4158.1,0.0174,Salicylic Acid,HPLC-UV/Vis
SMP-00540,12.09,48469.9,9267.7,9421.8,0.0497,Chlorpheniramine,HPLC-UV/Vis
SMP-00541,1.26,12933.0,3408.0,3612.0,0.0128,Uracil,HPLC-UV/Vis
SMP-00541,2.76,39489.3,7519.6,7806.7,0.041,Acetaminophen,HPLC-UV/Vis
SMP-00541,4.14,91926.2,15353.4,16049.1,0.0916,Caffeine,HPLC-UV/Vis
SMP-00541,5.6,22618.7,4941.8,5078.2,0.0224,Aspirin,HPLC-UV/Vis
SMP-00541,7.23,70879.7,12409.6,12873.6,0.0703,Benzoic Acid,HPLC-UV/Vis
SMP-00541,8.95,32925.4,6707.4,6711.4,0.0325,Phenacetin,HPLC-UV/Vis
SMP-00541,10.42,13282.7,3265.8,3378.2,0.0131,Salicylic Acid,HPLC-UV/Vis
SMP-00541,12.08,54964.1,10269.9,10824.0,0.0537,Chlorpheniramine,HPLC-UV/Vis
SMP-00542,1.18,12586.4,3292.4,3494.6,0.0122,Uracil,HPLC-UV/Vis
SMP-00542,2.8,38387.9,7506.0,7824.7,0.0372,Acetaminophen,HPLC-UV/Vis
SMP-00542,4.11,101469.7,16584.5,16869.7,0.0993,Caffeine,HPLC-UV/Vis
SMP-00542,5.64,21317.8,4639.5,4708.9,0.022,Aspirin,HPLC-UV/Vis
SMP-00542,7.24,64857.8,10754.2,11003.6,0.0652,Benzoic Acid,HPLC-UV/Vis
SMP-00542,8.98,34629.3,6915.1,7214.8,0.0344,Phenacetin,HPLC-UV/Vis
SMP-00542,10.45,14549.2,3649.7,3792.5,0.0145,Salicylic Acid,HPLC-UV/Vis
SMP-00542,12.11,47922.5,8487.0,8564.1,0.0476,Chlorpheniramine,HPLC-UV/Vis
SMP-00543,1.27,10666.9,2715.4,2809.6,0.0109,Uracil,HPLC-UV/Vis
SMP-00543,2.76,45542.1,9002.2,9314.5,0.0447,Acetaminophen,HPLC-UV/Vis
SMP-00543,4.15,90928.7,14493.1,15248.7,0.0919,Caffeine,HPLC-UV/Vis
SMP-00543,5.57,25627.2,5774.1,6064.5,0.0256,Aspirin,HPLC-UV/Vis
SMP-00543,7.19,82760.6,13571.2,13656.3,0.0823,Benzoic Acid,HPLC-UV/Vis
SMP-00543,8.99,26969.6,5424.8,5608.2,0.0278,Phenacetin,HPLC-UV/Vis
SMP-00543,10.45,16140.2,3908.4,4092.5,0.0157,Salicylic Acid,HPLC-UV/Vis
SMP-00543,12.13,55342.2,10290.4,10423.7,0.0567,Chlorpheniramine,HPLC-UV/Vis
SMP-00544,1.25,12708.7,3299.8,3342.2,0.0127,Uracil,HPLC-UV/Vis
SMP-00544,2.79,39070.2,7671.3,8029.7,0.04,Acetaminophen,HPLC-UV/Vis
SMP-00544,4.17,98009.5,15966.8,15769.1,0.1001,Caffeine,HPLC-UV/Vis
SMP-00544,5.57,20551.1,4917.7,5108.6,0.0201,Aspirin,HPLC-UV/Vis
SMP-00544,7.2,71055.9,11902.2,12038.2,0.0715,Benzoic Acid,HPLC-UV/Vis
SMP-00544,8.98,31376.0,6290.7,6566.1,0.0316,Phenacetin,HPLC-UV/Vis
SMP-00544,10.42,16582.2,4176.3,4360.9,0.0165,Salicylic Acid,HPLC-UV/Vis
SMP-00544,12.11,56053.5,10150.6,9843.9,0.0568,Chlorpheniramine,HPLC-UV/Vis
SMP-00545,1.27,14567.9,3720.1,3864.3,0.0146,Uracil,HPLC-UV/Vis
SMP-00545,2.8,43432.4,8198.6,8705.4,0.0438,Acetaminophen,HPLC-UV/Vis
SMP-00545,4.16,97904.7,15525.3,16016.9,0.0988,Caffeine,HPLC-UV/Vis
SMP-00545,5.68,24041.4,5207.0,5238.7,0.0236,Aspirin,HPLC-UV/Vis
SMP-00545,7.11,62846.2,10684.9,11021.5,0.0625,Benzoic Acid,HPLC-UV/Vis
SMP-00545,8.98,32797.3,6725.6,6631.1,0.0325,Phenacetin,HPLC-UV/Vis
SMP-00545,10.4,15900.1,3951.3,4082.1,0.0161,Salicylic Acid,HPLC-UV/Vis
SMP-00545,12.06,56788.2,10469.1,10891.8,0.0569,Chlorpheniramine,HPLC-UV/Vis
SMP-00546,1.26,12922.7,3363.7,3640.0,0.0127,Uracil,HPLC-UV/Vis
SMP-00546,2.76,47566.6,8924.6,9247.0,0.0485,Acetaminophen,HPLC-UV/Vis
SMP-00546,4.18,85421.5,12994.1,13546.8,0.0855,Caffeine,HPLC-UV/Vis
SMP-00546,5.59,24039.2,5183.0,5377.4,0.0246,Aspirin,HPLC-UV/Vis
SMP-00546,7.24,68490.3,11468.5,11720.8,0.0679,Benzoic Acid,HPLC-UV/Vis
SMP-00546,8.94,32342.6,6450.0,6820.3,0.0321,Phenacetin,HPLC-UV/Vis
SMP-00546,10.38,14420.2,3664.0,3728.1,0.0139,Salicylic Acid,HPLC-UV/Vis
SMP-00546,12.13,58323.5,10321.9,10501.1,0.0591,Chlorpheniramine,HPLC-UV/Vis
SMP-00547,1.25,13140.6,3461.3,3714.2,0.0129,Uracil,HPLC-UV/Vis
SMP-00547,2.78,49590.3,9569.7,9916.5,0.0497,Acetaminophen,HPLC-UV/Vis
SMP-00547,4.15,98387.6,15571.4,15992.3,0.0962,Caffeine,HPLC-UV/Vis
SMP-00547,5.59,25570.0,5644.9,5764.1,0.0255,Aspirin,HPLC-UV/Vis
SMP-00547,7.15,63170.6,10510.0,10691.6,0.0638,Benzoic Acid,HPLC-UV/Vis
SMP-00547,8.96,31568.0,6456.1,6483.1,0.0317,Phenacetin,HPLC-UV/Vis
SMP-00547,10.38,16363.9,4121.7,4439.1,0.0162,Salicylic Acid,HPLC-UV/Vis
SMP-00547,12.12,64336.3,12083.9,12196.3,0.0642,Chlorpheniramine,HPLC-UV/Vis
SMP-00548,1.28,13187.4,3346.4,3485.8,0.0135,Uracil,HPLC-UV/Vis
SMP-00548,2.84,50343.4,9585.2,10050.0,0.0511,Acetaminophen,HPLC-UV/Vis
SMP-00548,4.2,89107.5,14629.2,14296.1,0.0911,Caffeine,HPLC-UV/Vis
SMP-00548,5.64,20936.3,4769.8,5010.0,0.0206,Aspirin,HPLC-UV/Vis
SMP-00548,7.21,55955.5,9495.3,9634.5,0.0537,Benzoic Acid,HPLC-UV/Vis
SMP-00548,8.95,35580.4,7333.9,7668.1,0.0359,Phenacetin,HPLC-UV/Vis
SMP-00548,10.37,15910.4,3859.6,4025.9,0.016,Salicylic Acid,HPLC-UV/Vis
SMP-00548,12.09,63135.9,10918.1,11400.5,0.0645,Chlorpheniramine,HPLC-UV/Vis
SMP-00549,1.31,13619.0,3537.3,3610.4,0.0138,Uracil,HPLC-UV/Vis
SMP-00549,2.8,42398.0,7917.7,8184.6,0.041,Acetaminophen,HPLC-UV/Vis
SMP-00549,4.08,96631.4,16210.1,16722.0,0.0999,Caffeine,HPLC-UV/Vis
SMP-00549,5.61,22838.5,4989.1,5194.9,0.0228,Aspirin,HPLC-UV/Vis
SMP-00549,7.22,65852.7,11311.9,11599.5,0.0659,Benzoic Acid,HPLC-UV/Vis
SMP-00549,8.94,37934.1,7609.0,7903.8,0.0376,Phenacetin,HPLC-UV/Vis
SMP-00549,10.42,14733.1,3625.2,3805.8,0.0148,Salicylic Acid,HPLC-UV/Vis
SMP-00549,12.07,58032.0,10437.6,10333.5,0.0589,Chlorpheniramine,HPLC-UV/Vis
SMP-00550,1.29,15153.3,3969.0,4128.9,0.0155,Uracil,HPLC-UV/Vis
SMP-00550,2.75,43615.5,8816.9,8964.8,0.044,Acetaminophen,HPLC-UV/Vis
SMP-00550,4.16,77804.2,12796.7,13072.7,0.0808,Caffeine,HPLC-UV/Vis
SMP-00550,5.59,27178.9,6053.5,6032.7,0.0271,Aspirin,HPLC-UV/Vis
SMP-00550,7.18,66940.2,10667.4,10731.2,0.0658,Benzoic Acid,HPLC-UV/Vis
SMP-00550,8.93,36623.9,7506.2,7849.3,0.0373,Phenacetin,HPLC-UV/Vis
SMP-00550,10.38,16795.4,4018.9,4195.7,0.0173,Salicylic Acid,HPLC-UV/Vis
SMP-00550,12.09,53126.3,9451.5,9620.1,0.0526,Chlorpheniramine,HPLC-UV/Vis
SMP-00551,1.25,13637.5,3502.8,3686.2,0.0135,Uracil,HPLC-UV/Vis
SMP-00551,2.79,47918.4,9541.8,10106.7,0.0482,Acetaminophen,HPLC-UV/Vis
SMP-00551,4.19,82249.9,13278.9,14413.1,0.0838,Caffeine,HPLC-UV/Vis
SMP-00551,5.63,20014.6,4320.1,4362.2,0.0202,Aspirin,HPLC-UV/Vis
SMP-00551,7.2,65303.8,10305.9,10797.5,0.0629,Benzoic Acid,HPLC-UV/Vis
SMP-00551,8.91,28455.6,5876.2,6197.6,0.0275,Phenacetin,HPLC-UV/Vis
SMP-00551,10.35,14656.2,3578.3,3740.6,0.014,Salicylic Acid,HPLC-UV/Vis
SMP-00551,12.07,47609.0,8628.5,8995.6,0.0475,Chlorpheniramine,HPLC-UV/Vis
SMP-00552,1.25,11547.6,3026.0,3181.9,0.0118,Uracil,HPLC-UV/Vis
SMP-00552,2.83,41124.1,8467.7,8547.9,0.0393,Acetaminophen,HPLC-UV/Vis
SMP-00552,4.13,90242.1,14221.1,15320.0,0.0935,Caffeine,HPLC-UV/Vis
SMP-00552,5.6,25365.4,5592.4,5885.7,0.0252,Aspirin,HPLC-UV/Vis
SMP-00552,7.19,65059.4,10655.0,11015.7,0.0645,Benzoic Acid,HPLC-UV/Vis
SMP-00552,8.94,33667.7,7198.2,7425.3,0.0351,Phenacetin,HPLC-UV/Vis
SMP-00552,10.46,15505.2,3587.5,3644.5,0.0153,Salicylic Acid,HPLC-UV/Vis
SMP-00552,12.03,59754.6,10257.9,10756.2,0.0621,Chlorpheniramine,HPLC-UV/Vis
SMP-00553,1.26,11954.2,3151.9,3171.2,0.012,Uracil,HPLC-UV/Vis
SMP-00553,2.8,38341.1,7782.4,7814.1,0.0384,Acetaminophen,HPLC-UV/Vis
SMP-00553,4.15,111834.9,18498.7,18978.8,0.1129,Caffeine,HPLC-UV/Vis
SMP-00553,5.6,23663.1,5158.2,5334.9,0.0234,Aspirin,HPLC-UV/Vis
SMP-00553,7.23,63589.0,10615.0,10772.0,0.0626,Benzoic Acid,HPLC-UV/Vis
SMP-00553,8.98,34912.4,7167.0,7305.0,0.0339,Phenacetin,HPLC-UV/Vis
SMP-00553,10.38,13857.7,3379.0,3457.7,0.0134,Salicylic Acid,HPLC-UV/Vis
SMP-00553,12.11,50647.0,9308.0,9614.5,0.0518,Chlorpheniramine,HPLC-UV/Vis
SMP-00554,1.26,13245.2,3344.2,3520.0,0.0129,Uracil,HPLC-UV/Vis
SMP-00554,2.75,42429.9,8204.2,8586.7,0.0423,Acetaminophen,HPLC-UV/Vis
SMP-00554,4.1,78370.2,12874.6,13487.8,0.0776,Caffeine,HPLC-UV/Vis
SMP-00554,5.57,22197.9,4854.3,5148.4,0.0223,Aspirin,HPLC-UV/Vis
SMP-00554,7.23,79841.7,13184.5,13343.5,0.081,Benzoic Acid,HPLC-UV/Vis
SMP-00554,8.98,26136.6,5506.6,5716.3,0.0255,Phenacetin,HPLC-UV/Vis
SMP-00554,10.41,17652.1,4178.9,4337.6,0.0174,Salicylic Acid,HPLC-UV/Vis
SMP-00554,12.14,46469.6,8000.1,8393.0,0.0465,Chlorpheniramine,HPLC-UV/Vis
SMP-00555,1.23,12514.2,3282.5,3394.8,0.0121,Uracil,HPLC-UV/Vis
SMP-00555,2.81,39661.1,7791.3,8091.9,0.0406,Acetaminophen,HPLC-UV/Vis
SMP-00555,4.14,73839.7,12203.8,12169.1,0.076,Caffeine,HPLC-UV/Vis
SMP-00555,5.62,21584.3,4690.3,4755.9,0.0219,Aspirin,HPLC-UV/Vis
SMP-00555,7.22,63388.5,10456.4,10777.5,0.0636,Benzoic Acid,HPLC-UV/Vis
SMP-00555,8.97,30353.8,6331.3,6519.1,0.0307,Phenacetin,HPLC-UV/Vis
SMP-00555,10.38,16266.6,3906.1,4137.3,0.0163,Salicylic Acid,HPLC-UV/Vis
SMP-00555,12.08,48784.6,9136.7,9552.1,0.0487,Chlorpheniramine,HPLC-UV/Vis
SMP-00556,1.25,13521.7,3525.3,3680.5,0.0135,Uracil,HPLC-UV/Vis
SMP-00556,2.82,52905.4,10576.5,11228.3,0.0531,Acetaminophen,HPLC-UV/Vis
SMP-00556,4.12,101506.7,15690.6,16633.6,0.1001,Caffeine,HPLC-UV/Vis
SMP-00556,5.6,24769.1,5833.8,5970.3,0.0246,Aspirin,HPLC-UV/Vis
SMP-00556,7.17,65177.1,10644.9,10698.1,0.0649,Benzoic Acid,HPLC-UV/Vis
SMP-00556,8.92,30693.6,6566.6,6577.2,0.0319,Phenacetin,HPLC-UV/Vis
SMP-00556,10.41,17596.3,4466.9,4642.9,0.0174,Salicylic Acid,HPLC-UV/Vis
SMP-00556,12.08,64440.8,11539.5,11960.4,0.0633,Chlorpheniramine,HPLC-UV/Vis
SMP-00557,1.25,12046.2,3072.0,3073.3,0.0121,Uracil,HPLC-UV/Vis
SMP-00557,2.77,49910.5,8774.1,8896.6,0.0482,Acetaminophen,HPLC-UV/Vis
SMP-00557,4.18,79974.5,13126.2,13835.5,0.0824,Caffeine,HPLC-UV/Vis
SMP-00557,5.53,21024.4,4759.2,5101.8,0.021,Aspirin,HPLC-UV/Vis
SMP-00557,7.27,70134.7,11242.7,11553.2,0.0715,Benzoic Acid,HPLC-UV/Vis
SMP-00557,8.97,26192.7,5097.8,5175.8,0.026,Phenacetin,HPLC-UV/Vis
SMP-00557,10.42,19448.0,4653.2,4763.5,0.0192,Salicylic Acid,HPLC-UV/Vis
SMP-00557,12.13,51774.6,9969.2,10127.0,0.0529,Chlorpheniramine,HPLC-UV/Vis
SMP-00558,1.21,13169.7,3123.3,3268.5,0.0129,Uracil,HPLC-UV/Vis
SMP-00558,2.82,50930.5,10135.1,10450.4,0.0506,Acetaminophen,HPLC-UV/Vis
SMP-00558,4.12,87312.5,14066.8,14267.0,0.0842,Caffeine,HPLC-UV/Vis
SMP-00558,5.51,22388.8,4998.4,4880.2,0.0225,Aspirin,HPLC-UV/Vis
SMP-00558,7.16,64493.8,11070.9,11187.3,0.0646,Benzoic Acid,HPLC-UV/Vis
SMP-00558,8.93,34346.2,7123.4,7301.2,0.0358,Phenacetin,HPLC-UV/Vis
SMP-00558,10.35,14993.6,3933.5,3974.3,0.015,Salicylic Acid,HPLC-UV/Vis
SMP-00558,12.12,58517.8,10798.1,11127.5,0.0577,Chlorpheniramine,HPLC-UV/Vis
SMP-00559,1.24,11851.2,3188.4,3259.7,0.0123,Uracil,HPLC-UV/Vis
SMP-00559,2.8,37475.7,7848.7,8083.2,0.0354,Acetaminophen,HPLC-UV/Vis
SMP-00559,4.15,80893.3,13554.8,13270.5,0.0796,Caffeine,HPLC-UV/Vis
SMP-00559,5.63,28275.0,6205.4,6448.7,0.0295,Aspirin,HPLC-UV/Vis
SMP-00559,7.21,59060.3,10473.2,10638.0,0.0594,Benzoic Acid,HPLC-UV/Vis
SMP-00559,8.95,29845.3,6168.9,6570.7,0.0313,Phenacetin,HPLC-UV/Vis
SMP-00559,10.39,14339.0,3799.1,3922.9,0.0147,Salicylic Acid,HPLC-UV/Vis
SMP-00559,12.17,52858.3,9232.3,9852.7,0.0538,Chlorpheniramine,HPLC-UV/Vis
SMP-00560,1.3,13089.6,3515.1,3637.9,0.0134,Uracil,HPLC-UV/Vis
SMP-00560,2.79,44859.5,8612.7,8916.8,0.0444,Acetaminophen,HPLC-UV/Vis
SMP-00560,4.16,91030.8,14894.5,15172.7,0.0905,Caffeine,HPLC-UV/Vis
SMP-00560,5.6,20822.8,4612.8,4685.3,0.0199,Aspirin,HPLC-UV/Vis
SMP-00560,7.19,385766.4,52154.8,66720.3,0.378,Benzoic Acid,HPLC-UV/Vis
SMP-00560,8.97,32606.2,6684.0,6953.7,0.0335,Phenacetin,HPLC-UV/Vis
SMP-00560,10.4,16410.9,4215.9,4307.2,0.0158,Salicylic Acid,HPLC-UV/Vis
SMP-00560,12.07,49424.3,8687.9,8944.4,0.0497,Chlorpheniramine,HPLC-UV/Vis
SMP-00561,1.23,13688.0,3569.5,3789.4,0.014,Uracil,HPLC-UV/Vis
SMP-00561,2.84,47053.2,9357.0,9772.5,0.0469,Acetaminophen,HPLC-UV/Vis
SMP-00561,4.15,81592.5,12330.5,12529.3,0.0819,Caffeine,HPLC-UV/Vis
SMP-00561,5.62,22454.1,4853.6,4981.8,0.022,Aspirin,HPLC-UV/Vis
SMP-00561,7.15,76665.9,13364.7,13967.2,0.0766,Benzoic Acid,HPLC-UV/Vis
SMP-00561,8.95,33109.4,6951.5,7255.8,0.0339,Phenacetin,HPLC-UV/Vis
SMP-00561,10.39,19977.2,4636.0,4702.9,0.02,Salicylic Acid,HPLC-UV/Vis
SMP-00561,12.09,51513.8,9962.3,10152.9,0.0504,Chlorpheniramine,HPLC-UV/Vis
SMP-00562,1.28,13813.5,3569.2,3578.1,0.0139,Uracil,HPLC-UV/Vis
SMP-00562,2.81,48792.8,9769.1,10044.1,0.0495,Acetaminophen,HPLC-UV/Vis
SMP-00562,4.18,95218.1,15130.2,15744.6,0.0972,Caffeine,HPLC-UV/Vis
SMP-00562,5.58,23510.6,5275.5,5346.2,0.023,Aspirin,HPLC-UV/Vis
SMP-00562,7.22,81889.5,13832.4,13912.9,0.0846,Benzoic Acid,HPLC-UV/Vis
SMP-00562,8.89,27985.9,5646.7,5910.7,0.0265,Phenacetin,HPLC-UV/Vis
SMP-00562,10.42,11179.3,2808.3,2941.3,0.0109,Salicylic Acid,HPLC-UV/Vis
SMP-00562,12.07,39717.9,7085.9,7329.6,0.0384,Chlorpheniramine,HPLC-UV/Vis
SMP-00563,1.25,12774.2,3244.7,3390.3,0.0131,Uracil,HPLC-UV/Vis
SMP-00563,2.82,49336.1,9699.1,10315.4,0.0487,Acetaminophen,HPLC-UV/Vis
SMP-00563,4.18,82270.3,13689.0,14025.1,0.081,Caffeine,HPLC-UV/Vis
SMP-00563,5.65,22340.7,4723.4,5041.2,0.0226,Aspirin,HPLC-UV/Vis
SMP-00563,7.2,62006.0,10165.5,10608.3,0.0614,Benzoic Acid,HPLC-UV/Vis
SMP-00563,8.95,27902.9,6035.3,6288.1,0.0281,Phenacetin,HPLC-UV/Vis
SMP-00563,10.35,14831.3,3438.7,3550.4,0.0149,Salicylic Acid,HPLC-UV/Vis
SMP-00563,12.14,46085.1,8098.1,8408.2,0.0464,Chlorpheniramine,HPLC-UV/Vis
SMP-00564,1.29,14371.9,3734.8,3734.1,0.0145,Uracil,HPLC-UV/Vis
SMP-00564,2.79,51970.6,10068.5,10794.4,0.0527,Acetaminophen,HPLC-UV/Vis
SMP-00564,4.18,102856.4,17111.1,17598.5,0.1017,Caffeine,HPLC-UV/Vis
SMP-00564,5.53,23502.5,5129.8,5249.5,0.024,Aspirin,HPLC-UV/Vis
SMP-00564,7.26,63537.4,10232.6,10282.2,0.0645,Benzoic Acid,HPLC-UV/Vis
SMP-00564,8.93,27880.7,6013.3,6019.3,0.0285,Phenacetin,HPLC-UV/Vis
SMP-00564,10.41,17280.8,4263.7,4366.5,0.0177,Salicylic Acid,HPLC-UV/Vis
SMP-00564,12.21,44958.8,7623.8,8004.1,0.0449,Chlorpheniramine,HPLC-UV/Vis
SMP-00565,1.22,12517.9,3261.3,3323.7,0.0126,Uracil,HPLC-UV/Vis
SMP-00565,2.81,52420.4,9856.5,9896.3,0.0535,Acetaminophen,HPLC-UV/Vis
SMP-00565,4.18,89694.5,14398.7,15253.0,0.0913,Caffeine,HPLC-UV/Vis
SMP-00565,5.54,24745.3,5299.7,5435.2,0.0247,Aspirin,HPLC-UV/Vis
SMP-00565,7.19,57810.6,10101.0,10550.7,0.0588,Benzoic Acid,HPLC-UV/Vis
SMP-00565,9.0,28418.2,5562.7,5823.3,0.0283,Phenacetin,HPLC-UV/Vis
SMP-00565,10.37,16511.6,4067.9,4177.3,0.0161,Salicylic Acid,HPLC-UV/Vis
SMP-00565,12.11,60259.7,10277.8,10597.8,0.0595,Chlorpheniramine,HPLC-UV/Vis
SMP-00566,1.28,12911.1,3320.2,3420.7,0.0126,Uracil,HPLC-UV/Vis
SMP-00566,2.83,43484.8,8755.0,9162.3,0.0443,Acetaminophen,HPLC-UV/Vis
SMP-00566,4.14,87852.5,14559.6,14377.4,0.0901,Caffeine,HPLC-UV/Vis
SMP-00566,5.6,22920.6,5054.6,5073.4,0.023,Aspirin,HPLC-UV/Vis
SMP-00566,7.14,58632.8,10044.8,10488.8,0.059,Benzoic Acid,HPLC-UV/Vis
SMP-00566,8.97,27447.3,5604.2,5625.9,0.0273,Phenacetin,HPLC-UV/Vis
SMP-00566,10.42,16276.5,3899.8,4101.8,0.016,Salicylic Acid,HPLC-UV/Vis
SMP-00566,12.08,58224.6,10717.4,11317.9,0.0583,Chlorpheniramine,HPLC-UV/Vis
SMP-00567,1.24,14399.3,3669.8,3639.2,0.0146,Uracil,HPLC-UV/Vis
SMP-00567,2.78,44670.1,8454.5,8796.5,0.0447,Acetaminophen,HPLC-UV/Vis
SMP-00567,4.15,82662.2,14072.9,14746.6,0.0824,Caffeine,HPLC-UV/Vis
SMP-00567,5.63,22699.0,5127.8,5433.1,0.0225,Aspirin,HPLC-UV/Vis
SMP-00567,7.24,69075.4,11330.0,11723.4,0.0687,Benzoic Acid,HPLC-UV/Vis
SMP-00567,8.97,28007.0,5680.4,5813.8,0.0272,Phenacetin,HPLC-UV/Vis
SMP-00567,10.39,17627.0,4265.9,4359.2,0.0173,Salicylic Acid,HPLC-UV/Vis
SMP-00567,12.1,58221.3,10547.3,11305.4,0.0587,Chlorpheniramine,HPLC-UV/Vis
SMP-00568,1.22,13116.3,3273.5,3410.6,0.0134,Uracil,HPLC-UV/Vis
SMP-00568,2.77,50020.6,9806.7,9981.7,0.0499,Acetaminophen,HPLC-UV/Vis
SMP-00568,4.13,91893.4,15566.7,16333.9,0.092,Caffeine,HPLC-UV/Vis
SMP-00568,5.58,21922.1,4605.0,4766.3,0.0222,Aspirin,HPLC-UV/Vis
SMP-00568,7.17,67845.8,11725.7,12288.1,0.0678,Benzoic Acid,HPLC-UV/Vis
SMP-00568,9.03,29702.3,6046.0,6311.2,0.0291,Phenacetin,HPLC-UV/Vis
SMP-00568,10.4,16180.5,3875.8,3931.0,0.0156,Salicylic Acid,HPLC-UV/Vis
SMP-00568,12.13,57850.6,10562.9,10393.0,0.057,Chlorpheniramine,HPLC-UV/Vis
SMP-00569,1.22,10342.0,2564.3,2643.8,0.0104,Uracil,HPLC-UV/Vis
SMP-00569,2.86,48941.0,9463.9,10088.6,0.0475,Acetaminophen,HPLC-UV/Vis
SMP-00569,4.12,96445.6,15751.2,15868.3,0.0951,Caffeine,HPLC-UV/Vis
SMP-00569,5.56,26682.9,5869.4,6253.3,0.0263,Aspirin,HPLC-UV/Vis
SMP-00569,7.21,73329.2,12271.6,12881.6,0.0741,Benzoic Acid,HPLC-UV/Vis
SMP-00569,8.97,30878.7,6185.4,6456.8,0.0315,Phenacetin,HPLC-UV/Vis
SMP-00569,10.39,13436.7,3067.3,3144.5,0.0137,Salicylic Acid,HPLC-UV/Vis
SMP-00569,12.14,53089.4,9540.5,9771.6,0.0542,Chlorpheniramine,HPLC-UV/Vis
SMP-00570,1.25,11769.0,2971.0,3062.2,0.0118,Uracil,HPLC-UV/Vis
SMP-00570,2.8,48342.1,9440.5,9988.8,0.0481,Acetaminophen,HPLC-UV/Vis
SMP-00570,4.17,86382.0,14258.8,15353.3,0.0846,Caffeine,HPLC-UV/Vis
SMP-00570,5.59,26190.0,5887.5,6134.8,0.0261,Aspirin,HPLC-UV/Vis
SMP-00570,7.18,67442.4,11146.0,11523.0,0.0655,Benzoic Acid,HPLC-UV/Vis
SMP-00570,8.99,34145.9,7009.2,7578.6,0.0338,Phenacetin,HPLC-UV/Vis
SMP-00570,10.36,14971.0,3850.6,3938.0,0.0145,Salicylic Acid,HPLC-UV/Vis
SMP-00570,12.11,58703.1,10527.3,10631.1,0.0585,Chlorpheniramine,HPLC-UV/Vis
SMP-00571,1.25,12933.5,3272.7,3398.7,0.013,Uracil,HPLC-UV/Vis
SMP-00571,2.8,44029.1,8721.0,9134.9,0.0445,Acetaminophen,HPLC-UV/Vis
SMP-00571,4.12,83522.5,13230.7,13484.0,0.0852,Caffeine,HPLC-UV/Vis
SMP-00571,5.59,24467.0,5452.4,5612.4,0.025,Aspirin,HPLC-UV/Vis
SMP-00571,7.2,60317.3,9686.7,9713.7,0.059,Benzoic Acid,HPLC-UV/Vis
SMP-00571,8.94,30358.4,6170.3,6574.2,0.0296,Phenacetin,HPLC-UV/Vis
SMP-00571,10.37,15488.5,3831.6,3993.9,0.0158,Salicylic Acid,HPLC-UV/Vis
SMP-00571,12.09,63054.4,10582.9,10913.7,0.0635,Chlorpheniramine,HPLC-UV/Vis
SMP-00572,1.2,11927.4,2935.3,2917.8,0.0119,Uracil,HPLC-UV/Vis
SMP-00572,2.84,43364.2,8605.0,8829.1,0.0439,Acetaminophen,HPLC-UV/Vis
SMP-00572,4.14,98807.5,15534.2,16204.2,0.1007,Caffeine,HPLC-UV/Vis
SMP-00572,5.56,22624.6,5041.6,5237.5,0.0227,Aspirin,HPLC-UV/Vis
SMP-00572,7.16,65780.8,10364.6,10804.3,0.0665,Benzoic Acid,HPLC-UV/Vis
SMP-00572,8.95,41648.2,8740.9,9061.0,0.0418,Phenacetin,HPLC-UV/Vis
SMP-00572,10.4,16031.7,3681.2,3806.1,0.0161,Salicylic Acid,HPLC-UV/Vis
SMP-00572,12.1,50051.6,9129.3,9416.7,0.0499,Chlorpheniramine,HPLC-UV/Vis
SMP-00573,1.25,11729.4,2994.0,3127.6,0.0116,Uracil,HPLC-UV/Vis
SMP-00573,2.82,44566.3,9357.3,9684.6,0.0434,Acetaminophen,HPLC-UV/Vis
SMP-00573,4.12,81841.5,13537.5,13644.0,0.0812,Caffeine,HPLC-UV/Vis
SMP-00573,5.58,24651.1,5185.3,5302.4,0.0242,Aspirin,HPLC-UV/Vis
SMP-00573,7.17,81349.6,12968.1,13651.7,0.0825,Benzoic Acid,HPLC-UV/Vis
SMP-00573,8.95,36987.9,8062.2,8270.7,0.0371,Phenacetin,HPLC-UV/Vis
SMP-00573,10.36,16323.2,4004.7,3995.8,0.0165,Salicylic Acid,HPLC-UV/Vis
SMP-00573,12.08,50588.3,9272.0,9848.5,0.051,Chlorpheniramine,HPLC-UV/Vis
SMP-00574,1.23,11934.7,3125.9,3134.8,0.012,Uracil,HPLC-UV/Vis
SMP-00574,2.8,47262.9,9200.1,9361.6,0.0462,Acetaminophen,HPLC-UV/Vis
SMP-00574,4.19,98338.4,15835.4,16194.5,0.0976,Caffeine,HPLC-UV/Vis
SMP-00574,5.61,25542.8,5985.9,6066.1,0.0258,Aspirin,HPLC-UV/Vis
SMP-00574,7.19,60484.8,10144.1,10878.5,0.0608,Benzoic Acid,HPLC-UV/Vis
SMP-00574,8.95,30709.7,6080.9,6265.6,0.0311,Phenacetin,HPLC-UV/Vis
SMP-00574,10.3,16032.7,3848.2,3905.9,0.0158,Salicylic Acid,HPLC-UV/Vis
SMP-00574,12.09,59244.0,10992.5,11262.8,0.0587,Chlorpheniramine,HPLC-UV/Vis
SMP-00575,1.25,10268.5,2823.0,2948.1,0.0102,Uracil,HPLC-UV/Vis
SMP-00575,2.79,43107.3,8360.9,8249.9,0.0427,Acetaminophen,HPLC-UV/Vis
SMP-00575,4.14,87093.8,14180.4,15037.3,0.0862,Caffeine,HPLC-UV/Vis
SMP-00575,5.55,21919.3,4625.2,4852.8,0.0219,Aspirin,HPLC-UV/Vis
SMP-00575,7.24,61569.6,10115.1,10688.0,0.0618,Benzoic Acid,HPLC-UV/Vis
SMP-00575,8.98,33997.6,7053.1,7461.7,0.034,Phenacetin,HPLC-UV/Vis
SMP-00575,10.39,17192.8,4108.1,4093.1,0.0174,Salicylic Acid,HPLC-UV/Vis
SMP-00575,12.07,61056.9,11324.4,11586.6,0.0578,Chlorpheniramine,HPLC-UV/Vis
SMP-00576,1.27,13094.0,3410.7,3500.6,0.013,Uracil,HPLC-UV/Vis
SMP-00576,2.78,47272.6,9276.8,9701.6,0.046,Acetaminophen,HPLC-UV/Vis
SMP-00576,4.14,80102.8,13102.2,13152.0,0.0822,Caffeine,HPLC-UV/Vis
SMP-00576,5.65,24311.1,5206.2,5580.6,0.0244,Aspirin,HPLC-UV/Vis
SMP-00576,7.2,70544.7,11899.9,12051.1,0.0703,Benzoic Acid,HPLC-UV/Vis
SMP-00576,8.97,33071.5,6815.9,6945.4,0.0327,Phenacetin,HPLC-UV/Vis
SMP-00576,10.42,14639.7,3544.3,3667.4,0.0146,Salicylic Acid,HPLC-UV/Vis
SMP-00576,12.07,55658.2,9972.1,10254.1,0.0569,Chlorpheniramine,HPLC-UV/Vis
SMP-00577,1.23,12265.1,3306.0,3384.9,0.0123,Uracil,HPLC-UV/Vis
SMP-00577,2.81,44092.7,8370.1,8619.5,0.0447,Acetaminophen,HPLC-UV/Vis
SMP-00577,4.11,104925.0,16930.8,17751.9,0.1036,Caffeine,HPLC-UV/Vis
SMP-00577,5.56,22335.5,5011.7,5165.2,0.0222,Aspirin,HPLC-UV/Vis
SMP-00577,7.2,69285.9,12559.6,12934.3,0.0683,Benzoic Acid,HPLC-UV/Vis
SMP-00577,8.97,32139.5,6623.3,7018.3,0.033,Phenacetin,HPLC-UV/Vis
SMP-00577,10.38,16270.3,3889.3,4074.8,0.0164,Salicylic Acid,HPLC-UV/Vis
SMP-00577,12.14,48354.0,8590.8,8519.7,0.046,Chlorpheniramine,HPLC-UV/Vis
SMP-00578,1.21,14493.9,3836.5,3930.7,0.0145,Uracil,HPLC-UV/Vis
SMP-00578,2.85,41528.9,7787.0,7973.7,0.0419,Acetaminophen,HPLC-UV/Vis
SMP-00578,4.16,106597.6,16716.5,17069.0,0.1041,Caffeine,HPLC-UV/Vis
SMP-00578,5.59,21420.1,4809.0,4967.7,0.0216,Aspirin,HPLC-UV/Vis
SMP-00578,7.19,65036.4,10724.4,11136.0,0.0624,Benzoic Acid,HPLC-UV/Vis
SMP-00578,8.92,30143.2,5883.8,6018.1,0.0303,Phenacetin,HPLC-UV/Vis
SMP-00578,10.36,16238.5,4085.5,4167.7,0.0162,Salicylic Acid,HPLC-UV/Vis
SMP-00578,12.07,55667.1,10346.7,10533.0,0.0586,Chlorpheniramine,HPLC-UV/Vis
SMP-00579,1.21,14053.1,3491.7,3619.4,0.0139,Uracil,HPLC-UV/Vis
SMP-00579,2.83,44610.4,9130.0,9218.0,0.0432,Acetaminophen,HPLC-UV/Vis
SMP-00579,4.24,96639.4,15950.3,16616.1,0.0958,Caffeine,HPLC-UV/Vis
SMP-00579,5.61,23941.6,5436.8,5461.5,0.0235,Aspirin,HPLC-UV/Vis
SMP-00579,7.23,58651.2,9724.2,9975.4,0.0565,Benzoic Acid,HPLC-UV/Vis
SMP-00579,8.97,26572.5,5722.1,5947.4,0.0268,Phenacetin,HPLC-UV/Vis
SMP-00579,10.37,14587.1,3594.6,3655.5,0.0146,Salicylic Acid,HPLC-UV/Vis
SMP-00579,12.11,57052.3,9837.6,10146.0,0.0554,Chlorpheniramine,HPLC-UV/Vis
SMP-00580,1.23,15932.8,4169.6,4410.8,0.0161,Uracil,HPLC-UV/Vis
SMP-00580,2.83,42871.0,8456.8,8909.6,0.0435,Acetaminophen,HPLC-UV/Vis
SMP-00580,4.16,104294.3,16863.2,18083.3,0.1053,Caffeine,HPLC-UV/Vis
SMP-00580,5.56,21233.5,4541.4,4669.6,0.0206,Aspirin,HPLC-UV/Vis
SMP-00580,7.2,67872.9,10887.8,11046.9,0.0649,Benzoic Acid,HPLC-UV/Vis
SMP-00580,8.91,27013.6,5813.0,6032.4,0.0271,Phenacetin,HPLC-UV/Vis
SMP-00580,10.43,15756.5,3662.2,3825.7,0.0159,Salicylic Acid,HPLC-UV/Vis
SMP-00580,12.06,50247.8,9201.1,9303.3,0.0477,Chlorpheniramine,HPLC-UV/Vis
SMP-00581,1.28,12290.0,3211.5,3333.7,0.0123,Uracil,HPLC-UV/Vis
SMP-00581,2.84,41383.9,8248.6,8301.2,0.0407,Acetaminophen,HPLC-UV/Vis
SMP-00581,4.11,87045.8,15177.1,15943.7,0.0857,Caffeine,HPLC-UV/Vis
SMP-00581,5.59,26130.6,5616.2,5665.3,0.0265,Aspirin,HPLC-UV/Vis
SMP-00581,7.17,66826.6,11094.1,11124.2,0.0673,Benzoic Acid,HPLC-UV/Vis
SMP-00581,8.93,36382.0,7528.7,7603.2,0.0374,Phenacetin,HPLC-UV/Vis
SMP-00581,10.41,14841.3,3686.4,3761.5,0.0147,Salicylic Acid,HPLC-UV/Vis
SMP-00581,12.08,60010.2,10481.2,10787.9,0.0601,Chlorpheniramine,HPLC-UV/Vis
SMP-00582,1.28,10578.0,2773.3,2787.5,0.0105,Uracil,HPLC-UV/Vis
SMP-00582,2.79,43152.0,8823.2,9130.5,0.0436,Acetaminophen,HPLC-UV/Vis
SMP-00582,4.17,103813.9,17254.1,17318.9,0.103,Caffeine,HPLC-UV/Vis
SMP-00582,5.58,28951.2,6318.4,6502.5,0.0287,Aspirin,HPLC-UV/Vis
SMP-00582,7.24,68174.2,11255.9,11351.8,0.0698,Benzoic Acid,HPLC-UV/Vis
SMP-00582,8.94,23902.8,4879.0,4986.3,0.0228,Phenacetin,HPLC-UV/Vis
SMP-00582,10.38,18557.9,4681.8,4754.9,0.019,Salicylic Acid,HPLC-UV/Vis
SMP-00582,12.08,48603.8,8154.8,8461.5,0.0475,Chlorpheniramine,HPLC-UV/Vis
SMP-00583,1.23,11479.7,2896.7,2908.3,0.0114,Uracil,HPLC-UV/Vis
SMP-00583,2.8,46277.7,8707.2,9160.1,0.0461,Acetaminophen,HPLC-UV/Vis
SMP-00583,4.16,89817.2,14386.8,14995.3,0.0899,Caffeine,HPLC-UV/Vis
SMP-00583,5.65,21421.0,4823.4,5024.6,0.0216,Aspirin,HPLC-UV/Vis
SMP-00583,7.19,63464.7,10343.9,10480.5,0.0633,Benzoic Acid,HPLC-UV/Vis
SMP-00583,8.96,31378.1,6469.4,6628.1,0.0314,Phenacetin,HPLC-UV/Vis
SMP-00583,10.42,14910.5,3674.9,3689.1,0.0151,Salicylic Acid,HPLC-UV/Vis
SMP-00583,12.07,48028.5,8326.4,8496.0,0.0497,Chlorpheniramine,HPLC-UV/Vis
SMP-00584,1.18,12905.5,3210.1,3358.7,0.0129,Uracil,HPLC-UV/Vis
SMP-00584,2.84,48629.4,9117.4,9190.5,0.047,Acetaminophen,HPLC-UV/Vis
SMP-00584,4.12,99635.6,15964.9,16099.1,0.0997,Caffeine,HPLC-UV/Vis
SMP-00584,5.61,24952.3,5633.9,5736.4,0.0243,Aspirin,HPLC-UV/Vis
SMP-00584,7.13,65550.2,10889.4,10967.2,0.0638,Benzoic Acid,HPLC-UV/Vis
SMP-00584,8.93,30536.1,6193.7,6410.3,0.0302,Phenacetin,HPLC-UV/Vis
SMP-00584,10.34,15522.2,3791.2,3891.4,0.0161,Salicylic Acid,HPLC-UV/Vis
SMP-00584,12.1,56906.3,10911.0,11293.5,0.0545,Chlorpheniramine,HPLC-UV/Vis
SMP-00585,1.22,10056.9,2747.9,2911.7,0.0099,Uracil,HPLC-UV/Vis
SMP-00585,2.8,41746.1,8076.5,8203.6,0.0414,Acetaminophen,HPLC-UV/Vis
SMP-00585,4.17,99938.7,16202.1,16676.4,0.1011,Caffeine,HPLC-UV/Vis
SMP-00585,5.65,20059.2,4560.6,4687.1,0.0195,Aspirin,HPLC-UV/Vis
SMP-00585,7.27,65999.1,11117.4,11346.2,0.0656,Benzoic Acid,HPLC-UV/Vis
SMP-00585,8.91,36954.2,7573.4,7808.3,0.0364,Phenacetin,HPLC-UV/Vis
SMP-00585,10.35,14393.6,3369.4,3557.6,0.0139,Salicylic Acid,HPLC-UV/Vis
SMP-00585,12.04,49377.0,8793.2,9229.0,0.0491,Chlorpheniramine,HPLC-UV/Vis
SMP-00586,1.26,11899.1,3289.7,3349.5,0.012,Uracil,HPLC-UV/Vis
SMP-00586,2.78,46557.6,8913.9,9230.1,0.0466,Acetaminophen,HPLC-UV/Vis
SMP-00586,4.12,105825.1,17457.7,17426.7,0.1051,Caffeine,HPLC-UV/Vis
SMP-00586,5.62,23049.7,5089.8,5156.8,0.0229,Aspirin,HPLC-UV/Vis
SMP-00586,7.23,73105.0,11627.3,11932.8,0.0734,Benzoic Acid,HPLC-UV/Vis
SMP-00586,8.9,27186.1,5865.0,5901.2,0.0272,Phenacetin,HPLC-UV/Vis
SMP-00586,10.4,15101.7,3768.6,3884.4,0.0149,Salicylic Acid,HPLC-UV/Vis
SMP-00586,12.09,54479.2,9475.3,9849.8,0.0537,Chlorpheniramine,HPLC-UV/Vis
SMP-00587,1.27,11943.4,3036.1,3198.0,0.0117,Uracil,HPLC-UV/Vis
SMP-00587,2.83,48082.8,9597.5,10109.4,0.0501,Acetaminophen,HPLC-UV/Vis
SMP-00587,4.12,96490.4,16094.2,16322.5,0.0974,Caffeine,HPLC-UV/Vis
SMP-00587,5.6,25233.3,5812.6,6278.0,0.0253,Aspirin,HPLC-UV/Vis
SMP-00587,7.18,67567.8,11078.6,10993.3,0.0654,Benzoic Acid,HPLC-UV/Vis
SMP-00587,8.96,27950.5,6032.8,6079.9,0.0281,Phenacetin,HPLC-UV/Vis
SMP-00587,10.4,17002.5,4228.0,4414.7,0.0172,Salicylic Acid,HPLC-UV/Vis
SMP-00587,12.13,48454.0,8730.3,8930.8,0.0488,Chlorpheniramine,HPLC-UV/Vis
SMP-00588,1.25,14466.1,3593.8,3701.4,0.0142,Uracil,HPLC-UV/Vis
SMP-00588,2.78,45976.7,8581.0,9060.1,0.046,Acetaminophen,HPLC-UV/Vis
SMP-00588,4.17,78038.1,12418.1,12832.9,0.0749,Caffeine,HPLC-UV/Vis
SMP-00588,5.58,20464.3,4465.7,4646.4,0.0208,Aspirin,HPLC-UV/Vis
SMP-00588,7.2,68440.5,11365.3,11779.1,0.069,Benzoic Acid,HPLC-UV/Vis
SMP-00588,8.98,32820.8,7022.9,7237.3,0.0324,Phenacetin,HPLC-UV/Vis
SMP-00588,10.4,13910.2,3318.5,3342.4,0.014,Salicylic Acid,HPLC-UV/Vis
SMP-00588,12.05,50655.7,9696.2,10109.2,0.0511,Chlorpheniramine,HPLC-UV/Vis
SMP-00589,1.26,12432.4,3119.0,3181.7,0.0124,Uracil,HPLC-UV/Vis
SMP-00589,2.76,44886.6,8496.4,8700.2,0.0434,Acetaminophen,HPLC-UV/Vis
SMP-00589,4.21,98365.3,16481.7,17182.6,0.0988,Caffeine,HPLC-UV/Vis
SMP-00589,5.57,24694.0,5548.8,5663.8,0.0249,Aspirin,HPLC-UV/Vis
SMP-00589,7.18,72624.3,12213.6,12523.4,0.0722,Benzoic Acid,HPLC-UV/Vis
SMP-00589,8.89,28836.1,5672.6,5844.1,0.0295,Phenacetin,HPLC-UV/Vis
SMP-00589,10.38,14498.4,3445.7,3686.9,0.0145,Salicylic Acid,HPLC-UV/Vis
SMP-00589,12.04,47800.1,8630.2,8803.1,0.0479,Chlorpheniramine,HPLC-UV/Vis
SMP-00590,1.27,10123.3,2495.8,2565.7,0.01,Uracil,HPLC-UV/Vis
SMP-00590,2.8,42388.4,8288.7,8627.6,0.0424,Acetaminophen,HPLC-UV/Vis
SMP-00590,4.08,83973.3,14038.6,14217.1,0.0822,Caffeine,HPLC-UV/Vis
SMP-00590,5.6,21864.9,5109.7,5292.2,0.0214,Aspirin,HPLC-UV/Vis
SMP-00590,7.21,61155.0,10886.3,11306.1,0.0619,Benzoic Acid,HPLC-UV/Vis
SMP-00590,8.98,23726.8,4636.3,4871.3,0.0247,Phenacetin,HPLC-UV/Vis
SMP-00590,10.35,15862.0,3919.2,4048.3,0.0158,Salicylic Acid,HPLC-UV/Vis
SMP-00590,12.09,52976.5,9418.0,9339.1,0.0536,Chlorpheniramine,HPLC-UV/Vis
SMP-00591,1.23,12219.0,3092.9,3155.5,0.0124,Uracil,HPLC-UV/Vis
SMP-00591,2.83,50627.2,9792.6,10643.0,0.052,Acetaminophen,HPLC-UV/Vis
SMP-00591,4.15,71487.2,11632.6,12371.0,0.0764,Caffeine,HPLC-UV/Vis
SMP-00591,5.61,24498.3,5711.9,5771.0,0.0257,Aspirin,HPLC-UV/Vis
SMP-00591,7.16,65275.2,10575.6,10981.6,0.063,Benzoic Acid,HPLC-UV/Vis
SMP-00591,8.97,35826.9,7480.3,7917.3,0.0354,Phenacetin,HPLC-UV/Vis
SMP-00591,10.33,15422.9,3801.0,3951.3,0.0149,Salicylic Acid,HPLC-UV/Vis
SMP-00591,12.09,51875.3,9593.2,9839.4,0.052,Chlorpheniramine,HPLC-UV/Vis
SMP-00592,1.28,13868.9,3535.1,3842.7,0.0137,Uracil,HPLC-UV/Vis
SMP-00592,2.77,49340.7,9774.0,9869.4,0.0492,Acetaminophen,HPLC-UV/Vis
SMP-00592,4.13,92785.5,15228.9,15672.8,0.0897,Caffeine,HPLC-UV/Vis
SMP-00592,5.6,25649.9,5698.8,5877.1,0.0258,Aspirin,HPLC-UV/Vis
SMP-00592,7.25,64869.8,10658.5,11253.7,0.0652,Benzoic Acid,HPLC-UV/Vis
SMP-00592,8.96,33153.5,6778.4,7106.8,0.0324,Phenacetin,HPLC-UV/Vis
SMP-00592,10.42,16570.7,3781.0,3884.9,0.0162,Salicylic Acid,HPLC-UV/Vis
SMP-00592,12.09,60567.9,10594.0,10994.6,0.0606,Chlorpheniramine,HPLC-UV/Vis
SMP-00593,1.29,13837.3,3751.2,3885.1,0.0139,Uracil,HPLC-UV/Vis
SMP-00593,2.81,33113.0,6435.5,6657.8,0.033,Acetaminophen,HPLC-UV/Vis
SMP-00593,4.15,75520.1,13047.9,13372.2,0.0718,Caffeine,HPLC-UV/Vis
SMP-00593,5.63,23506.7,5050.3,5133.3,0.0234,Aspirin,HPLC-UV/Vis
SMP-00593,7.16,66944.5,10676.9,11199.9,0.0684,Benzoic Acid,HPLC-UV/Vis
SMP-00593,8.93,29880.6,6123.7,6338.9,0.0302,Phenacetin,HPLC-UV/Vis
SMP-00593,10.45,15694.9,3674.6,3666.6,0.0162,Salicylic Acid,HPLC-UV/Vis
SMP-00593,12.11,56634.6,10287.8,10685.5,0.0562,Chlorpheniramine,HPLC-UV/Vis
SMP-00594,1.23,11325.9,2748.7,2818.1,0.0117,Uracil,HPLC-UV/Vis
SMP-00594,2.76,47104.7,8980.1,9527.5,0.0481,Acetaminophen,HPLC-UV/Vis
SMP-00594,4.14,82463.7,12900.2,13272.8,0.0839,Caffeine,HPLC-UV/Vis
SMP-00594,5.58,18003.6,3873.2,4032.1,0.0174,Aspirin,HPLC-UV/Vis
SMP-00594,7.18,68705.8,11283.7,11356.7,0.0693,Benzoic Acid,HPLC-UV/Vis
SMP-00594,8.93,23786.7,5129.8,5284.3,0.0245,Phenacetin,HPLC-UV/Vis
SMP-00594,10.43,14720.6,3429.3,3584.5,0.0148,Salicylic Acid,HPLC-UV/Vis
SMP-00594,12.12,55871.0,10290.4,10388.7,0.0569,Chlorpheniramine,HPLC-UV/Vis
SMP-00595,1.28,13656.0,3575.8,3675.2,0.0139,Uracil,HPLC-UV/Vis
SMP-00595,2.82,46728.1,9270.8,9451.4,0.0481,Acetaminophen,HPLC-UV/Vis
SMP-00595,4.15,85579.6,13632.8,14125.0,0.0836,Caffeine,HPLC-UV/Vis
SMP-00595,5.56,20902.6,4455.1,4606.5,0.0214,Aspirin,HPLC-UV/Vis
SMP-00595,7.24,61824.3,10495.5,10746.7,0.0621,Benzoic Acid,HPLC-UV/Vis
SMP-00595,8.9,37412.4,7647.0,7630.6,0.037,Phenacetin,HPLC-UV/Vis
SMP-00595,10.38,12405.8,3033.0,3080.2,0.0126,Salicylic Acid,HPLC-UV/Vis
SMP-00595,12.1,48410.1,9418.4,9797.8,0.0486,Chlorpheniramine,HPLC-UV/Vis
SMP-00596,1.2,11831.8,3212.2,3288.0,0.0119,Uracil,HPLC-UV/Vis
SMP-00596,2.84,44679.8,8348.4,9029.4,0.0434,Acetaminophen,HPLC-UV/Vis
SMP-00596,4.12,82942.5,13021.8,13271.9,0.0847,Caffeine,HPLC-UV/Vis
SMP-00596,5.64,25614.2,5733.3,5919.8,0.0257,Aspirin,HPLC-UV/Vis
SMP-00596,7.15,72302.0,11764.7,12311.9,0.0715,Benzoic Acid,HPLC-UV/Vis
SMP-00596,8.9,25919.5,5295.5,5606.4,0.0263,Phenacetin,HPLC-UV/Vis
SMP-00596,10.43,14981.4,3719.0,3787.4,0.0149,Salicylic Acid,HPLC-UV/Vis
SMP-00596,12.08,269214.5,45752.5,41575.6,0.2684,Chlorpheniramine,HPLC-UV/Vis
SMP-00597,1.24,12697.3,3199.7,3362.9,0.013,Uracil,HPLC-UV/Vis
SMP-00597,2.82,52424.2,9934.5,10059.8,0.0531,Acetaminophen,HPLC-UV/Vis
SMP-00597,4.13,80149.9,13354.1,13569.8,0.0796,Caffeine,HPLC-UV/Vis
SMP-00597,5.63,21114.8,4446.6,4451.3,0.0214,Aspirin,HPLC-UV/Vis
SMP-00597,7.24,58901.1,9710.7,10473.5,0.0585,Benzoic Acid,HPLC-UV/Vis
SMP-00597,8.95,32853.9,6838.2,6959.4,0.0325,Phenacetin,HPLC-UV/Vis
SMP-00597,10.38,13674.4,3537.1,3614.4,0.0136,Salicylic Acid,HPLC-UV/Vis
SMP-00597,12.1,56557.3,10089.9,10622.5,0.0572,Chlorpheniramine,HPLC-UV/Vis
SMP-00598,1.23,13801.3,3531.7,3549.9,0.0141,Uracil,HPLC-UV/Vis
SMP-00598,2.83,34284.8,6564.2,6913.4,0.0343,Acetaminophen,HPLC-UV/Vis
SMP-00598,4.12,92302.4,15006.0,15529.2,0.0959,Caffeine,HPLC-UV/Vis
SMP-00598,5.62,24958.7,5371.6,5482.1,0.0243,Aspirin,HPLC-UV/Vis
SMP-00598,7.17,67203.8,10756.5,11070.8,0.067,Benzoic Acid,HPLC-UV/Vis
SMP-00598,9.0,27067.8,5767.3,5680.3,0.027,Phenacetin,HPLC-UV/Vis
SMP-00598,10.38,18424.7,4448.5,4483.7,0.0186,Salicylic Acid,HPLC-UV/Vis
SMP-00598,12.1,49244.5,8650.0,8773.2,0.0501,Chlorpheniramine,HPLC-UV/Vis
SMP-00599,1.22,12652.0,3259.5,3394.7,0.0126,Uracil,HPLC-UV/Vis
SMP-00599,2.79,47731.5,9006.2,9436.0,0.0477,Acetaminophen,HPLC-UV/Vis
SMP-00599,4.12,88314.2,14116.7,14753.3,0.0878,Caffeine,HPLC-UV/Vis
SMP-00599,5.57,23046.9,5289.9,5432.9,0.0228,Aspirin,HPLC-UV/Vis
SMP-00599,7.19,61578.0,10227.0,10822.0,0.0597,Benzoic Acid,HPLC-UV/Vis
SMP-00599,8.9,29919.9,6188.3,6178.3,0.0296,Phenacetin,HPLC-UV/Vis
SMP-00599,10.4,16129.5,3817.9,3954.6,0.0159,Salicylic Acid,HPLC-UV/Vis
SMP-00599,12.03,52631.2,9545.8,10089.8,0.0527,Chlorpheniramine,HPLC-UV/Vis
SMP-00600,1.26,14010.7,3564.4,3571.3,0.0137,Uracil,HPLC-UV/Vis
SMP-00600,2.81,44626.1,8515.8,8802.0,0.0448,Acetaminophen,HPLC-UV/Vis
SMP-00600,4.12,73463.1,11544.5,11578.9,0.071,Caffeine,HPLC-UV/Vis
SMP-00600,5.53,24185.0,5478.6,5751.2,0.0243,Aspirin,HPLC-UV/Vis
SMP-00600,7.25,65363.1,11012.6,11624.0,0.0642,Benzoic Acid,HPLC-UV/Vis
SMP-00600,8.93,32638.7,6331.1,6702.9,0.033,Phenacetin,HPLC-UV/Vis
SMP-00600,10.33,13978.0,3574.8,3669.4,0.0134,Salicylic Acid,HPLC-UV/Vis
SMP-00600,12.12,57081.6,10277.3,10819.0,0.0563,Chlorpheniramine,HPLC-UV/Vis
SMP-00601,1.25,12284.8,3121.1,3193.3,0.0123,Uracil,HPLC-UV/Vis
SMP-00601,2.82,43345.4,8842.1,9004.7,0.0442,Acetaminophen,HPLC-UV/Vis
SMP-00601,4.15,89885.5,14294.4,14575.4,0.0903,Caffeine,HPLC-UV/Vis
SMP-00601,5.64,22049.9,4808.2,4792.3,0.0223,Aspirin,HPLC-UV/Vis
SMP-00601,7.23,74365.5,12623.4,13212.0,0.0752,Benzoic Acid,HPLC-UV/Vis
SMP-00601,8.89,27769.0,5454.0,5756.2,0.0273,Phenacetin,HPLC-UV/Vis
SMP-00601,10.4,13660.5,3371.0,3328.5,0.0133,Salicylic Acid,HPLC-UV/Vis
SMP-00601,12.06,61242.2,11087.4,11671.1,0.0616,Chlorpheniramine,HPLC-UV/Vis
SMP-00602,1.22,13607.3,3539.8,3793.6,0.0139,Uracil,HPLC-UV/Vis
SMP-00602,2.81,47733.6,9586.6,10127.7,0.0476,Acetaminophen,HPLC-UV/Vis
SMP-00602,4.09,79035.9,12590.4,13346.9,0.0817,Caffeine,HPLC-UV/Vis
SMP-00602,5.64,21465.9,4507.7,4552.1,0.0205,Aspirin,HPLC-UV/Vis
SMP-00602,7.18,68523.7,11433.0,11618.3,0.0693,Benzoic Acid,HPLC-UV/Vis
SMP-00602,8.95,27737.2,5899.1,6078.5,0.0282,Phenacetin,HPLC-UV/Vis
SMP-00602,10.41,16493.6,3784.7,3986.6,0.0161,Salicylic Acid,HPLC-UV/Vis
SMP-00602,12.15,59376.6,10298.4,10570.7,0.0607,Chlorpheniramine,HPLC-UV/Vis
SMP-00603,1.24,11967.6,3130.7,3128.4,0.0122,Uracil,HPLC-UV/Vis
SMP-00603,2.8,44770.3,8860.4,9122.5,0.0461,Acetaminophen,HPLC-UV/Vis
SMP-00603,4.13,101379.4,16618.9,17173.9,0.1029,Caffeine,HPLC-UV/Vis
SMP-00603,5.56,138945.7,24995.1,30277.9,0.1368,Aspirin,HPLC-UV/Vis
SMP-00603,7.15,76798.6,12789.7,13380.6,0.078,Benzoic Acid,HPLC-UV/Vis
SMP-00603,8.94,29175.7,5601.8,5658.4,0.0292,Phenacetin,HPLC-UV/Vis
SMP-00603,10.37,15679.4,3972.5,4087.2,0.0153,Salicylic Acid,HPLC-UV/Vis
SMP-00603,12.08,62219.2,11173.1,11531.3,0.0639,Chlorpheniramine,HPLC-UV/Vis
SMP-00604,1.22,12043.9,3082.2,3337.5,0.0119,Uracil,HPLC-UV/Vis
SMP-00604,2.77,46863.4,9238.4,9384.9,0.0469,Acetaminophen,HPLC-UV/Vis
SMP-00604,4.15,92064.1,15787.4,16040.6,0.0907,Caffeine,HPLC-UV/Vis
SMP-00604,5.58,18893.5,4192.6,4336.6,0.0188,Aspirin,HPLC-UV/Vis
SMP-00604,7.21,58529.2,9823.6,10228.0,0.0564,Benzoic Acid,HPLC-UV/Vis
SMP-00604,8.91,27649.1,5710.7,5943.1,0.0281,Phenacetin,HPLC-UV/Vis
SMP-00604,10.38,15770.1,3805.4,3932.8,0.0158,Salicylic Acid,HPLC-UV/Vis
SMP-00604,12.09,44161.8,8229.4,8525.3,0.0417,Chlorpheniramine,HPLC-UV/Vis
SMP-00605,1.25,11284.1,2801.9,2847.4,0.0111,Uracil,HPLC-UV/Vis
SMP-00605,2.85,47500.0,9774.4,10111.7,0.048,Acetaminophen,HPLC-UV/Vis
SMP-00605,4.14,88472.2,14651.5,15076.6,0.0891,Caffeine,HPLC-UV/Vis
SMP-00605,5.59,22162.9,4791.0,5038.5,0.022,Aspirin,HPLC-UV/Vis
SMP-00605,7.2,74562.2,11723.0,12145.7,0.0729,Benzoic Acid,HPLC-UV/Vis
SMP-00605,8.95,26587.9,5519.1,5709.4,0.0264,Phenacetin,HPLC-UV/Vis
SMP-00605,10.42,15852.7,3995.9,4090.7,0.0162,Salicylic Acid,HPLC-UV/Vis
SMP-00605,12.14,52926.4,9374.2,9449.7,0.0529,Chlorpheniramine,HPLC-UV/Vis
SMP-00606,1.29,11365.8,2855.1,2973.9,0.0117,Uracil,HPLC-UV/Vis
SMP-00606,2.83,45432.8,8811.3,9430.2,0.047,Acetaminophen,HPLC-UV/Vis
SMP-00606,4.18,96859.0,15220.5,15665.0,0.0995,Caffeine,HPLC-UV/Vis
SMP-00606,5.6,26585.2,5926.3,6193.7,0.0268,Aspirin,HPLC-UV/Vis
SMP-00606,7.22,76159.9,13137.0,13412.6,0.0766,Benzoic Acid,HPLC-UV/Vis
SMP-00606,8.95,27116.6,5388.3,5459.4,0.0268,Phenacetin,HPLC-UV/Vis
SMP-00606,10.43,15168.8,3838.8,3867.2,0.0151,Salicylic Acid,HPLC-UV/Vis
SMP-00606,12.12,60399.5,10763.1,11299.9,0.0586,Chlorpheniramine,HPLC-UV/Vis
SMP-00607,1.21,13006.6,3451.4,3616.2,0.0126,Uracil,HPLC-UV/Vis
SMP-00607,2.82,48952.6,9586.7,9452.2,0.05,Acetaminophen,HPLC-UV/Vis
SMP-00607,4.15,91239.7,15050.5,15941.6,0.0917,Caffeine,HPLC-UV/Vis
SMP-00607,5.61,23074.3,5094.7,5067.6,0.0233,Aspirin,HPLC-UV/Vis
SMP-00607,7.19,74277.4,12663.3,13029.7,0.0745,Benzoic Acid,HPLC-UV/Vis
SMP-00607,8.98,35837.9,7222.7,7341.3,0.0356,Phenacetin,HPLC-UV/Vis
SMP-00607,10.36,16331.8,4024.0,4164.5,0.0164,Salicylic Acid,HPLC-UV/Vis
SMP-00607,12.09,52610.3,9527.2,9534.9,0.0516,Chlorpheniramine,HPLC-UV/Vis
SMP-00608,1.28,12776.5,3382.0,3475.2,0.0128,Uracil,HPLC-UV/Vis
SMP-00608,2.79,42938.9,7946.6,8089.9,0.0437,Acetaminophen,HPLC-UV/Vis
SMP-00608,4.13,73735.7,12389.3,12778.2,0.0713,Caffeine,HPLC-UV/Vis
SMP-00608,5.57,22030.6,4688.0,4893.5,0.0217,Aspirin,HPLC-UV/Vis
SMP-00608,7.27,68191.8,11293.5,11611.4,0.0691,Benzoic Acid,HPLC-UV/Vis
SMP-00608,8.92,29917.6,6009.2,6155.5,0.0311,Phenacetin,HPLC-UV/Vis
SMP-00608,10.4,17542.3,4294.6,4282.8,0.0181,Salicylic Acid,HPLC-UV/Vis
SMP-00608,12.03,45530.8,8564.4,8550.1,0.047,Chlorpheniramine,HPLC-UV/Vis
SMP-00609,1.27,13339.3,3403.9,3541.6,0.0135,Uracil,HPLC-UV/Vis
SMP-00609,2.77,47442.3,8734.3,9159.1,0.0476,Acetaminophen,HPLC-UV/Vis
SMP-00609,4.07,79159.2,12647.9,13197.7,0.0775,Caffeine,HPLC-UV/Vis
SMP-00609,5.59,20753.1,4553.5,4603.5,0.0202,Aspirin,HPLC-UV/Vis
SMP-00609,7.22,70878.9,12207.9,12693.0,0.0694,Benzoic Acid,HPLC-UV/Vis
SMP-00609,8.92,29708.9,6085.8,6250.4,0.0286,Phenacetin,HPLC-UV/Vis
SMP-00609,10.4,14648.0,3696.5,3903.3,0.0143,Salicylic Acid,HPLC-UV/Vis
SMP-00609,12.15,53473.4,9549.4,10000.2,0.0532,Chlorpheniramine,HPLC-UV/Vis
SMP-00610,1.23,11859.6,3124.1,3224.1,0.0119,Uracil,HPLC-UV/Vis
SMP-00610,2.79,49757.5,9460.2,9876.5,0.05,Acetaminophen,HPLC-UV/Vis
SMP-00610,4.19,86169.4,13889.9,14247.9,0.0863,Caffeine,HPLC-UV/Vis
SMP-00610,5.56,25105.2,5553.4,5781.6,0.0262,Aspirin,HPLC-UV/Vis
SMP-00610,7.16,68706.3,11536.2,12083.4,0.068,Benzoic Acid,HPLC-UV/Vis
SMP-00610,8.9,26933.8,5445.4,5596.0,0.0282,Phenacetin,HPLC-UV/Vis
SMP-00610,10.41,14468.2,3549.7,3617.0,0.0148,Salicylic Acid,HPLC-UV/Vis
SMP-00610,12.1,62001.0,11434.5,12096.0,0.062,Chlorpheniramine,HPLC-UV/Vis
SMP-00611,1.23,11367.7,3131.1,3157.0,0.0113,Uracil,HPLC-UV/Vis
SMP-00611,2.77,41246.6,7836.5,8118.6,0.0417,Acetaminophen,HPLC-UV/Vis
SMP-00611,4.13,98865.8,16813.1,17739.8,0.0959,Caffeine,HPLC-UV/Vis
SMP-00611,5.66,19182.4,4401.0,4552.8,0.019,Aspirin,HPLC-UV/Vis
SMP-00611,7.21,75202.2,12869.0,12867.3,0.0743,Benzoic Acid,HPLC-UV/Vis
SMP-00611,8.99,31492.3,6762.3,6596.3,0.0311,Phenacetin,HPLC-UV/Vis
SMP-00611,10.36,17138.5,4114.2,4045.6,0.0171,Salicylic Acid,HPLC-UV/Vis
SMP-00611,12.05,57089.5,10783.8,11096.7,0.0592,Chlorpheniramine,HPLC-UV/Vis
SMP-00612,1.29,13956.9,3584.2,3585.1,0.0138,Uracil,HPLC-UV/Vis
SMP-00612,2.82,47972.5,9343.7,9601.1,0.0492,Acetaminophen,HPLC-UV/Vis
SMP-00612,4.13,90514.1,15604.4,16266.7,0.0898,Caffeine,HPLC-UV/Vis
SMP-00612,5.61,22127.3,4807.6,4950.7,0.0228,Aspirin,HPLC-UV/Vis
SMP-00612,7.19,73257.3,12177.0,12626.3,0.0736,Benzoic Acid,HPLC-UV/Vis
SMP-00612,8.86,31907.5,6381.8,6364.0,0.0314,Phenacetin,HPLC-UV/Vis
SMP-00612,10.41,16804.7,4145.1,4193.3,0.017,Salicylic Acid,HPLC-UV/Vis
SMP-00612,12.1,54519.8,10091.3,10242.7,0.0557,Chlorpheniramine,HPLC-UV/Vis
SMP-00613,1.25,14357.0,3565.9,3640.0,0.0142,Uracil,HPLC-UV/Vis
SMP-00613,2.84,41297.9,8908.1,9057.2,0.0416,Acetaminophen,HPLC-UV/Vis
SMP-00613,4.15,82132.4,13815.6,13994.1,0.079,Caffeine,HPLC-UV/Vis
SMP-00613,5.64,155931.5,27954.3,28844.6,0.1504,Aspirin,HPLC-UV/Vis
SMP-00613,7.22,74002.5,12198.8,12518.1,0.072,Benzoic Acid,HPLC-UV/Vis
SMP-00613,8.98,32346.3,6655.6,7023.3,0.0315,Phenacetin,HPLC-UV/Vis
SMP-00613,10.36,17906.3,4423.9,4641.9,0.0177,Salicylic Acid,HPLC-UV/Vis
SMP-00613,12.16,56533.6,10567.9,10821.2,0.0552,Chlorpheniramine,HPLC-UV/Vis
SMP-00614,1.22,14081.8,3720.0,3849.1,0.0142,Uracil,HPLC-UV/Vis
SMP-00614,2.81,43947.8,8136.0,8536.1,0.0443,Acetaminophen,HPLC-UV/Vis
SMP-00614,4.15,385958.9,53456.6,59105.5,0.3787,Caffeine,HPLC-UV/Vis
SMP-00614,5.6,24028.3,5481.4,5620.9,0.0234,Aspirin,HPLC-UV/Vis
SMP-00614,7.18,53072.6,8784.0,9082.4,0.0544,Benzoic Acid,HPLC-UV/Vis
SMP-00614,8.95,34720.1,7012.2,7297.8,0.0357,Phenacetin,HPLC-UV/Vis
SMP-00614,10.41,17414.9,4202.1,4444.7,0.0176,Salicylic Acid,HPLC-UV/Vis
SMP-00614,12.12,64241.8,11704.4,11735.4,0.0636,Chlorpheniramine,HPLC-UV/Vis
SMP-00615,1.28,12063.8,3273.9,3349.0,0.0122,Uracil,HPLC-UV/Vis
SMP-00615,2.76,45294.1,9437.6,9546.7,0.0459,Acetaminophen,HPLC-UV/Vis
SMP-00615,4.12,76585.2,12858.8,13020.5,0.0788,Caffeine,HPLC-UV/Vis
SMP-00615,5.6,24050.3,5062.7,5235.2,0.0242,Aspirin,HPLC-UV/Vis
SMP-00615,7.17,61893.4,10507.3,11119.3,0.0611,Benzoic Acid,HPLC-UV/Vis
SMP-00615,8.97,27346.5,5549.1,5603.1,0.0276,Phenacetin,HPLC-UV/Vis
SMP-00615,10.43,15932.4,3995.5,3921.7,0.0154,Salicylic Acid,HPLC-UV/Vis
SMP-00615,12.08,46253.0,8303.9,8593.2,0.0461,Chlorpheniramine,HPLC-UV/Vis
SMP-00616,1.26,12799.3,3419.2,3520.8,0.0128,Uracil,HPLC-UV/Vis
SMP-00616,2.82,41665.1,8072.2,8385.1,0.0411,Acetaminophen,HPLC-UV/Vis
SMP-00616,4.11,63486.2,10157.4,10488.0,0.0615,Caffeine,HPLC-UV/Vis
SMP-00616,5.57,25207.9,5629.8,6043.7,0.0255,Aspirin,HPLC-UV/Vis
SMP-00616,7.23,78841.8,12506.7,13041.8,0.08,Benzoic Acid,HPLC-UV/Vis
SMP-00616,8.88,30277.0,6099.5,6469.1,0.0302,Phenacetin,HPLC-UV/Vis
SMP-00616,10.38,16108.9,3930.5,3986.3,0.0162,Salicylic Acid,HPLC-UV/Vis
SMP-00616,12.02,57821.6,10623.8,10985.0,0.0573,Chlorpheniramine,HPLC-UV/Vis
SMP-00617,1.27,11663.9,3080.4,3082.0,0.0118,Uracil,HPLC-UV/Vis
SMP-00617,2.83,41591.5,7866.3,7882.9,0.0411,Acetaminophen,HPLC-UV/Vis
SMP-00617,4.1,85250.0,14123.7,14518.3,0.0854,Caffeine,HPLC-UV/Vis
SMP-00617,5.6,23166.3,5089.9,5258.1,0.023,Aspirin,HPLC-UV/Vis
SMP-00617,7.17,73968.0,11880.1,12274.0,0.0764,Benzoic Acid,HPLC-UV/Vis
SMP-00617,8.97,31979.6,6535.8,6614.1,0.0318,Phenacetin,HPLC-UV/Vis
SMP-00617,10.41,16831.2,4239.0,4352.7,0.0169,Salicylic Acid,HPLC-UV/Vis
SMP-00617,12.17,51957.8,9586.6,9794.7,0.0515,Chlorpheniramine,HPLC-UV/Vis
SMP-00618,1.21,9362.5,2517.7,2620.8,0.0092,Uracil,HPLC-UV/Vis
SMP-00618,2.82,42626.2,8393.6,8814.4,0.0413,Acetaminophen,HPLC-UV/Vis
SMP-00618,4.16,105974.6,17469.2,17849.7,0.1054,Caffeine,HPLC-UV/Vis
SMP-00618,5.59,24454.0,5362.8,5639.6,0.025,Aspirin,HPLC-UV/Vis
SMP-00618,7.19,64497.8,10138.1,10462.6,0.0646,Benzoic Acid,HPLC-UV/Vis
SMP-00618,8.89,31844.0,6596.4,6846.4,0.0312,Phenacetin,HPLC-UV/Vis
SMP-00618,10.39,16949.4,4017.6,4230.5,0.0174,Salicylic Acid,HPLC-UV/Vis
SMP-00618,12.11,58449.7,10267.3,10475.5,0.0586,Chlorpheniramine,HPLC-UV/Vis
SMP-00619,1.21,14489.5,3705.6,3814.3,0.0149,Uracil,HPLC-UV/Vis
SMP-00619,2.81,51134.8,9691.3,9879.5,0.0499,Acetaminophen,HPLC-UV/Vis
SMP-00619,4.17,91093.2,15559.1,16665.3,0.0908,Caffeine,HPLC-UV/Vis
SMP-00619,5.63,26020.4,5812.6,6069.0,0.0263,Aspirin,HPLC-UV/Vis
SMP-00619,7.16,67057.0,11076.3,11469.9,0.0669,Benzoic Acid,HPLC-UV/Vis
SMP-00619,8.89,33501.2,6745.2,6916.3,0.0332,Phenacetin,HPLC-UV/Vis
SMP-00619,10.37,17191.7,4160.5,4338.1,0.0174,Salicylic Acid,HPLC-UV/Vis
SMP-00619,12.12,54278.5,10215.6,10690.3,0.0553,Chlorpheniramine,HPLC-UV/Vis
SMP-00620,1.26,10165.8,2747.4,2795.5,0.0101,Uracil,HPLC-UV/Vis
SMP-00620,2.8,44571.6,9148.3,9580.0,0.0441,Acetaminophen,HPLC-UV/Vis
SMP-00620,4.08,80046.5,12433.0,12892.7,0.0798,Caffeine,HPLC-UV/Vis
SMP-00620,5.57,23451.2,4960.5,5100.6,0.0238,Aspirin,HPLC-UV/Vis
SMP-00620,7.21,54076.0,8295.3,8598.5,0.0555,Benzoic Acid,HPLC-UV/Vis
SMP-00620,9.01,26696.9,5346.1,5521.4,0.027,Phenacetin,HPLC-UV/Vis
SMP-00620,10.37,16568.4,4051.1,4144.7,0.0167,Salicylic Acid,HPLC-UV/Vis
SMP-00620,12.1,53243.8,9386.1,9494.5,0.0527,Chlorpheniramine,HPLC-UV/Vis
SMP-00621,1.19,13626.8,3504.2,3534.7,0.0141,Uracil,HPLC-UV/Vis
SMP-00621,2.76,52998.7,10661.1,10787.1,0.0527,Acetaminophen,HPLC-UV/Vis
SMP-00621,4.09,92097.0,15338.6,16000.3,0.0922,Caffeine,HPLC-UV/Vis
SMP-00621,5.57,27300.2,5909.5,6008.7,0.027,Aspirin,HPLC-UV/Vis
SMP-00621,7.19,65840.2,10985.1,11134.8,0.0661,Benzoic Acid,HPLC-UV/Vis
SMP-00621,8.97,33447.0,6860.3,6976.9,0.0336,Phenacetin,HPLC-UV/Vis
SMP-00621,10.4,15363.9,4042.3,4064.4,0.0145,Salicylic Acid,HPLC-UV/Vis
SMP-00621,12.05,50262.1,8706.9,8810.6,0.0491,Chlorpheniramine,HPLC-UV/Vis
SMP-00622,1.25,13789.5,3548.1,3720.5,0.0138,Uracil,HPLC-UV/Vis
SMP-00622,2.81,42228.6,8371.6,8627.3,0.042,Acetaminophen,HPLC-UV/Vis
SMP-00622,4.17,70312.4,11277.1,11769.4,0.0708,Caffeine,HPLC-UV/Vis
SMP-00622,5.53,27029.1,5939.2,6297.2,0.0274,Aspirin,HPLC-UV/Vis
SMP-00622,7.12,64285.2,10670.6,11086.9,0.0628,Benzoic Acid,HPLC-UV/Vis
SMP-00622,8.96,34276.6,6972.6,7243.6,0.0345,Phenacetin,HPLC-UV/Vis
SMP-00622,10.38,10809.9,2606.2,2672.4,0.0104,Salicylic Acid,HPLC-UV/Vis
SMP-00622,12.08,53578.3,9716.1,9563.5,0.0517,Chlorpheniramine,HPLC-UV/Vis
SMP-00623,1.24,12447.5,3071.3,3163.2,0.0124,Uracil,HPLC-UV/Vis
SMP-00623,2.76,41822.5,8654.0,8853.1,0.0425,Acetaminophen,HPLC-UV/Vis
SMP-00623,4.14,83527.6,14163.3,14693.9,0.0821,Caffeine,HPLC-UV/Vis
SMP-00623,5.63,16543.0,3700.1,3850.9,0.0162,Aspirin,HPLC-UV/Vis
SMP-00623,7.22,59102.2,10104.7,10468.0,0.0589,Benzoic Acid,HPLC-UV/Vis
SMP-00623,8.97,38426.8,8000.0,8369.7,0.0385,Phenacetin,HPLC-UV/Vis
SMP-00623,10.36,12890.2,3157.4,3293.8,0.0121,Salicylic Acid,HPLC-UV/Vis
SMP-00623,12.09,58234.3,10656.0,10590.3,0.0571,Chlorpheniramine,HPLC-UV/Vis
SMP-00624,1.27,12917.0,3260.4,3367.6,0.0127,Uracil,HPLC-UV/Vis
SMP-00624,2.82,49400.9,9967.8,10469.4,0.0494,Acetaminophen,HPLC-UV/Vis
SMP-00624,4.19,89437.5,14212.8,15198.3,0.0878,Caffeine,HPLC-UV/Vis
SMP-00624,5.63,21410.8,4793.9,5112.0,0.0208,Aspirin,HPLC-UV/Vis
SMP-00624,7.24,71996.0,11904.1,12830.1,0.0719,Benzoic Acid,HPLC-UV/Vis
SMP-00624,9.0,34260.7,7282.1,7369.5,0.035,Phenacetin,HPLC-UV/Vis
SMP-00624,10.38,15946.9,3906.2,4169.4,0.0161,Salicylic Acid,HPLC-UV/Vis
SMP-00624,12.07,53944.0,9358.3,9505.2,0.0537,Chlorpheniramine,HPLC-UV/Vis
SMP-00625,1.27,11531.9,2726.9,2716.7,0.0116,Uracil,HPLC-UV/Vis
SMP-00625,2.76,54769.9,10864.8,11178.0,0.055,Acetaminophen,HPLC-UV/Vis
SMP-00625,4.11,98394.9,16365.1,16208.9,0.0988,Caffeine,HPLC-UV/Vis
SMP-00625,5.59,27944.7,6474.3,6619.6,0.0278,Aspirin,HPLC-UV/Vis
SMP-00625,7.18,61194.2,10339.8,11055.6,0.0633,Benzoic Acid,HPLC-UV/Vis
SMP-00625,8.88,25382.9,5411.4,5749.0,0.0257,Phenacetin,HPLC-UV/Vis
SMP-00625,10.44,16776.4,4216.3,4186.2,0.0169,Salicylic Acid,HPLC-UV/Vis
SMP-00625,12.12,59340.5,10740.6,11085.6,0.0609,Chlorpheniramine,HPLC-UV/Vis
SMP-00626,1.23,11855.1,3049.3,3042.6,0.0121,Uracil,HPLC-UV/Vis
SMP-00626,2.83,36094.8,7243.3,7654.3,0.0365,Acetaminophen,HPLC-UV/Vis
SMP-00626,4.18,100542.0,16571.3,17266.5,0.1035,Caffeine,HPLC-UV/Vis
SMP-00626,5.58,26025.9,5727.4,5903.0,0.0261,Aspirin,HPLC-UV/Vis
SMP-00626,7.25,67564.7,11809.9,12203.1,0.0695,Benzoic Acid,HPLC-UV/Vis
SMP-00626,8.94,37197.4,7517.9,7644.9,0.0364,Phenacetin,HPLC-UV/Vis
SMP-00626,10.45,16182.8,3829.8,3944.2,0.0161,Salicylic Acid,HPLC-UV/Vis
SMP-00626,12.09,56942.0,10118.3,10480.9,0.055,Chlorpheniramine,HPLC-UV/Vis
SMP-00627,1.24,13534.0,3496.7,3629.8,0.0133,Uracil,HPLC-UV/Vis
SMP-00627,2.78,192848.4,34381.7,39252.5,0.1894,Acetaminophen,HPLC-UV/Vis
SMP-00627,4.15,96013.2,15294.4,15647.5,0.0978,Caffeine,HPLC-UV/Vis
SMP-00627,5.64,26416.8,5624.5,5825.6,0.0262,Aspirin,HPLC-UV/Vis
SMP-00627,7.18,65372.9,10764.9,10957.2,0.0654,Benzoic Acid,HPLC-UV/Vis
SMP-00627,8.9,34748.4,7124.8,7276.2,0.0335,Phenacetin,HPLC-UV/Vis
SMP-00627,10.36,16892.3,4313.3,4332.1,0.0173,Salicylic Acid,HPLC-UV/Vis
SMP-00627,12.04,47670.7,8672.2,9002.0,0.046,Chlorpheniramine,HPLC-UV/Vis
SMP-00628,1.27,13693.8,3480.0,3614.9,0.014,Uracil,HPLC-UV/Vis
SMP-00628,2.83,46320.1,8976.2,9294.3,0.0456,Acetaminophen,HPLC-UV/Vis
SMP-00628,4.1,84702.3,13753.2,14295.0,0.0859,Caffeine,HPLC-UV/Vis
SMP-00628,5.6,21441.5,4711.9,4823.2,0.0217,Aspirin,HPLC-UV/Vis
SMP-00628,7.19,78336.9,13078.7,13195.7,0.0779,Benzoic Acid,HPLC-UV/Vis
SMP-00628,8.95,36341.2,7227.3,7233.6,0.0359,Phenacetin,HPLC-UV/Vis
SMP-00628,10.45,16299.9,3823.9,3936.9,0.0169,Salicylic Acid,HPLC-UV/Vis
SMP-00628,12.1,55504.8,9581.9,10060.6,0.0564,Chlorpheniramine,HPLC-UV/Vis
SMP-00629,1.21,11243.2,2961.6,3006.0,0.0114,Uracil,HPLC-UV/Vis
SMP-00629,2.8,168250.6,27957.6,29443.0,0.1693,Acetaminophen,HPLC-UV/Vis
SMP-00629,4.14,101394.5,16184.3,16932.1,0.1046,Caffeine,HPLC-UV/Vis
SMP-00629,5.58,22108.5,4878.4,5056.2,0.0221,Aspirin,HPLC-UV/Vis
SMP-00629,7.26,66049.1,10767.9,11269.8,0.0672,Benzoic Acid,HPLC-UV/Vis
SMP-00629,9.01,32280.8,6566.8,6514.0,0.0317,Phenacetin,HPLC-UV/Vis
SMP-00629,10.36,13127.8,3205.3,3351.3,0.0131,Salicylic Acid,HPLC-UV/Vis
SMP-00629,12.12,60429.8,11565.9,12517.6,0.0612,Chlorpheniramine,HPLC-UV/Vis
SMP-00630,1.25,14409.3,3617.8,3831.1,0.0144,Uracil,HPLC-UV/Vis
SMP-00630,2.78,39737.5,7647.8,8076.5,0.0391,Acetaminophen,HPLC-UV/Vis
SMP-00630,4.13,79672.1,13061.6,13630.8,0.08,Caffeine,HPLC-UV/Vis
SMP-00630,5.65,23319.3,5076.7,5114.0,0.0239,Aspirin,HPLC-UV/Vis
SMP-00630,7.19,74489.8,13069.2,13527.0,0.0743,Benzoic Acid,HPLC-UV/Vis
SMP-00630,8.94,30090.1,6105.4,6399.8,0.03,Phenacetin,HPLC-UV/Vis
SMP-00630,10.4,15028.1,3806.4,3922.2,0.015,Salicylic Acid,HPLC-UV/Vis
SMP-00630,12.14,55859.9,10467.9,10732.9,0.057,Chlorpheniramine,HPLC-UV/Vis
SMP-00631,1.28,13654.0,3419.0,3526.5,0.0139,Uracil,HPLC-UV/Vis
SMP-00631,2.84,46279.9,9404.9,9563.4,0.0449,Acetaminophen,HPLC-UV/Vis
SMP-00631,4.19,79511.7,12285.8,12231.6,0.0808,Caffeine,HPLC-UV/Vis
SMP-00631,5.62,22342.1,4815.1,4863.3,0.0224,Aspirin,HPLC-UV/Vis
SMP-00631,7.2,70105.6,11856.3,12433.5,0.0703,Benzoic Acid,HPLC-UV/Vis
SMP-00631,8.96,33247.8,6785.6,6950.1,0.0348,Phenacetin,HPLC-UV/Vis
SMP-00631,10.41,17232.6,4158.8,4269.6,0.0171,Salicylic Acid,HPLC-UV/Vis
SMP-00631,12.13,53126.6,10520.9,10741.3,0.0546,Chlorpheniramine,HPLC-UV/Vis
SMP-00632,1.25,14281.7,3517.1,3652.6,0.0142,Uracil,HPLC-UV/Vis
SMP-00632,2.79,41385.9,7601.3,7888.4,0.0413,Acetaminophen,HPLC-UV/Vis
SMP-00632,4.17,93232.1,15039.4,16408.3,0.095,Caffeine,HPLC-UV/Vis
SMP-00632,5.59,23676.8,5038.2,5156.0,0.0234,Aspirin,HPLC-UV/Vis
SMP-00632,7.18,65822.7,10450.2,10875.3,0.0646,Benzoic Acid,HPLC-UV/Vis
SMP-00632,8.9,30820.9,5968.2,6088.7,0.0306,Phenacetin,HPLC-UV/Vis
SMP-00632,10.38,17115.8,4417.2,4579.7,0.0168,Salicylic Acid,HPLC-UV/Vis
SMP-00632,12.09,59021.5,10756.9,10740.2,0.0602,Chlorpheniramine,HPLC-UV/Vis
SMP-00633,1.29,11807.5,3063.7,3083.0,0.0118,Uracil,HPLC-UV/Vis
SMP-00633,2.78,47368.1,9250.0,9444.2,0.0486,Acetaminophen,HPLC-UV/Vis
SMP-00633,4.15,76115.9,12599.0,12856.8,0.0778,Caffeine,HPLC-UV/Vis
SMP-00633,5.61,18059.5,4081.6,4189.8,0.0182,Aspirin,HPLC-UV/Vis
SMP-00633,7.17,64471.5,10778.6,11226.3,0.0649,Benzoic Acid,HPLC-UV/Vis
SMP-00633,9.01,32238.8,6494.0,6743.9,0.0324,Phenacetin,HPLC-UV/Vis
SMP-00633,10.39,102823.0,23087.5,25550.2,0.1051,Salicylic Acid,HPLC-UV/Vis
SMP-00633,12.02,58617.1,10976.2,11154.3,0.0571,Chlorpheniramine,HPLC-UV/Vis
SMP-00634,1.2,12971.7,3432.3,3562.5,0.0132,Uracil,HPLC-UV/Vis
SMP-00634,2.81,42555.4,8115.2,8364.5,0.0411,Acetaminophen,HPLC-UV/Vis
SMP-00634,4.08,92437.1,15225.0,15439.9,0.0902,Caffeine,HPLC-UV/Vis
SMP-00634,5.62,23898.6,5106.5,5270.5,0.024,Aspirin,HPLC-UV/Vis
SMP-00634,7.17,68449.5,11683.6,12159.6,0.069,Benzoic Acid,HPLC-UV/Vis
SMP-00634,8.96,28573.6,5700.6,5891.7,0.0277,Phenacetin,HPLC-UV/Vis
SMP-00634,10.41,17427.8,4069.2,4199.4,0.0174,Salicylic Acid,HPLC-UV/Vis
SMP-00634,12.1,54029.3,10178.9,10737.5,0.0564,Chlorpheniramine,HPLC-UV/Vis
SMP-00635,1.24,11245.6,2840.5,2966.4,0.0115,Uracil,HPLC-UV/Vis
SMP-00635,2.78,42781.6,8836.2,8954.2,0.0441,Acetaminophen,HPLC-UV/Vis
SMP-00635,4.13,78635.1,12483.0,12961.7,0.077,Caffeine,HPLC-UV/Vis
SMP-00635,5.59,24718.0,5552.4,5899.0,0.0245,Aspirin,HPLC-UV/Vis
SMP-00635,7.16,68095.3,11699.4,12101.7,0.0712,Benzoic Acid,HPLC-UV/Vis
SMP-00635,8.93,32622.4,6411.2,6501.1,0.0319,Phenacetin,HPLC-UV/Vis
SMP-00635,10.4,17480.8,4246.9,4289.1,0.018,Salicylic Acid,HPLC-UV/Vis
SMP-00635,12.1,55380.4,10010.8,10411.3,0.0555,Chlorpheniramine,HPLC-UV/Vis
SMP-00636,1.23,10633.9,2728.7,2754.6,0.0105,Uracil,HPLC-UV/Vis
SMP-00636,2.85,51033.8,10173.1,10490.5,0.052,Acetaminophen,HPLC-UV/Vis
SMP-00636,4.21,81011.3,13461.5,13525.0,0.0822,Caffeine,HPLC-UV/Vis
SMP-00636,5.56,20137.1,4484.7,4651.0,0.0213,Aspirin,HPLC-UV/Vis
SMP-00636,7.22,68484.4,11612.5,11994.2,0.07,Benzoic Acid,HPLC-UV/Vis
SMP-00636,8.88,32502.7,6321.1,6676.5,0.0322,Phenacetin,HPLC-UV/Vis
SMP-00636,10.48,15571.9,3769.2,3938.7,0.0158,Salicylic Acid,HPLC-UV/Vis
SMP-00636,12.06,57106.6,10239.8,10358.4,0.0572,Chlorpheniramine,HPLC-UV/Vis
SMP-00637,1.28,12088.6,3061.2,3144.6,0.0121,Uracil,HPLC-UV/Vis
SMP-00637,2.77,44049.7,8502.4,8576.3,0.0442,Acetaminophen,HPLC-UV/Vis
SMP-00637,4.11,93894.8,15936.3,16429.8,0.0937,Caffeine,HPLC-UV/Vis
SMP-00637,5.58,25802.9,5711.5,5634.0,0.0264,Aspirin,HPLC-UV/Vis
SMP-00637,7.22,48828.6,8113.5,8501.9,0.0493,Benzoic Acid,HPLC-UV/Vis
SMP-00637,8.98,31635.0,6720.8,6944.1,0.0317,Phenacetin,HPLC-UV/Vis
SMP-00637,10.39,13888.9,3383.7,3525.1,0.0142,Salicylic Acid,HPLC-UV/Vis
SMP-00637,12.1,53272.1,9458.6,9789.6,0.0515,Chlorpheniramine,HPLC-UV/Vis
SMP-00638,1.34,10578.1,2733.9,2836.6,0.0107,Uracil,HPLC-UV/Vis
SMP-00638,2.82,43352.1,8043.5,8437.9,0.044,Acetaminophen,HPLC-UV/Vis
SMP-00638,4.13,84027.0,12944.2,13529.9,0.0855,Caffeine,HPLC-UV/Vis
SMP-00638,5.6,23365.0,5196.2,5212.0,0.0236,Aspirin,HPLC-UV/Vis
SMP-00638,7.22,60222.8,9571.2,9852.9,0.0602,Benzoic Acid,HPLC-UV/Vis
SMP-00638,8.92,31833.2,6587.3,6938.5,0.0319,Phenacetin,HPLC-UV/Vis
SMP-00638,10.36,13213.4,3255.5,3404.8,0.0129,Salicylic Acid,HPLC-UV/Vis
SMP-00638,12.09,58094.0,10759.2,10594.3,0.0592,Chlorpheniramine,HPLC-UV/Vis
SMP-00639,1.23,11823.7,3042.0,3102.6,0.0116,Uracil,HPLC-UV/Vis
SMP-00639,2.77,51967.5,10113.8,10872.9,0.0523,Acetaminophen,HPLC-UV/Vis
SMP-00639,4.12,87254.4,14215.4,14460.7,0.0864,Caffeine,HPLC-UV/Vis
SMP-00639,5.61,20011.7,4461.8,4645.0,0.0197,Aspirin,HPLC-UV/Vis
SMP-00639,7.21,50057.5,8319.4,8841.0,0.0466,Benzoic Acid,HPLC-UV/Vis
SMP-00639,8.97,26713.5,5580.0,5859.1,0.026,Phenacetin,HPLC-UV/Vis
SMP-00639,10.4,17125.9,4110.0,4229.9,0.0169,Salicylic Acid,HPLC-UV/Vis
SMP-00639,12.13,54774.9,9799.3,10086.8,0.0539,Chlorpheniramine,HPLC-UV/Vis
SMP-00640,1.29,14489.5,3552.2,3700.1,0.0148,Uracil,HPLC-UV/Vis
SMP-00640,2.79,43157.3,8894.4,9455.2,0.0423,Acetaminophen,HPLC-UV/Vis
SMP-00640,4.17,94052.9,15830.1,15969.7,0.0953,Caffeine,HPLC-UV/Vis
SMP-00640,5.62,23014.3,5372.2,5581.4,0.0229,Aspirin,HPLC-UV/Vis
SMP-00640,7.2,59619.2,10554.5,11208.7,0.0594,Benzoic Acid,HPLC-UV/Vis
SMP-00640,9.01,35059.6,7133.2,7334.6,0.034,Phenacetin,HPLC-UV/Vis
SMP-00640,10.44,17550.3,4355.0,4516.4,0.0172,Salicylic Acid,HPLC-UV/Vis
SMP-00640,12.08,57047.4,10090.7,10498.1,0.0585,Chlorpheniramine,HPLC-UV/Vis
SMP-00641,1.26,13587.3,3662.2,3764.2,0.0138,Uracil,HPLC-UV/Vis
SMP-00641,2.82,36629.3,6927.1,7239.0,0.0363,Acetaminophen,HPLC-UV/Vis
SMP-00641,4.21,83935.8,13195.2,13495.7,0.0832,Caffeine,HPLC-UV/Vis
SMP-00641,5.57,24815.0,5691.3,5955.3,0.025,Aspirin,HPLC-UV/Vis
SMP-00641,7.26,65747.1,11244.7,11546.4,0.0633,Benzoic Acid,HPLC-UV/Vis
SMP-00641,8.95,30753.0,6181.9,6444.8,0.0312,Phenacetin,HPLC-UV/Vis
SMP-00641,10.39,13961.6,3429.9,3627.3,0.0144,Salicylic Acid,HPLC-UV/Vis
SMP-00641,12.16,52237.9,9146.9,9172.2,0.0511,Chlorpheniramine,HPLC-UV/Vis
SMP-00642,1.24,11663.6,2916.5,2940.6,0.0115,Uracil,HPLC-UV/Vis
SMP-00642,2.85,54342.7,10743.9,10960.5,0.0537,Acetaminophen,HPLC-UV/Vis
SMP-00642,4.14,92875.1,15937.2,16484.5,0.0969,Caffeine,HPLC-UV/Vis
SMP-00642,5.61,23824.7,5109.7,5345.0,0.0245,Aspirin,HPLC-UV/Vis
SMP-00642,7.21,54593.4,9232.8,9646.8,0.0543,Benzoic Acid,HPLC-UV/Vis
SMP-00642,8.94,30783.3,6510.3,6886.5,0.03,Phenacetin,HPLC-UV/Vis
SMP-00642,10.35,18468.6,4598.1,4552.0,0.0184,Salicylic Acid,HPLC-UV/Vis
SMP-00642,12.08,59817.6,11114.2,11507.5,0.0591,Chlorpheniramine,HPLC-UV/Vis
SMP-00643,1.25,11881.3,3053.3,3178.9,0.0115,Uracil,HPLC-UV/Vis
SMP-00643,2.8,52969.5,10519.3,10834.2,0.0533,Acetaminophen,HPLC-UV/Vis
SMP-00643,4.18,93069.9,15685.4,15730.8,0.0916,Caffeine,HPLC-UV/Vis
SMP-00643,5.61,28644.8,6047.9,6225.4,0.0286,Aspirin,HPLC-UV/Vis
SMP-00643,7.25,73306.2,11643.3,12349.8,0.0753,Benzoic Acid,HPLC-UV/Vis
SMP-00643,8.9,30727.3,6393.5,6712.7,0.0296,Phenacetin,HPLC-UV/Vis
SMP-00643,10.43,17943.6,4420.0,4654.1,0.0181,Salicylic Acid,HPLC-UV/Vis
SMP-00643,12.1,56802.3,9911.8,10352.3,0.0554,Chlorpheniramine,HPLC-UV/Vis
SMP-00644,1.24,12911.2,3227.0,3291.3,0.0131,Uracil,HPLC-UV/Vis
SMP-00644,2.83,40532.8,7476.0,7554.4,0.0396,Acetaminophen,HPLC-UV/Vis
SMP-00644,4.19,80310.9,13799.1,14566.4,0.0774,Caffeine,HPLC-UV/Vis
SMP-00644,5.55,22900.0,5058.8,5212.1,0.022,Aspirin,HPLC-UV/Vis
SMP-00644,7.21,71593.9,11219.0,11268.1,0.073,Benzoic Acid,HPLC-UV/Vis
SMP-00644,8.95,27083.4,5715.6,5656.5,0.0269,Phenacetin,HPLC-UV/Vis
SMP-00644,10.42,14876.7,3544.2,3634.0,0.0145,Salicylic Acid,HPLC-UV/Vis
SMP-00644,12.1,51935.6,9685.1,9768.3,0.0501,Chlorpheniramine,HPLC-UV/Vis
SMP-00645,1.25,12317.6,3151.4,3175.0,0.0121,Uracil,HPLC-UV/Vis
SMP-00645,2.78,50829.5,9948.2,10140.7,0.0518,Acetaminophen,HPLC-UV/Vis
SMP-00645,4.11,60284.8,9222.8,9609.2,0.0619,Caffeine,HPLC-UV/Vis
SMP-00645,5.62,24533.9,5630.3,5906.3,0.0252,Aspirin,HPLC-UV/Vis
SMP-00645,7.21,65126.8,11098.6,11135.8,0.0649,Benzoic Acid,HPLC-UV/Vis
SMP-00645,8.99,29709.2,6280.2,6443.8,0.0303,Phenacetin,HPLC-UV/Vis
SMP-00645,10.42,15452.0,3628.9,3726.6,0.0159,Salicylic Acid,HPLC-UV/Vis
SMP-00645,12.06,56362.1,9698.1,10292.3,0.058,Chlorpheniramine,HPLC-UV/Vis
SMP-00646,1.25,14523.1,3862.0,3936.7,0.0149,Uracil,HPLC-UV/Vis
SMP-00646,2.79,37586.1,7343.1,7520.1,0.0372,Acetaminophen,HPLC-UV/Vis
SMP-00646,4.13,313503.9,42386.6,52678.0,0.3189,Caffeine,HPLC-UV/Vis
SMP-00646,5.61,21442.8,4802.5,4996.4,0.0211,Aspirin,HPLC-UV/Vis
SMP-00646,7.2,72486.9,12383.9,13053.4,0.073,Benzoic Acid,HPLC-UV/Vis
SMP-00646,8.95,27321.6,5473.7,5632.1,0.0272,Phenacetin,HPLC-UV/Vis
SMP-00646,10.36,13804.3,3451.0,3497.1,0.0136,Salicylic Acid,HPLC-UV/Vis
SMP-00646,12.07,60197.3,10515.3,10831.1,0.0594,Chlorpheniramine,HPLC-UV/Vis
SMP-00647,1.24,12421.1,3309.8,3363.6,0.0123,Uracil,HPLC-UV/Vis
SMP-00647,2.84,45389.2,9150.1,9392.2,0.0465,Acetaminophen,HPLC-UV/Vis
SMP-00647,4.17,76393.6,11729.2,12332.1,0.0783,Caffeine,HPLC-UV/Vis
SMP-00647,5.56,24222.2,5191.4,5270.3,0.024,Aspirin,HPLC-UV/Vis
SMP-00647,7.18,67626.9,11518.1,12123.5,0.0686,Benzoic Acid,HPLC-UV/Vis
SMP-00647,8.95,29425.3,6139.9,6195.0,0.0295,Phenacetin,HPLC-UV/Vis
SMP-00647,10.4,13956.8,3354.1,3409.4,0.0137,Salicylic Acid,HPLC-UV/Vis
SMP-00647,12.03,44431.3,8270.4,8542.9,0.0436,Chlorpheniramine,HPLC-UV/Vis
SMP-00648,1.23,11728.8,2939.4,3139.7,0.0118,Uracil,HPLC-UV/Vis
SMP-00648,2.81,37314.8,7092.8,7370.1,0.0373,Acetaminophen,HPLC-UV/Vis
SMP-00648,4.13,97614.1,16218.5,16751.3,0.0982,Caffeine,HPLC-UV/Vis
SMP-00648,5.54,23906.6,5343.9,5566.9,0.0239,Aspirin,HPLC-UV/Vis
SMP-00648,7.17,77297.0,12513.5,12862.0,0.0782,Benzoic Acid,HPLC-UV/Vis
SMP-00648,8.97,30130.9,6203.8,6367.4,0.0298,Phenacetin,HPLC-UV/Vis
SMP-00648,10.37,12034.2,2839.8,2932.5,0.0119,Salicylic Acid,HPLC-UV/Vis
SMP-00648,12.13,52475.2,8994.0,9033.0,0.0524,Chlorpheniramine,HPLC-UV/Vis
SMP-00649,1.24,14220.1,3687.8,3801.8,0.014,Uracil,HPLC-UV/Vis
SMP-00649,2.79,46893.2,9306.9,9753.3,0.047,Acetaminophen,HPLC-UV/Vis
SMP-00649,4.13,99303.4,15756.5,16163.9,0.1015,Caffeine,HPLC-UV/Vis
SMP-00649,5.56,22151.2,5103.8,5025.1,0.0222,Aspirin,HPLC-UV/Vis
SMP-00649,7.19,65050.9,11133.1,11479.1,0.0664,Benzoic Acid,HPLC-UV/Vis
SMP-00649,8.95,30078.8,6242.8,6501.3,0.0294,Phenacetin,HPLC-UV/Vis
SMP-00649,10.39,14944.9,3561.7,3624.0,0.0153,Salicylic Acid,HPLC-UV/Vis
SMP-00649,12.13,54911.1,9596.0,9920.5,0.0536,Chlorpheniramine,HPLC-UV/Vis
SMP-00650,1.24,13515.2,3611.4,3594.4,0.0135,Uracil,HPLC-UV/Vis
SMP-00650,2.86,43783.6,8157.4,8767.6,0.0431,Acetaminophen,HPLC-UV/Vis
SMP-00650,4.12,90478.1,14727.7,14923.3,0.0896,Caffeine,HPLC-UV/Vis
SMP-00650,5.64,23869.9,5184.1,5316.0,0.0242,Aspirin,HPLC-UV/Vis
SMP-00650,7.17,74909.2,12343.6,12312.9,0.0725,Benzoic Acid,HPLC-UV/Vis
SMP-00650,8.99,29424.8,5995.5,5961.7,0.0299,Phenacetin,HPLC-UV/Vis
SMP-00650,10.35,15920.1,3719.6,3872.7,0.0156,Salicylic Acid,HPLC-UV/Vis
SMP-00650,12.08,41378.6,7775.0,8171.6,0.0408,Chlorpheniramine,HPLC-UV/Vis
SMP-00651,1.26,13036.3,3516.3,3651.1,0.013,Uracil,HPLC-UV/Vis
SMP-00651,2.76,43831.0,8233.2,8681.1,0.0443,Acetaminophen,HPLC-UV/Vis
SMP-00651,4.13,95959.0,14918.5,15141.4,0.1007,Caffeine,HPLC-UV/Vis
SMP-00651,5.63,26566.1,5726.6,5928.9,0.0275,Aspirin,HPLC-UV/Vis
SMP-00651,7.27,63107.4,11091.3,11427.7,0.0627,Benzoic Acid,HPLC-UV/Vis
SMP-00651,8.95,30936.5,6439.5,6399.9,0.0304,Phenacetin,HPLC-UV/Vis
SMP-00651,10.43,16158.0,3967.4,4118.4,0.0165,Salicylic Acid,HPLC-UV/Vis
SMP-00651,12.08,53797.5,9785.2,9665.9,0.0524,Chlorpheniramine,HPLC-UV/Vis
SMP-00652,1.23,13711.9,3484.1,3542.1,0.0139,Uracil,HPLC-UV/Vis
SMP-00652,2.83,44786.5,8405.6,8896.6,0.0459,Acetaminophen,HPLC-UV/Vis
SMP-00652,4.16,86286.9,14295.8,14474.3,0.0878,Caffeine,HPLC-UV/Vis
SMP-00652,5.57,23256.4,5320.9,5373.9,0.0229,Aspirin,HPLC-UV/Vis
SMP-00652,7.2,56782.7,9328.8,9934.5,0.0596,Benzoic Acid,HPLC-UV/Vis
SMP-00652,8.92,29771.4,6453.3,6755.6,0.0307,Phenacetin,HPLC-UV/Vis
SMP-00652,10.36,14120.4,3360.3,3426.0,0.0139,Salicylic Acid,HPLC-UV/Vis
SMP-00652,12.12,54936.9,10292.3,10652.9,0.0542,Chlorpheniramine,HPLC-UV/Vis
SMP-00653,1.2,9572.1,2522.0,2649.1,0.0096,Uracil,HPLC-UV/Vis
SMP-00653,2.76,51144.7,10070.5,10431.3,0.0511,Acetaminophen,HPLC-UV/Vis
SMP-00653,4.12,91454.9,14632.4,14947.3,0.0945,Caffeine,HPLC-UV/Vis
SMP-00653,5.53,21863.1,4674.0,4801.2,0.0212,Aspirin,HPLC-UV/Vis
SMP-00653,7.19,64193.8,10718.2,11023.4,0.064,Benzoic Acid,HPLC-UV/Vis
SMP-00653,8.95,32271.1,6662.0,7012.0,0.0319,Phenacetin,HPLC-UV/Vis
SMP-00653,10.47,15536.8,3784.4,3802.3,0.0153,Salicylic Acid,HPLC-UV/Vis
SMP-00653,12.12,57719.4,10532.7,11018.1,0.0566,Chlorpheniramine,HPLC-UV/Vis
SMP-00654,1.25,12606.0,3205.3,3240.3,0.0124,Uracil,HPLC-UV/Vis
SMP-00654,2.81,45206.8,8781.1,8918.1,0.0457,Acetaminophen,HPLC-UV/Vis
SMP-00654,4.14,96926.3,16036.6,16025.1,0.097,Caffeine,HPLC-UV/Vis
SMP-00654,5.6,15819.2,3522.9,3678.8,0.0158,Aspirin,HPLC-UV/Vis
SMP-00654,7.26,75191.3,12317.1,12622.3,0.0725,Benzoic Acid,HPLC-UV/Vis
SMP-00654,8.91,33279.5,7024.0,7224.9,0.0326,Phenacetin,HPLC-UV/Vis
SMP-00654,10.4,15746.1,3729.4,3855.7,0.0157,Salicylic Acid,HPLC-UV/Vis
SMP-00654,12.07,61463.8,11631.1,12216.9,0.0624,Chlorpheniramine,HPLC-UV/Vis
SMP-00655,1.22,11131.4,2821.3,2922.7,0.0111,Uracil,HPLC-UV/Vis
SMP-00655,2.8,45367.9,9041.0,9320.3,0.0436,Acetaminophen,HPLC-UV/Vis
SMP-00655,4.2,89458.8,14971.5,15269.4,0.0905,Caffeine,HPLC-UV/Vis
SMP-00655,5.59,22548.8,5051.5,5119.8,0.0219,Aspirin,HPLC-UV/Vis
SMP-00655,7.21,68158.3,11640.3,11942.3,0.0685,Benzoic Acid,HPLC-UV/Vis
SMP-00655,8.94,32261.9,7053.5,7369.8,0.0326,Phenacetin,HPLC-UV/Vis
SMP-00655,10.33,16098.6,4025.3,4152.8,0.0161,Salicylic Acid,HPLC-UV/Vis
SMP-00655,12.09,49683.3,9277.6,9834.6,0.0518,Chlorpheniramine,HPLC-UV/Vis
SMP-00656,1.23,11517.1,2862.4,2890.9,0.0114,Uracil,HPLC-UV/Vis
SMP-00656,2.78,50623.3,10202.8,10567.1,0.0517,Acetaminophen,HPLC-UV/Vis
SMP-00656,4.13,90890.4,14872.0,15743.2,0.0891,Caffeine,HPLC-UV/Vis
SMP-00656,5.6,21902.0,4676.3,4772.0,0.0218,Aspirin,HPLC-UV/Vis
SMP-00656,7.17,72894.5,12541.3,12789.0,0.0732,Benzoic Acid,HPLC-UV/Vis
SMP-00656,8.96,31456.7,6322.7,6596.2,0.0312,Phenacetin,HPLC-UV/Vis
SMP-00656,10.41,16936.1,4345.3,4411.5,0.017,Salicylic Acid,HPLC-UV/Vis
SMP-00656,12.14,54438.6,9755.5,10058.3,0.0545,Chlorpheniramine,HPLC-UV/Vis
SMP-00657,1.29,13253.2,3481.7,3538.8,0.0131,Uracil,HPLC-UV/Vis
SMP-00657,2.81,49464.0,9746.4,9887.2,0.0501,Acetaminophen,HPLC-UV/Vis
SMP-00657,4.13,90607.7,14219.3,14371.9,0.0934,Caffeine,HPLC-UV/Vis
SMP-00657,5.67,24140.8,5428.8,5574.8,0.024,Aspirin,HPLC-UV/Vis
SMP-00657,7.24,72702.2,11799.7,12246.1,0.0717,Benzoic Acid,HPLC-UV/Vis
SMP-00657,9.0,27457.7,6049.1,6297.1,0.0272,Phenacetin,HPLC-UV/Vis
SMP-00657,10.38,14747.5,3600.7,3685.1,0.0145,Salicylic Acid,HPLC-UV/Vis
SMP-00657,12.06,47307.6,8177.2,8695.8,0.0477,Chlorpheniramine,HPLC-UV/Vis
SMP-00658,1.25,13080.8,3475.0,3607.6,0.0135,Uracil,HPLC-UV/Vis
SMP-00658,2.82,49024.6,9278.1,9564.4,0.0473,Acetaminophen,HPLC-UV/Vis
SMP-00658,4.14,86177.4,13831.4,14388.0,0.0846,Caffeine,HPLC-UV/Vis
SMP-00658,5.62,21245.1,4789.8,5028.8,0.0214,Aspirin,HPLC-UV/Vis
SMP-00658,7.27,71710.2,11497.8,11890.9,0.0714,Benzoic Acid,HPLC-UV/Vis
SMP-00658,8.89,27476.0,5646.9,5722.4,0.0273,Phenacetin,HPLC-UV/Vis
SMP-00658,10.39,15147.6,3783.3,3829.6,0.0149,Salicylic Acid,HPLC-UV/Vis
SMP-00658,12.08,54900.8,10115.2,10255.5,0.0556,Chlorpheniramine,HPLC-UV/Vis
SMP-00659,1.21,12667.8,3370.6,3344.2,0.0132,Uracil,HPLC-UV/Vis
SMP-00659,2.75,46434.2,9245.5,9471.0,0.0467,Acetaminophen,HPLC-UV/Vis
SMP-00659,4.16,115804.8,19375.0,19976.2,0.1163,Caffeine,HPLC-UV/Vis
SMP-00659,5.61,24397.2,5324.9,5337.7,0.025,Aspirin,HPLC-UV/Vis
SMP-00659,7.16,68552.6,11737.4,12306.4,0.0676,Benzoic Acid,HPLC-UV/Vis
SMP-00659,8.95,32413.1,6472.7,6115.8,0.0319,Phenacetin,HPLC-UV/Vis
SMP-00659,10.39,16615.0,4173.4,4271.0,0.0165,Salicylic Acid,HPLC-UV/Vis
SMP-00659,12.05,46938.4,8651.1,8855.1,0.0464,Chlorpheniramine,HPLC-UV/Vis
SMP-00660,1.23,13600.3,3504.6,3679.2,0.0131,Uracil,HPLC-UV/Vis
SMP-00660,2.79,44511.0,9011.1,9211.2,0.045,Acetaminophen,HPLC-UV/Vis
SMP-00660,4.15,75006.8,12167.9,12626.8,0.077,Caffeine,HPLC-UV/Vis
SMP-00660,5.58,21612.1,4732.9,4783.7,0.0206,Aspirin,HPLC-UV/Vis
SMP-00660,7.2,66401.9,11220.4,11746.0,0.0658,Benzoic Acid,HPLC-UV/Vis
SMP-00660,8.96,31169.8,6344.6,6689.8,0.0315,Phenacetin,HPLC-UV/Vis
SMP-00660,10.4,16926.3,4044.5,4094.6,0.0169,Salicylic Acid,HPLC-UV/Vis
SMP-00660,12.1,54726.4,9875.4,10100.3,0.0565,Chlorpheniramine,HPLC-UV/Vis
SMP-00661,1.25,12566.3,3362.0,3423.6,0.0124,Uracil,HPLC-UV/Vis
SMP-00661,2.81,48037.6,9556.2,9702.9,0.0467,Acetaminophen,HPLC-UV/Vis
SMP-00661,4.17,80977.4,12322.2,12727.4,0.08,Caffeine,HPLC-UV/Vis
SMP-00661,5.6,22207.7,5159.7,5323.7,0.0225,Aspirin,HPLC-UV/Vis
SMP-00661,7.18,64113.6,11017.9,11513.2,0.0621,Benzoic Acid,HPLC-UV/Vis
SMP-00661,8.91,34508.0,6746.6,7055.1,0.0348,Phenacetin,HPLC-UV/Vis
SMP-00661,10.39,17455.0,4264.8,4269.6,0.0171,Salicylic Acid,HPLC-UV/Vis
SMP-00661,12.14,61920.5,11515.8,11828.3,0.0604,Chlorpheniramine,HPLC-UV/Vis
SMP-00662,1.22,12393.6,3318.7,3510.1,0.0123,Uracil,HPLC-UV/Vis
SMP-00662,2.76,51244.0,10020.1,10249.5,0.0509,Acetaminophen,HPLC-UV/Vis
SMP-00662,4.11,107683.8,18252.3,18499.8,0.1046,Caffeine,HPLC-UV/Vis
SMP-00662,5.6,24551.0,5551.4,5588.1,0.0251,Aspirin,HPLC-UV/Vis
SMP-00662,7.22,65637.8,11217.9,11024.5,0.0666,Benzoic Acid,HPLC-UV/Vis
SMP-00662,8.95,35083.9,7043.0,7119.0,0.0349,Phenacetin,HPLC-UV/Vis
SMP-00662,10.37,15766.5,3858.6,4010.1,0.0155,Salicylic Acid,HPLC-UV/Vis
SMP-00662,12.1,52872.7,9494.0,9644.6,0.0532,Chlorpheniramine,HPLC-UV/Vis
SMP-00663,1.25,12069.1,3098.8,3265.3,0.0118,Uracil,HPLC-UV/Vis
SMP-00663,2.78,40527.2,7071.3,7530.4,0.041,Acetaminophen,HPLC-UV/Vis
SMP-00663,4.14,92954.5,14926.5,15617.4,0.0933,Caffeine,HPLC-UV/Vis
SMP-00663,5.6,26485.2,5873.3,5928.6,0.0266,Aspirin,HPLC-UV/Vis
SMP-00663,7.2,67048.9,10784.2,11128.6,0.0654,Benzoic Acid,HPLC-UV/Vis
SMP-00663,8.93,34267.1,7327.2,7379.3,0.0343,Phenacetin,HPLC-UV/Vis
SMP-00663,10.41,15750.8,3792.6,3913.5,0.0157,Salicylic Acid,HPLC-UV/Vis
SMP-00663,12.08,55596.5,10202.8,10598.4,0.0553,Chlorpheniramine,HPLC-UV/Vis
SMP-00664,1.27,14154.1,3437.4,3465.3,0.0144,Uracil,HPLC-UV/Vis
SMP-00664,2.77,43660.4,8274.8,8628.5,0.0445,Acetaminophen,HPLC-UV/Vis
SMP-00664,4.18,76833.7,12522.9,13236.1,0.0786,Caffeine,HPLC-UV/Vis
SMP-00664,5.58,25218.7,5502.8,5733.4,0.0258,Aspirin,HPLC-UV/Vis
SMP-00664,7.14,79852.7,13434.2,13808.5,0.0796,Benzoic Acid,HPLC-UV/Vis
SMP-00664,8.96,29545.0,6071.0,6256.8,0.0274,Phenacetin,HPLC-UV/Vis
SMP-00664,10.41,16105.0,3902.1,4023.0,0.0162,Salicylic Acid,HPLC-UV/Vis
SMP-00664,12.11,55733.5,10621.6,10786.0,0.0553,Chlorpheniramine,HPLC-UV/Vis
SMP-00665,1.25,13610.4,3511.2,3600.6,0.0139,Uracil,HPLC-UV/Vis
SMP-00665,2.75,46594.8,8789.1,9276.2,0.0482,Acetaminophen,HPLC-UV/Vis
SMP-00665,4.16,85083.6,13970.9,14127.4,0.0893,Caffeine,HPLC-UV/Vis
SMP-00665,5.61,25403.2,5533.6,5577.0,0.0244,Aspirin,HPLC-UV/Vis
SMP-00665,7.19,70900.1,11786.8,12252.2,0.072,Benzoic Acid,HPLC-UV/Vis
SMP-00665,8.98,29931.9,6239.7,6554.4,0.0306,Phenacetin,HPLC-UV/Vis
SMP-00665,10.41,16992.1,3968.0,4011.5,0.0169,Salicylic Acid,HPLC-UV/Vis
SMP-00665,12.09,52432.1,9506.4,9780.7,0.0536,Chlorpheniramine,HPLC-UV/Vis
SMP-00666,1.25,12035.6,3088.9,3179.7,0.0127,Uracil,HPLC-UV/Vis
SMP-00666,2.77,40886.2,8017.4,8294.7,0.0404,Acetaminophen,HPLC-UV/Vis
SMP-00666,4.16,97568.7,16384.0,16177.2,0.0988,Caffeine,HPLC-UV/Vis
SMP-00666,5.61,22931.6,5058.5,5088.4,0.0234,Aspirin,HPLC-UV/Vis
SMP-00666,7.22,57749.1,9591.0,10224.8,0.0609,Benzoic Acid,HPLC-UV/Vis
SMP-00666,8.93,29569.7,6499.0,6685.1,0.0302,Phenacetin,HPLC-UV/Vis
SMP-00666,10.36,12699.3,3023.5,3254.4,0.0128,Salicylic Acid,HPLC-UV/Vis
SMP-00666,12.06,52438.2,9710.9,9790.3,0.0524,Chlorpheniramine,HPLC-UV/Vis
SMP-00667,1.27,12946.7,3393.2,3554.1,0.0129,Uracil,HPLC-UV/Vis
SMP-00667,2.78,48666.0,8931.0,9065.7,0.0508,Acetaminophen,HPLC-UV/Vis
SMP-00667,4.17,81851.6,12829.5,13146.6,0.0817,Caffeine,HPLC-UV/Vis
SMP-00667,5.63,23351.6,5165.9,5399.2,0.0227,Aspirin,HPLC-UV/Vis
SMP-00667,7.22,67885.5,10840.6,10711.6,0.0691,Benzoic Acid,HPLC-UV/Vis
SMP-00667,8.96,30377.5,6225.1,6338.1,0.0303,Phenacetin,HPLC-UV/Vis
SMP-00667,10.39,15081.5,3743.0,3905.7,0.0147,Salicylic Acid,HPLC-UV/Vis
SMP-00667,12.08,54275.3,10235.7,10616.2,0.0566,Chlorpheniramine,HPLC-UV/Vis
SMP-00668,1.25,12426.0,3207.5,3324.4,0.0122,Uracil,HPLC-UV/Vis
SMP-00668,2.78,50515.9,9302.6,9610.9,0.0491,Acetaminophen,HPLC-UV/Vis
SMP-00668,4.14,72994.8,12275.7,12026.2,0.0729,Caffeine,HPLC-UV/Vis
SMP-00668,5.64,19380.5,4200.1,4417.1,0.0199,Aspirin,HPLC-UV/Vis
SMP-00668,7.28,63971.5,10756.2,11004.4,0.0613,Benzoic Acid,HPLC-UV/Vis
SMP-00668,8.89,29575.4,5785.2,6009.6,0.0291,Phenacetin,HPLC-UV/Vis
SMP-00668,10.43,14658.8,3521.5,3558.3,0.015,Salicylic Acid,HPLC-UV/Vis
SMP-00668,12.08,43826.7,8662.9,9265.7,0.0454,Chlorpheniramine,HPLC-UV/Vis
SMP-00669,1.23,12949.3,3242.5,3275.6,0.0134,Uracil,HPLC-UV/Vis
SMP-00669,2.77,50163.4,9595.1,9503.1,0.0491,Acetaminophen,HPLC-UV/Vis
SMP-00669,4.16,90732.7,15283.3,15669.4,0.0899,Caffeine,HPLC-UV/Vis
SMP-00669,5.63,22606.9,5036.1,5139.3,0.0221,Aspirin,HPLC-UV/Vis
SMP-00669,7.18,69388.4,11022.0,11515.0,0.0678,Benzoic Acid,HPLC-UV/Vis
SMP-00669,9.0,32965.2,6784.6,6962.7,0.0329,Phenacetin,HPLC-UV/Vis
SMP-00669,10.4,17132.2,4068.6,4315.0,0.017,Salicylic Acid,HPLC-UV/Vis
SMP-00669,12.11,56512.9,9708.0,9905.9,0.0542,Chlorpheniramine,HPLC-UV/Vis
SMP-00670,1.23,12820.9,3219.7,3280.8,0.0132,Uracil,HPLC-UV/Vis
SMP-00670,2.77,50468.4,9911.1,9863.8,0.0497,Acetaminophen,HPLC-UV/Vis
SMP-00670,4.16,79595.7,12997.1,14055.3,0.0824,Caffeine,HPLC-UV/Vis
SMP-00670,5.57,26086.8,5606.0,5885.3,0.0274,Aspirin,HPLC-UV/Vis
SMP-00670,7.24,74598.6,12209.9,12647.0,0.0733,Benzoic Acid,HPLC-UV/Vis
SMP-00670,8.92,33387.5,7066.5,7209.0,0.0329,Phenacetin,HPLC-UV/Vis
SMP-00670,10.37,15844.7,3755.1,3804.3,0.016,Salicylic Acid,HPLC-UV/Vis
SMP-00670,12.09,45277.1,8531.3,8710.7,0.0475,Chlorpheniramine,HPLC-UV/Vis
SMP-00671,1.25,11912.9,3085.3,3392.4,0.0119,Uracil,HPLC-UV/Vis
SMP-00671,2.8,51176.2,9429.3,10078.9,0.0515,Acetaminophen,HPLC-UV/Vis
SMP-00671,4.18,90484.5,14209.5,13947.2,0.0937,Caffeine,HPLC-UV/Vis
SMP-00671,5.58,21863.6,5051.4,5153.4,0.0222,Aspirin,HPLC-UV/Vis
SMP-00671,7.16,73474.8,12580.9,12787.4,0.0734,Benzoic Acid,HPLC-UV/Vis
SMP-00671,8.96,37350.9,7600.0,7777.9,0.0372,Phenacetin,HPLC-UV/Vis
SMP-00671,10.35,15809.4,3911.1,4028.7,0.0158,Salicylic Acid,HPLC-UV/Vis
SMP-00671,12.11,55121.6,10106.7,10475.3,0.0555,Chlorpheniramine,HPLC-UV/Vis
SMP-00672,1.27,13048.9,3186.6,3349.4,0.013,Uracil,HPLC-UV/Vis
SMP-00672,2.76,55371.9,10099.8,10703.4,0.0558,Acetaminophen,HPLC-UV/Vis
SMP-00672,4.21,93783.6,14219.3,14525.7,0.0947,Caffeine,HPLC-UV/Vis
SMP-00672,5.59,16985.6,3973.5,4132.3,0.016,Aspirin,HPLC-UV/Vis
SMP-00672,7.21,65211.5,10559.1,10747.1,0.0648,Benzoic Acid,HPLC-UV/Vis
SMP-00672,8.97,24499.1,5074.9,5276.7,0.0246,Phenacetin,HPLC-UV/Vis
SMP-00672,10.44,17698.1,4269.3,4390.3,0.0179,Salicylic Acid,HPLC-UV/Vis
SMP-00672,12.08,48530.4,8855.9,8922.5,0.0464,Chlorpheniramine,HPLC-UV/Vis
SMP-00673,1.26,14384.8,3629.2,3729.1,0.0145,Uracil,HPLC-UV/Vis
SMP-00673,2.78,47334.4,8878.8,9008.9,0.0471,Acetaminophen,HPLC-UV/Vis
SMP-00673,4.1,440169.5,69950.9,58642.7,0.4472,Caffeine,HPLC-UV/Vis
SMP-00673,5.63,24935.9,5503.6,5523.9,0.0249,Aspirin,HPLC-UV/Vis
SMP-00673,7.18,68450.3,10888.2,11024.6,0.0671,Benzoic Acid,HPLC-UV/Vis
SMP-00673,8.93,29008.8,5976.9,6103.0,0.029,Phenacetin,HPLC-UV/Vis
SMP-00673,10.38,18784.5,4496.2,4441.7,0.0189,Salicylic Acid,HPLC-UV/Vis
SMP-00673,12.11,53715.6,9874.5,10151.1,0.0535,Chlorpheniramine,HPLC-UV/Vis
SMP-00674,1.18,10800.2,2696.7,2686.3,0.0107,Uracil,HPLC-UV/Vis
SMP-00674,2.83,45395.9,8765.0,8961.3,0.0444,Acetaminophen,HPLC-UV/Vis
SMP-00674,4.19,78388.2,13447.3,13670.2,0.077,Caffeine,HPLC-UV/Vis
SMP-00674,5.62,80273.8,18604.5,18368.5,0.0793,Aspirin,HPLC-UV/Vis
SMP-00674,7.23,70958.8,12092.6,12135.4,0.0714,Benzoic Acid,HPLC-UV/Vis
SMP-00674,9.02,33725.7,6914.3,7161.2,0.0338,Phenacetin,HPLC-UV/Vis
SMP-00674,10.37,17730.5,4168.0,4310.1,0.0175,Salicylic Acid,HPLC-UV/Vis
SMP-00674,12.13,44919.8,8072.6,8082.3,0.0446,Chlorpheniramine,HPLC-UV/Vis
SMP-00675,1.25,11919.9,3135.4,3306.6,0.012,Uracil,HPLC-UV/Vis
SMP-00675,2.84,41576.9,8462.8,8710.5,0.0407,Acetaminophen,HPLC-UV/Vis
SMP-00675,4.15,76650.1,11981.0,12732.8,0.0771,Caffeine,HPLC-UV/Vis
SMP-00675,5.59,21248.2,4433.9,4652.7,0.0214,Aspirin,HPLC-UV/Vis
SMP-00675,7.18,74995.2,12403.4,12734.2,0.0742,Benzoic Acid,HPLC-UV/Vis
SMP-00675,8.97,26781.0,5509.4,5780.0,0.0267,Phenacetin,HPLC-UV/Vis
SMP-00675,10.44,17010.4,4082.3,4201.9,0.0171,Salicylic Acid,HPLC-UV/Vis
SMP-00675,12.08,51147.7,9996.4,10242.1,0.0523,Chlorpheniramine,HPLC-UV/Vis
SMP-00676,1.3,11979.2,3084.0,3063.5,0.0123,Uracil,HPLC-UV/Vis
SMP-00676,2.76,51180.8,9589.0,9997.8,0.0509,Acetaminophen,HPLC-UV/Vis
SMP-00676,4.16,97509.6,16389.3,16785.6,0.0975,Caffeine,HPLC-UV/Vis
SMP-00676,5.59,27551.5,6198.8,6255.3,0.0283,Aspirin,HPLC-UV/Vis
SMP-00676,7.22,70706.3,11891.3,11772.9,0.0722,Benzoic Acid,HPLC-UV/Vis
SMP-00676,8.98,31511.1,6624.6,6844.4,0.0322,Phenacetin,HPLC-UV/Vis
SMP-00676,10.41,16232.2,4168.2,4343.3,0.0158,Salicylic Acid,HPLC-UV/Vis
SMP-00676,12.12,61028.8,10822.9,11632.4,0.0612,Chlorpheniramine,HPLC-UV/Vis
SMP-00677,1.21,13839.3,3514.3,3567.3,0.0138,Uracil,HPLC-UV/Vis
SMP-00677,2.81,41728.2,7967.5,8431.1,0.0415,Acetaminophen,HPLC-UV/Vis
SMP-00677,4.17,58704.9,10092.9,10223.6,0.0581,Caffeine,HPLC-UV/Vis
SMP-00677,5.64,24238.3,5463.1,5733.8,0.0249,Aspirin,HPLC-UV/Vis
SMP-00677,7.2,62430.5,10289.2,10624.0,0.0624,Benzoic Acid,HPLC-UV/Vis
SMP-00677,8.96,26308.8,5413.4,5592.0,0.0264,Phenacetin,HPLC-UV/Vis
SMP-00677,10.42,19068.2,4585.8,4749.0,0.0191,Salicylic Acid,HPLC-UV/Vis
SMP-00677,12.06,47786.4,8642.6,8629.5,0.0474,Chlorpheniramine,HPLC-UV/Vis
SMP-00678,1.24,13860.3,3458.9,3622.9,0.0138,Uracil,HPLC-UV/Vis
SMP-00678,2.81,44544.6,8418.1,8608.3,0.0429,Acetaminophen,HPLC-UV/Vis
SMP-00678,4.06,97122.0,16055.5,17051.4,0.101,Caffeine,HPLC-UV/Vis
SMP-00678,5.58,28118.8,6025.7,5977.2,0.029,Aspirin,HPLC-UV/Vis
SMP-00678,7.14,58265.0,9867.9,9992.3,0.0573,Benzoic Acid,HPLC-UV/Vis
SMP-00678,9.01,31658.3,6465.5,6776.2,0.0313,Phenacetin,HPLC-UV/Vis
SMP-00678,10.32,15485.9,3872.8,3990.2,0.0157,Salicylic Acid,HPLC-UV/Vis
SMP-00678,12.14,55210.5,10064.3,10358.8,0.0549,Chlorpheniramine,HPLC-UV/Vis
SMP-00679,1.29,11972.7,3035.0,3093.1,0.0117,Uracil,HPLC-UV/Vis
SMP-00679,2.82,42570.0,8549.7,8743.2,0.0412,Acetaminophen,HPLC-UV/Vis
SMP-00679,4.16,96901.4,16137.8,16316.5,0.096,Caffeine,HPLC-UV/Vis
SMP-00679,5.66,23246.2,5036.6,5357.2,0.023,Aspirin,HPLC-UV/Vis
SMP-00679,7.19,69213.7,11184.5,11436.2,0.0684,Benzoic Acid,HPLC-UV/Vis
SMP-00679,8.95,33946.7,6805.3,6981.1,0.0343,Phenacetin,HPLC-UV/Vis
SMP-00679,10.36,16096.5,3828.3,4012.7,0.0167,Salicylic Acid,HPLC-UV/Vis
SMP-00679,12.08,55630.6,10058.0,10548.7,0.0557,Chlorpheniramine,HPLC-UV/Vis
SMP-00680,1.22,10970.7,2748.5,2799.8,0.0111,Uracil,HPLC-UV/Vis
SMP-00680,2.78,41177.5,7814.5,7960.7,0.0405,Acetaminophen,HPLC-UV/Vis
SMP-00680,4.19,78710.2,13281.8,13864.4,0.079,Caffeine,HPLC-UV/Vis
SMP-00680,5.59,24028.4,5324.2,5489.2,0.0242,Aspirin,HPLC-UV/Vis
SMP-00680,7.21,62885.5,10236.0,10405.0,0.0624,Benzoic Acid,HPLC-UV/Vis
SMP-00680,8.94,33236.1,6869.1,7014.5,0.0341,Phenacetin,HPLC-UV/Vis
SMP-00680,10.4,15474.1,3780.1,3777.8,0.0152,Salicylic Acid,HPLC-UV/Vis
SMP-00680,12.05,50148.7,8952.5,9740.9,0.0509,Chlorpheniramine,HPLC-UV/Vis
SMP-00681,1.23,12901.3,3147.0,3220.6,0.0131,Uracil,HPLC-UV/Vis
SMP-00681,2.81,47980.6,9163.2,9285.2,0.0473,Acetaminophen,HPLC-UV/Vis
SMP-00681,4.14,93746.6,15006.7,15937.7,0.0966,Caffeine,HPLC-UV/Vis
SMP-00681,5.59,21868.1,4876.8,5071.0,0.0218,Aspirin,HPLC-UV/Vis
SMP-00681,7.21,67865.4,11085.9,11443.5,0.067,Benzoic Acid,HPLC-UV/Vis
SMP-00681,8.95,29407.4,5891.9,6191.9,0.0292,Phenacetin,HPLC-UV/Vis
SMP-00681,10.42,14320.3,3620.5,3677.3,0.0149,Salicylic Acid,HPLC-UV/Vis
SMP-00681,12.12,54368.7,9909.1,10161.0,0.0534,Chlorpheniramine,HPLC-UV/Vis
SMP-00682,1.28,10968.1,2967.0,3091.7,0.0109,Uracil,HPLC-UV/Vis
SMP-00682,2.86,50099.6,10040.3,10291.1,0.0506,Acetaminophen,HPLC-UV/Vis
SMP-00682,4.14,90175.4,15141.5,16080.2,0.0897,Caffeine,HPLC-UV/Vis
SMP-00682,5.65,26925.7,6006.3,6401.8,0.0271,Aspirin,HPLC-UV/Vis
SMP-00682,7.16,58491.9,9721.9,9922.9,0.0577,Benzoic Acid,HPLC-UV/Vis
SMP-00682,8.98,29493.7,5913.0,6033.5,0.0301,Phenacetin,HPLC-UV/Vis
SMP-00682,10.41,18023.5,4714.5,4916.3,0.0182,Salicylic Acid,HPLC-UV/Vis
SMP-00682,12.11,54536.9,10123.7,10348.1,0.0548,Chlorpheniramine,HPLC-UV/Vis
SMP-00683,1.31,14397.5,3822.1,3992.3,0.0143,Uracil,HPLC-UV/Vis
SMP-00683,2.78,44855.7,9191.7,9566.4,0.0451,Acetaminophen,HPLC-UV/Vis
SMP-00683,4.15,69970.7,10824.2,11282.6,0.0683,Caffeine,HPLC-UV/Vis
SMP-00683,5.56,21439.9,4733.1,4962.6,0.022,Aspirin,HPLC-UV/Vis
SMP-00683,7.21,57792.7,9623.2,10095.3,0.0577,Benzoic Acid,HPLC-UV/Vis
SMP-00683,8.98,31953.3,6507.0,6632.7,0.031,Phenacetin,HPLC-UV/Vis
SMP-00683,10.43,17962.2,4252.2,4385.6,0.0175,Salicylic Acid,HPLC-UV/Vis
SMP-00683,12.11,51389.5,8728.9,9290.8,0.0513,Chlorpheniramine,HPLC-UV/Vis
SMP-00684,1.25,12349.8,3214.7,3289.3,0.0125,Uracil,HPLC-UV/Vis
SMP-00684,2.76,42625.1,8507.5,8668.9,0.0426,Acetaminophen,HPLC-UV/Vis
SMP-00684,4.14,84803.8,13237.9,13756.6,0.0867,Caffeine,HPLC-UV/Vis
SMP-00684,5.63,21965.6,4765.7,4947.8,0.0222,Aspirin,HPLC-UV/Vis
SMP-00684,7.22,58725.9,9657.1,10133.2,0.06,Benzoic Acid,HPLC-UV/Vis
SMP-00684,8.98,30038.1,5834.6,5979.5,0.0304,Phenacetin,HPLC-UV/Vis
SMP-00684,10.38,14090.5,3333.3,3397.1,0.0135,Salicylic Acid,HPLC-UV/Vis
SMP-00684,12.1,53670.4,9607.6,9763.3,0.053,Chlorpheniramine,HPLC-UV/Vis
SMP-00685,1.27,12449.3,3503.8,3585.7,0.0126,Uracil,HPLC-UV/Vis
SMP-00685,2.79,52955.9,10557.3,10503.6,0.052,Acetaminophen,HPLC-UV/Vis
SMP-00685,4.13,75746.4,12363.5,12270.0,0.076,Caffeine,HPLC-UV/Vis
SMP-00685,5.63,22766.6,5257.9,5450.5,0.0232,Aspirin,HPLC-UV/Vis
SMP-00685,7.25,67380.2,11727.3,12397.7,0.0677,Benzoic Acid,HPLC-UV/Vis
SMP-00685,8.94,28644.5,5990.5,6235.4,0.0276,Phenacetin,HPLC-UV/Vis
SMP-00685,10.43,17887.4,4439.9,4438.4,0.0176,Salicylic Acid,HPLC-UV/Vis
SMP-00685,12.14,50910.5,9516.9,9683.8,0.0515,Chlorpheniramine,HPLC-UV/Vis
SMP-00686,1.24,11041.6,2976.5,3024.4,0.0107,Uracil,HPLC-UV/Vis
SMP-00686,2.8,43702.2,8665.9,8885.1,0.0448,Acetaminophen,HPLC-UV/Vis
SMP-00686,4.18,80703.9,12465.0,12633.7,0.0787,Caffeine,HPLC-UV/Vis
SMP-00686,5.61,22489.4,4987.2,5189.4,0.0217,Aspirin,HPLC-UV/Vis
SMP-00686,7.16,63512.3,9918.9,10346.3,0.0612,Benzoic Acid,HPLC-UV/Vis
SMP-00686,8.92,30798.7,6287.5,6578.2,0.0307,Phenacetin,HPLC-UV/Vis
SMP-00686,10.41,14125.7,3364.8,3567.4,0.0145,Salicylic Acid,HPLC-UV/Vis
SMP-00686,12.13,56721.9,10355.0,10675.9,0.0586,Chlorpheniramine,HPLC-UV/Vis
SMP-00687,1.26,10323.6,2516.1,2682.9,0.0105,Uracil,HPLC-UV/Vis
SMP-00687,2.8,39580.0,7577.3,7583.6,0.0393,Acetaminophen,HPLC-UV/Vis
SMP-00687,4.16,103375.9,16932.7,16601.3,0.1069,Caffeine,HPLC-UV/Vis
SMP-00687,5.6,23335.2,5189.1,5349.8,0.0234,Aspirin,HPLC-UV/Vis
SMP-00687,7.28,71790.8,11947.9,12746.5,0.0703,Benzoic Acid,HPLC-UV/Vis
SMP-00687,8.93,32455.7,6739.5,6626.8,0.0316,Phenacetin,HPLC-UV/Vis
SMP-00687,10.39,18723.3,4710.2,4830.8,0.0186,Salicylic Acid,HPLC-UV/Vis
SMP-00687,12.15,65599.5,11777.4,12493.1,0.0667,Chlorpheniramine,HPLC-UV/Vis
SMP-00688,1.25,69679.8,15679.9,17685.8,0.0728,Uracil,HPLC-UV/Vis
SMP-00688,2.79,42818.7,8873.2,8903.2,0.043,Acetaminophen,HPLC-UV/Vis
SMP-00688,4.13,76143.1,12403.5,12558.8,0.0772,Caffeine,HPLC-UV/Vis
SMP-00688,5.59,21093.7,4876.2,5094.3,0.0208,Aspirin,HPLC-UV/Vis
SMP-00688,7.14,75065.9,12780.2,13431.1,0.0749,Benzoic Acid,HPLC-UV/Vis
SMP-00688,8.98,30982.6,6287.1,6352.9,0.0312,Phenacetin,HPLC-UV/Vis
SMP-00688,10.39,15150.2,3665.7,3833.7,0.0147,Salicylic Acid,HPLC-UV/Vis
SMP-00688,12.07,53395.8,9747.7,9831.8,0.0544,Chlorpheniramine,HPLC-UV/Vis
SMP-00689,1.26,83090.6,22882.5,20290.9,0.0842,Uracil,HPLC-UV/Vis
SMP-00689,2.82,42712.1,8748.8,8984.0,0.0436,Acetaminophen,HPLC-UV/Vis
SMP-00689,4.16,94176.7,16177.1,16520.1,0.0945,Caffeine,HPLC-UV/Vis
SMP-00689,5.56,18077.3,3838.9,4028.4,0.0189,Aspirin,HPLC-UV/Vis
SMP-00689,7.16,77744.3,12729.8,13017.1,0.0797,Benzoic Acid,HPLC-UV/Vis
SMP-00689,8.98,25860.5,5063.4,5328.8,0.0261,Phenacetin,HPLC-UV/Vis
SMP-00689,10.39,17333.9,4396.6,4527.9,0.0171,Salicylic Acid,HPLC-UV/Vis
SMP-00689,12.14,61374.6,11154.9,11371.4,0.0625,Chlorpheniramine,HPLC-UV/Vis
SMP-00690,1.21,12161.1,3236.7,3338.6,0.0121,Uracil,HPLC-UV/Vis
SMP-00690,2.81,40639.3,7921.7,8217.6,0.0402,Acetaminophen,HPLC-UV/Vis
SMP-00690,4.13,80540.2,13462.4,13601.4,0.0809,Caffeine,HPLC-UV/Vis
SMP-00690,5.58,26267.8,5779.7,5875.7,0.0259,Aspirin,HPLC-UV/Vis
SMP-00690,7.22,75965.0,12567.8,12887.6,0.0761,Benzoic Acid,HPLC-UV/Vis
SMP-00690,8.93,35763.2,7340.8,7639.5,0.036,Phenacetin,HPLC-UV/Vis
SMP-00690,10.37,15590.7,4057.8,4308.3,0.0156,Salicylic Acid,HPLC-UV/Vis
SMP-00690,12.03,51505.3,9290.1,9509.9,0.0512,Chlorpheniramine,HPLC-UV/Vis
SMP-00691,1.22,12790.0,3276.8,3317.2,0.0133,Uracil,HPLC-UV/Vis
SMP-00691,2.78,48169.2,8989.8,9140.2,0.0494,Acetaminophen,HPLC-UV/Vis
SMP-00691,4.16,98004.6,16197.2,16597.0,0.0997,Caffeine,HPLC-UV/Vis
SMP-00691,5.58,22876.0,5134.7,5255.3,0.0221,Aspirin,HPLC-UV/Vis
SMP-00691,7.2,64179.9,10359.9,10447.5,0.0644,Benzoic Acid,HPLC-UV/Vis
SMP-00691,8.96,35263.5,7259.7,7668.5,0.035,Phenacetin,HPLC-UV/Vis
SMP-00691,10.44,15354.4,3743.2,3827.4,0.0155,Salicylic Acid,HPLC-UV/Vis
SMP-00691,12.11,52957.3,9134.8,9400.0,0.0527,Chlorpheniramine,HPLC-UV/Vis
SMP-00692,1.25,14408.2,3636.4,3631.0,0.0142,Uracil,HPLC-UV/Vis
SMP-00692,2.83,39858.8,7435.1,7719.7,0.0406,Acetaminophen,HPLC-UV/Vis
SMP-00692,4.1,82184.8,13645.7,14094.1,0.0808,Caffeine,HPLC-UV/Vis
SMP-00692,5.6,22851.5,4798.4,4868.4,0.0238,Aspirin,HPLC-UV/Vis
SMP-00692,7.17,64823.7,10812.7,11328.1,0.0657,Benzoic Acid,HPLC-UV/Vis
SMP-00692,8.99,33742.3,6836.5,7024.0,0.0341,Phenacetin,HPLC-UV/Vis
SMP-00692,10.35,15710.6,3823.4,3894.5,0.0155,Salicylic Acid,HPLC-UV/Vis
SMP-00692,12.12,65619.0,11697.7,12080.7,0.066,Chlorpheniramine,HPLC-UV/Vis
SMP-00693,1.29,12567.1,3125.0,3174.3,0.0127,Uracil,HPLC-UV/Vis
SMP-00693,2.76,40441.6,8061.2,8094.5,0.0394,Acetaminophen,HPLC-UV/Vis
SMP-00693,4.14,86544.3,14663.6,14791.7,0.0843,Caffeine,HPLC-UV/Vis
SMP-00693,5.61,24670.1,5399.4,5549.8,0.0243,Aspirin,HPLC-UV/Vis
SMP-00693,7.22,68721.0,11776.8,12286.1,0.0673,Benzoic Acid,HPLC-UV/Vis
SMP-00693,8.94,33551.1,6971.4,7198.3,0.0342,Phenacetin,HPLC-UV/Vis
SMP-00693,10.38,14792.1,3631.9,3781.1,0.0148,Salicylic Acid,HPLC-UV/Vis
SMP-00693,12.11,54895.0,9494.3,9723.0,0.0553,Chlorpheniramine,HPLC-UV/Vis
SMP-00694,1.22,13434.2,3349.6,3365.0,0.0132,Uracil,HPLC-UV/Vis
SMP-00694,2.8,44358.9,8742.6,9012.0,0.0445,Acetaminophen,HPLC-UV/Vis
SMP-00694,4.12,104287.4,17561.8,18647.2,0.1033,Caffeine,HPLC-UV/Vis
SMP-00694,5.59,25581.2,5648.1,5756.2,0.0257,Aspirin,HPLC-UV/Vis
SMP-00694,7.16,68271.1,11172.1,11504.2,0.0647,Benzoic Acid,HPLC-UV/Vis
SMP-00694,8.95,26469.2,5145.3,5303.6,0.0269,Phenacetin,HPLC-UV/Vis
SMP-00694,10.39,53297.3,11358.1,12328.9,0.0531,Salicylic Acid,HPLC-UV/Vis
SMP-00694,12.13,59895.3,10871.6,11298.2,0.0595,Chlorpheniramine,HPLC-UV/Vis
SMP-00695,1.23,12410.2,3192.3,3285.7,0.0127,Uracil,HPLC-UV/Vis
SMP-00695,2.8,47954.4,9104.8,9565.8,0.0475,Acetaminophen,HPLC-UV/Vis
SMP-00695,4.1,108356.2,18045.2,18181.6,0.1125,Caffeine,HPLC-UV/Vis
SMP-00695,5.59,20104.9,4416.6,4544.4,0.0205,Aspirin,HPLC-UV/Vis
SMP-00695,7.18,48847.3,8335.5,8493.9,0.0513,Benzoic Acid,HPLC-UV/Vis
SMP-00695,8.93,28039.9,5871.8,6015.6,0.029,Phenacetin,HPLC-UV/Vis
SMP-00695,10.44,13447.6,3077.5,3220.9,0.0133,Salicylic Acid,HPLC-UV/Vis
SMP-00695,12.07,48317.4,8923.6,9188.0,0.0472,Chlorpheniramine,HPLC-UV/Vis
SMP-00696,1.29,12315.0,3261.6,3294.1,0.0125,Uracil,HPLC-UV/Vis
SMP-00696,2.78,55203.2,10789.9,10986.1,0.0552,Acetaminophen,HPLC-UV/Vis
SMP-00696,4.12,85191.9,13682.5,13872.9,0.0874,Caffeine,HPLC-UV/Vis
SMP-00696,5.57,20361.0,4299.4,4516.7,0.0205,Aspirin,HPLC-UV/Vis
SMP-00696,7.23,65153.7,11322.2,11519.9,0.0637,Benzoic Acid,HPLC-UV/Vis
SMP-00696,8.95,31646.4,6687.0,6901.8,0.0318,Phenacetin,HPLC-UV/Vis
SMP-00696,10.41,16371.8,3826.4,4225.8,0.0159,Salicylic Acid,HPLC-UV/Vis
SMP-00696,12.08,65626.5,11690.0,12144.0,0.065,Chlorpheniramine,HPLC-UV/Vis
SMP-00697,1.27,11555.4,2990.0,3117.1,0.0121,Uracil,HPLC-UV/Vis
SMP-00697,2.8,45289.7,8801.4,9517.7,0.0451,Acetaminophen,HPLC-UV/Vis
SMP-00697,4.14,88144.9,14223.7,14446.0,0.0858,Caffeine,HPLC-UV/Vis
SMP-00697,5.61,22655.9,5327.8,5395.1,0.0229,Aspirin,HPLC-UV/Vis
SMP-00697,7.22,59753.6,10088.2,10784.9,0.0599,Benzoic Acid,HPLC-UV/Vis
SMP-00697,8.95,32699.4,6881.0,7290.2,0.0337,Phenacetin,HPLC-UV/Vis
SMP-00697,10.38,13855.7,3313.6,3444.6,0.0134,Salicylic Acid,HPLC-UV/Vis
SMP-00697,12.12,50696.9,9275.8,9403.0,0.051,Chlorpheniramine,HPLC-UV/Vis
SMP-00698,1.19,13640.7,3439.2,3525.3,0.0135,Uracil,HPLC-UV/Vis
SMP-00698,2.81,48283.0,9236.2,9504.0,0.0487,Acetaminophen,HPLC-UV/Vis
SMP-00698,4.16,80250.8,13161.9,13513.3,0.0767,Caffeine,HPLC-UV/Vis
SMP-00698,5.6,23141.1,5064.3,5305.8,0.0227,Aspirin,HPLC-UV/Vis
SMP-00698,7.18,63290.2,10498.3,10645.7,0.0604,Benzoic Acid,HPLC-UV/Vis
SMP-00698,8.95,27677.8,5292.8,5517.7,0.0286,Phenacetin,HPLC-UV/Vis
SMP-00698,10.41,16032.7,3641.7,3815.7,0.0164,Salicylic Acid,HPLC-UV/Vis
SMP-00698,12.09,48048.4,9087.6,9450.9,0.049,Chlorpheniramine,HPLC-UV/Vis
SMP-00699,1.26,11139.0,2862.5,2928.5,0.0118,Uracil,HPLC-UV/Vis
SMP-00699,2.74,45793.1,8997.3,9182.0,0.0448,Acetaminophen,HPLC-UV/Vis
SMP-00699,4.12,94333.8,14879.6,15167.1,0.096,Caffeine,HPLC-UV/Vis
SMP-00699,5.6,23030.9,5098.9,5171.2,0.0223,Aspirin,HPLC-UV/Vis
SMP-00699,7.25,71472.6,11963.0,12032.7,0.0727,Benzoic Acid,HPLC-UV/Vis
SMP-00699,8.97,34426.2,7366.8,7423.5,0.0336,Phenacetin,HPLC-UV/Vis
SMP-00699,10.37,13891.3,3522.9,3557.5,0.0139,Salicylic Acid,HPLC-UV/Vis
SMP-00699,12.1,60611.9,11316.5,11892.5,0.0605,Chlorpheniramine,HPLC-UV/Vis
SMP-00700,1.26,11904.0,3096.3,3244.0,0.0116,Uracil,HPLC-UV/Vis
SMP-00700,2.8,40204.5,7483.0,7644.5,0.0411,Acetaminophen,HPLC-UV/Vis
SMP-00700,4.16,90808.9,15669.7,15970.7,0.0912,Caffeine,HPLC-UV/Vis
SMP-00700,5.56,25837.1,5657.9,5906.3,0.0257,Aspirin,HPLC-UV/Vis
SMP-00700,7.17,75244.9,12804.9,12729.5,0.0745,Benzoic Acid,HPLC-UV/Vis
SMP-00700,9.0,33432.8,6782.3,6854.4,0.0338,Phenacetin,HPLC-UV/Vis
SMP-00700,10.39,15251.0,3815.5,4067.9,0.0156,Salicylic Acid,HPLC-UV/Vis
SMP-00700,12.07,57819.4,10944.6,11492.6,0.058,Chlorpheniramine,HPLC-UV/Vis
SMP-00701,1.26,13888.0,3591.9,3692.2,0.0138,Uracil,HPLC-UV/Vis
SMP-00701,2.77,41296.4,8069.0,8278.5,0.0422,Acetaminophen,HPLC-UV/Vis
SMP-00701,4.11,82461.1,13023.8,13618.9,0.0832,Caffeine,HPLC-UV/Vis
SMP-00701,5.61,20498.3,4412.3,4429.9,0.0206,Aspirin,HPLC-UV/Vis
SMP-00701,7.17,70239.1,12027.8,12140.7,0.0698,Benzoic Acid,HPLC-UV/Vis
SMP-00701,8.95,161517.5,27585.0,27833.8,0.1609,Phenacetin,HPLC-UV/Vis
SMP-00701,10.4,18327.3,4445.3,4539.7,0.0182,Salicylic Acid,HPLC-UV/Vis
SMP-00701,12.09,45986.2,8117.7,8350.7,0.0466,Chlorpheniramine,HPLC-UV/Vis
SMP-00702,1.24,12506.4,3139.8,3228.3,0.0127,Uracil,HPLC-UV/Vis
SMP-00702,2.81,40806.6,7644.2,7772.2,0.0421,Acetaminophen,HPLC-UV/Vis
SMP-00702,4.14,88964.9,14969.6,16001.9,0.0882,Caffeine,HPLC-UV/Vis
SMP-00702,5.6,22866.8,5090.6,5081.9,0.0228,Aspirin,HPLC-UV/Vis
SMP-00702,7.17,70483.0,11132.3,11487.1,0.0723,Benzoic Acid,HPLC-UV/Vis
SMP-00702,8.92,26753.9,5563.3,5833.5,0.0267,Phenacetin,HPLC-UV/Vis
SMP-00702,10.34,15794.2,3768.8,3834.2,0.0163,Salicylic Acid,HPLC-UV/Vis
SMP-00702,12.05,55454.7,9914.0,10108.6,0.0557,Chlorpheniramine,HPLC-UV/Vis
SMP-00703,1.22,11713.8,3015.5,3116.0,0.0119,Uracil,HPLC-UV/Vis
SMP-00703,2.81,50152.8,9758.8,10031.5,0.0499,Acetaminophen,HPLC-UV/Vis
SMP-00703,4.12,86541.4,14264.0,14438.3,0.0864,Caffeine,HPLC-UV/Vis
SMP-00703,5.65,24769.6,5577.0,5847.0,0.0245,Aspirin,HPLC-UV/Vis
SMP-00703,7.2,67099.1,10742.6,10978.6,0.0647,Benzoic Acid,HPLC-UV/Vis
SMP-00703,8.93,29957.5,5879.4,6138.5,0.0303,Phenacetin,HPLC-UV/Vis
SMP-00703,10.45,55455.4,12415.2,15826.4,0.055,Salicylic Acid,HPLC-UV/Vis
SMP-00703,12.08,54637.8,10222.7,10579.7,0.0552,Chlorpheniramine,HPLC-UV/Vis
SMP-00704,1.25,13392.3,3427.3,3460.7,0.0136,Uracil,HPLC-UV/Vis
SMP-00704,2.8,47219.4,9432.8,9706.0,0.0468,Acetaminophen,HPLC-UV/Vis
SMP-00704,4.14,102892.2,16639.5,17258.3,0.1023,Caffeine,HPLC-UV/Vis
SMP-00704,5.57,23331.6,5072.3,5353.7,0.0233,Aspirin,HPLC-UV/Vis
SMP-00704,7.19,69901.1,12117.4,12228.9,0.0703,Benzoic Acid,HPLC-UV/Vis
SMP-00704,8.99,30863.0,6044.2,6071.3,0.0314,Phenacetin,HPLC-UV/Vis
SMP-00704,10.41,14932.1,3615.1,3674.9,0.0146,Salicylic Acid,HPLC-UV/Vis
SMP-00704,12.12,52615.1,9637.7,9880.1,0.0533,Chlorpheniramine,HPLC-UV/Vis
SMP-00705,1.23,56315.6,14410.7,13566.1,0.0572,Uracil,HPLC-UV/Vis
SMP-00705,2.82,46392.3,9448.4,9415.5,0.0454,Acetaminophen,HPLC-UV/Vis
SMP-00705,4.19,97611.0,15120.7,15442.4,0.0952,Caffeine,HPLC-UV/Vis
SMP-00705,5.63,25353.8,5638.9,5760.2,0.0253,Aspirin,HPLC-UV/Vis
SMP-00705,7.27,59412.5,10407.3,10770.3,0.0605,Benzoic Acid,HPLC-UV/Vis
SMP-00705,8.99,32229.0,6486.9,6739.9,0.0329,Phenacetin,HPLC-UV/Vis
SMP-00705,10.34,15421.4,3767.7,3877.3,0.0153,Salicylic Acid,HPLC-UV/Vis
SMP-00705,12.03,54710.3,9924.5,10638.0,0.0547,Chlorpheniramine,HPLC-UV/Vis
SMP-00706,1.25,12568.1,3399.6,3426.0,0.0125,Uracil,HPLC-UV/Vis
SMP-00706,2.81,44503.0,8629.5,9046.1,0.0449,Acetaminophen,HPLC-UV/Vis
SMP-00706,4.16,88756.6,14632.6,14977.6,0.0866,Caffeine,HPLC-UV/Vis
SMP-00706,5.62,26369.3,5620.8,5781.5,0.0263,Aspirin,HPLC-UV/Vis
SMP-00706,7.15,60213.3,10097.4,10299.4,0.0591,Benzoic Acid,HPLC-UV/Vis
SMP-00706,9.02,31024.3,6075.9,6306.4,0.0297,Phenacetin,HPLC-UV/Vis
SMP-00706,10.41,13442.0,3240.6,3241.7,0.0135,Salicylic Acid,HPLC-UV/Vis
SMP-00706,12.08,54095.7,9541.7,9685.6,0.0532,Chlorpheniramine,HPLC-UV/Vis
SMP-00707,1.21,12037.3,3133.2,3284.3,0.0122,Uracil,HPLC-UV/Vis
SMP-00707,2.78,50038.2,9492.4,9615.4,0.0513,Acetaminophen,HPLC-UV/Vis
SMP-00707,4.16,94539.9,15326.8,15345.9,0.095,Caffeine,HPLC-UV/Vis
SMP-00707,5.57,20584.3,4537.7,4550.6,0.0205,Aspirin,HPLC-UV/Vis
SMP-00707,7.2,70114.0,11860.8,12047.8,0.0713,Benzoic Acid,HPLC-UV/Vis
SMP-00707,9.0,29373.9,5716.4,5983.2,0.0296,Phenacetin,HPLC-UV/Vis
SMP-00707,10.41,19251.3,4667.9,4905.6,0.0191,Salicylic Acid,HPLC-UV/Vis
SMP-00707,12.12,58713.5,10844.8,10468.1,0.0586,Chlorpheniramine,HPLC-UV/Vis
SMP-00708,1.24,12097.6,3203.2,3312.3,0.012,Uracil,HPLC-UV/Vis
SMP-00708,2.85,42835.5,8289.4,8892.6,0.0423,Acetaminophen,HPLC-UV/Vis
SMP-00708,4.16,374378.1,57739.3,62950.4,0.3704,Caffeine,HPLC-UV/Vis
SMP-00708,5.54,22937.6,5119.6,5306.8,0.0229,Aspirin,HPLC-UV/Vis
SMP-00708,7.19,75717.0,12381.5,12995.2,0.0772,Benzoic Acid,HPLC-UV/Vis
SMP-00708,8.95,28149.8,5486.3,5737.8,0.0284,Phenacetin,HPLC-UV/Vis
SMP-00708,10.37,15929.0,3730.8,3848.5,0.0157,Salicylic Acid,HPLC-UV/Vis
SMP-00708,12.09,55454.3,10095.8,10383.4,0.0556,Chlorpheniramine,HPLC-UV/Vis
SMP-00709,1.22,12952.2,3412.0,3541.5,0.0129,Uracil,HPLC-UV/Vis
SMP-00709,2.79,45256.4,8477.6,8965.9,0.047,Acetaminophen,HPLC-UV/Vis
SMP-00709,4.17,102205.1,16197.6,15984.3,0.1049,Caffeine,HPLC-UV/Vis
SMP-00709,5.58,23209.4,5068.0,5520.0,0.023,Aspirin,HPLC-UV/Vis
SMP-00709,7.24,76077.4,13011.1,13290.7,0.0759,Benzoic Acid,HPLC-UV/Vis
SMP-00709,8.95,31302.8,6563.9,6996.5,0.0317,Phenacetin,HPLC-UV/Vis
SMP-00709,10.4,17604.3,4289.5,4516.1,0.0179,Salicylic Acid,HPLC-UV/Vis
SMP-00709,12.05,60126.9,10983.3,11467.2,0.0605,Chlorpheniramine,HPLC-UV/Vis
SMP-00710,1.29,11860.4,3093.3,3138.0,0.0121,Uracil,HPLC-UV/Vis
SMP-00710,2.78,46229.2,8831.9,9030.1,0.0466,Acetaminophen,HPLC-UV/Vis
SMP-00710,4.09,92505.6,14905.5,15229.1,0.0905,Caffeine,HPLC-UV/Vis
SMP-00710,5.58,26041.8,5482.2,5540.9,0.0256,Aspirin,HPLC-UV/Vis
SMP-00710,7.24,70791.1,11396.5,11640.6,0.0697,Benzoic Acid,HPLC-UV/Vis
SMP-00710,8.94,26792.4,5608.5,5918.5,0.0267,Phenacetin,HPLC-UV/Vis
SMP-00710,10.35,12388.1,2806.8,2888.5,0.0123,Salicylic Acid,HPLC-UV/Vis
SMP-00710,12.09,59554.7,11025.1,11284.8,0.0585,Chlorpheniramine,HPLC-UV/Vis
SMP-00711,1.29,11277.0,2754.8,2844.6,0.0109,Uracil,HPLC-UV/Vis
SMP-00711,2.79,50030.7,9945.9,10463.8,0.0502,Acetaminophen,HPLC-UV/Vis
SMP-00711,4.12,84466.9,14598.2,14963.4,0.0848,Caffeine,HPLC-UV/Vis
SMP-00711,5.61,21370.6,4830.2,4933.7,0.0215,Aspirin,HPLC-UV/Vis
SMP-00711,7.19,68656.2,11947.2,12155.9,0.0704,Benzoic Acid,HPLC-UV/Vis
SMP-00711,9.0,28531.2,5777.3,6124.9,0.0295,Phenacetin,HPLC-UV/Vis
SMP-00711,10.37,15729.3,3831.7,3881.0,0.0159,Salicylic Acid,HPLC-UV/Vis
SMP-00711,12.06,45415.7,8715.5,8888.0,0.0449,Chlorpheniramine,HPLC-UV/Vis
SMP-00712,1.29,10732.0,2642.8,2705.1,0.0108,Uracil,HPLC-UV/Vis
SMP-00712,2.78,52873.3,10096.3,10195.6,0.0519,Acetaminophen,HPLC-UV/Vis
SMP-00712,4.11,95898.9,15153.7,15568.0,0.0941,Caffeine,HPLC-UV/Vis
SMP-00712,5.63,26802.4,6111.9,6115.4,0.0262,Aspirin,HPLC-UV/Vis
SMP-00712,7.19,58134.0,10024.6,10338.8,0.0589,Benzoic Acid,HPLC-UV/Vis
SMP-00712,8.94,34160.7,6884.8,7261.4,0.0333,Phenacetin,HPLC-UV/Vis
SMP-00712,10.45,13805.3,3393.8,3535.3,0.0138,Salicylic Acid,HPLC-UV/Vis
SMP-00712,12.07,55266.2,9963.0,9975.7,0.0565,Chlorpheniramine,HPLC-UV/Vis
SMP-00713,1.21,11708.8,2923.8,2996.4,0.0114,Uracil,HPLC-UV/Vis
SMP-00713,2.84,46285.1,8609.0,8710.0,0.0465,Acetaminophen,HPLC-UV/Vis
SMP-00713,4.11,74504.9,12161.5,13052.3,0.0723,Caffeine,HPLC-UV/Vis
SMP-00713,5.58,20050.4,4666.3,5007.9,0.0202,Aspirin,HPLC-UV/Vis
SMP-00713,7.2,66400.9,11149.0,11634.3,0.0686,Benzoic Acid,HPLC-UV/Vis
SMP-00713,8.95,30924.4,6540.5,7050.7,0.0316,Phenacetin,HPLC-UV/Vis
SMP-00713,10.43,17578.0,4557.1,4540.2,0.0178,Salicylic Acid,HPLC-UV/Vis
SMP-00713,12.13,57187.6,10179.9,9941.7,0.0572,Chlorpheniramine,HPLC-UV/Vis
SMP-00714,1.25,11676.8,2915.1,2999.6,0.0115,Uracil,HPLC-UV/Vis
SMP-00714,2.8,37901.2,7412.6,7696.3,0.0394,Acetaminophen,HPLC-UV/Vis
SMP-00714,4.12,101919.3,15964.7,16452.7,0.1033,Caffeine,HPLC-UV/Vis
SMP-00714,5.66,26044.6,5729.5,5967.9,0.0261,Aspirin,HPLC-UV/Vis
SMP-00714,7.2,79517.4,13431.6,14387.8,0.0781,Benzoic Acid,HPLC-UV/Vis
SMP-00714,8.96,33516.6,6853.2,7168.5,0.034,Phenacetin,HPLC-UV/Vis
SMP-00714,10.42,17275.1,4241.8,4213.0,0.0172,Salicylic Acid,HPLC-UV/Vis
SMP-00714,12.07,59178.2,10915.1,11271.9,0.0592,Chlorpheniramine,HPLC-UV/Vis
SMP-00715,1.25,10850.0,2747.4,2833.8,0.0112,Uracil,HPLC-UV/Vis
SMP-00715,2.84,39365.5,7554.8,8094.8,0.0387,Acetaminophen,HPLC-UV/Vis
SMP-00715,4.14,107202.5,17134.4,17839.5,0.1079,Caffeine,HPLC-UV/Vis
SMP-00715,5.6,21822.7,4922.0,5240.9,0.0217,Aspirin,HPLC-UV/Vis
SMP-00715,7.28,62604.3,9952.5,10525.3,0.0625,Benzoic Acid,HPLC-UV/Vis
SMP-00715,9.02,26823.0,5465.0,5493.8,0.027,Phenacetin,HPLC-UV/Vis
SMP-00715,10.36,16743.1,4079.7,4099.9,0.0164,Salicylic Acid,HPLC-UV/Vis
SMP-00715,12.05,55433.9,10417.4,10868.9,0.0548,Chlorpheniramine,HPLC-UV/Vis
SMP-00716,1.21,12620.2,3212.3,3241.9,0.0128,Uracil,HPLC-UV/Vis
SMP-00716,2.76,40919.8,7817.2,8254.9,0.0416,Acetaminophen,HPLC-UV/Vis
SMP-00716,4.15,89095.9,15079.9,14984.7,0.0905,Caffeine,HPLC-UV/Vis
SMP-00716,5.62,24273.0,5471.5,5808.9,0.0236,Aspirin,HPLC-UV/Vis
SMP-00716,7.2,64293.9,11368.0,11868.6,0.0637,Benzoic Acid,HPLC-UV/Vis
SMP-00716,8.95,29849.8,6007.1,6223.9,0.0295,Phenacetin,HPLC-UV/Vis
SMP-00716,10.43,15773.1,4067.5,4190.6,0.0162,Salicylic Acid,HPLC-UV/Vis
SMP-00716,12.15,64889.9,11215.5,11611.5,0.0648,Chlorpheniramine,HPLC-UV/Vis
SMP-00717,1.24,11773.9,2920.6,3013.9,0.0121,Uracil,HPLC-UV/Vis
SMP-00717,2.79,42603.0,8013.6,8216.1,0.0429,Acetaminophen,HPLC-UV/Vis
SMP-00717,4.11,88929.8,14968.6,15064.8,0.0912,Caffeine,HPLC-UV/Vis
SMP-00717,5.62,22596.3,5059.3,5373.9,0.0225,Aspirin,HPLC-UV/Vis
SMP-00717,7.21,62102.3,10271.5,10536.9,0.0602,Benzoic Acid,HPLC-UV/Vis
SMP-00717,8.97,33735.1,7195.0,7548.1,0.0334,Phenacetin,HPLC-UV/Vis
SMP-00717,10.43,16208.7,3946.3,3995.6,0.016,Salicylic Acid,HPLC-UV/Vis
SMP-00717,12.04,41518.1,7711.2,7860.2,0.042,Chlorpheniramine,HPLC-UV/Vis
SMP-00718,1.22,10371.8,2639.3,2682.3,0.0104,Uracil,HPLC-UV/Vis
SMP-00718,2.81,46012.0,9224.1,9624.6,0.0458,Acetaminophen,HPLC-UV/Vis
SMP-00718,4.1,98689.5,16052.3,16148.4,0.0979,Caffeine,HPLC-UV/Vis
SMP-00718,5.58,24048.5,5444.2,5610.2,0.0236,Aspirin,HPLC-UV/Vis
SMP-00718,7.16,57900.8,9458.0,9532.3,0.0578,Benzoic Acid,HPLC-UV/Vis
SMP-00718,8.95,34735.0,7355.2,7392.6,0.0343,Phenacetin,HPLC-UV/Vis
SMP-00718,10.42,14640.9,3511.0,3622.1,0.0141,Salicylic Acid,HPLC-UV/Vis
SMP-00718,12.13,52091.9,9002.0,9526.4,0.0523,Chlorpheniramine,HPLC-UV/Vis
SMP-00719,1.21,10810.2,2818.2,2960.7,0.0106,Uracil,HPLC-UV/Vis
SMP-00719,2.75,42587.0,8207.4,8533.8,0.0407,Acetaminophen,HPLC-UV/Vis
SMP-00719,4.14,100746.8,16681.0,17465.8,0.1044,Caffeine,HPLC-UV/Vis
SMP-00719,5.6,20811.5,4579.4,4782.7,0.0213,Aspirin,HPLC-UV/Vis
SMP-00719,7.16,67894.2,10996.6,11199.4,0.0688,Benzoic Acid,HPLC-UV/Vis
SMP-00719,8.93,33803.1,6869.7,7214.4,0.0338,Phenacetin,HPLC-UV/Vis
SMP-00719,10.37,12340.3,2827.7,2924.7,0.0121,Salicylic Acid,HPLC-UV/Vis
SMP-00719,12.09,55717.3,10196.8,10496.9,0.0557,Chlorpheniramine,HPLC-UV/Vis
SMP-00720,1.27,12230.4,3136.2,3295.4,0.0125,Uracil,HPLC-UV/Vis
SMP-00720,2.79,44266.6,8062.7,8481.4,0.0436,Acetaminophen,HPLC-UV/Vis
SMP-00720,4.15,101614.6,16748.5,17556.5,0.1006,Caffeine,HPLC-UV/Vis
SMP-00720,5.6,18671.3,4050.9,4076.0,0.0183,Aspirin,HPLC-UV/Vis
SMP-00720,7.22,66308.5,11126.9,11340.4,0.0696,Benzoic Acid,HPLC-UV/Vis
SMP-00720,8.93,33931.6,7198.9,7303.4,0.033,Phenacetin,HPLC-UV/Vis
SMP-00720,10.44,14555.5,3539.4,3530.3,0.0144,Salicylic Acid,HPLC-UV/Vis
SMP-00720,12.11,57516.8,10518.2,11210.8,0.0587,Chlorpheniramine,HPLC-UV/Vis
SMP-00721,1.22,11609.5,2846.8,2940.9,0.0117,Uracil,HPLC-UV/Vis
SMP-00721,2.81,50627.5,10125.4,10221.0,0.0502,Acetaminophen,HPLC-UV/Vis
SMP-00721,4.13,87030.3,14278.4,14671.6,0.087,Caffeine,HPLC-UV/Vis
SMP-00721,5.62,24100.8,5204.6,5226.1,0.0247,Aspirin,HPLC-UV/Vis
SMP-00721,7.21,64962.3,11147.3,11586.5,0.0647,Benzoic Acid,HPLC-UV/Vis
SMP-00721,8.93,29045.1,6028.2,6222.8,0.0294,Phenacetin,HPLC-UV/Vis
SMP-00721,10.35,15661.5,4031.7,4104.6,0.0154,Salicylic Acid,HPLC-UV/Vis
SMP-00721,12.1,57347.9,10539.7,10637.3,0.0573,Chlorpheniramine,HPLC-UV/Vis
SMP-00722,1.25,11087.4,2857.2,2896.3,0.0107,Uracil,HPLC-UV/Vis
SMP-00722,2.8,48511.1,9284.5,9679.4,0.0494,Acetaminophen,HPLC-UV/Vis
SMP-00722,4.17,92633.2,14457.9,14860.8,0.0901,Caffeine,HPLC-UV/Vis
SMP-00722,5.66,20736.8,4220.1,4415.3,0.0204,Aspirin,HPLC-UV/Vis
SMP-00722,7.16,64529.4,11125.6,11165.2,0.0643,Benzoic Acid,HPLC-UV/Vis
SMP-00722,8.93,31955.4,6558.4,6825.2,0.0331,Phenacetin,HPLC-UV/Vis
SMP-00722,10.41,15428.5,3808.5,3905.1,0.0149,Salicylic Acid,HPLC-UV/Vis
SMP-00722,12.13,46261.8,8075.6,8223.8,0.0467,Chlorpheniramine,HPLC-UV/Vis
SMP-00723,1.23,12564.1,3229.8,3307.3,0.0126,Uracil,HPLC-UV/Vis
SMP-00723,2.88,49233.7,9445.8,9952.8,0.0495,Acetaminophen,HPLC-UV/Vis
SMP-00723,4.14,86970.5,13607.0,13559.7,0.0876,Caffeine,HPLC-UV/Vis
SMP-00723,5.63,21044.3,4478.4,4682.3,0.0209,Aspirin,HPLC-UV/Vis
SMP-00723,7.2,80054.6,13557.7,14075.6,0.0811,Benzoic Acid,HPLC-UV/Vis
SMP-00723,8.9,32326.5,7004.3,6893.6,0.0326,Phenacetin,HPLC-UV/Vis
SMP-00723,10.4,15724.7,3915.5,4049.5,0.0162,Salicylic Acid,HPLC-UV/Vis
SMP-00723,12.09,60132.6,10781.2,11000.1,0.0588,Chlorpheniramine,HPLC-UV/Vis
SMP-00724,1.24,9435.6,2477.2,2530.0,0.0094,Uracil,HPLC-UV/Vis
SMP-00724,2.79,58293.4,11772.2,12290.0,0.0585,Acetaminophen,HPLC-UV/Vis
SMP-00724,4.16,96478.4,15926.1,16444.7,0.0982,Caffeine,HPLC-UV/Vis
SMP-00724,5.6,20837.5,4468.6,4376.6,0.021,Aspirin,HPLC-UV/Vis
SMP-00724,7.23,59969.7,10113.8,10417.1,0.061,Benzoic Acid,HPLC-UV/Vis
SMP-00724,8.94,26353.4,5268.5,5426.9,0.0265,Phenacetin,HPLC-UV/Vis
SMP-00724,10.38,15850.8,4021.6,4074.3,0.016,Salicylic Acid,HPLC-UV/Vis
SMP-00724,12.09,49444.4,8633.5,8810.5,0.0506,Chlorpheniramine,HPLC-UV/Vis
SMP-00725,1.22,12710.9,3267.5,3361.1,0.0128,Uracil,HPLC-UV/Vis
SMP-00725,2.77,50317.2,9739.2,10147.6,0.0514,Acetaminophen,HPLC-UV/Vis
SMP-00725,4.11,88161.6,14784.0,15382.1,0.0885,Caffeine,HPLC-UV/Vis
SMP-00725,5.58,23260.1,4917.5,5143.1,0.0232,Aspirin,HPLC-UV/Vis
SMP-00725,7.18,65470.3,10836.5,11469.2,0.0662,Benzoic Acid,HPLC-UV/Vis
SMP-00725,8.91,30367.9,6254.0,6565.7,0.0314,Phenacetin,HPLC-UV/Vis
SMP-00725,10.39,17058.7,4203.9,4238.3,0.0165,Salicylic Acid,HPLC-UV/Vis
SMP-00725,12.06,173550.7,33489.8,34136.0,0.1784,Chlorpheniramine,HPLC-UV/Vis
SMP-00726,1.25,11766.1,3136.1,3155.5,0.0116,Uracil,HPLC-UV/Vis
SMP-00726,2.78,48322.7,9514.5,9999.9,0.0488,Acetaminophen,HPLC-UV/Vis
SMP-00726,4.14,93261.9,15077.6,15544.1,0.0942,Caffeine,HPLC-UV/Vis
SMP-00726,5.61,21273.0,4903.4,4942.0,0.0215,Aspirin,HPLC-UV/Vis
SMP-00726,7.23,73356.5,12190.0,12934.7,0.0731,Benzoic Acid,HPLC-UV/Vis
SMP-00726,8.93,32463.9,6480.7,6677.6,0.0324,Phenacetin,HPLC-UV/Vis
SMP-00726,10.38,20395.3,4810.6,4977.3,0.0205,Salicylic Acid,HPLC-UV/Vis
SMP-00726,12.08,55511.3,9871.6,10537.6,0.0548,Chlorpheniramine,HPLC-UV/Vis
SMP-00727,1.23,11454.1,2809.5,2931.5,0.0113,Uracil,HPLC-UV/Vis
SMP-00727,2.77,47194.3,9177.1,9457.2,0.0465,Acetaminophen,HPLC-UV/Vis
SMP-00727,4.13,89826.8,14541.2,14486.4,0.0934,Caffeine,HPLC-UV/Vis
SMP-00727,5.61,23880.9,5586.7,5881.4,0.024,Aspirin,HPLC-UV/Vis
SMP-00727,7.18,55246.1,9057.3,9448.9,0.0561,Benzoic Acid,HPLC-UV/Vis
SMP-00727,8.93,32919.7,6911.5,6811.0,0.0331,Phenacetin,HPLC-UV/Vis
SMP-00727,10.39,11666.5,2749.2,2731.9,0.0115,Salicylic Acid,HPLC-UV/Vis
SMP-00727,12.13,58420.5,10664.4,11245.9,0.0578,Chlorpheniramine,HPLC-UV/Vis
SMP-00728,1.32,13179.2,3443.3,3493.8,0.0131,Uracil,HPLC-UV/Vis
SMP-00728,2.85,38663.6,7757.6,8080.5,0.0372,Acetaminophen,HPLC-UV/Vis
SMP-00728,4.14,77418.4,12743.4,12916.1,0.0771,Caffeine,HPLC-UV/Vis
SMP-00728,5.57,20354.8,4616.1,4784.6,0.0205,Aspirin,HPLC-UV/Vis
SMP-00728,7.2,62439.1,10123.2,10773.2,0.0636,Benzoic Acid,HPLC-UV/Vis
SMP-00728,8.91,25892.9,5189.9,5356.8,0.026,Phenacetin,HPLC-UV/Vis
SMP-00728,10.41,13980.8,3577.5,3670.7,0.0141,Salicylic Acid,HPLC-UV/Vis
SMP-00728,12.11,65458.3,11545.3,11634.0,0.0645,Chlorpheniramine,HPLC-UV/Vis
SMP-00729,1.23,11154.8,2862.3,3037.5,0.0112,Uracil,HPLC-UV/Vis
SMP-00729,2.81,48766.5,9843.5,10186.1,0.0488,Acetaminophen,HPLC-UV/Vis
SMP-00729,4.17,81667.6,12894.8,13331.4,0.0844,Caffeine,HPLC-UV/Vis
SMP-00729,5.6,20832.5,4832.6,4972.1,0.0207,Aspirin,HPLC-UV/Vis
SMP-00729,7.19,62324.8,10136.6,10306.9,0.0608,Benzoic Acid,HPLC-UV/Vis
SMP-00729,8.98,33287.2,6670.6,6989.2,0.0335,Phenacetin,HPLC-UV/Vis
SMP-00729,10.36,16133.4,4142.6,4268.1,0.0164,Salicylic Acid,HPLC-UV/Vis
SMP-00729,12.13,53386.7,8946.2,9085.4,0.0535,Chlorpheniramine,HPLC-UV/Vis
SMP-00730,1.25,12487.6,3153.3,3346.3,0.0129,Uracil,HPLC-UV/Vis
SMP-00730,2.75,37523.2,7453.0,7696.8,0.0368,Acetaminophen,HPLC-UV/Vis
SMP-00730,4.11,96291.6,15486.5,15616.2,0.0956,Caffeine,HPLC-UV/Vis
SMP-00730,5.61,25793.5,5865.5,6060.2,0.0257,Aspirin,HPLC-UV/Vis
SMP-00730,7.15,67270.6,10893.3,11485.6,0.067,Benzoic Acid,HPLC-UV/Vis
SMP-00730,8.94,174557.2,34117.4,40900.0,0.1758,Phenacetin,HPLC-UV/Vis
SMP-00730,10.33,15199.1,3818.0,3854.7,0.0147,Salicylic Acid,HPLC-UV/Vis
SMP-00730,12.12,51705.0,9729.5,10380.1,0.0496,Chlorpheniramine,HPLC-UV/Vis
SMP-00731,1.18,13273.5,3346.4,3414.9,0.0136,Uracil,HPLC-UV/Vis
SMP-00731,2.75,35369.3,7212.6,7578.7,0.0351,Acetaminophen,HPLC-UV/Vis
SMP-00731,4.18,113772.7,18392.0,18501.3,0.116,Caffeine,HPLC-UV/Vis
SMP-00731,5.59,17004.6,3708.1,3724.5,0.0176,Aspirin,HPLC-UV/Vis
SMP-00731,7.22,66692.8,11125.4,11575.3,0.0666,Benzoic Acid,HPLC-UV/Vis
SMP-00731,8.93,32788.4,6361.1,6765.4,0.0329,Phenacetin,HPLC-UV/Vis
SMP-00731,10.41,14673.6,3554.1,3580.2,0.0148,Salicylic Acid,HPLC-UV/Vis
SMP-00731,12.11,62239.7,11017.7,11319.8,0.0604,Chlorpheniramine,HPLC-UV/Vis
SMP-00732,1.25,43652.3,9659.0,10987.0,0.046,Uracil,HPLC-UV/Vis
SMP-00732,2.8,47842.0,9538.1,9804.4,0.0472,Acetaminophen,HPLC-UV/Vis
SMP-00732,4.14,83113.7,13013.5,13782.1,0.0849,Caffeine,HPLC-UV/Vis
SMP-00732,5.6,21212.2,4739.6,4806.0,0.021,Aspirin,HPLC-UV/Vis
SMP-00732,7.22,77574.0,12818.6,12830.0,0.0788,Benzoic Acid,HPLC-UV/Vis
SMP-00732,8.97,28879.9,5718.9,5951.7,0.0283,Phenacetin,HPLC-UV/Vis
SMP-00732,10.49,18922.0,4699.6,4778.4,0.0187,Salicylic Acid,HPLC-UV/Vis
SMP-00732,12.14,51427.8,9164.9,9455.9,0.0499,Chlorpheniramine,HPLC-UV/Vis
SMP-00733,1.21,13130.4,3401.0,3580.3,0.0127,Uracil,HPLC-UV/Vis
SMP-00733,2.81,41806.3,7910.8,8308.4,0.0413,Acetaminophen,HPLC-UV/Vis
SMP-00733,4.14,87511.2,14523.5,14607.7,0.0872,Caffeine,HPLC-UV/Vis
SMP-00733,5.66,19966.2,4459.0,4575.8,0.0199,Aspirin,HPLC-UV/Vis
SMP-00733,7.22,72148.4,12837.6,12883.6,0.0698,Benzoic Acid,HPLC-UV/Vis
SMP-00733,8.93,31038.5,6279.6,6491.6,0.0302,Phenacetin,HPLC-UV/Vis
SMP-00733,10.4,17275.9,4306.0,4516.1,0.0173,Salicylic Acid,HPLC-UV/Vis
SMP-00733,12.12,51311.3,9040.2,9185.5,0.0519,Chlorpheniramine,HPLC-UV/Vis
SMP-00734,1.25,11413.5,2813.3,2836.2,0.0115,Uracil,HPLC-UV/Vis
SMP-00734,2.78,36292.2,7894.9,8308.3,0.0371,Acetaminophen,HPLC-UV/Vis
SMP-00734,4.15,87996.6,14894.2,15742.9,0.0891,Caffeine,HPLC-UV/Vis
SMP-00734,5.56,22505.2,5229.7,5470.7,0.0218,Aspirin,HPLC-UV/Vis
SMP-00734,7.25,70468.3,11771.8,12174.9,0.0704,Benzoic Acid,HPLC-UV/Vis
SMP-00734,8.92,34352.7,7092.8,7405.9,0.0347,Phenacetin,HPLC-UV/Vis
SMP-00734,10.41,16885.6,4132.3,4177.9,0.0168,Salicylic Acid,HPLC-UV/Vis
SMP-00734,12.12,62065.6,11087.5,11470.2,0.0619,Chlorpheniramine,HPLC-UV/Vis
SMP-00735,1.26,12943.0,3323.3,3408.0,0.0126,Uracil,HPLC-UV/Vis
SMP-00735,2.81,46048.2,8997.8,9437.2,0.0461,Acetaminophen,HPLC-UV/Vis
SMP-00735,4.14,91376.5,14688.6,15441.9,0.0914,Caffeine,HPLC-UV/Vis
SMP-00735,5.58,107351.4,22585.1,26707.3,0.1081,Aspirin,HPLC-UV/Vis
SMP-00735,7.13,72519.0,12425.3,13102.4,0.0712,Benzoic Acid,HPLC-UV/Vis
SMP-00735,8.93,25224.8,5055.5,5097.5,0.0254,Phenacetin,HPLC-UV/Vis
SMP-00735,10.37,14790.3,3690.6,4006.3,0.0149,Salicylic Acid,HPLC-UV/Vis
SMP-00735,12.08,57767.6,10049.8,10571.7,0.0581,Chlorpheniramine,HPLC-UV/Vis
SMP-00736,1.2,13596.4,3421.5,3534.7,0.0136,Uracil,HPLC-UV/Vis
SMP-00736,2.79,40257.1,7649.1,7944.8,0.0409,Acetaminophen,HPLC-UV/Vis
SMP-00736,4.12,83425.8,13272.3,13103.2,0.0836,Caffeine,HPLC-UV/Vis
SMP-00736,5.6,19728.7,4171.4,4352.3,0.0197,Aspirin,HPLC-UV/Vis
SMP-00736,7.18,69165.6,11286.1,11547.2,0.0695,Benzoic Acid,HPLC-UV/Vis
SMP-00736,8.92,31270.0,6359.6,6769.7,0.0312,Phenacetin,HPLC-UV/Vis
SMP-00736,10.41,15097.9,3595.6,3736.6,0.0152,Salicylic Acid,HPLC-UV/Vis
SMP-00736,12.12,58316.3,10755.8,10929.9,0.057,Chlorpheniramine,HPLC-UV/Vis
SMP-00737,1.27,14220.5,3725.5,3824.8,0.0147,Uracil,HPLC-UV/Vis
SMP-00737,2.77,46958.9,9470.5,9594.8,0.0454,Acetaminophen,HPLC-UV/Vis
SMP-00737,4.17,62756.6,10626.7,10655.0,0.064,Caffeine,HPLC-UV/Vis
SMP-00737,5.56,24529.2,5601.9,5768.9,0.0256,Aspirin,HPLC-UV/Vis
SMP-00737,7.17,65363.2,10744.7,11128.0,0.0644,Benzoic Acid,HPLC-UV/Vis
SMP-00737,8.97,36234.2,7339.0,7608.6,0.0366,Phenacetin,HPLC-UV/Vis
SMP-00737,10.39,12381.1,3025.4,3152.2,0.0124,Salicylic Acid,HPLC-UV/Vis
SMP-00737,12.05,56656.5,10254.4,10847.1,0.0551,Chlorpheniramine,HPLC-UV/Vis
SMP-00738,1.21,13727.1,3647.2,3896.8,0.0139,Uracil,HPLC-UV/Vis
SMP-00738,2.81,48425.0,9423.6,9822.9,0.0504,Acetaminophen,HPLC-UV/Vis
SMP-00738,4.15,90967.6,14722.6,15236.8,0.0906,Caffeine,HPLC-UV/Vis
SMP-00738,5.63,28103.3,6201.4,6423.2,0.0282,Aspirin,HPLC-UV/Vis
SMP-00738,7.23,56447.7,9535.5,10202.2,0.0583,Benzoic Acid,HPLC-UV/Vis
SMP-00738,8.98,29341.5,5875.2,5964.3,0.0286,Phenacetin,HPLC-UV/Vis
SMP-00738,10.44,16278.4,4057.0,4202.6,0.0165,Salicylic Acid,HPLC-UV/Vis
SMP-00738,12.11,51894.4,9371.7,9695.2,0.0511,Chlorpheniramine,HPLC-UV/Vis
SMP-00739,1.23,10647.3,2625.7,2651.0,0.0103,Uracil,HPLC-UV/Vis
SMP-00739,2.77,37266.8,7135.0,7190.2,0.0386,Acetaminophen,HPLC-UV/Vis
SMP-00739,4.11,94273.6,15361.8,15749.3,0.0971,Caffeine,HPLC-UV/Vis
SMP-00739,5.63,22154.0,4888.6,4962.0,0.0218,Aspirin,HPLC-UV/Vis
SMP-00739,7.14,69736.5,11627.7,11628.2,0.0706,Benzoic Acid,HPLC-UV/Vis
SMP-00739,8.93,28751.9,6112.0,6344.7,0.0287,Phenacetin,HPLC-UV/Vis
SMP-00739,10.41,17829.3,4341.1,4508.4,0.0182,Salicylic Acid,HPLC-UV/Vis
SMP-00739,12.13,51463.2,9452.6,10050.7,0.0511,Chlorpheniramine,HPLC-UV/Vis
SMP-00740,1.25,10642.3,2946.5,3032.4,0.0111,Uracil,HPLC-UV/Vis
SMP-00740,2.8,50124.9,9446.5,9710.5,0.051,Acetaminophen,HPLC-UV/Vis
SMP-00740,4.14,99148.7,16726.8,17750.5,0.0979,Caffeine,HPLC-UV/Vis
SMP-00740,5.59,24759.8,5283.6,5321.7,0.0244,Aspirin,HPLC-UV/Vis
SMP-00740,7.23,72906.5,11954.0,12266.3,0.0695,Benzoic Acid,HPLC-UV/Vis
SMP-00740,8.99,29603.5,5863.1,6200.4,0.0289,Phenacetin,HPLC-UV/Vis
SMP-00740,10.49,15430.1,3900.4,3887.3,0.0149,Salicylic Acid,HPLC-UV/Vis
SMP-00740,12.12,54210.4,9747.5,9788.3,0.0541,Chlorpheniramine,HPLC-UV/Vis
SMP-00741,1.22,11196.3,2896.2,2941.3,0.0112,Uracil,HPLC-UV/Vis
SMP-00741,2.82,46902.7,9052.9,9353.7,0.0478,Acetaminophen,HPLC-UV/Vis
SMP-00741,4.15,77558.9,12645.8,12959.7,0.0775,Caffeine,HPLC-UV/Vis
SMP-00741,5.62,25610.3,5593.9,5840.4,0.0258,Aspirin,HPLC-UV/Vis
SMP-00741,7.2,66509.2,11521.5,12053.8,0.0661,Benzoic Acid,HPLC-UV/Vis
SMP-00741,8.98,35381.2,7318.7,7634.7,0.0362,Phenacetin,HPLC-UV/Vis
SMP-00741,10.4,16360.0,3936.3,4188.1,0.0162,Salicylic Acid,HPLC-UV/Vis
SMP-00741,12.16,44109.9,8039.4,8174.4,0.0441,Chlorpheniramine,HPLC-UV/Vis
SMP-00742,1.24,12481.3,3230.9,3385.7,0.012,Uracil,HPLC-UV/Vis
SMP-00742,2.79,45505.8,8851.8,8970.4,0.0441,Acetaminophen,HPLC-UV/Vis
SMP-00742,4.12,92793.3,14676.5,15320.1,0.0927,Caffeine,HPLC-UV/Vis
SMP-00742,5.59,22160.5,4857.2,5117.7,0.0215,Aspirin,HPLC-UV/Vis
SMP-00742,7.23,72925.4,12570.5,12932.7,0.0711,Benzoic Acid,HPLC-UV/Vis
SMP-00742,8.94,33573.8,6838.5,6998.3,0.0338,Phenacetin,HPLC-UV/Vis
SMP-00742,10.39,14038.3,3527.6,3707.3,0.0137,Salicylic Acid,HPLC-UV/Vis
SMP-00742,12.12,48034.7,8793.0,8999.4,0.0467,Chlorpheniramine,HPLC-UV/Vis
SMP-00743,1.24,13103.3,3260.2,3459.3,0.0136,Uracil,HPLC-UV/Vis
SMP-00743,2.8,51882.0,9957.2,10337.4,0.0503,Acetaminophen,HPLC-UV/Vis
SMP-00743,4.16,83942.8,13488.6,13484.4,0.0851,Caffeine,HPLC-UV/Vis
SMP-00743,5.65,21523.0,4874.6,5089.3,0.0211,Aspirin,HPLC-UV/Vis
SMP-00743,7.19,64773.8,10328.3,10748.4,0.0638,Benzoic Acid,HPLC-UV/Vis
SMP-00743,8.98,32984.4,6647.2,6985.0,0.0334,Phenacetin,HPLC-UV/Vis
SMP-00743,10.38,17161.6,4269.2,4269.0,0.0168,Salicylic Acid,HPLC-UV/Vis
SMP-00743,12.06,58563.7,11158.6,11576.7,0.0576,Chlorpheniramine,HPLC-UV/Vis
SMP-00744,1.28,12573.6,3278.2,3324.1,0.0124,Uracil,HPLC-UV/Vis
SMP-00744,2.78,33955.3,6516.8,6753.2,0.0349,Acetaminophen,HPLC-UV/Vis
SMP-00744,4.14,449781.7,68825.1,64379.2,0.4529,Caffeine,HPLC-UV/Vis
SMP-00744,5.53,24418.7,5440.4,5644.0,0.0239,Aspirin,HPLC-UV/Vis
SMP-00744,7.22,76438.5,12776.8,13365.9,0.0758,Benzoic Acid,HPLC-UV/Vis
SMP-00744,8.99,30222.1,6427.5,6410.2,0.0298,Phenacetin,HPLC-UV/Vis
SMP-00744,10.46,15623.0,3687.8,3937.0,0.0156,Salicylic Acid,HPLC-UV/Vis
SMP-00744,12.09,54972.0,9774.8,10509.4,0.0563,Chlorpheniramine,HPLC-UV/Vis
SMP-00745,1.23,10178.3,2587.9,2795.8,0.0101,Uracil,HPLC-UV/Vis
SMP-00745,2.77,42003.3,8141.2,8729.0,0.043,Acetaminophen,HPLC-UV/Vis
SMP-00745,4.17,78954.0,12538.0,13042.2,0.0814,Caffeine,HPLC-UV/Vis
SMP-00745,5.61,23898.4,5482.6,5474.3,0.0247,Aspirin,HPLC-UV/Vis
SMP-00745,7.21,64055.3,10256.5,10658.9,0.0644,Benzoic Acid,HPLC-UV/Vis
SMP-00745,8.95,35961.4,7798.2,8227.6,0.0361,Phenacetin,HPLC-UV/Vis
SMP-00745,10.42,16648.1,4143.3,4173.0,0.0169,Salicylic Acid,HPLC-UV/Vis
SMP-00745,12.07,57911.8,10232.9,10518.6,0.0569,Chlorpheniramine,HPLC-UV/Vis
SMP-00746,1.24,12963.8,3417.5,3603.2,0.0129,Uracil,HPLC-UV/Vis
SMP-00746,2.77,45293.2,8813.3,8915.1,0.0458,Acetaminophen,HPLC-UV/Vis
SMP-00746,4.15,100123.5,16089.7,16846.0,0.1027,Caffeine,HPLC-UV/Vis
SMP-00746,5.59,20853.2,4495.6,4487.8,0.0212,Aspirin,HPLC-UV/Vis
SMP-00746,7.2,58124.9,9536.7,10086.0,0.0589,Benzoic Acid,HPLC-UV/Vis
SMP-00746,9.05,32224.0,6196.0,6245.4,0.0324,Phenacetin,HPLC-UV/Vis
SMP-00746,10.39,15359.8,3652.1,3788.9,0.0158,Salicylic Acid,HPLC-UV/Vis
SMP-00746,12.15,49019.5,8857.8,9067.9,0.0497,Chlorpheniramine,HPLC-UV/Vis
SMP-00747,1.24,14261.5,3675.0,3794.4,0.0144,Uracil,HPLC-UV/Vis
SMP-00747,2.82,52909.0,9938.6,10301.2,0.0528,Acetaminophen,HPLC-UV/Vis
SMP-00747,4.17,100766.1,16122.8,17150.4,0.0982,Caffeine,HPLC-UV/Vis
SMP-00747,5.57,21617.5,4782.2,4887.5,0.0203,Aspirin,HPLC-UV/Vis
SMP-00747,7.22,66314.5,10939.9,11186.5,0.064,Benzoic Acid,HPLC-UV/Vis
SMP-00747,8.97,34522.3,7196.6,7467.0,0.035,Phenacetin,HPLC-UV/Vis
SMP-00747,10.38,15947.8,3851.0,3944.7,0.0163,Salicylic Acid,HPLC-UV/Vis
SMP-00747,12.03,52818.4,9460.2,9963.8,0.0512,Chlorpheniramine,HPLC-UV/Vis
SMP-00748,1.22,13472.6,3555.3,3535.1,0.0135,Uracil,HPLC-UV/Vis
SMP-00748,2.77,46263.0,9126.0,9139.2,0.0457,Acetaminophen,HPLC-UV/Vis
SMP-00748,4.15,82145.1,13443.6,14017.6,0.0846,Caffeine,HPLC-UV/Vis
SMP-00748,5.61,22368.7,4881.5,4933.8,0.0226,Aspirin,HPLC-UV/Vis
SMP-00748,7.22,61111.5,9999.1,10385.6,0.0609,Benzoic Acid,HPLC-UV/Vis
SMP-00748,8.95,28698.8,6114.2,6416.4,0.0273,Phenacetin,HPLC-UV/Vis
SMP-00748,10.41,13285.5,3336.4,3351.1,0.0136,Salicylic Acid,HPLC-UV/Vis
SMP-00748,12.05,65695.5,11424.4,11583.0,0.065,Chlorpheniramine,HPLC-UV/Vis
SMP-00749,1.27,12522.6,3315.0,3439.2,0.0122,Uracil,HPLC-UV/Vis
SMP-00749,2.81,42939.4,8898.2,9273.4,0.0438,Acetaminophen,HPLC-UV/Vis
SMP-00749,4.14,94850.6,15556.1,15849.5,0.0927,Caffeine,HPLC-UV/Vis
SMP-00749,5.62,23137.5,5080.7,5235.9,0.023,Aspirin,HPLC-UV/Vis
SMP-00749,7.21,64121.3,10048.4,10310.2,0.0633,Benzoic Acid,HPLC-UV/Vis
SMP-00749,8.98,31449.2,6128.5,6388.2,0.0305,Phenacetin,HPLC-UV/Vis
SMP-00749,10.39,15736.3,3830.4,3934.0,0.0158,Salicylic Acid,HPLC-UV/Vis
SMP-00749,12.16,55414.7,10092.8,10252.3,0.0558,Chlorpheniramine,HPLC-UV/Vis
SMP-00750,1.28,10602.4,2644.1,2637.3,0.0107,Uracil,HPLC-UV/Vis
SMP-00750,2.82,41332.0,8174.0,8514.0,0.0415,Acetaminophen,HPLC-UV/Vis
SMP-00750,4.15,81077.3,12711.9,13231.6,0.0804,Caffeine,HPLC-UV/Vis
SMP-00750,5.65,22044.0,4775.3,4887.6,0.0221,Aspirin,HPLC-UV/Vis
SMP-00750,7.2,81409.5,13670.4,14293.9,0.0814,Benzoic Acid,HPLC-UV/Vis
SMP-00750,8.94,29190.4,6162.0,6339.8,0.0293,Phenacetin,HPLC-UV/Vis
SMP-00750,10.4,15367.9,3682.4,3871.1,0.0153,Salicylic Acid,HPLC-UV/Vis
SMP-00750,12.11,55733.6,10375.8,10672.6,0.0572,Chlorpheniramine,HPLC-UV/Vis
SMP-00751,1.26,12221.7,3342.2,3419.1,0.0122,Uracil,HPLC-UV/Vis
SMP-00751,2.79,47240.6,9508.5,9821.8,0.0474,Acetaminophen,HPLC-UV/Vis
SMP-00751,4.13,90061.9,14643.5,15426.4,0.0884,Caffeine,HPLC-UV/Vis
SMP-00751,5.6,23443.1,5013.1,5219.9,0.023,Aspirin,HPLC-UV/Vis
SMP-00751,7.21,65205.4,10142.1,10884.6,0.0638,Benzoic Acid,HPLC-UV/Vis
SMP-00751,8.93,34470.2,6998.4,7103.1,0.0348,Phenacetin,HPLC-UV/Vis
SMP-00751,10.39,16677.5,4234.3,4279.8,0.0165,Salicylic Acid,HPLC-UV/Vis
SMP-00751,12.04,61559.3,10837.3,11067.6,0.0618,Chlorpheniramine,HPLC-UV/Vis
SMP-00752,1.22,14593.8,3503.8,3530.3,0.0145,Uracil,HPLC-UV/Vis
SMP-00752,2.84,38205.0,7840.3,8031.9,0.037,Acetaminophen,HPLC-UV/Vis
SMP-00752,4.14,414695.9,63778.8,59506.9,0.4232,Caffeine,HPLC-UV/Vis
SMP-00752,5.61,24889.4,5671.1,5808.0,0.0249,Aspirin,HPLC-UV/Vis
SMP-00752,7.13,66714.2,11011.3,11424.0,0.0656,Benzoic Acid,HPLC-UV/Vis
SMP-00752,8.93,29768.2,5979.1,6305.6,0.0285,Phenacetin,HPLC-UV/Vis
SMP-00752,10.44,14719.5,3702.6,3823.3,0.0152,Salicylic Acid,HPLC-UV/Vis
SMP-00752,12.17,45733.9,8325.9,8288.5,0.0452,Chlorpheniramine,HPLC-UV/Vis
SMP-00753,1.26,13676.3,3564.5,3703.6,0.0136,Uracil,HPLC-UV/Vis
SMP-00753,2.78,33294.9,6448.3,6672.7,0.0327,Acetaminophen,HPLC-UV/Vis
SMP-00753,4.17,97093.3,15262.1,15477.4,0.0984,Caffeine,HPLC-UV/Vis
SMP-00753,5.64,26109.8,6134.3,6282.4,0.0268,Aspirin,HPLC-UV/Vis
SMP-00753,7.27,70464.8,11892.2,12484.4,0.0686,Benzoic Acid,HPLC-UV/Vis
SMP-00753,8.95,32279.1,7021.7,7099.0,0.0332,Phenacetin,HPLC-UV/Vis
SMP-00753,10.39,15345.1,3703.1,3850.3,0.0152,Salicylic Acid,HPLC-UV/Vis
SMP-00753,12.09,56675.9,9835.8,10245.4,0.058,Chlorpheniramine,HPLC-UV/Vis
SMP-00754,1.26,61221.7,15042.1,17425.0,0.0604,Uracil,HPLC-UV/Vis
SMP-00754,2.83,47248.8,9235.2,9758.0,0.0465,Acetaminophen,HPLC-UV/Vis
SMP-00754,4.15,75759.0,12851.3,13449.9,0.0758,Caffeine,HPLC-UV/Vis
SMP-00754,5.6,86569.1,20949.2,18586.0,0.0857,Aspirin,HPLC-UV/Vis
SMP-00754,7.18,60967.9,11204.8,11975.7,0.0612,Benzoic Acid,HPLC-UV/Vis
SMP-00754,8.98,30965.0,6406.5,6565.1,0.0317,Phenacetin,HPLC-UV/Vis
SMP-00754,10.45,16015.7,4148.4,4266.5,0.0167,Salicylic Acid,HPLC-UV/Vis
SMP-00754,12.06,65191.8,11982.1,12466.0,0.0648,Chlorpheniramine,HPLC-UV/Vis
SMP-00755,1.23,12623.0,3230.0,3201.6,0.0131,Uracil,HPLC-UV/Vis
SMP-00755,2.84,42568.3,8313.7,8724.8,0.0433,Acetaminophen,HPLC-UV/Vis
SMP-00755,4.17,95230.3,15416.0,15535.1,0.0941,Caffeine,HPLC-UV/Vis
SMP-00755,5.6,26778.4,6051.3,6134.1,0.0276,Aspirin,HPLC-UV/Vis
SMP-00755,7.22,61071.3,9997.1,10504.5,0.0599,Benzoic Acid,HPLC-UV/Vis
SMP-00755,8.96,28008.8,5404.5,5664.7,0.0298,Phenacetin,HPLC-UV/Vis
SMP-00755,10.42,14221.5,3631.8,3713.4,0.0146,Salicylic Acid,HPLC-UV/Vis
SMP-00755,12.12,57416.7,10547.1,10923.3,0.0585,Chlorpheniramine,HPLC-UV/Vis
SMP-00756,1.24,14278.3,3686.5,3773.1,0.0146,Uracil,HPLC-UV/Vis
SMP-00756,2.76,49143.3,9586.7,10010.8,0.0492,Acetaminophen,HPLC-UV/Vis
SMP-00756,4.1,81217.9,13524.5,14639.3,0.0819,Caffeine,HPLC-UV/Vis
SMP-00756,5.6,21036.2,4835.9,4985.6,0.0215,Aspirin,HPLC-UV/Vis
SMP-00756,7.23,56457.1,9390.5,9773.5,0.0561,Benzoic Acid,HPLC-UV/Vis
SMP-00756,8.96,34472.8,7191.1,7463.4,0.035,Phenacetin,HPLC-UV/Vis
SMP-00756,10.38,13439.6,3336.3,3464.0,0.0139,Salicylic Acid,HPLC-UV/Vis
SMP-00756,12.08,54927.2,9380.5,9585.3,0.0524,Chlorpheniramine,HPLC-UV/Vis
SMP-00757,1.24,12285.8,3068.3,3119.3,0.0125,Uracil,HPLC-UV/Vis
SMP-00757,2.82,42084.8,7729.5,8151.0,0.0433,Acetaminophen,HPLC-UV/Vis
SMP-00757,4.13,86963.0,13784.0,14022.8,0.0878,Caffeine,HPLC-UV/Vis
SMP-00757,5.59,25463.4,5676.1,5656.6,0.0255,Aspirin,HPLC-UV/Vis
SMP-00757,7.24,77544.8,13013.3,13719.7,0.0773,Benzoic Acid,HPLC-UV/Vis
SMP-00757,8.95,34625.2,7333.4,7658.5,0.0342,Phenacetin,HPLC-UV/Vis
SMP-00757,10.42,16994.6,4157.8,4256.6,0.0171,Salicylic Acid,HPLC-UV/Vis
SMP-00757,12.07,52691.5,9447.4,10101.2,0.0522,Chlorpheniramine,HPLC-UV/Vis
SMP-00758,1.25,10923.4,2686.5,2762.8,0.0105,Uracil,HPLC-UV/Vis
SMP-00758,2.79,43770.4,8832.5,9072.6,0.0444,Acetaminophen,HPLC-UV/Vis
SMP-00758,4.15,97839.7,15529.6,16159.4,0.0935,Caffeine,HPLC-UV/Vis
SMP-00758,5.58,22902.1,5041.6,5094.6,0.0224,Aspirin,HPLC-UV/Vis
SMP-00758,7.22,61433.3,10391.0,10818.7,0.0609,Benzoic Acid,HPLC-UV/Vis
SMP-00758,8.95,32339.5,6622.9,6743.1,0.0326,Phenacetin,HPLC-UV/Vis
SMP-00758,10.38,15135.8,3999.7,4142.9,0.0147,Salicylic Acid,HPLC-UV/Vis
SMP-00758,12.08,56262.7,10263.9,10441.1,0.0583,Chlorpheniramine,HPLC-UV/Vis
SMP-00759,1.24,10930.1,2723.4,2737.3,0.0109,Uracil,HPLC-UV/Vis
SMP-00759,2.82,43123.5,8604.6,8947.3,0.0437,Acetaminophen,HPLC-UV/Vis
SMP-00759,4.21,81627.7,13637.2,14154.9,0.0835,Caffeine,HPLC-UV/Vis
SMP-00759,5.64,100582.0,20789.7,22962.9,0.1004,Aspirin,HPLC-UV/Vis
SMP-00759,7.15,65458.1,10858.4,11280.0,0.0657,Benzoic Acid,HPLC-UV/Vis
SMP-00759,8.97,33500.8,6942.4,7225.1,0.0334,Phenacetin,HPLC-UV/Vis
SMP-00759,10.46,15491.4,3621.7,3780.9,0.0158,Salicylic Acid,HPLC-UV/Vis
SMP-00759,12.04,61174.4,11129.1,11394.0,0.0625,Chlorpheniramine,HPLC-UV/Vis
SMP-00760,1.25,11777.2,3170.3,3280.8,0.0116,Uracil,HPLC-UV/Vis
SMP-00760,2.73,48126.4,9015.1,9202.2,0.0479,Acetaminophen,HPLC-UV/Vis
SMP-00760,4.22,73327.0,12114.0,13011.0,0.0723,Caffeine,HPLC-UV/Vis
SMP-00760,5.61,25014.6,5623.6,5752.0,0.0246,Aspirin,HPLC-UV/Vis
SMP-00760,7.18,54485.0,8566.1,8724.4,0.0565,Benzoic Acid,HPLC-UV/Vis
SMP-00760,9.0,35277.7,7280.2,7127.4,0.0345,Phenacetin,HPLC-UV/Vis
SMP-00760,10.45,14712.8,3495.8,3613.8,0.0143,Salicylic Acid,HPLC-UV/Vis
SMP-00760,12.08,68768.7,12165.0,12999.5,0.0675,Chlorpheniramine,HPLC-UV/Vis
SMP-00761,1.23,13073.4,3373.8,3480.5,0.0133,Uracil,HPLC-UV/Vis
SMP-00761,2.79,42711.3,8255.9,8474.1,0.0425,Acetaminophen,HPLC-UV/Vis
SMP-00761,4.11,80034.7,13372.0,13171.3,0.0822,Caffeine,HPLC-UV/Vis
SMP-00761,5.65,25932.6,5675.6,5820.5,0.0267,Aspirin,HPLC-UV/Vis
SMP-00761,7.23,75112.0,12117.0,12530.2,0.0741,Benzoic Acid,HPLC-UV/Vis
SMP-00761,8.95,29909.2,6103.7,6225.8,0.0291,Phenacetin,HPLC-UV/Vis
SMP-00761,10.4,13350.8,3272.9,3470.7,0.0136,Salicylic Acid,HPLC-UV/Vis
SMP-00761,12.09,49013.5,8644.4,8789.4,0.0474,Chlorpheniramine,HPLC-UV/Vis
SMP-00762,1.26,11935.1,3088.5,3281.3,0.0124,Uracil,HPLC-UV/Vis
SMP-00762,2.83,45037.0,8621.8,8687.9,0.0451,Acetaminophen,HPLC-UV/Vis
SMP-00762,4.11,86639.9,13938.0,14425.0,0.0871,Caffeine,HPLC-UV/Vis
SMP-00762,5.66,21089.2,4514.7,4672.5,0.0218,Aspirin,HPLC-UV/Vis
SMP-00762,7.21,66043.1,11262.3,11741.7,0.0661,Benzoic Acid,HPLC-UV/Vis
SMP-00762,8.93,33697.1,7178.9,7408.7,0.0334,Phenacetin,HPLC-UV/Vis
SMP-00762,10.42,15535.4,3647.5,3826.4,0.0152,Salicylic Acid,HPLC-UV/Vis
SMP-00762,12.04,54787.1,9886.5,9794.2,0.0551,Chlorpheniramine,HPLC-UV/Vis
SMP-00763,1.25,11937.9,2926.2,2952.8,0.0117,Uracil,HPLC-UV/Vis
SMP-00763,2.83,55851.1,10716.9,10921.8,0.056,Acetaminophen,HPLC-UV/Vis
SMP-00763,4.13,89686.3,14885.2,14703.0,0.0887,Caffeine,HPLC-UV/Vis
SMP-00763,5.6,24099.4,5491.9,5609.0,0.0241,Aspirin,HPLC-UV/Vis
SMP-00763,7.17,68796.2,10976.2,11577.0,0.0695,Benzoic Acid,HPLC-UV/Vis
SMP-00763,8.91,144780.8,30035.2,29217.5,0.1404,Phenacetin,HPLC-UV/Vis
SMP-00763,10.41,15089.4,3745.5,3798.9,0.0152,Salicylic Acid,HPLC-UV/Vis
SMP-00763,12.14,57229.3,10423.5,10429.7,0.0567,Chlorpheniramine,HPLC-UV/Vis
SMP-00764,1.23,12469.8,3228.2,3343.1,0.0128,Uracil,HPLC-UV/Vis
SMP-00764,2.76,46727.8,9236.7,9747.0,0.0466,Acetaminophen,HPLC-UV/Vis
SMP-00764,4.18,90793.8,14063.8,13975.8,0.0941,Caffeine,HPLC-UV/Vis
SMP-00764,5.59,25140.0,5280.7,5324.9,0.0246,Aspirin,HPLC-UV/Vis
SMP-00764,7.26,62451.8,10573.2,10955.5,0.0621,Benzoic Acid,HPLC-UV/Vis
SMP-00764,9.02,25534.4,5278.9,5368.9,0.0262,Phenacetin,HPLC-UV/Vis
SMP-00764,10.37,14368.0,3323.2,3435.9,0.0146,Salicylic Acid,HPLC-UV/Vis
SMP-00764,12.09,64541.6,11945.7,12626.0,0.0621,Chlorpheniramine,HPLC-UV/Vis
SMP-00765,1.26,10891.7,2699.2,2768.4,0.0106,Uracil,HPLC-UV/Vis
SMP-00765,2.79,48426.9,9222.1,9416.3,0.0494,Acetaminophen,HPLC-UV/Vis
SMP-00765,4.16,92674.3,15246.2,15550.7,0.0908,Caffeine,HPLC-UV/Vis
SMP-00765,5.57,20519.7,4533.7,4602.7,0.021,Aspirin,HPLC-UV/Vis
SMP-00765,7.24,70424.8,11573.0,12178.1,0.0695,Benzoic Acid,HPLC-UV/Vis
SMP-00765,8.97,31907.5,6416.2,6411.5,0.0319,Phenacetin,HPLC-UV/Vis
SMP-00765,10.4,14944.0,3558.4,3646.1,0.0149,Salicylic Acid,HPLC-UV/Vis
SMP-00765,12.11,65552.9,11894.8,12091.6,0.0654,Chlorpheniramine,HPLC-UV/Vis
SMP-00766,1.28,14120.7,3531.7,3728.2,0.0142,Uracil,HPLC-UV/Vis
SMP-00766,2.79,51345.5,10100.1,10158.3,0.0502,Acetaminophen,HPLC-UV/Vis
SMP-00766,4.13,89891.7,14122.6,14425.3,0.0924,Caffeine,HPLC-UV/Vis
SMP-00766,5.65,18953.8,4440.9,4582.3,0.019,Aspirin,HPLC-UV/Vis
SMP-00766,7.22,54805.2,8901.9,9103.8,0.053,Benzoic Acid,HPLC-UV/Vis
SMP-00766,8.99,31167.4,6451.1,6643.2,0.0312,Phenacetin,HPLC-UV/Vis
SMP-00766,10.35,16359.1,3986.3,4049.0,0.0162,Salicylic Acid,HPLC-UV/Vis
SMP-00766,12.06,53287.3,10114.5,10161.0,0.0528,Chlorpheniramine,HPLC-UV/Vis
SMP-00767,1.26,12350.5,3088.4,3208.7,0.0124,Uracil,HPLC-UV/Vis
SMP-00767,2.83,38993.2,7853.4,8049.1,0.0397,Acetaminophen,HPLC-UV/Vis
SMP-00767,4.21,89256.6,14333.8,14616.8,0.0874,Caffeine,HPLC-UV/Vis
SMP-00767,5.57,24946.4,5473.8,5445.0,0.0256,Aspirin,HPLC-UV/Vis
SMP-00767,7.2,68977.0,10688.0,11102.9,0.0681,Benzoic Acid,HPLC-UV/Vis
SMP-00767,8.99,31645.7,6424.5,6595.4,0.0328,Phenacetin,HPLC-UV/Vis
SMP-00767,10.37,14838.9,3479.0,3551.9,0.0153,Salicylic Acid,HPLC-UV/Vis
SMP-00767,12.06,56536.6,10107.5,10524.2,0.0563,Chlorpheniramine,HPLC-UV/Vis
SMP-00768,1.22,10999.8,2917.2,2887.9,0.011,Uracil,HPLC-UV/Vis
SMP-00768,2.73,46096.3,8558.5,8499.5,0.0451,Acetaminophen,HPLC-UV/Vis
SMP-00768,4.13,99075.9,16141.3,16467.7,0.0967,Caffeine,HPLC-UV/Vis
SMP-00768,5.66,21476.3,4652.2,4693.1,0.022,Aspirin,HPLC-UV/Vis
SMP-00768,7.19,63362.5,10212.7,10460.0,0.0647,Benzoic Acid,HPLC-UV/Vis
SMP-00768,8.99,28953.5,5495.5,5946.7,0.0291,Phenacetin,HPLC-UV/Vis
SMP-00768,10.38,13475.0,3300.0,3267.6,0.0134,Salicylic Acid,HPLC-UV/Vis
SMP-00768,12.11,55582.5,10563.1,10959.3,0.0535,Chlorpheniramine,HPLC-UV/Vis
SMP-00769,1.22,14847.6,3786.5,4041.3,0.0152,Uracil,HPLC-UV/Vis
SMP-00769,2.77,47356.9,9542.2,9527.2,0.0475,Acetaminophen,HPLC-UV/Vis
SMP-00769,4.11,86171.6,13288.0,13836.0,0.0849,Caffeine,HPLC-UV/Vis
SMP-00769,5.58,21641.1,4531.0,4702.4,0.0219,Aspirin,HPLC-UV/Vis
SMP-00769,7.22,70104.7,11850.5,12371.1,0.0713,Benzoic Acid,HPLC-UV/Vis
SMP-00769,8.94,26136.4,5425.4,5765.1,0.0267,Phenacetin,HPLC-UV/Vis
SMP-00769,10.42,16145.1,3959.4,3975.0,0.0166,Salicylic Acid,HPLC-UV/Vis
SMP-00769,12.09,59399.5,10630.8,10966.6,0.0595,Chlorpheniramine,HPLC-UV/Vis
SMP-00770,1.25,12716.8,3275.7,3315.3,0.0124,Uracil,HPLC-UV/Vis
SMP-00770,2.83,47345.8,9288.6,9397.3,0.0451,Acetaminophen,HPLC-UV/Vis
SMP-00770,4.09,90845.7,15334.9,15606.0,0.0898,Caffeine,HPLC-UV/Vis
SMP-00770,5.6,23023.2,4927.4,5165.2,0.0243,Aspirin,HPLC-UV/Vis
SMP-00770,7.2,66574.2,10891.0,11101.4,0.0679,Benzoic Acid,HPLC-UV/Vis
SMP-00770,8.91,32343.3,6848.3,7005.8,0.0322,Phenacetin,HPLC-UV/Vis
SMP-00770,10.42,16270.1,3992.2,4143.0,0.0162,Salicylic Acid,HPLC-UV/Vis
SMP-00770,12.05,57428.9,10416.1,10823.5,0.0565,Chlorpheniramine,HPLC-UV/Vis
SMP-00771,1.25,14042.9,3691.2,3747.3,0.0142,Uracil,HPLC-UV/Vis
SMP-00771,2.72,53705.1,10336.5,10861.4,0.0531,Acetaminophen,HPLC-UV/Vis
SMP-00771,4.13,91454.5,14943.2,15540.2,0.0906,Caffeine,HPLC-UV/Vis
SMP-00771,5.57,26494.1,5648.6,5725.2,0.0263,Aspirin,HPLC-UV/Vis
SMP-00771,7.22,61647.0,10521.0,10945.2,0.062,Benzoic Acid,HPLC-UV/Vis
SMP-00771,8.89,31381.6,6470.5,6463.6,0.0323,Phenacetin,HPLC-UV/Vis
SMP-00771,10.36,14813.9,3555.6,3605.3,0.0151,Salicylic Acid,HPLC-UV/Vis
SMP-00771,12.04,51410.8,9165.8,9409.2,0.0533,Chlorpheniramine,HPLC-UV/Vis
SMP-00772,1.3,12268.5,3304.2,3382.8,0.0122,Uracil,HPLC-UV/Vis
SMP-00772,2.84,46525.3,9097.2,9485.9,0.0457,Acetaminophen,HPLC-UV/Vis
SMP-00772,4.13,102324.6,16815.7,17553.1,0.0987,Caffeine,HPLC-UV/Vis
SMP-00772,5.59,19780.2,4381.8,4380.2,0.0201,Aspirin,HPLC-UV/Vis
SMP-00772,7.15,67198.0,11111.8,11003.0,0.0684,Benzoic Acid,HPLC-UV/Vis
SMP-00772,9.01,32748.5,6549.3,6813.1,0.0335,Phenacetin,HPLC-UV/Vis
SMP-00772,10.43,11926.9,3073.5,3214.9,0.0111,Salicylic Acid,HPLC-UV/Vis
SMP-00772,12.04,50888.8,9401.3,9657.8,0.0523,Chlorpheniramine,HPLC-UV/Vis
SMP-00773,1.25,82909.1,19493.6,18668.9,0.0834,Uracil,HPLC-UV/Vis
SMP-00773,2.77,35990.6,7390.3,7478.8,0.0358,Acetaminophen,HPLC-UV/Vis
SMP-00773,4.15,93789.3,14628.1,15476.1,0.0936,Caffeine,HPLC-UV/Vis
SMP-00773,5.57,27003.8,5872.5,5931.7,0.0268,Aspirin,HPLC-UV/Vis
SMP-00773,7.2,70395.1,11777.4,12283.2,0.07,Benzoic Acid,HPLC-UV/Vis
SMP-00773,8.94,35419.9,7151.1,7161.4,0.0344,Phenacetin,HPLC-UV/Vis
SMP-00773,10.43,13805.0,3262.7,3385.8,0.0138,Salicylic Acid,HPLC-UV/Vis
SMP-00773,12.06,55876.1,10295.5,10705.6,0.0559,Chlorpheniramine,HPLC-UV/Vis
SMP-00774,1.26,76494.6,19186.8,16424.2,0.0773,Uracil,HPLC-UV/Vis
SMP-00774,2.78,48361.8,10092.0,10421.8,0.0473,Acetaminophen,HPLC-UV/Vis
SMP-00774,4.15,95949.7,16137.6,17070.7,0.0969,Caffeine,HPLC-UV/Vis
SMP-00774,5.64,22297.3,4931.4,5055.3,0.0213,Aspirin,HPLC-UV/Vis
SMP-00774,7.22,51426.2,8882.8,9095.4,0.0528,Benzoic Acid,HPLC-UV/Vis
SMP-00774,8.91,31282.6,6244.9,6279.5,0.0318,Phenacetin,HPLC-UV/Vis
SMP-00774,10.44,14985.4,3540.5,3692.0,0.0147,Salicylic Acid,HPLC-UV/Vis
SMP-00774,12.12,53518.3,9533.5,9552.0,0.0545,Chlorpheniramine,HPLC-UV/Vis
SMP-00775,1.27,13055.6,3460.4,3547.9,0.013,Uracil,HPLC-UV/Vis
SMP-00775,2.78,47362.7,8985.9,9312.2,0.0487,Acetaminophen,HPLC-UV/Vis
SMP-00775,4.11,85513.2,13281.9,14034.8,0.0857,Caffeine,HPLC-UV/Vis
SMP-00775,5.58,20369.3,4652.1,4962.6,0.0197,Aspirin,HPLC-UV/Vis
SMP-00775,7.19,75943.0,12004.3,12418.5,0.0754,Benzoic Acid,HPLC-UV/Vis
SMP-00775,8.95,31269.8,6394.4,6786.0,0.0312,Phenacetin,HPLC-UV/Vis
SMP-00775,10.42,16987.3,4022.3,4199.8,0.0171,Salicylic Acid,HPLC-UV/Vis
SMP-00775,12.09,66636.1,11933.9,12204.2,0.0671,Chlorpheniramine,HPLC-UV/Vis
SMP-00776,1.25,11891.6,3095.1,3184.1,0.0124,Uracil,HPLC-UV/Vis
SMP-00776,2.79,50515.0,9445.2,10048.1,0.0496,Acetaminophen,HPLC-UV/Vis
SMP-00776,4.19,84510.6,13550.8,13927.8,0.0856,Caffeine,HPLC-UV/Vis
SMP-00776,5.6,22376.0,4764.3,4807.6,0.0224,Aspirin,HPLC-UV/Vis
SMP-00776,7.18,67934.2,11072.2,11693.8,0.0678,Benzoic Acid,HPLC-UV/Vis
SMP-00776,8.9,32207.4,6721.5,6904.7,0.0319,Phenacetin,HPLC-UV/Vis
SMP-00776,10.42,13712.2,3420.0,3544.4,0.0136,Salicylic Acid,HPLC-UV/Vis
SMP-00776,12.1,63190.8,11528.5,11657.0,0.0627,Chlorpheniramine,HPLC-UV/Vis
SMP-00777,1.19,11003.6,2839.7,2997.3,0.0113,Uracil,HPLC-UV/Vis
SMP-00777,2.78,41501.0,7375.6,7572.2,0.0422,Acetaminophen,HPLC-UV/Vis
SMP-00777,4.11,81662.0,13131.7,13727.9,0.0813,Caffeine,HPLC-UV/Vis
SMP-00777,5.6,23647.0,5077.2,5159.9,0.0231,Aspirin,HPLC-UV/Vis
SMP-00777,7.19,43152.0,7332.8,7695.7,0.0421,Benzoic Acid,HPLC-UV/Vis
SMP-00777,8.94,24592.7,5420.0,5560.5,0.0247,Phenacetin,HPLC-UV/Vis
SMP-00777,10.39,15852.9,3742.8,3981.9,0.0161,Salicylic Acid,HPLC-UV/Vis
SMP-00777,12.1,50075.0,9357.4,9752.4,0.0496,Chlorpheniramine,HPLC-UV/Vis
SMP-00778,1.2,12486.1,3185.3,3356.4,0.0128,Uracil,HPLC-UV/Vis
SMP-00778,2.8,40523.6,8158.3,8393.8,0.0411,Acetaminophen,HPLC-UV/Vis
SMP-00778,4.13,81815.7,14373.6,14975.7,0.0813,Caffeine,HPLC-UV/Vis
SMP-00778,5.59,23851.9,5179.4,5333.0,0.0237,Aspirin,HPLC-UV/Vis
SMP-00778,7.28,69037.0,11258.2,11725.7,0.0686,Benzoic Acid,HPLC-UV/Vis
SMP-00778,8.97,33189.7,7241.3,7461.1,0.0333,Phenacetin,HPLC-UV/Vis
SMP-00778,10.43,17094.0,4200.3,4323.5,0.0174,Salicylic Acid,HPLC-UV/Vis
SMP-00778,12.06,46064.1,8243.1,8510.2,0.0487,Chlorpheniramine,HPLC-UV/Vis
SMP-00779,1.25,11947.1,3130.1,3241.6,0.0118,Uracil,HPLC-UV/Vis
SMP-00779,2.79,41937.5,8088.0,8353.6,0.0415,Acetaminophen,HPLC-UV/Vis
SMP-00779,4.18,435765.6,56438.2,75275.7,0.4346,Caffeine,HPLC-UV/Vis
SMP-00779,5.59,22494.9,4981.1,5123.6,0.0225,Aspirin,HPLC-UV/Vis
SMP-00779,7.21,62562.1,10031.2,10153.6,0.0616,Benzoic Acid,HPLC-UV/Vis
SMP-00779,8.9,32771.2,6967.4,7254.2,0.0325,Phenacetin,HPLC-UV/Vis
SMP-00779,10.41,13093.2,3179.5,3224.1,0.0124,Salicylic Acid,HPLC-UV/Vis
SMP-00779,12.06,52272.5,9414.0,9607.8,0.0528,Chlorpheniramine,HPLC-UV/Vis
SMP-00780,1.26,12847.1,3169.8,3279.8,0.0126,Uracil,HPLC-UV/Vis
SMP-00780,2.81,43929.9,8636.5,8961.6,0.0426,Acetaminophen,HPLC-UV/Vis
SMP-00780,4.16,83967.9,13590.5,14207.2,0.0834,Caffeine,HPLC-UV/Vis
SMP-00780,5.64,23369.8,5125.0,5259.8,0.0231,Aspirin,HPLC-UV/Vis
SMP-00780,7.22,58304.6,9905.3,10387.4,0.0591,Benzoic Acid,HPLC-UV/Vis
SMP-00780,8.97,35254.2,7220.9,7441.0,0.0366,Phenacetin,HPLC-UV/Vis
SMP-00780,10.37,16962.6,4177.8,4248.3,0.0166,Salicylic Acid,HPLC-UV/Vis
SMP-00780,12.1,47457.0,8555.1,8785.9,0.0474,Chlorpheniramine,HPLC-UV/Vis
SMP-00781,1.2,11065.8,2797.5,2955.6,0.0117,Uracil,HPLC-UV/Vis
SMP-00781,2.8,34609.5,6967.2,7238.9,0.0349,Acetaminophen,HPLC-UV/Vis
SMP-00781,4.21,102764.2,16833.1,17672.0,0.1029,Caffeine,HPLC-UV/Vis
SMP-00781,5.56,17847.7,3746.4,3798.4,0.0176,Aspirin,HPLC-UV/Vis
SMP-00781,7.19,67206.9,10770.6,10819.9,0.0673,Benzoic Acid,HPLC-UV/Vis
SMP-00781,8.95,32898.9,7063.7,7272.8,0.034,Phenacetin,HPLC-UV/Vis
SMP-00781,10.42,17243.6,4282.4,4342.3,0.0176,Salicylic Acid,HPLC-UV/Vis
SMP-00781,12.11,54921.0,10267.2,10655.9,0.0534,Chlorpheniramine,HPLC-UV/Vis
SMP-00782,1.28,11765.1,2914.8,3057.5,0.0116,Uracil,HPLC-UV/Vis
SMP-00782,2.83,42824.3,8124.8,8292.1,0.0419,Acetaminophen,HPLC-UV/Vis
SMP-00782,4.16,95690.1,15192.6,15903.6,0.0939,Caffeine,HPLC-UV/Vis
SMP-00782,5.56,26721.5,5820.1,6064.4,0.027,Aspirin,HPLC-UV/Vis
SMP-00782,7.23,63688.1,10481.1,10655.0,0.0659,Benzoic Acid,HPLC-UV/Vis
SMP-00782,8.96,29254.6,6210.8,6685.5,0.0289,Phenacetin,HPLC-UV/Vis
SMP-00782,10.39,17220.2,4166.3,4366.8,0.0171,Salicylic Acid,HPLC-UV/Vis
SMP-00782,12.03,56243.5,10166.9,10462.4,0.0566,Chlorpheniramine,HPLC-UV/Vis
SMP-00783,1.26,12958.6,3498.6,3410.0,0.0135,Uracil,HPLC-UV/Vis
SMP-00783,2.75,46019.4,9309.1,9759.4,0.0476,Acetaminophen,HPLC-UV/Vis
SMP-00783,4.09,100838.2,16668.4,17657.3,0.0981,Caffeine,HPLC-UV/Vis
SMP-00783,5.6,26179.4,6026.8,6120.1,0.026,Aspirin,HPLC-UV/Vis
SMP-00783,7.18,71951.9,11805.4,12271.7,0.0708,Benzoic Acid,HPLC-UV/Vis
SMP-00783,8.94,29499.3,5993.1,6236.0,0.0307,Phenacetin,HPLC-UV/Vis
SMP-00783,10.37,15615.5,3706.8,3696.7,0.0159,Salicylic Acid,HPLC-UV/Vis
SMP-00783,12.11,43755.5,7739.9,7753.0,0.0437,Chlorpheniramine,HPLC-UV/Vis
SMP-00784,1.25,11620.1,2904.8,2980.7,0.0118,Uracil,HPLC-UV/Vis
SMP-00784,2.77,41702.4,7928.3,8094.3,0.0407,Acetaminophen,HPLC-UV/Vis
SMP-00784,4.19,86573.8,13534.3,13328.9,0.0898,Caffeine,HPLC-UV/Vis
SMP-00784,5.61,25785.8,5774.0,5938.5,0.0252,Aspirin,HPLC-UV/Vis
SMP-00784,7.19,64822.8,10785.1,11120.4,0.0656,Benzoic Acid,HPLC-UV/Vis
SMP-00784,8.93,31281.2,6521.3,6630.6,0.0322,Phenacetin,HPLC-UV/Vis
SMP-00784,10.45,13428.9,3345.8,3386.6,0.0132,Salicylic Acid,HPLC-UV/Vis
SMP-00784,12.09,68279.1,12498.5,12699.6,0.0688,Chlorpheniramine,HPLC-UV/Vis
SMP-00785,1.27,12081.7,3144.4,3251.2,0.0121,Uracil,HPLC-UV/Vis
SMP-00785,2.75,46246.8,8800.0,8826.6,0.0455,Acetaminophen,HPLC-UV/Vis
SMP-00785,4.14,92209.8,15225.2,15557.4,0.095,Caffeine,HPLC-UV/Vis
SMP-00785,5.54,22304.0,4931.8,4756.9,0.0229,Aspirin,HPLC-UV/Vis
SMP-00785,7.17,60928.8,10381.3,10876.3,0.0601,Benzoic Acid,HPLC-UV/Vis
SMP-00785,8.95,32181.4,6710.3,6836.0,0.0321,Phenacetin,HPLC-UV/Vis
SMP-00785,10.43,17674.5,4487.9,4739.4,0.0182,Salicylic Acid,HPLC-UV/Vis
SMP-00785,12.11,59692.3,10620.3,11264.6,0.0582,Chlorpheniramine,HPLC-UV/Vis
SMP-00786,1.22,13555.7,3622.8,3764.8,0.0131,Uracil,HPLC-UV/Vis
SMP-00786,2.81,48711.4,9418.4,9714.9,0.0474,Acetaminophen,HPLC-UV/Vis
SMP-00786,4.14,96236.6,16254.5,16366.6,0.0965,Caffeine,HPLC-UV/Vis
SMP-00786,5.59,25242.2,5471.2,5641.3,0.0251,Aspirin,HPLC-UV/Vis
SMP-00786,7.18,62932.8,10708.7,11414.8,0.0617,Benzoic Acid,HPLC-UV/Vis
SMP-00786,8.92,24920.0,4961.4,5053.6,0.0246,Phenacetin,HPLC-UV/Vis
SMP-00786,10.4,13733.6,3385.5,3569.2,0.0141,Salicylic Acid,HPLC-UV/Vis
SMP-00786,12.13,50509.8,9032.2,9375.2,0.0501,Chlorpheniramine,HPLC-UV/Vis
SMP-00787,1.27,68513.1,16824.4,17734.7,0.0696,Uracil,HPLC-UV/Vis
SMP-00787,2.81,48685.8,9528.7,9724.3,0.0482,Acetaminophen,HPLC-UV/Vis
SMP-00787,4.11,90018.7,14029.0,14154.6,0.0903,Caffeine,HPLC-UV/Vis
SMP-00787,5.61,20525.4,4245.6,4372.2,0.0196,Aspirin,HPLC-UV/Vis
SMP-00787,7.17,82458.6,13380.0,13905.3,0.0815,Benzoic Acid,HPLC-UV/Vis
SMP-00787,8.96,33884.5,7146.9,7465.3,0.0345,Phenacetin,HPLC-UV/Vis
SMP-00787,10.42,15068.9,3783.1,3905.3,0.0153,Salicylic Acid,HPLC-UV/Vis
SMP-00787,12.12,49823.4,8546.9,8972.3,0.0513,Chlorpheniramine,HPLC-UV/Vis
SMP-00788,1.27,10421.9,2619.0,2701.9,0.01,Uracil,HPLC-UV/Vis
SMP-00788,2.8,43026.2,8268.8,8449.6,0.0419,Acetaminophen,HPLC-UV/Vis
SMP-00788,4.15,84003.0,13437.1,13785.4,0.0855,Caffeine,HPLC-UV/Vis
SMP-00788,5.54,20342.2,4634.0,4709.5,0.0203,Aspirin,HPLC-UV/Vis
SMP-00788,7.22,52920.4,9280.0,9586.2,0.0534,Benzoic Acid,HPLC-UV/Vis
SMP-00788,8.98,30951.6,6065.0,6286.2,0.0301,Phenacetin,HPLC-UV/Vis
SMP-00788,10.39,15520.0,3703.5,3839.7,0.0157,Salicylic Acid,HPLC-UV/Vis
SMP-00788,12.11,54568.0,9838.8,9986.1,0.0571,Chlorpheniramine,HPLC-UV/Vis
SMP-00789,1.27,13853.0,3589.4,3672.0,0.0132,Uracil,HPLC-UV/Vis
SMP-00789,2.86,51113.9,9987.0,9971.6,0.0517,Acetaminophen,HPLC-UV/Vis
SMP-00789,4.17,79282.4,12674.8,13279.4,0.0827,Caffeine,HPLC-UV/Vis
SMP-00789,5.57,25462.9,5429.2,5463.1,0.0256,Aspirin,HPLC-UV/Vis
SMP-00789,7.17,64907.9,10824.0,11046.4,0.0625,Benzoic Acid,HPLC-UV/Vis
SMP-00789,8.96,32345.0,6608.1,7006.3,0.032,Phenacetin,HPLC-UV/Vis
SMP-00789,10.45,12170.7,2947.1,3031.1,0.0121,Salicylic Acid,HPLC-UV/Vis
SMP-00789,12.06,59393.3,11146.8,11388.2,0.0584,Chlorpheniramine,HPLC-UV/Vis
SMP-00790,1.22,10228.3,2719.2,2855.2,0.0096,Uracil,HPLC-UV/Vis
SMP-00790,2.8,235096.6,39428.0,49921.0,0.234,Acetaminophen,HPLC-UV/Vis
SMP-00790,4.13,72548.0,11716.8,12256.5,0.072,Caffeine,HPLC-UV/Vis
SMP-00790,5.64,25467.7,5888.5,6330.9,0.0255,Aspirin,HPLC-UV/Vis
SMP-00790,7.18,71262.1,12326.5,12437.7,0.0716,Benzoic Acid,HPLC-UV/Vis
SMP-00790,8.95,30696.2,6370.3,6820.3,0.031,Phenacetin,HPLC-UV/Vis
SMP-00790,10.38,15303.0,3628.3,3747.3,0.0145,Salicylic Acid,HPLC-UV/Vis
SMP-00790,12.1,47910.1,8550.7,8998.8,0.0492,Chlorpheniramine,HPLC-UV/Vis
SMP-00791,1.31,13102.3,3223.8,3301.4,0.0132,Uracil,HPLC-UV/Vis
SMP-00791,2.84,46757.1,8843.0,9348.5,0.0464,Acetaminophen,HPLC-UV/Vis
SMP-00791,4.15,106971.8,17123.6,17951.1,0.1068,Caffeine,HPLC-UV/Vis
SMP-00791,5.65,18469.4,4067.9,4117.2,0.0187,Aspirin,HPLC-UV/Vis
SMP-00791,7.19,63881.5,10684.5,10733.0,0.0643,Benzoic Acid,HPLC-UV/Vis
SMP-00791,8.97,27088.6,5448.1,5529.7,0.0269,Phenacetin,HPLC-UV/Vis
SMP-00791,10.43,14852.4,3563.1,3733.1,0.0145,Salicylic Acid,HPLC-UV/Vis
SMP-00791,12.08,53270.3,9870.2,10034.2,0.0543,Chlorpheniramine,HPLC-UV/Vis
SMP-00792,1.27,12345.8,3284.3,3310.0,0.0128,Uracil,HPLC-UV/Vis
SMP-00792,2.87,42515.8,8438.8,8428.8,0.0423,Acetaminophen,HPLC-UV/Vis
SMP-00792,4.11,99954.1,15714.2,15954.6,0.0984,Caffeine,HPLC-UV/Vis
SMP-00792,5.63,26034.4,5627.9,5948.6,0.0257,Aspirin,HPLC-UV/Vis
SMP-00792,7.18,62936.1,10428.5,10566.4,0.0632,Benzoic Acid,HPLC-UV/Vis
SMP-00792,8.96,27800.6,5574.5,5669.8,0.0284,Phenacetin,HPLC-UV/Vis
SMP-00792,10.4,14484.9,3617.6,3856.0,0.0145,Salicylic Acid,HPLC-UV/Vis
SMP-00792,12.08,57231.9,10218.5,10349.6,0.0563,Chlorpheniramine,HPLC-UV/Vis
SMP-00793,1.2,12407.4,3197.5,3264.7,0.0122,Uracil,HPLC-UV/Vis
SMP-00793,2.76,46591.3,9248.5,9555.4,0.0477,Acetaminophen,HPLC-UV/Vis
SMP-00793,4.13,85086.6,15262.9,15875.8,0.0863,Caffeine,HPLC-UV/Vis
SMP-00793,5.6,25524.2,5349.4,5539.5,0.0257,Aspirin,HPLC-UV/Vis
SMP-00793,7.17,60106.8,9646.4,10036.6,0.0608,Benzoic Acid,HPLC-UV/Vis
SMP-00793,9.01,32093.9,6607.6,6778.4,0.0327,Phenacetin,HPLC-UV/Vis
SMP-00793,10.46,13706.9,3162.7,3210.8,0.0139,Salicylic Acid,HPLC-UV/Vis
SMP-00793,12.14,52067.8,9733.0,9863.3,0.0533,Chlorpheniramine,HPLC-UV/Vis
SMP-00794,1.23,13060.0,3382.5,3518.9,0.0134,Uracil,HPLC-UV/Vis
SMP-00794,2.82,48837.0,9151.6,9418.7,0.0478,Acetaminophen,HPLC-UV/Vis
SMP-00794,4.18,89137.9,13400.0,13521.5,0.0902,Caffeine,HPLC-UV/Vis
SMP-00794,5.62,20311.3,4543.0,4718.5,0.0207,Aspirin,HPLC-UV/Vis
SMP-00794,7.22,77554.3,12124.6,12500.9,0.0751,Benzoic Acid,HPLC-UV/Vis
SMP-00794,8.93,30993.1,6430.5,6739.8,0.0312,Phenacetin,HPLC-UV/Vis
SMP-00794,10.37,17249.2,3826.0,4057.6,0.0177,Salicylic Acid,HPLC-UV/Vis
SMP-00794,12.17,44424.0,8261.9,8532.1,0.0447,Chlorpheniramine,HPLC-UV/Vis
SMP-00795,1.26,12883.6,3245.2,3338.1,0.0126,Uracil,HPLC-UV/Vis
SMP-00795,2.83,50292.3,9978.6,10469.6,0.0512,Acetaminophen,HPLC-UV/Vis
SMP-00795,4.16,98895.0,15475.9,15511.4,0.0963,Caffeine,HPLC-UV/Vis
SMP-00795,5.57,21886.2,5063.7,5171.3,0.0212,Aspirin,HPLC-UV/Vis
SMP-00795,7.19,62128.5,10127.0,10646.9,0.0602,Benzoic Acid,HPLC-UV/Vis
SMP-00795,8.96,29284.8,6305.6,6475.3,0.0292,Phenacetin,HPLC-UV/Vis
SMP-00795,10.35,16127.4,3886.8,4083.2,0.0159,Salicylic Acid,HPLC-UV/Vis
SMP-00795,12.09,56438.9,10131.4,10488.5,0.0583,Chlorpheniramine,HPLC-UV/Vis
SMP-00796,1.26,15297.3,3969.2,3895.1,0.0152,Uracil,HPLC-UV/Vis
SMP-00796,2.83,45370.5,9100.9,9485.2,0.0459,Acetaminophen,HPLC-UV/Vis
SMP-00796,4.17,101390.9,15852.3,16227.3,0.102,Caffeine,HPLC-UV/Vis
SMP-00796,5.64,24782.9,5534.0,5790.5,0.0251,Aspirin,HPLC-UV/Vis
SMP-00796,7.19,74074.8,12060.3,12404.7,0.0725,Benzoic Acid,HPLC-UV/Vis
SMP-00796,8.99,28281.5,5772.1,5889.9,0.029,Phenacetin,HPLC-UV/Vis
SMP-00796,10.39,10778.3,2756.9,2842.1,0.0108,Salicylic Acid,HPLC-UV/Vis
SMP-00796,12.09,50784.7,9078.3,9439.5,0.0517,Chlorpheniramine,HPLC-UV/Vis
SMP-00797,1.26,12270.4,3238.9,3273.1,0.0127,Uracil,HPLC-UV/Vis
SMP-00797,2.79,41366.6,8206.2,8406.3,0.0413,Acetaminophen,HPLC-UV/Vis
SMP-00797,4.14,84129.8,13857.9,14199.5,0.0794,Caffeine,HPLC-UV/Vis
SMP-00797,5.56,20691.0,4722.0,4704.2,0.0208,Aspirin,HPLC-UV/Vis
SMP-00797,7.18,60799.4,10211.2,10605.8,0.0585,Benzoic Acid,HPLC-UV/Vis
SMP-00797,8.91,32412.9,6422.5,6556.2,0.0316,Phenacetin,HPLC-UV/Vis
SMP-00797,10.39,13807.7,3399.3,3531.5,0.0147,Salicylic Acid,HPLC-UV/Vis
SMP-00797,12.14,44612.7,7491.0,7671.3,0.0465,Chlorpheniramine,HPLC-UV/Vis
SMP-00798,1.23,11720.6,3064.7,3144.6,0.0117,Uracil,HPLC-UV/Vis
SMP-00798,2.88,51775.2,10560.6,10487.9,0.0528,Acetaminophen,HPLC-UV/Vis
SMP-00798,4.2,101308.3,16731.0,16984.4,0.1004,Caffeine,HPLC-UV/Vis
SMP-00798,5.62,24033.0,5523.6,5867.2,0.0236,Aspirin,HPLC-UV/Vis
SMP-00798,7.21,333798.2,54722.3,56051.6,0.3299,Benzoic Acid,HPLC-UV/Vis
SMP-00798,8.95,27153.9,5661.4,5990.2,0.0272,Phenacetin,HPLC-UV/Vis
SMP-00798,10.4,14006.1,3640.6,3573.4,0.014,Salicylic Acid,HPLC-UV/Vis
SMP-00798,12.15,55371.5,10763.6,11094.3,0.0545,Chlorpheniramine,HPLC-UV/Vis
SMP-00799,1.28,11411.2,2892.7,3050.5,0.0117,Uracil,HPLC-UV/Vis
SMP-00799,2.79,37757.4,6788.6,7095.9,0.0386,Acetaminophen,HPLC-UV/Vis
SMP-00799,4.16,82901.7,14114.9,14034.7,0.0821,Caffeine,HPLC-UV/Vis
SMP-00799,5.6,23095.3,5019.8,5224.7,0.0225,Aspirin,HPLC-UV/Vis
SMP-00799,7.21,65158.8,10829.9,11201.5,0.0628,Benzoic Acid,HPLC-UV/Vis
SMP-00799,9.0,25998.4,5359.1,5454.6,0.0257,Phenacetin,HPLC-UV/Vis
SMP-00799,10.43,14058.0,3149.3,3348.1,0.0144,Salicylic Acid,HPLC-UV/Vis
SMP-00799,12.07,53781.3,9351.8,9621.1,0.0534,Chlorpheniramine,HPLC-UV/Vis
SMP-00800,1.27,12128.4,3282.7,3386.8,0.0115,Uracil,HPLC-UV/Vis
SMP-00800,2.86,44155.8,8644.9,8906.0,0.0455,Acetaminophen,HPLC-UV/Vis
SMP-00800,4.19,100443.4,16330.4,16955.3,0.0998,Caffeine,HPLC-UV/Vis
SMP-00800,5.62,23669.6,5267.0,5475.8,0.0234,Aspirin,HPLC-UV/Vis
SMP-00800,7.2,248679.3,41819.7,37851.0,0.2492,Benzoic Acid,HPLC-UV/Vis
SMP-00800,8.93,32366.9,6700.4,6899.9,0.0319,Phenacetin,HPLC-UV/Vis
SMP-00800,10.41,15322.3,3858.7,4021.6,0.0153,Salicylic Acid,HPLC-UV/Vis
SMP-00800,12.09,57616.1,10336.0,10708.8,0.0574,Chlorpheniramine,HPLC-UV/Vis
SMP-00801,1.29,13430.0,3327.5,3317.0,0.0136,Uracil,HPLC-UV/Vis
SMP-00801,2.75,44839.3,9347.3,9577.5,0.0472,Acetaminophen,HPLC-UV/Vis
SMP-00801,4.13,414652.1,60207.6,52141.7,0.4127,Caffeine,HPLC-UV/Vis
SMP-00801,5.64,25344.7,5556.3,5770.8,0.0246,Aspirin,HPLC-UV/Vis
SMP-00801,7.2,64878.2,10792.7,11088.7,0.0631,Benzoic Acid,HPLC-UV/Vis
SMP-00801,8.98,29990.5,5814.2,5703.0,0.0312,Phenacetin,HPLC-UV/Vis
SMP-00801,10.42,14120.6,3404.6,3489.3,0.0142,Salicylic Acid,HPLC-UV/Vis
SMP-00801,12.07,49145.7,8862.5,8817.5,0.0483,Chlorpheniramine,HPLC-UV/Vis
SMP-00802,1.26,14322.4,3635.5,3747.2,0.0139,Uracil,HPLC-UV/Vis
SMP-00802,2.77,44388.5,8753.1,9106.3,0.0431,Acetaminophen,HPLC-UV/Vis
SMP-00802,4.15,100504.1,16973.5,18027.9,0.098,Caffeine,HPLC-UV/Vis
SMP-00802,5.55,26106.4,5985.0,6281.6,0.0259,Aspirin,HPLC-UV/Vis
SMP-00802,7.18,67492.9,11185.2,11073.8,0.0664,Benzoic Acid,HPLC-UV/Vis
SMP-00802,8.95,31700.3,6501.4,6643.1,0.0317,Phenacetin,HPLC-UV/Vis
SMP-00802,10.33,16827.3,4282.9,4311.6,0.0167,Salicylic Acid,HPLC-UV/Vis
SMP-00802,12.08,56302.4,11452.8,11941.2,0.0564,Chlorpheniramine,HPLC-UV/Vis
SMP-00803,1.27,11625.9,2821.5,2939.6,0.0119,Uracil,HPLC-UV/Vis
SMP-00803,2.85,52417.1,10393.1,10647.0,0.0505,Acetaminophen,HPLC-UV/Vis
SMP-00803,4.09,68175.3,11363.9,11971.2,0.0647,Caffeine,HPLC-UV/Vis
SMP-00803,5.6,22424.5,4740.2,5008.6,0.0218,Aspirin,HPLC-UV/Vis
SMP-00803,7.16,70644.4,11650.2,11820.2,0.0714,Benzoic Acid,HPLC-UV/Vis
SMP-00803,8.88,32815.2,6958.6,7150.2,0.0327,Phenacetin,HPLC-UV/Vis
SMP-00803,10.38,76711.3,19067.5,17803.7,0.0763,Salicylic Acid,HPLC-UV/Vis
SMP-00803,12.07,50238.8,9363.6,9346.1,0.0528,Chlorpheniramine,HPLC-UV/Vis
SMP-00804,1.21,12677.1,3181.5,3250.2,0.0123,Uracil,HPLC-UV/Vis
SMP-00804,2.74,43052.8,8145.6,8308.1,0.0424,Acetaminophen,HPLC-UV/Vis
SMP-00804,4.18,92417.5,15588.3,15900.5,0.093,Caffeine,HPLC-UV/Vis
SMP-00804,5.63,21412.7,4848.4,4910.8,0.0211,Aspirin,HPLC-UV/Vis
SMP-00804,7.21,60073.7,9664.8,9830.1,0.0601,Benzoic Acid,HPLC-UV/Vis
SMP-00804,8.96,30083.9,6297.8,6494.7,0.0312,Phenacetin,HPLC-UV/Vis
SMP-00804,10.36,15268.8,3721.8,3765.8,0.0157,Salicylic Acid,HPLC-UV/Vis
SMP-00804,12.08,55184.9,9712.1,10191.1,0.056,Chlorpheniramine,HPLC-UV/Vis
SMP-00805,1.27,11828.4,2895.9,2964.0,0.0118,Uracil,HPLC-UV/Vis
SMP-00805,2.77,40165.1,7523.9,7950.3,0.0406,Acetaminophen,HPLC-UV/Vis
SMP-00805,4.17,98861.3,16082.3,17052.3,0.0967,Caffeine,HPLC-UV/Vis
SMP-00805,5.57,25968.3,5797.8,6109.4,0.0253,Aspirin,HPLC-UV/Vis
SMP-00805,7.15,69835.1,11461.6,11978.6,0.0699,Benzoic Acid,HPLC-UV/Vis
SMP-00805,8.9,31457.5,6542.7,6448.9,0.0314,Phenacetin,HPLC-UV/Vis
SMP-00805,10.37,14578.8,3565.4,3621.9,0.014,Salicylic Acid,HPLC-UV/Vis
SMP-00805,12.09,49115.3,8790.5,8993.1,0.0492,Chlorpheniramine,HPLC-UV/Vis
SMP-00806,1.25,12390.0,3263.2,3464.6,0.0124,Uracil,HPLC-UV/Vis
SMP-00806,2.76,48760.5,9234.7,9945.3,0.0513,Acetaminophen,HPLC-UV/Vis
SMP-00806,4.1,95032.6,16361.2,16422.6,0.0984,Caffeine,HPLC-UV/Vis
SMP-00806,5.56,23813.7,5413.4,5568.7,0.024,Aspirin,HPLC-UV/Vis
SMP-00806,7.24,63205.8,10213.6,10735.3,0.0638,Benzoic Acid,HPLC-UV/Vis
SMP-00806,8.93,33191.2,6598.7,6829.3,0.0333,Phenacetin,HPLC-UV/Vis
SMP-00806,10.42,14009.1,3489.7,3595.8,0.0138,Salicylic Acid,HPLC-UV/Vis
SMP-00806,12.16,53824.5,9628.2,9696.8,0.055,Chlorpheniramine,HPLC-UV/Vis
SMP-00807,1.27,12374.5,3252.7,3296.7,0.0125,Uracil,HPLC-UV/Vis
SMP-00807,2.81,37495.9,7785.8,8271.5,0.0364,Acetaminophen,HPLC-UV/Vis
SMP-00807,4.11,89948.9,13666.6,13996.8,0.0891,Caffeine,HPLC-UV/Vis
SMP-00807,5.65,27006.2,6140.0,6334.3,0.0272,Aspirin,HPLC-UV/Vis
SMP-00807,7.16,75123.7,12716.2,13285.0,0.072,Benzoic Acid,HPLC-UV/Vis
SMP-00807,8.98,31152.8,6294.6,6311.9,0.0303,Phenacetin,HPLC-UV/Vis
SMP-00807,10.39,15212.6,3880.0,3898.9,0.0151,Salicylic Acid,HPLC-UV/Vis
SMP-00807,12.09,54560.2,9814.1,10247.0,0.0523,Chlorpheniramine,HPLC-UV/Vis
SMP-00808,1.25,11207.7,2913.7,3046.9,0.0114,Uracil,HPLC-UV/Vis
SMP-00808,2.79,48083.7,9471.3,9710.8,0.0491,Acetaminophen,HPLC-UV/Vis
SMP-00808,4.11,95896.2,15371.3,15733.3,0.0955,Caffeine,HPLC-UV/Vis
SMP-00808,5.63,22731.6,4985.8,4931.2,0.0224,Aspirin,HPLC-UV/Vis
SMP-00808,7.21,66678.5,10775.5,11131.7,0.0666,Benzoic Acid,HPLC-UV/Vis
SMP-00808,8.98,34354.4,7001.8,7261.3,0.0342,Phenacetin,HPLC-UV/Vis
SMP-00808,10.46,16770.4,4192.4,4294.3,0.0171,Salicylic Acid,HPLC-UV/Vis
SMP-00808,12.09,58210.8,10341.4,10840.0,0.0585,Chlorpheniramine,HPLC-UV/Vis
SMP-00809,1.23,12954.0,3515.0,3632.8,0.0131,Uracil,HPLC-UV/Vis
SMP-00809,2.77,45193.0,8738.9,8629.7,0.0459,Acetaminophen,HPLC-UV/Vis
SMP-00809,4.17,346244.4,63891.4,66658.9,0.3606,Caffeine,HPLC-UV/Vis
SMP-00809,5.57,23215.4,5208.3,5406.6,0.0232,Aspirin,HPLC-UV/Vis
SMP-00809,7.23,68591.6,11723.5,12167.1,0.0695,Benzoic Acid,HPLC-UV/Vis
SMP-00809,8.94,34652.6,7078.6,7092.6,0.0344,Phenacetin,HPLC-UV/Vis
SMP-00809,10.41,15154.9,3706.2,3892.5,0.0156,Salicylic Acid,HPLC-UV/Vis
SMP-00809,12.13,53240.8,9167.4,9226.2,0.053,Chlorpheniramine,HPLC-UV/Vis
SMP-00810,1.24,13927.0,3755.4,3801.4,0.0145,Uracil,HPLC-UV/Vis
SMP-00810,2.86,45646.7,8808.4,9071.2,0.0449,Acetaminophen,HPLC-UV/Vis
SMP-00810,4.13,84165.3,13081.7,13282.9,0.0829,Caffeine,HPLC-UV/Vis
SMP-00810,5.59,20524.9,4775.7,4904.4,0.0207,Aspirin,HPLC-UV/Vis
SMP-00810,7.26,73532.7,12136.7,12240.4,0.074,Benzoic Acid,HPLC-UV/Vis
SMP-00810,8.95,31403.9,6483.2,6435.3,0.0315,Phenacetin,HPLC-UV/Vis
SMP-00810,10.4,17353.5,4359.0,4445.9,0.0175,Salicylic Acid,HPLC-UV/Vis
SMP-00810,12.04,53186.3,9314.0,9618.4,0.0539,Chlorpheniramine,HPLC-UV/Vis
SMP-00811,1.22,12741.8,3509.6,3462.4,0.0129,Uracil,HPLC-UV/Vis
SMP-00811,2.79,45320.7,8715.4,9081.7,0.0451,Acetaminophen,HPLC-UV/Vis
SMP-00811,4.19,99274.1,15873.7,16365.7,0.1014,Caffeine,HPLC-UV/Vis
SMP-00811,5.64,23965.0,5409.0,5723.7,0.0238,Aspirin,HPLC-UV/Vis
SMP-00811,7.14,56752.0,9599.3,10012.5,0.0562,Benzoic Acid,HPLC-UV/Vis
SMP-00811,8.94,31799.0,6079.0,6318.0,0.0318,Phenacetin,HPLC-UV/Vis
SMP-00811,10.4,13443.0,3149.4,3339.8,0.0132,Salicylic Acid,HPLC-UV/Vis
SMP-00811,12.07,54119.6,9656.3,9890.5,0.0538,Chlorpheniramine,HPLC-UV/Vis
SMP-00812,1.31,12746.4,3236.5,3247.6,0.0124,Uracil,HPLC-UV/Vis
SMP-00812,2.76,43783.4,8550.0,8361.6,0.0426,Acetaminophen,HPLC-UV/Vis
SMP-00812,4.13,91508.3,15322.4,15578.7,0.0907,Caffeine,HPLC-UV/Vis
SMP-00812,5.58,24065.1,5382.0,5250.6,0.0244,Aspirin,HPLC-UV/Vis
SMP-00812,7.21,75350.6,11921.8,11980.1,0.0753,Benzoic Acid,HPLC-UV/Vis
SMP-00812,8.94,33840.2,7018.2,7239.8,0.0337,Phenacetin,HPLC-UV/Vis
SMP-00812,10.39,15957.5,3710.3,3930.2,0.0157,Salicylic Acid,HPLC-UV/Vis
SMP-00812,12.1,47948.1,9050.0,9517.3,0.0462,Chlorpheniramine,HPLC-UV/Vis
SMP-00813,1.26,9871.6,2333.7,2364.8,0.0096,Uracil,HPLC-UV/Vis
SMP-00813,2.76,45239.6,8553.2,9000.4,0.0454,Acetaminophen,HPLC-UV/Vis
SMP-00813,4.1,83597.0,13648.5,14181.6,0.0824,Caffeine,HPLC-UV/Vis
SMP-00813,5.59,22411.9,5279.5,5471.0,0.0224,Aspirin,HPLC-UV/Vis
SMP-00813,7.16,65963.1,11341.8,11636.9,0.0658,Benzoic Acid,HPLC-UV/Vis
SMP-00813,8.9,32563.5,6631.3,6889.4,0.0327,Phenacetin,HPLC-UV/Vis
SMP-00813,10.41,13586.6,3334.4,3430.2,0.0141,Salicylic Acid,HPLC-UV/Vis
SMP-00813,12.06,218238.4,40074.2,35111.1,0.2222,Chlorpheniramine,HPLC-UV/Vis
SMP-00814,1.21,10036.8,2649.9,2699.7,0.01,Uracil,HPLC-UV/Vis
SMP-00814,2.8,38658.0,7692.1,8151.1,0.0391,Acetaminophen,HPLC-UV/Vis
SMP-00814,4.11,81160.3,13238.0,14012.7,0.0798,Caffeine,HPLC-UV/Vis
SMP-00814,5.63,22097.4,5141.2,5280.2,0.0226,Aspirin,HPLC-UV/Vis
SMP-00814,7.22,66206.7,10964.9,11385.8,0.0673,Benzoic Acid,HPLC-UV/Vis
SMP-00814,8.9,32004.4,6439.4,6562.2,0.0323,Phenacetin,HPLC-UV/Vis
SMP-00814,10.39,18678.5,4424.9,4666.6,0.0188,Salicylic Acid,HPLC-UV/Vis
SMP-00814,12.14,50750.8,9552.4,9799.2,0.0501,Chlorpheniramine,HPLC-UV/Vis
SMP-00815,1.3,13871.4,3519.4,3663.4,0.014,Uracil,HPLC-UV/Vis
SMP-00815,2.83,42935.8,7758.6,8031.6,0.043,Acetaminophen,HPLC-UV/Vis
SMP-00815,4.12,75290.8,12081.3,12232.2,0.077,Caffeine,HPLC-UV/Vis
SMP-00815,5.59,24307.5,5350.5,5482.1,0.0243,Aspirin,HPLC-UV/Vis
SMP-00815,7.22,65388.3,11166.8,11693.4,0.0657,Benzoic Acid,HPLC-UV/Vis
SMP-00815,8.94,27845.9,5747.0,5849.3,0.0276,Phenacetin,HPLC-UV/Vis
SMP-00815,10.45,16184.5,3930.4,4046.9,0.0165,Salicylic Acid,HPLC-UV/Vis
SMP-00815,12.13,55251.0,10068.3,10082.6,0.0557,Chlorpheniramine,HPLC-UV/Vis
SMP-00816,1.26,11535.2,3021.6,3103.0,0.0113,Uracil,HPLC-UV/Vis
SMP-00816,2.87,35389.6,6921.7,6989.5,0.0367,Acetaminophen,HPLC-UV/Vis
SMP-00816,4.16,97384.4,15936.9,16416.9,0.0963,Caffeine,HPLC-UV/Vis
SMP-00816,5.59,23123.9,4816.1,5059.7,0.024,Aspirin,HPLC-UV/Vis
SMP-00816,7.24,66496.2,10848.2,11090.8,0.0666,Benzoic Acid,HPLC-UV/Vis
SMP-00816,8.97,29580.2,5862.1,6035.6,0.0291,Phenacetin,HPLC-UV/Vis
SMP-00816,10.4,81064.0,18362.9,20800.1,0.0799,Salicylic Acid,HPLC-UV/Vis
SMP-00816,12.16,52907.3,9916.3,9949.1,0.0516,Chlorpheniramine,HPLC-UV/Vis
SMP-00817,1.24,10997.0,2821.9,2977.9,0.0108,Uracil,HPLC-UV/Vis
SMP-00817,2.74,43652.9,8749.4,8874.6,0.0425,Acetaminophen,HPLC-UV/Vis
SMP-00817,4.13,96022.1,15774.3,16428.2,0.0961,Caffeine,HPLC-UV/Vis
SMP-00817,5.58,24098.7,5563.9,5626.2,0.0236,Aspirin,HPLC-UV/Vis
SMP-00817,7.22,67116.1,11340.2,11565.2,0.0679,Benzoic Acid,HPLC-UV/Vis
SMP-00817,8.9,34079.9,6984.2,7150.4,0.0343,Phenacetin,HPLC-UV/Vis
SMP-00817,10.41,61619.0,12501.9,14726.3,0.0625,Salicylic Acid,HPLC-UV/Vis
SMP-00817,12.11,50059.1,8661.7,9004.7,0.0515,Chlorpheniramine,HPLC-UV/Vis
SMP-00818,1.28,13352.9,3338.3,3389.8,0.0139,Uracil,HPLC-UV/Vis
SMP-00818,2.78,54803.4,10498.1,11097.1,0.0539,Acetaminophen,HPLC-UV/Vis
SMP-00818,4.18,85031.0,13865.8,14488.2,0.0834,Caffeine,HPLC-UV/Vis
SMP-00818,5.63,22274.7,4882.1,5215.3,0.0221,Aspirin,HPLC-UV/Vis
SMP-00818,7.23,57960.3,9605.7,9910.1,0.057,Benzoic Acid,HPLC-UV/Vis
SMP-00818,8.95,33347.6,6710.6,6753.6,0.0341,Phenacetin,HPLC-UV/Vis
SMP-00818,10.39,17037.3,4177.7,4452.5,0.0172,Salicylic Acid,HPLC-UV/Vis
SMP-00818,12.08,50889.7,9292.9,9515.3,0.0497,Chlorpheniramine,HPLC-UV/Vis
SMP-00819,1.28,12322.6,3187.3,3221.3,0.0122,Uracil,HPLC-UV/Vis
SMP-00819,2.82,46972.8,9040.2,9244.7,0.0452,Acetaminophen,HPLC-UV/Vis
SMP-00819,4.09,92964.0,15128.3,15501.8,0.0929,Caffeine,HPLC-UV/Vis
SMP-00819,5.62,20065.7,4480.5,4554.2,0.0199,Aspirin,HPLC-UV/Vis
SMP-00819,7.2,70784.6,11751.2,12323.0,0.0722,Benzoic Acid,HPLC-UV/Vis
SMP-00819,8.97,37518.3,7425.2,7807.7,0.0385,Phenacetin,HPLC-UV/Vis
SMP-00819,10.46,18367.9,4435.8,4545.8,0.0185,Salicylic Acid,HPLC-UV/Vis
SMP-00819,12.18,58476.5,10587.4,10606.4,0.0587,Chlorpheniramine,HPLC-UV/Vis
SMP-00820,1.27,9335.1,2532.2,2586.7,0.0089,Uracil,HPLC-UV/Vis
SMP-00820,2.8,45505.6,9211.6,9558.1,0.0462,Acetaminophen,HPLC-UV/Vis
SMP-00820,4.16,77529.0,12715.1,12903.8,0.0799,Caffeine,HPLC-UV/Vis
SMP-00820,5.62,23706.0,5510.5,5503.8,0.0237,Aspirin,HPLC-UV/Vis
SMP-00820,7.14,60491.4,10446.5,10753.6,0.0602,Benzoic Acid,HPLC-UV/Vis
SMP-00820,8.95,33114.0,6855.1,7135.1,0.0328,Phenacetin,HPLC-UV/Vis
SMP-00820,10.36,15466.6,3892.6,3997.4,0.0153,Salicylic Acid,HPLC-UV/Vis
SMP-00820,12.14,54968.6,9654.1,9550.8,0.0557,Chlorpheniramine,HPLC-UV/Vis
SMP-00821,1.26,10320.6,2668.0,2722.1,0.0104,Uracil,HPLC-UV/Vis
SMP-00821,2.82,48438.6,9401.0,9761.0,0.0478,Acetaminophen,HPLC-UV/Vis
SMP-00821,4.14,81866.2,13662.4,13462.5,0.0809,Caffeine,HPLC-UV/Vis
SMP-00821,5.64,24189.6,5238.0,5389.9,0.0243,Aspirin,HPLC-UV/Vis
SMP-00821,7.23,73654.4,12262.1,12367.4,0.0718,Benzoic Acid,HPLC-UV/Vis
SMP-00821,8.97,29634.5,6189.1,6276.4,0.0292,Phenacetin,HPLC-UV/Vis
SMP-00821,10.42,15122.6,3589.0,3764.8,0.0154,Salicylic Acid,HPLC-UV/Vis
SMP-00821,12.09,202726.1,34552.4,31266.5,0.1986,Chlorpheniramine,HPLC-UV/Vis
SMP-00822,1.25,10769.2,2827.8,2870.7,0.0104,Uracil,HPLC-UV/Vis
SMP-00822,2.81,38563.3,7124.0,7417.4,0.0385,Acetaminophen,HPLC-UV/Vis
SMP-00822,4.14,104705.4,17578.1,18067.7,0.1062,Caffeine,HPLC-UV/Vis
SMP-00822,5.61,19001.6,3896.6,3942.6,0.0183,Aspirin,HPLC-UV/Vis
SMP-00822,7.18,70266.8,11825.3,12343.2,0.069,Benzoic Acid,HPLC-UV/Vis
SMP-00822,8.92,33419.8,7090.6,7405.8,0.0333,Phenacetin,HPLC-UV/Vis
SMP-00822,10.35,44999.5,9471.3,10067.1,0.0437,Salicylic Acid,HPLC-UV/Vis
SMP-00822,12.12,54787.3,9939.7,10042.6,0.0548,Chlorpheniramine,HPLC-UV/Vis
SMP-00823,1.24,11776.4,3024.2,3062.4,0.0118,Uracil,HPLC-UV/Vis
SMP-00823,2.77,36875.6,7419.1,7752.4,0.0361,Acetaminophen,HPLC-UV/Vis
SMP-00823,4.12,86461.2,13824.2,14162.2,0.0876,Caffeine,HPLC-UV/Vis
SMP-00823,5.59,24816.9,5488.8,5588.5,0.0249,Aspirin,HPLC-UV/Vis
SMP-00823,7.23,58472.1,9288.8,9753.1,0.0581,Benzoic Acid,HPLC-UV/Vis
SMP-00823,8.93,29830.6,6059.5,6334.0,0.0293,Phenacetin,HPLC-UV/Vis
SMP-00823,10.41,13593.6,3274.9,3405.5,0.0136,Salicylic Acid,HPLC-UV/Vis
SMP-00823,12.08,57207.8,10227.2,11054.8,0.0558,Chlorpheniramine,HPLC-UV/Vis
SMP-00824,1.22,14033.2,3686.3,3729.9,0.0142,Uracil,HPLC-UV/Vis
SMP-00824,2.81,46477.4,8938.7,9129.6,0.0468,Acetaminophen,HPLC-UV/Vis
SMP-00824,4.12,97719.3,16071.3,16133.4,0.0959,Caffeine,HPLC-UV/Vis
SMP-00824,5.63,24690.6,5284.9,5512.1,0.0256,Aspirin,HPLC-UV/Vis
SMP-00824,7.18,56877.7,9770.9,10045.2,0.0563,Benzoic Acid,HPLC-UV/Vis
SMP-00824,8.93,29947.3,6196.2,6306.5,0.0297,Phenacetin,HPLC-UV/Vis
SMP-00824,10.4,16539.3,4095.3,4095.4,0.017,Salicylic Acid,HPLC-UV/Vis
SMP-00824,12.09,49303.6,9499.9,10233.3,0.0513,Chlorpheniramine,HPLC-UV/Vis
SMP-00825,1.26,14306.9,3654.1,3803.3,0.0144,Uracil,HPLC-UV/Vis
SMP-00825,2.84,45168.3,9184.8,9459.6,0.0447,Acetaminophen,HPLC-UV/Vis
SMP-00825,4.15,82198.1,13136.7,13151.6,0.0807,Caffeine,HPLC-UV/Vis
SMP-00825,5.63,25211.4,5632.3,5629.0,0.0248,Aspirin,HPLC-UV/Vis
SMP-00825,7.23,73889.6,12092.1,12159.9,0.0758,Benzoic Acid,HPLC-UV/Vis
SMP-00825,8.92,31909.7,6536.4,6667.1,0.0319,Phenacetin,HPLC-UV/Vis
SMP-00825,10.38,15544.3,3554.4,3728.9,0.0151,Salicylic Acid,HPLC-UV/Vis
SMP-00825,12.13,57286.6,10384.2,10341.0,0.0566,Chlorpheniramine,HPLC-UV/Vis
SMP-00826,1.25,13871.6,3756.8,3915.7,0.0138,Uracil,HPLC-UV/Vis
SMP-00826,2.78,33783.6,6231.6,6122.9,0.0334,Acetaminophen,HPLC-UV/Vis
SMP-00826,4.1,81582.0,12641.2,12988.4,0.0801,Caffeine,HPLC-UV/Vis
SMP-00826,5.61,26807.1,5849.2,6275.5,0.0268,Aspirin,HPLC-UV/Vis
SMP-00826,7.27,55076.0,8967.0,8937.4,0.0526,Benzoic Acid,HPLC-UV/Vis
SMP-00826,8.97,27053.7,5500.9,5764.1,0.0273,Phenacetin,HPLC-UV/Vis
SMP-00826,10.44,18111.5,4269.1,4438.4,0.018,Salicylic Acid,HPLC-UV/Vis
SMP-00826,12.05,51317.7,9155.0,9691.5,0.0501,Chlorpheniramine,HPLC-UV/Vis
SMP-00827,1.25,10885.8,2784.5,2904.9,0.0109,Uracil,HPLC-UV/Vis
SMP-00827,2.8,49681.3,9346.3,9762.9,0.0488,Acetaminophen,HPLC-UV/Vis
SMP-00827,4.1,94040.0,15242.5,15729.2,0.0957,Caffeine,HPLC-UV/Vis
SMP-00827,5.6,23800.6,5209.2,5440.2,0.024,Aspirin,HPLC-UV/Vis
SMP-00827,7.24,71187.3,11547.0,11696.6,0.0709,Benzoic Acid,HPLC-UV/Vis
SMP-00827,8.88,28702.8,5777.2,5784.5,0.0281,Phenacetin,HPLC-UV/Vis
SMP-00827,10.39,14960.6,3487.1,3576.8,0.0145,Salicylic Acid,HPLC-UV/Vis
SMP-00827,12.15,51636.3,9006.9,9431.0,0.0523,Chlorpheniramine,HPLC-UV/Vis
SMP-00828,1.31,9927.0,2662.7,2730.8,0.0101,Uracil,HPLC-UV/Vis
SMP-00828,2.82,50381.9,9641.2,9746.7,0.0515,Acetaminophen,HPLC-UV/Vis
SMP-00828,4.21,82382.5,13226.2,13572.6,0.0796,Caffeine,HPLC-UV/Vis
SMP-00828,5.63,19126.7,4608.6,4738.1,0.0187,Aspirin,HPLC-UV/Vis
SMP-00828,7.13,65151.8,10758.2,10808.5,0.0643,Benzoic Acid,HPLC-UV/Vis
SMP-00828,8.96,32446.8,6505.1,6528.1,0.0323,Phenacetin,HPLC-UV/Vis
SMP-00828,10.37,13646.7,3091.8,3224.7,0.0136,Salicylic Acid,HPLC-UV/Vis
SMP-00828,12.12,45288.8,7794.1,8202.1,0.0478,Chlorpheniramine,HPLC-UV/Vis
SMP-00829,1.26,11726.1,2960.2,3062.5,0.0121,Uracil,HPLC-UV/Vis
SMP-00829,2.83,41603.9,8249.6,8386.4,0.0417,Acetaminophen,HPLC-UV/Vis
SMP-00829,4.13,80128.4,13183.1,13543.1,0.0804,Caffeine,HPLC-UV/Vis
SMP-00829,5.64,24632.1,5520.0,5630.3,0.0245,Aspirin,HPLC-UV/Vis
SMP-00829,7.19,422613.2,73881.3,74789.4,0.4242,Benzoic Acid,HPLC-UV/Vis
SMP-00829,8.91,29007.0,6114.4,6327.2,0.0286,Phenacetin,HPLC-UV/Vis
SMP-00829,10.39,15760.0,4016.1,4185.2,0.0161,Salicylic Acid,HPLC-UV/Vis
SMP-00829,12.12,45773.8,8330.4,8599.9,0.0477,Chlorpheniramine,HPLC-UV/Vis
SMP-00830,1.24,11433.1,2862.8,2931.8,0.0118,Uracil,HPLC-UV/Vis
SMP-00830,2.82,49515.5,9357.0,9505.0,0.05,Acetaminophen,HPLC-UV/Vis
SMP-00830,4.1,79544.1,13389.1,13690.6,0.0799,Caffeine,HPLC-UV/Vis
SMP-00830,5.61,22477.2,5031.1,5133.9,0.0227,Aspirin,HPLC-UV/Vis
SMP-00830,7.2,65569.0,10905.3,11293.3,0.0649,Benzoic Acid,HPLC-UV/Vis
SMP-00830,8.96,32784.4,6710.8,6793.1,0.0328,Phenacetin,HPLC-UV/Vis
SMP-00830,10.36,13539.1,3222.5,3306.8,0.0129,Salicylic Acid,HPLC-UV/Vis
SMP-00830,12.09,41457.7,7169.1,7341.1,0.0395,Chlorpheniramine,HPLC-UV/Vis
SMP-00831,1.26,13294.9,3318.3,3445.2,0.0132,Uracil,HPLC-UV/Vis
SMP-00831,2.81,45479.3,9053.9,9350.7,0.0451,Acetaminophen,HPLC-UV/Vis
SMP-00831,4.18,89982.2,15208.4,15593.1,0.0898,Caffeine,HPLC-UV/Vis
SMP-00831,5.6,22382.6,4832.5,4881.4,0.0224,Aspirin,HPLC-UV/Vis
SMP-00831,7.22,70015.8,12055.2,12421.5,0.0687,Benzoic Acid,HPLC-UV/Vis
SMP-00831,8.95,29601.6,6189.7,6491.2,0.0285,Phenacetin,HPLC-UV/Vis
SMP-00831,10.31,15457.8,3753.7,3999.6,0.0159,Salicylic Acid,HPLC-UV/Vis
SMP-00831,12.07,48685.9,8481.1,8994.5,0.0477,Chlorpheniramine,HPLC-UV/Vis
SMP-00832,1.22,10884.0,2829.4,2923.0,0.0104,Uracil,HPLC-UV/Vis
SMP-00832,2.81,45469.5,8729.1,9096.7,0.0441,Acetaminophen,HPLC-UV/Vis
SMP-00832,4.17,83409.0,13694.7,13791.6,0.0819,Caffeine,HPLC-UV/Vis
SMP-00832,5.54,22000.6,4926.4,5062.9,0.0225,Aspirin,HPLC-UV/Vis
SMP-00832,7.14,69720.0,11223.9,11588.9,0.0666,Benzoic Acid,HPLC-UV/Vis
SMP-00832,8.97,33011.5,6723.9,6918.7,0.0327,Phenacetin,HPLC-UV/Vis
SMP-00832,10.42,14430.8,3440.9,3435.4,0.0146,Salicylic Acid,HPLC-UV/Vis
SMP-00832,12.06,58658.1,10576.8,10725.6,0.0596,Chlorpheniramine,HPLC-UV/Vis
SMP-00833,1.2,13576.0,3403.5,3707.5,0.0135,Uracil,HPLC-UV/Vis
SMP-00833,2.85,45292.9,8855.6,9179.3,0.044,Acetaminophen,HPLC-UV/Vis
SMP-00833,4.21,74770.5,12843.4,13349.9,0.075,Caffeine,HPLC-UV/Vis
SMP-00833,5.67,21374.4,4609.3,4804.6,0.021,Aspirin,HPLC-UV/Vis
SMP-00833,7.2,71676.5,12525.2,13409.6,0.0692,Benzoic Acid,HPLC-UV/Vis
SMP-00833,8.92,28121.4,5655.2,5750.7,0.0274,Phenacetin,HPLC-UV/Vis
SMP-00833,10.44,16921.9,4114.3,4153.9,0.0173,Salicylic Acid,HPLC-UV/Vis
SMP-00833,12.08,45012.4,8282.4,8467.0,0.0452,Chlorpheniramine,HPLC-UV/Vis
SMP-00834,1.27,12658.0,3219.3,3348.3,0.0129,Uracil,HPLC-UV/Vis
SMP-00834,2.76,50663.5,9408.1,9871.8,0.0501,Acetaminophen,HPLC-UV/Vis
SMP-00834,4.19,90800.3,14739.6,15152.8,0.09,Caffeine,HPLC-UV/Vis
SMP-00834,5.6,18075.2,4126.1,4318.6,0.0181,Aspirin,HPLC-UV/Vis
SMP-00834,7.17,62106.8,10387.9,10316.6,0.0627,Benzoic Acid,HPLC-UV/Vis
SMP-00834,8.99,33388.3,6710.5,6684.9,0.0329,Phenacetin,HPLC-UV/Vis
SMP-00834,10.41,16532.6,3955.5,4112.5,0.0161,Salicylic Acid,HPLC-UV/Vis
SMP-00834,12.07,43499.4,8530.7,8809.7,0.0436,Chlorpheniramine,HPLC-UV/Vis
SMP-00835,1.27,13553.6,3464.5,3630.1,0.0139,Uracil,HPLC-UV/Vis
SMP-00835,2.74,40525.8,8325.8,8589.3,0.0406,Acetaminophen,HPLC-UV/Vis
SMP-00835,4.13,99839.3,16881.4,17657.0,0.1008,Caffeine,HPLC-UV/Vis
SMP-00835,5.6,20319.5,4269.2,4509.5,0.0203,Aspirin,HPLC-UV/Vis
SMP-00835,7.21,69162.6,11609.6,12119.8,0.0681,Benzoic Acid,HPLC-UV/Vis
SMP-00835,8.93,31947.5,6326.6,6495.3,0.0315,Phenacetin,HPLC-UV/Vis
SMP-00835,10.42,55017.7,14695.3,14465.7,0.0548,Salicylic Acid,HPLC-UV/Vis
SMP-00835,12.12,47652.9,8775.3,9231.7,0.048,Chlorpheniramine,HPLC-UV/Vis
SMP-00836,1.2,13151.1,3144.6,3277.3,0.0134,Uracil,HPLC-UV/Vis
SMP-00836,2.79,47808.6,9346.5,9351.5,0.0485,Acetaminophen,HPLC-UV/Vis
SMP-00836,4.17,84715.8,14093.0,14881.6,0.0868,Caffeine,HPLC-UV/Vis
SMP-00836,5.55,24019.9,5402.2,5676.5,0.0243,Aspirin,HPLC-UV/Vis
SMP-00836,7.15,71163.4,11987.2,12563.2,0.0732,Benzoic Acid,HPLC-UV/Vis
SMP-00836,8.94,35907.1,7522.5,7720.0,0.0353,Phenacetin,HPLC-UV/Vis
SMP-00836,10.41,16133.0,3858.4,4021.2,0.016,Salicylic Acid,HPLC-UV/Vis
SMP-00836,12.15,49796.5,9021.8,9467.9,0.0501,Chlorpheniramine,HPLC-UV/Vis
SMP-00837,1.28,11696.3,3025.5,3056.1,0.0119,Uracil,HPLC-UV/Vis
SMP-00837,2.83,44816.0,8580.7,8908.8,0.0438,Acetaminophen,HPLC-UV/Vis
SMP-00837,4.16,84149.7,13505.4,13915.3,0.0859,Caffeine,HPLC-UV/Vis
SMP-00837,5.59,22985.6,5311.1,5576.5,0.0237,Aspirin,HPLC-UV/Vis
SMP-00837,7.24,75941.6,12854.4,13439.8,0.0751,Benzoic Acid,HPLC-UV/Vis
SMP-00837,8.94,32946.7,6888.7,6906.4,0.0329,Phenacetin,HPLC-UV/Vis
SMP-00837,10.4,15539.5,3955.5,4008.7,0.0151,Salicylic Acid,HPLC-UV/Vis
SMP-00837,12.12,58762.9,10803.7,11324.8,0.059,Chlorpheniramine,HPLC-UV/Vis
SMP-00838,1.22,38076.8,9753.4,8503.1,0.0384,Uracil,HPLC-UV/Vis
SMP-00838,2.84,42019.6,8197.9,8608.3,0.0421,Acetaminophen,HPLC-UV/Vis
SMP-00838,4.17,77251.9,13315.6,13790.3,0.0768,Caffeine,HPLC-UV/Vis
SMP-00838,5.57,22979.7,5363.3,5549.2,0.0231,Aspirin,HPLC-UV/Vis
SMP-00838,7.27,64425.1,11232.4,11479.9,0.0635,Benzoic Acid,HPLC-UV/Vis
SMP-00838,8.95,32953.9,6314.0,6522.1,0.0326,Phenacetin,HPLC-UV/Vis
SMP-00838,10.36,15031.6,3602.7,3680.0,0.0145,Salicylic Acid,HPLC-UV/Vis
SMP-00838,12.08,45338.9,8037.0,8153.7,0.0454,Chlorpheniramine,HPLC-UV/Vis
SMP-00839,1.21,11344.5,2750.1,2895.1,0.0117,Uracil,HPLC-UV/Vis
SMP-00839,2.78,51741.0,10163.6,10301.3,0.0512,Acetaminophen,HPLC-UV/Vis
SMP-00839,4.15,92437.9,15025.6,15371.7,0.0948,Caffeine,HPLC-UV/Vis
SMP-00839,5.59,22598.1,4972.2,4985.8,0.0221,Aspirin,HPLC-UV/Vis
SMP-00839,7.15,69231.9,11620.3,12204.3,0.0697,Benzoic Acid,HPLC-UV/Vis
SMP-00839,8.96,35405.8,7462.9,7916.9,0.0354,Phenacetin,HPLC-UV/Vis
SMP-00839,10.39,15849.9,3885.4,3840.5,0.0158,Salicylic Acid,HPLC-UV/Vis
SMP-00839,12.06,244274.2,39170.2,50811.1,0.2409,Chlorpheniramine,HPLC-UV/Vis
SMP-00840,1.24,14119.8,3532.8,3603.6,0.0142,Uracil,HPLC-UV/Vis
SMP-00840,2.76,42545.7,8426.2,8804.8,0.0427,Acetaminophen,HPLC-UV/Vis
SMP-00840,4.15,75755.8,12358.8,13095.9,0.0734,Caffeine,HPLC-UV/Vis
SMP-00840,5.59,22328.6,5211.7,5270.9,0.0218,Aspirin,HPLC-UV/Vis
SMP-00840,7.18,72709.0,12016.8,12487.7,0.0706,Benzoic Acid,HPLC-UV/Vis
SMP-00840,8.96,30403.6,6000.3,6206.4,0.0309,Phenacetin,HPLC-UV/Vis
SMP-00840,10.44,14802.7,3696.3,3933.7,0.0151,Salicylic Acid,HPLC-UV/Vis
SMP-00840,12.09,54051.8,9383.9,9636.5,0.0553,Chlorpheniramine,HPLC-UV/Vis
SMP-00841,1.23,11556.6,2967.3,2983.0,0.0114,Uracil,HPLC-UV/Vis
SMP-00841,2.77,42129.1,8264.8,8439.7,0.0422,Acetaminophen,HPLC-UV/Vis
SMP-00841,4.1,95928.7,15340.5,15713.0,0.0994,Caffeine,HPLC-UV/Vis
SMP-00841,5.62,25705.7,5571.0,5663.8,0.0255,Aspirin,HPLC-UV/Vis
SMP-00841,7.2,73416.3,12078.5,12665.2,0.0753,Benzoic Acid,HPLC-UV/Vis
SMP-00841,8.97,29347.2,5516.7,5746.8,0.0298,Phenacetin,HPLC-UV/Vis
SMP-00841,10.43,14745.4,3651.0,3868.0,0.015,Salicylic Acid,HPLC-UV/Vis
SMP-00841,12.14,47580.9,8815.0,8968.1,0.0464,Chlorpheniramine,HPLC-UV/Vis
SMP-00842,1.3,11773.4,2857.3,2860.4,0.0119,Uracil,HPLC-UV/Vis
SMP-00842,2.74,39364.8,7694.4,8045.1,0.039,Acetaminophen,HPLC-UV/Vis
SMP-00842,4.18,82210.0,13311.1,13550.5,0.0832,Caffeine,HPLC-UV/Vis
SMP-00842,5.56,23221.5,5297.0,5510.0,0.0237,Aspirin,HPLC-UV/Vis
SMP-00842,7.2,63373.0,10239.3,10221.6,0.065,Benzoic Acid,HPLC-UV/Vis
SMP-00842,8.9,35051.5,7208.6,7564.4,0.0349,Phenacetin,HPLC-UV/Vis
SMP-00842,10.41,16425.4,3969.2,4192.5,0.0167,Salicylic Acid,HPLC-UV/Vis
SMP-00842,12.07,47421.1,8927.2,8804.3,0.0473,Chlorpheniramine,HPLC-UV/Vis
SMP-00843,1.24,12406.5,3229.1,3288.1,0.0127,Uracil,HPLC-UV/Vis
SMP-00843,2.79,42015.1,8140.6,8728.5,0.0413,Acetaminophen,HPLC-UV/Vis
SMP-00843,4.1,81522.5,13016.0,13653.5,0.0816,Caffeine,HPLC-UV/Vis
SMP-00843,5.59,22975.6,5022.5,5376.8,0.0225,Aspirin,HPLC-UV/Vis
SMP-00843,7.17,71264.2,11459.5,12221.0,0.0714,Benzoic Acid,HPLC-UV/Vis
SMP-00843,8.96,31137.8,6411.0,6614.2,0.0315,Phenacetin,HPLC-UV/Vis
SMP-00843,10.37,16881.5,4112.0,4070.3,0.0167,Salicylic Acid,HPLC-UV/Vis
SMP-00843,12.1,51322.9,8840.7,9005.5,0.0501,Chlorpheniramine,HPLC-UV/Vis
SMP-00844,1.25,11998.0,3010.6,3192.8,0.0119,Uracil,HPLC-UV/Vis
SMP-00844,2.79,45327.9,8937.3,9371.8,0.0461,Acetaminophen,HPLC-UV/Vis
SMP-00844,4.1,91260.0,14608.5,15634.0,0.0916,Caffeine,HPLC-UV/Vis
SMP-00844,5.61,23716.4,5352.3,5435.5,0.0239,Aspirin,HPLC-UV/Vis
SMP-00844,7.18,69710.1,11636.0,12229.5,0.0697,Benzoic Acid,HPLC-UV/Vis
SMP-00844,8.91,35551.3,7143.8,7487.1,0.0357,Phenacetin,HPLC-UV/Vis
SMP-00844,10.42,12262.2,2921.6,3052.8,0.0129,Salicylic Acid,HPLC-UV/Vis
SMP-00844,12.03,52481.5,9472.0,9966.4,0.0525,Chlorpheniramine,HPLC-UV/Vis
SMP-00845,1.28,13158.1,3314.9,3462.0,0.0131,Uracil,HPLC-UV/Vis
SMP-00845,2.78,44380.7,8866.7,8816.0,0.0454,Acetaminophen,HPLC-UV/Vis
SMP-00845,4.14,89386.0,14134.9,14097.7,0.0878,Caffeine,HPLC-UV/Vis
SMP-00845,5.56,19351.4,4459.9,4479.2,0.0193,Aspirin,HPLC-UV/Vis
SMP-00845,7.23,65410.9,10772.6,11134.6,0.0683,Benzoic Acid,HPLC-UV/Vis
SMP-00845,8.97,38271.6,7904.5,8323.1,0.0386,Phenacetin,HPLC-UV/Vis
SMP-00845,10.37,13839.1,3312.7,3470.5,0.0141,Salicylic Acid,HPLC-UV/Vis
SMP-00845,12.1,57115.5,10487.0,10779.0,0.0568,Chlorpheniramine,HPLC-UV/Vis
SMP-00846,1.25,12321.0,3275.7,3454.8,0.0124,Uracil,HPLC-UV/Vis
SMP-00846,2.81,50531.0,9793.0,9863.5,0.0501,Acetaminophen,HPLC-UV/Vis
SMP-00846,4.14,85039.6,13822.0,14129.0,0.0872,Caffeine,HPLC-UV/Vis
SMP-00846,5.6,24348.5,5524.7,5702.4,0.0239,Aspirin,HPLC-UV/Vis
SMP-00846,7.21,70054.4,11039.7,11274.5,0.0691,Benzoic Acid,HPLC-UV/Vis
SMP-00846,8.93,29761.6,6010.1,6285.5,0.0304,Phenacetin,HPLC-UV/Vis
SMP-00846,10.35,16370.7,4113.9,4339.0,0.0158,Salicylic Acid,HPLC-UV/Vis
SMP-00846,12.09,47389.2,8474.9,8853.0,0.049,Chlorpheniramine,HPLC-UV/Vis
SMP-00847,1.27,14897.8,4004.9,3848.4,0.0155,Uracil,HPLC-UV/Vis
SMP-00847,2.73,42293.5,8554.8,8873.1,0.0418,Acetaminophen,HPLC-UV/Vis
SMP-00847,4.17,84033.7,13605.0,14257.2,0.0828,Caffeine,HPLC-UV/Vis
SMP-00847,5.58,21046.6,4554.4,4533.7,0.0212,Aspirin,HPLC-UV/Vis
SMP-00847,7.18,63005.8,10407.6,10530.1,0.0643,Benzoic Acid,HPLC-UV/Vis
SMP-00847,8.93,28819.0,6105.4,6260.4,0.0301,Phenacetin,HPLC-UV/Vis
SMP-00847,10.43,15094.8,3569.5,3674.2,0.0149,Salicylic Acid,HPLC-UV/Vis
SMP-00847,12.13,54378.4,9626.8,9988.0,0.0544,Chlorpheniramine,HPLC-UV/Vis
SMP-00848,1.26,12255.1,3216.5,3310.6,0.0123,Uracil,HPLC-UV/Vis
SMP-00848,2.76,41846.4,8020.1,8216.9,0.0429,Acetaminophen,HPLC-UV/Vis
SMP-00848,4.15,84287.8,14441.3,15129.8,0.0847,Caffeine,HPLC-UV/Vis
SMP-00848,5.56,27783.5,6005.6,6336.7,0.028,Aspirin,HPLC-UV/Vis
SMP-00848,7.24,74117.1,12353.1,12619.6,0.0743,Benzoic Acid,HPLC-UV/Vis
SMP-00848,8.96,34384.7,7143.7,7384.4,0.034,Phenacetin,HPLC-UV/Vis
SMP-00848,10.35,14356.5,3566.2,3736.4,0.0143,Salicylic Acid,HPLC-UV/Vis
SMP-00848,12.11,57894.3,10409.2,10516.9,0.0583,Chlorpheniramine,HPLC-UV/Vis
SMP-00849,1.22,12292.5,3122.4,3366.8,0.0121,Uracil,HPLC-UV/Vis
SMP-00849,2.79,40055.3,7434.6,7742.1,0.0407,Acetaminophen,HPLC-UV/Vis
SMP-00849,4.19,69123.4,10689.0,10833.4,0.0691,Caffeine,HPLC-UV/Vis
SMP-00849,5.59,24220.5,5570.6,5827.2,0.0242,Aspirin,HPLC-UV/Vis
SMP-00849,7.23,80099.9,13525.8,13799.0,0.0804,Benzoic Acid,HPLC-UV/Vis
SMP-00849,8.93,33901.6,7005.3,7378.7,0.0333,Phenacetin,HPLC-UV/Vis
SMP-00849,10.39,15637.7,3603.9,3668.2,0.016,Salicylic Acid,HPLC-UV/Vis
SMP-00849,12.1,48478.5,9133.5,9331.2,0.0486,Chlorpheniramine,HPLC-UV/Vis
SMP-00850,1.26,14307.8,3732.7,3869.9,0.0143,Uracil,HPLC-UV/Vis
SMP-00850,2.79,46667.6,8977.7,9157.4,0.0458,Acetaminophen,HPLC-UV/Vis
SMP-00850,4.14,105519.0,17584.4,18064.8,0.1048,Caffeine,HPLC-UV/Vis
SMP-00850,5.66,24940.1,5243.4,5491.2,0.0254,Aspirin,HPLC-UV/Vis
SMP-00850,7.19,68334.1,11507.3,11676.7,0.0672,Benzoic Acid,HPLC-UV/Vis
SMP-00850,8.9,27091.2,5714.2,5942.5,0.0279,Phenacetin,HPLC-UV/Vis
SMP-00850,10.4,17611.7,4241.9,4340.8,0.0176,Salicylic Acid,HPLC-UV/Vis
SMP-00850,12.1,46151.8,8266.8,8509.6,0.0463,Chlorpheniramine,HPLC-UV/Vis
SMP-00851,1.27,10445.3,2724.6,2904.1,0.0103,Uracil,HPLC-UV/Vis
SMP-00851,2.79,44746.0,8420.9,9009.0,0.0451,Acetaminophen,HPLC-UV/Vis
SMP-00851,4.13,89749.4,13646.4,14343.2,0.0888,Caffeine,HPLC-UV/Vis
SMP-00851,5.61,25329.8,5668.0,5922.3,0.0258,Aspirin,HPLC-UV/Vis
SMP-00851,7.26,69778.5,11586.6,11739.3,0.0695,Benzoic Acid,HPLC-UV/Vis
SMP-00851,8.95,36902.1,7495.3,7822.0,0.0362,Phenacetin,HPLC-UV/Vis
SMP-00851,10.36,18836.7,4573.0,4505.8,0.0193,Salicylic Acid,HPLC-UV/Vis
SMP-00851,12.09,57678.9,10624.8,11031.7,0.0589,Chlorpheniramine,HPLC-UV/Vis
SMP-00852,1.27,11800.9,3106.6,3167.7,0.0116,Uracil,HPLC-UV/Vis
SMP-00852,2.79,50049.3,9338.1,9822.5,0.0495,Acetaminophen,HPLC-UV/Vis
SMP-00852,4.11,86457.6,14247.5,14637.0,0.0843,Caffeine,HPLC-UV/Vis
SMP-00852,5.56,23697.7,5218.4,5439.0,0.0229,Aspirin,HPLC-UV/Vis
SMP-00852,7.26,71720.7,11819.3,11940.5,0.0732,Benzoic Acid,HPLC-UV/Vis
SMP-00852,8.92,27911.7,5779.4,5995.8,0.0282,Phenacetin,HPLC-UV/Vis
SMP-00852,10.37,15662.9,3897.6,4069.9,0.0155,Salicylic Acid,HPLC-UV/Vis
SMP-00852,12.09,63433.8,11182.4,11445.3,0.0643,Chlorpheniramine,HPLC-UV/Vis
SMP-00853,1.26,10085.5,2610.7,2691.8,0.0102,Uracil,HPLC-UV/Vis
SMP-00853,2.81,45621.4,9212.5,9606.4,0.0443,Acetaminophen,HPLC-UV/Vis
SMP-00853,4.13,90809.9,14688.2,15077.9,0.0958,Caffeine,HPLC-UV/Vis
SMP-00853,5.64,22759.6,4691.8,4850.5,0.0233,Aspirin,HPLC-UV/Vis
SMP-00853,7.21,67560.0,11061.2,11591.3,0.067,Benzoic Acid,HPLC-UV/Vis
SMP-00853,8.96,30264.2,6454.4,6708.3,0.0298,Phenacetin,HPLC-UV/Vis
SMP-00853,10.38,19248.1,4661.6,4872.1,0.0188,Salicylic Acid,HPLC-UV/Vis
SMP-00853,12.09,63421.0,11088.3,11281.3,0.0644,Chlorpheniramine,HPLC-UV/Vis
SMP-00854,1.26,13292.0,3330.3,3342.1,0.0131,Uracil,HPLC-UV/Vis
SMP-00854,2.81,40214.2,7881.7,8068.5,0.0397,Acetaminophen,HPLC-UV/Vis
SMP-00854,4.12,102007.4,16943.4,17116.2,0.1042,Caffeine,HPLC-UV/Vis
SMP-00854,5.64,23869.1,5028.5,5049.1,0.0237,Aspirin,HPLC-UV/Vis
SMP-00854,7.19,66081.6,10995.2,10886.3,0.0672,Benzoic Acid,HPLC-UV/Vis
SMP-00854,8.97,29879.1,5959.5,6009.3,0.0292,Phenacetin,HPLC-UV/Vis
SMP-00854,10.4,17012.1,4240.9,4380.2,0.0167,Salicylic Acid,HPLC-UV/Vis
SMP-00854,12.07,57465.4,10086.0,10300.6,0.057,Chlorpheniramine,HPLC-UV/Vis
SMP-00855,1.18,15352.4,3868.6,3975.1,0.0155,Uracil,HPLC-UV/Vis
SMP-00855,2.83,48595.7,9987.6,10433.3,0.0485,Acetaminophen,HPLC-UV/Vis
SMP-00855,4.13,100736.6,17139.0,17997.3,0.0951,Caffeine,HPLC-UV/Vis
SMP-00855,5.6,22714.9,5018.3,5294.5,0.0233,Aspirin,HPLC-UV/Vis
SMP-00855,7.15,59115.3,9846.7,10224.1,0.0575,Benzoic Acid,HPLC-UV/Vis
SMP-00855,8.9,22891.2,4527.9,4788.1,0.0238,Phenacetin,HPLC-UV/Vis
SMP-00855,10.35,16787.8,4039.1,4270.7,0.017,Salicylic Acid,HPLC-UV/Vis
SMP-00855,12.08,56606.4,10828.4,11184.1,0.0566,Chlorpheniramine,HPLC-UV/Vis
SMP-00856,1.2,11082.3,2762.8,2754.8,0.0107,Uracil,HPLC-UV/Vis
SMP-00856,2.78,48892.8,9416.9,9640.6,0.0496,Acetaminophen,HPLC-UV/Vis
SMP-00856,4.22,90489.8,14587.2,14904.3,0.0915,Caffeine,HPLC-UV/Vis
SMP-00856,5.6,22900.3,4912.0,4830.3,0.0226,Aspirin,HPLC-UV/Vis
SMP-00856,7.24,73734.2,12087.5,12259.0,0.0759,Benzoic Acid,HPLC-UV/Vis
SMP-00856,8.95,36471.7,7505.7,7686.8,0.0372,Phenacetin,HPLC-UV/Vis
SMP-00856,10.41,17963.8,4085.7,4237.6,0.0177,Salicylic Acid,HPLC-UV/Vis
SMP-00856,12.1,50539.8,9205.8,9552.9,0.0508,Chlorpheniramine,HPLC-UV/Vis
SMP-00857,1.25,73971.4,19676.4,17773.4,0.0762,Uracil,HPLC-UV/Vis
SMP-00857,2.8,51491.4,10245.3,10571.7,0.0524,Acetaminophen,HPLC-UV/Vis
SMP-00857,4.12,97138.5,14963.8,14360.2,0.0984,Caffeine,HPLC-UV/Vis
SMP-00857,5.61,26309.9,5805.2,5935.5,0.0267,Aspirin,HPLC-UV/Vis
SMP-00857,7.19,69102.4,11595.4,11866.1,0.0684,Benzoic Acid,HPLC-UV/Vis
SMP-00857,8.93,36876.0,7513.8,7767.7,0.0359,Phenacetin,HPLC-UV/Vis
SMP-00857,10.37,13767.5,3346.7,3387.3,0.0139,Salicylic Acid,HPLC-UV/Vis
SMP-00857,12.13,59295.0,10686.8,10653.6,0.0584,Chlorpheniramine,HPLC-UV/Vis
SMP-00858,1.21,11145.9,2965.5,3063.7,0.0112,Uracil,HPLC-UV/Vis
SMP-00858,2.8,45527.7,8969.2,9383.4,0.046,Acetaminophen,HPLC-UV/Vis
SMP-00858,4.15,77183.9,13020.2,13347.0,0.0758,Caffeine,HPLC-UV/Vis
SMP-00858,5.61,20146.1,4550.7,4857.8,0.0203,Aspirin,HPLC-UV/Vis
SMP-00858,7.15,81225.3,13324.6,13349.1,0.0814,Benzoic Acid,HPLC-UV/Vis
SMP-00858,8.99,29103.0,5951.3,6129.9,0.0297,Phenacetin,HPLC-UV/Vis
SMP-00858,10.41,17027.9,3992.6,4146.0,0.0171,Salicylic Acid,HPLC-UV/Vis
SMP-00858,12.09,54928.0,9764.4,10590.0,0.0564,Chlorpheniramine,HPLC-UV/Vis
SMP-00859,1.23,11258.7,2873.4,2966.2,0.0109,Uracil,HPLC-UV/Vis
SMP-00859,2.83,35560.8,6670.1,7034.0,0.0359,Acetaminophen,HPLC-UV/Vis
SMP-00859,4.17,83900.4,13535.9,13633.6,0.0839,Caffeine,HPLC-UV/Vis
SMP-00859,5.59,24591.0,5421.9,5701.5,0.0244,Aspirin,HPLC-UV/Vis
SMP-00859,7.22,69044.8,11568.4,11807.8,0.0683,Benzoic Acid,HPLC-UV/Vis
SMP-00859,8.91,29323.1,5835.4,6077.2,0.0297,Phenacetin,HPLC-UV/Vis
SMP-00859,10.39,86043.2,19716.3,18184.6,0.0887,Salicylic Acid,HPLC-UV/Vis
SMP-00859,12.13,64603.1,11828.0,12316.4,0.0643,Chlorpheniramine,HPLC-UV/Vis
SMP-00860,1.25,11994.6,3095.2,3226.7,0.0121,Uracil,HPLC-UV/Vis
SMP-00860,2.8,41404.0,8260.6,8440.1,0.0403,Acetaminophen,HPLC-UV/Vis
SMP-00860,4.17,81530.1,13524.5,14101.7,0.0851,Caffeine,HPLC-UV/Vis
SMP-00860,5.6,21698.3,4866.4,5011.9,0.0222,Aspirin,HPLC-UV/Vis
SMP-00860,7.21,65797.0,10315.3,10754.3,0.0634,Benzoic Acid,HPLC-UV/Vis
SMP-00860,8.95,31174.3,6404.2,6601.2,0.0314,Phenacetin,HPLC-UV/Vis
SMP-00860,10.48,15066.5,3530.7,3537.1,0.0153,Salicylic Acid,HPLC-UV/Vis
SMP-00860,12.06,46863.4,8608.2,9095.6,0.0458,Chlorpheniramine,HPLC-UV/Vis
SMP-00861,1.17,11523.3,3019.6,3091.3,0.0118,Uracil,HPLC-UV/Vis
SMP-00861,2.78,47873.8,9420.9,9800.9,0.0481,Acetaminophen,HPLC-UV/Vis
SMP-00861,4.13,109863.1,17311.2,17340.4,0.1111,Caffeine,HPLC-UV/Vis
SMP-00861,5.65,29416.6,6458.1,6691.8,0.0286,Aspirin,HPLC-UV/Vis
SMP-00861,7.13,58371.6,9740.3,10139.2,0.0564,Benzoic Acid,HPLC-UV/Vis
SMP-00861,8.9,30211.3,6043.8,6148.3,0.0306,Phenacetin,HPLC-UV/Vis
SMP-00861,10.42,15399.1,3832.8,3945.1,0.0152,Salicylic Acid,HPLC-UV/Vis
SMP-00861,12.09,52415.0,9791.8,10276.3,0.0521,Chlorpheniramine,HPLC-UV/Vis
SMP-00862,1.21,12087.8,3034.7,3125.6,0.0123,Uracil,HPLC-UV/Vis
SMP-00862,2.81,46429.9,8980.2,9465.4,0.045,Acetaminophen,HPLC-UV/Vis
SMP-00862,4.16,102829.6,16565.2,16975.7,0.1005,Caffeine,HPLC-UV/Vis
SMP-00862,5.62,26748.2,5860.9,5943.1,0.0268,Aspirin,HPLC-UV/Vis
SMP-00862,7.24,59104.9,9927.7,10284.9,0.06,Benzoic Acid,HPLC-UV/Vis
SMP-00862,8.95,32537.6,6835.1,7285.7,0.0318,Phenacetin,HPLC-UV/Vis
SMP-00862,10.35,12771.9,2974.3,2984.7,0.0126,Salicylic Acid,HPLC-UV/Vis
SMP-00862,12.12,50828.3,9033.2,9667.5,0.0515,Chlorpheniramine,HPLC-UV/Vis
SMP-00863,1.25,12090.4,3299.8,3386.3,0.0122,Uracil,HPLC-UV/Vis
SMP-00863,2.78,43277.9,8540.1,8663.9,0.0433,Acetaminophen,HPLC-UV/Vis
SMP-00863,4.12,79020.4,12769.9,13179.3,0.0787,Caffeine,HPLC-UV/Vis
SMP-00863,5.6,22354.5,4776.3,4927.5,0.0232,Aspirin,HPLC-UV/Vis
SMP-00863,7.16,77298.1,13268.1,14046.3,0.0772,Benzoic Acid,HPLC-UV/Vis
SMP-00863,8.92,34761.1,7439.3,7525.5,0.0332,Phenacetin,HPLC-UV/Vis
SMP-00863,10.37,14497.3,3504.3,3638.1,0.0143,Salicylic Acid,HPLC-UV/Vis
SMP-00863,12.1,41705.7,7701.5,7863.0,0.0403,Chlorpheniramine,HPLC-UV/Vis
SMP-00864,1.26,12508.1,3276.8,3403.7,0.0123,Uracil,HPLC-UV/Vis
SMP-00864,2.8,48690.0,9407.9,9814.5,0.0478,Acetaminophen,HPLC-UV/Vis
SMP-00864,4.12,95420.8,15115.3,16191.4,0.0945,Caffeine,HPLC-UV/Vis
SMP-00864,5.59,26189.9,5981.4,6122.1,0.0263,Aspirin,HPLC-UV/Vis
SMP-00864,7.21,61194.4,10193.1,10346.3,0.0614,Benzoic Acid,HPLC-UV/Vis
SMP-00864,8.96,25619.3,5040.1,5111.4,0.0255,Phenacetin,HPLC-UV/Vis
SMP-00864,10.37,16814.6,4198.2,4111.4,0.0166,Salicylic Acid,HPLC-UV/Vis
SMP-00864,12.11,56408.8,10365.7,10477.9,0.0566,Chlorpheniramine,HPLC-UV/Vis
SMP-00865,1.25,11960.4,3069.5,3091.6,0.0122,Uracil,HPLC-UV/Vis
SMP-00865,2.78,293536.7,62015.8,54893.2,0.2841,Acetaminophen,HPLC-UV/Vis
SMP-00865,4.13,73584.7,11359.8,11603.5,0.0738,Caffeine,HPLC-UV/Vis
SMP-00865,5.58,24930.6,5674.3,5875.9,0.0248,Aspirin,HPLC-UV/Vis
SMP-00865,7.22,65267.8,11155.6,11707.3,0.0658,Benzoic Acid,HPLC-UV/Vis
SMP-00865,8.94,26072.0,5338.3,5489.6,0.0252,Phenacetin,HPLC-UV/Vis
SMP-00865,10.42,14289.5,3715.0,3789.6,0.0145,Salicylic Acid,HPLC-UV/Vis
SMP-00865,12.09,52374.6,9892.8,10362.9,0.0522,Chlorpheniramine,HPLC-UV/Vis
SMP-00866,1.26,10898.6,2852.9,2897.8,0.0108,Uracil,HPLC-UV/Vis
SMP-00866,2.83,37710.7,7525.3,7802.6,0.0376,Acetaminophen,HPLC-UV/Vis
SMP-00866,4.16,85275.8,13666.8,14094.2,0.0883,Caffeine,HPLC-UV/Vis
SMP-00866,5.62,22769.6,4993.6,4990.9,0.022,Aspirin,HPLC-UV/Vis
SMP-00866,7.16,74250.4,11997.9,12490.0,0.0735,Benzoic Acid,HPLC-UV/Vis
SMP-00866,8.92,32563.3,6817.5,6979.0,0.0329,Phenacetin,HPLC-UV/Vis
SMP-00866,10.36,16191.2,3909.8,3822.7,0.0161,Salicylic Acid,HPLC-UV/Vis
SMP-00866,12.06,52851.6,9534.5,9661.3,0.0534,Chlorpheniramine,HPLC-UV/Vis
SMP-00867,1.24,12504.5,3329.7,3286.4,0.0129,Uracil,HPLC-UV/Vis
SMP-00867,2.78,43958.2,8305.7,8382.0,0.0447,Acetaminophen,HPLC-UV/Vis
SMP-00867,4.09,95213.9,15707.5,15712.4,0.0955,Caffeine,HPLC-UV/Vis
SMP-00867,5.55,23759.0,5142.5,5352.5,0.0233,Aspirin,HPLC-UV/Vis
SMP-00867,7.19,63255.7,10269.3,10756.9,0.0623,Benzoic Acid,HPLC-UV/Vis
SMP-00867,8.96,26877.2,5518.6,5689.4,0.026,Phenacetin,HPLC-UV/Vis
SMP-00867,10.42,17360.7,4352.5,4691.1,0.0174,Salicylic Acid,HPLC-UV/Vis
SMP-00867,12.08,64413.6,11385.3,12145.7,0.0663,Chlorpheniramine,HPLC-UV/Vis
SMP-00868,1.28,13019.2,3306.7,3396.9,0.0131,Uracil,HPLC-UV/Vis
SMP-00868,2.84,48416.4,9203.2,9616.2,0.0468,Acetaminophen,HPLC-UV/Vis
SMP-00868,4.14,95073.0,16225.1,16782.5,0.0944,Caffeine,HPLC-UV/Vis
SMP-00868,5.63,22649.9,4923.9,5165.3,0.0232,Aspirin,HPLC-UV/Vis
SMP-00868,7.16,66741.0,10708.1,10755.9,0.0653,Benzoic Acid,HPLC-UV/Vis
SMP-00868,8.97,38867.8,7850.1,8294.4,0.0392,Phenacetin,HPLC-UV/Vis
SMP-00868,10.4,14725.3,3616.5,3796.3,0.0146,Salicylic Acid,HPLC-UV/Vis
SMP-00868,12.14,62298.1,10919.9,11236.7,0.0631,Chlorpheniramine,HPLC-UV/Vis
SMP-00869,1.21,12417.6,3152.0,3235.7,0.0123,Uracil,HPLC-UV/Vis
SMP-00869,2.79,48482.4,9560.1,9524.0,0.0498,Acetaminophen,HPLC-UV/Vis
SMP-00869,4.15,98633.2,16012.7,16775.5,0.0953,Caffeine,HPLC-UV/Vis
SMP-00869,5.66,23524.2,5224.4,5293.2,0.0234,Aspirin,HPLC-UV/Vis
SMP-00869,7.17,69815.1,12130.8,12149.8,0.0705,Benzoic Acid,HPLC-UV/Vis
SMP-00869,8.93,31433.7,6465.6,6683.5,0.0307,Phenacetin,HPLC-UV/Vis
SMP-00869,10.4,16527.1,4164.3,4129.3,0.0167,Salicylic Acid,HPLC-UV/Vis
SMP-00869,12.13,49857.6,9290.3,9372.9,0.0503,Chlorpheniramine,HPLC-UV/Vis
SMP-00870,1.25,11165.5,2834.4,2971.8,0.0116,Uracil,HPLC-UV/Vis
SMP-00870,2.82,46951.7,9244.0,9877.9,0.0474,Acetaminophen,HPLC-UV/Vis
SMP-00870,4.14,87775.5,14436.6,14652.7,0.0867,Caffeine,HPLC-UV/Vis
SMP-00870,5.59,24477.9,5507.6,5701.8,0.0247,Aspirin,HPLC-UV/Vis
SMP-00870,7.09,61496.8,10457.4,10595.7,0.0626,Benzoic Acid,HPLC-UV/Vis
SMP-00870,8.94,29357.9,6024.4,6199.8,0.0297,Phenacetin,HPLC-UV/Vis
SMP-00870,10.38,14021.3,3128.4,3191.3,0.0136,Salicylic Acid,HPLC-UV/Vis
SMP-00870,12.09,56658.3,10171.4,10132.4,0.057,Chlorpheniramine,HPLC-UV/Vis
SMP-00871,1.28,13296.2,3398.7,3467.3,0.0132,Uracil,HPLC-UV/Vis
SMP-00871,2.77,46809.4,8919.3,8881.1,0.0462,Acetaminophen,HPLC-UV/Vis
SMP-00871,4.15,57512.2,9056.0,9491.2,0.057,Caffeine,HPLC-UV/Vis
SMP-00871,5.59,23524.9,5199.5,5288.3,0.0238,Aspirin,HPLC-UV/Vis
SMP-00871,7.21,68100.8,11033.9,11572.0,0.0674,Benzoic Acid,HPLC-UV/Vis
SMP-00871,8.97,34281.5,7225.7,7582.7,0.0335,Phenacetin,HPLC-UV/Vis
SMP-00871,10.36,80126.9,18695.7,16963.7,0.078,Salicylic Acid,HPLC-UV/Vis
SMP-00871,12.11,49970.7,8547.0,8678.9,0.0492,Chlorpheniramine,HPLC-UV/Vis
SMP-00872,1.2,12619.9,3211.3,3208.6,0.0127,Uracil,HPLC-UV/Vis
SMP-00872,2.84,34715.2,6551.1,6568.0,0.0341,Acetaminophen,HPLC-UV/Vis
SMP-00872,4.13,84963.4,13450.7,14291.7,0.0809,Caffeine,HPLC-UV/Vis
SMP-00872,5.57,19124.1,4391.1,4364.5,0.0189,Aspirin,HPLC-UV/Vis
SMP-00872,7.18,55711.1,9201.7,9337.6,0.0568,Benzoic Acid,HPLC-UV/Vis
SMP-00872,9.01,31543.5,6584.0,6734.3,0.0326,Phenacetin,HPLC-UV/Vis
SMP-00872,10.4,16444.0,3932.1,4010.8,0.0166,Salicylic Acid,HPLC-UV/Vis
SMP-00872,12.12,53766.3,9801.5,10283.8,0.0526,Chlorpheniramine,HPLC-UV/Vis
SMP-00873,1.16,13372.1,3361.8,3411.9,0.0134,Uracil,HPLC-UV/Vis
SMP-00873,2.87,38687.3,7291.3,7543.4,0.038,Acetaminophen,HPLC-UV/Vis
SMP-00873,4.14,97097.8,15675.8,16316.9,0.0954,Caffeine,HPLC-UV/Vis
SMP-00873,5.55,21465.1,4522.0,4730.0,0.0217,Aspirin,HPLC-UV/Vis
SMP-00873,7.23,62691.9,10548.5,10996.2,0.0624,Benzoic Acid,HPLC-UV/Vis
SMP-00873,8.95,32257.3,6564.7,6516.3,0.0322,Phenacetin,HPLC-UV/Vis
SMP-00873,10.44,13472.5,3421.4,3511.9,0.0136,Salicylic Acid,HPLC-UV/Vis
SMP-00873,12.09,50598.6,9767.6,9926.0,0.0518,Chlorpheniramine,HPLC-UV/Vis
SMP-00874,1.28,11711.1,3183.3,3406.9,0.0118,Uracil,HPLC-UV/Vis
SMP-00874,2.77,47960.9,9337.6,9651.9,0.0467,Acetaminophen,HPLC-UV/Vis
SMP-00874,4.18,96472.3,15502.1,15933.3,0.0939,Caffeine,HPLC-UV/Vis
SMP-00874,5.59,24563.2,5315.3,5364.6,0.0249,Aspirin,HPLC-UV/Vis
SMP-00874,7.17,72875.8,12264.9,12582.0,0.0724,Benzoic Acid,HPLC-UV/Vis
SMP-00874,8.97,31852.2,6557.4,6674.5,0.0315,Phenacetin,HPLC-UV/Vis
SMP-00874,10.37,13918.9,3380.3,3548.6,0.0133,Salicylic Acid,HPLC-UV/Vis
SMP-00874,12.11,60012.9,11380.7,11663.5,0.0622,Chlorpheniramine,HPLC-UV/Vis
SMP-00875,1.27,11124.1,2902.7,3042.1,0.011,Uracil,HPLC-UV/Vis
SMP-00875,2.8,44815.8,9068.0,9242.4,0.0442,Acetaminophen,HPLC-UV/Vis
SMP-00875,4.13,112990.2,17677.1,17735.4,0.1129,Caffeine,HPLC-UV/Vis
SMP-00875,5.62,133429.4,24437.8,26812.2,0.1324,Aspirin,HPLC-UV/Vis
SMP-00875,7.22,62601.8,10091.8,10151.5,0.0629,Benzoic Acid,HPLC-UV/Vis
SMP-00875,8.98,36027.1,7158.8,7376.9,0.0359,Phenacetin,HPLC-UV/Vis
SMP-00875,10.38,18044.7,4323.4,4384.0,0.018,Salicylic Acid,HPLC-UV/Vis
SMP-00875,12.09,54893.0,9254.0,9637.6,0.0551,Chlorpheniramine,HPLC-UV/Vis
SMP-00876,1.19,12073.9,3195.9,3256.1,0.0121,Uracil,HPLC-UV/Vis
SMP-00876,2.79,51145.7,9559.1,9836.3,0.0514,Acetaminophen,HPLC-UV/Vis
SMP-00876,4.15,97843.3,15881.3,16395.7,0.098,Caffeine,HPLC-UV/Vis
SMP-00876,5.62,20528.8,4565.8,4752.2,0.0212,Aspirin,HPLC-UV/Vis
SMP-00876,7.22,65055.4,10875.6,10968.4,0.065,Benzoic Acid,HPLC-UV/Vis
SMP-00876,8.92,35720.6,7031.3,7317.8,0.0342,Phenacetin,HPLC-UV/Vis
SMP-00876,10.41,16712.5,4059.0,4161.2,0.0169,Salicylic Acid,HPLC-UV/Vis
SMP-00876,12.14,47204.6,8476.5,8359.0,0.0457,Chlorpheniramine,HPLC-UV/Vis
SMP-00877,1.28,11851.8,3018.5,3127.1,0.0117,Uracil,HPLC-UV/Vis
SMP-00877,2.78,45247.3,8918.0,9148.8,0.0457,Acetaminophen,HPLC-UV/Vis
SMP-00877,4.18,90737.8,14255.4,14328.1,0.0887,Caffeine,HPLC-UV/Vis
SMP-00877,5.6,27460.0,6095.4,6268.0,0.0279,Aspirin,HPLC-UV/Vis
SMP-00877,7.23,73923.9,12304.8,13189.2,0.0754,Benzoic Acid,HPLC-UV/Vis
SMP-00877,8.95,29852.8,6099.0,6269.5,0.0297,Phenacetin,HPLC-UV/Vis
SMP-00877,10.36,14714.4,3402.2,3532.5,0.0147,Salicylic Acid,HPLC-UV/Vis
SMP-00877,12.13,49520.4,8745.3,8748.6,0.0506,Chlorpheniramine,HPLC-UV/Vis
SMP-00878,1.29,14420.9,3665.8,3723.6,0.014,Uracil,HPLC-UV/Vis
SMP-00878,2.79,36361.0,6778.4,6970.5,0.0372,Acetaminophen,HPLC-UV/Vis
SMP-00878,4.15,105825.7,16417.0,17266.1,0.1065,Caffeine,HPLC-UV/Vis
SMP-00878,5.63,21568.0,4762.3,4766.1,0.0213,Aspirin,HPLC-UV/Vis
SMP-00878,7.21,72720.9,12616.9,12885.5,0.0743,Benzoic Acid,HPLC-UV/Vis
SMP-00878,8.91,30731.1,6326.5,6410.4,0.0301,Phenacetin,HPLC-UV/Vis
SMP-00878,10.38,14251.8,3611.9,3543.2,0.0143,Salicylic Acid,HPLC-UV/Vis
SMP-00878,12.07,52943.9,9472.7,9742.2,0.0537,Chlorpheniramine,HPLC-UV/Vis
SMP-00879,1.23,10577.4,2734.5,2780.6,0.0105,Uracil,HPLC-UV/Vis
SMP-00879,2.79,47205.0,9844.4,10274.7,0.0484,Acetaminophen,HPLC-UV/Vis
SMP-00879,4.15,93893.3,15470.6,16201.7,0.094,Caffeine,HPLC-UV/Vis
SMP-00879,5.56,24165.5,5163.2,5389.0,0.0248,Aspirin,HPLC-UV/Vis
SMP-00879,7.24,69145.3,11499.5,11861.3,0.068,Benzoic Acid,HPLC-UV/Vis
SMP-00879,8.9,28913.1,6342.1,6342.9,0.0282,Phenacetin,HPLC-UV/Vis
SMP-00879,10.38,16020.9,3832.8,3932.6,0.0158,Salicylic Acid,HPLC-UV/Vis
SMP-00879,12.1,53471.6,10251.1,10552.9,0.0532,Chlorpheniramine,HPLC-UV/Vis
SMP-00880,1.26,9991.4,2621.0,2707.1,0.0102,Uracil,HPLC-UV/Vis
SMP-00880,2.8,48895.2,9253.7,9644.2,0.0494,Acetaminophen,HPLC-UV/Vis
SMP-00880,4.2,93799.6,14519.5,15242.2,0.0926,Caffeine,HPLC-UV/Vis
SMP-00880,5.61,16997.6,3845.5,3943.8,0.0168,Aspirin,HPLC-UV/Vis
SMP-00880,7.22,61190.7,10543.0,10538.8,0.0616,Benzoic Acid,HPLC-UV/Vis
SMP-00880,8.97,31774.7,6478.6,6601.7,0.031,Phenacetin,HPLC-UV/Vis
SMP-00880,10.37,13845.1,3578.2,3562.5,0.0142,Salicylic Acid,HPLC-UV/Vis
SMP-00880,12.07,48572.3,8456.3,8866.1,0.0492,Chlorpheniramine,HPLC-UV/Vis
SMP-00881,1.33,12429.7,3200.5,3252.6,0.0123,Uracil,HPLC-UV/Vis
SMP-00881,2.83,48416.0,9753.3,9906.0,0.049,Acetaminophen,HPLC-UV/Vis
SMP-00881,4.16,81495.9,12795.9,13317.7,0.0831,Caffeine,HPLC-UV/Vis
SMP-00881,5.62,25870.6,5656.7,5663.6,0.0253,Aspirin,HPLC-UV/Vis
SMP-00881,7.19,67156.5,11155.0,11428.9,0.0681,Benzoic Acid,HPLC-UV/Vis
SMP-00881,8.99,34133.4,7168.6,7289.1,0.0341,Phenacetin,HPLC-UV/Vis
SMP-00881,10.39,14510.0,3450.2,3506.1,0.0141,Salicylic Acid,HPLC-UV/Vis
SMP-00881,12.04,48884.9,9014.6,9162.2,0.0485,Chlorpheniramine,HPLC-UV/Vis
SMP-00882,1.28,12110.1,3201.1,3188.5,0.012,Uracil,HPLC-UV/Vis
SMP-00882,2.86,41378.7,7736.4,8021.3,0.0414,Acetaminophen,HPLC-UV/Vis
SMP-00882,4.11,84616.8,13981.8,14308.1,0.0867,Caffeine,HPLC-UV/Vis
SMP-00882,5.62,23743.3,5180.6,5422.3,0.0232,Aspirin,HPLC-UV/Vis
SMP-00882,7.19,69971.7,11840.1,12002.3,0.0687,Benzoic Acid,HPLC-UV/Vis
SMP-00882,8.9,34344.9,7002.6,7048.9,0.0336,Phenacetin,HPLC-UV/Vis
SMP-00882,10.41,14401.9,3495.2,3521.1,0.0143,Salicylic Acid,HPLC-UV/Vis
SMP-00882,12.16,53053.1,9720.0,10087.9,0.0512,Chlorpheniramine,HPLC-UV/Vis
SMP-00883,1.18,13009.6,3530.6,3711.7,0.0131,Uracil,HPLC-UV/Vis
SMP-00883,2.79,50653.5,9901.1,10210.5,0.0496,Acetaminophen,HPLC-UV/Vis
SMP-00883,4.15,92741.8,15510.4,15468.6,0.0922,Caffeine,HPLC-UV/Vis
SMP-00883,5.58,20520.0,4419.3,4454.8,0.0209,Aspirin,HPLC-UV/Vis
SMP-00883,7.21,54412.3,9697.3,9909.0,0.0568,Benzoic Acid,HPLC-UV/Vis
SMP-00883,8.94,37575.3,7817.2,8016.0,0.0373,Phenacetin,HPLC-UV/Vis
SMP-00883,10.38,15010.1,3588.3,3641.7,0.0148,Salicylic Acid,HPLC-UV/Vis
SMP-00883,12.13,55476.4,9870.3,10057.5,0.0551,Chlorpheniramine,HPLC-UV/Vis
SMP-00884,1.26,13381.2,3458.5,3501.0,0.0135,Uracil,HPLC-UV/Vis
SMP-00884,2.84,42371.5,8081.4,8455.3,0.0417,Acetaminophen,HPLC-UV/Vis
SMP-00884,4.07,86323.2,14290.9,14540.6,0.0873,Caffeine,HPLC-UV/Vis
SMP-00884,5.63,21402.2,4688.5,4691.3,0.0214,Aspirin,HPLC-UV/Vis
SMP-00884,7.23,63189.4,10358.7,10529.5,0.0632,Benzoic Acid,HPLC-UV/Vis
SMP-00884,8.85,31051.2,6595.4,6725.4,0.0314,Phenacetin,HPLC-UV/Vis
SMP-00884,10.39,14582.6,3658.9,3804.9,0.0146,Salicylic Acid,HPLC-UV/Vis
SMP-00884,12.13,53913.5,9838.4,10236.4,0.0534,Chlorpheniramine,HPLC-UV/Vis
SMP-00885,1.22,12287.1,3231.8,3260.5,0.0126,Uracil,HPLC-UV/Vis
SMP-00885,2.84,48606.8,9402.3,9728.0,0.0489,Acetaminophen,HPLC-UV/Vis
SMP-00885,4.15,87969.9,14215.1,14695.2,0.0859,Caffeine,HPLC-UV/Vis
SMP-00885,5.57,21063.8,4773.8,4919.5,0.0207,Aspirin,HPLC-UV/Vis
SMP-00885,7.19,67755.2,10753.4,10841.3,0.0658,Benzoic Acid,HPLC-UV/Vis
SMP-00885,8.93,27972.6,5885.1,6278.2,0.0285,Phenacetin,HPLC-UV/Vis
SMP-00885,10.41,15497.1,3705.6,3914.9,0.0161,Salicylic Acid,HPLC-UV/Vis
SMP-00885,12.14,50997.7,9144.3,9470.3,0.0527,Chlorpheniramine,HPLC-UV/Vis
SMP-00886,1.26,13513.0,3570.3,3713.9,0.0138,Uracil,HPLC-UV/Vis
SMP-00886,2.75,54158.7,10247.6,10445.7,0.0539,Acetaminophen,HPLC-UV/Vis
SMP-00886,4.13,93336.0,15378.7,16030.7,0.0943,Caffeine,HPLC-UV/Vis
SMP-00886,5.59,25685.3,5591.3,5698.6,0.0261,Aspirin,HPLC-UV/Vis
SMP-00886,7.18,64059.6,11023.3,11483.2,0.0644,Benzoic Acid,HPLC-UV/Vis
SMP-00886,8.96,30536.5,6089.1,6198.5,0.031,Phenacetin,HPLC-UV/Vis
SMP-00886,10.37,14147.9,3525.4,3602.3,0.0143,Salicylic Acid,HPLC-UV/Vis
SMP-00886,12.12,46755.2,8615.8,8512.5,0.0478,Chlorpheniramine,HPLC-UV/Vis
SMP-00887,1.26,12745.7,3112.2,3290.7,0.0129,Uracil,HPLC-UV/Vis
SMP-00887,2.78,46903.0,8764.9,9054.0,0.046,Acetaminophen,HPLC-UV/Vis
SMP-00887,4.13,80695.5,13380.9,14138.4,0.0802,Caffeine,HPLC-UV/Vis
SMP-00887,5.63,20621.9,4450.3,4670.3,0.0205,Aspirin,HPLC-UV/Vis
SMP-00887,7.18,59160.6,9173.1,9137.2,0.0592,Benzoic Acid,HPLC-UV/Vis
SMP-00887,9.03,31071.3,6128.2,6308.6,0.0315,Phenacetin,HPLC-UV/Vis
SMP-00887,10.43,16494.3,4028.7,4209.0,0.0161,Salicylic Acid,HPLC-UV/Vis
SMP-00887,12.16,53946.0,9911.5,9653.4,0.0556,Chlorpheniramine,HPLC-UV/Vis
SMP-00888,1.2,12055.4,3124.1,3138.9,0.0122,Uracil,HPLC-UV/Vis
SMP-00888,2.81,38626.9,7229.6,7428.6,0.0384,Acetaminophen,HPLC-UV/Vis
SMP-00888,4.14,73108.9,12234.8,12755.3,0.074,Caffeine,HPLC-UV/Vis
SMP-00888,5.59,21697.7,4635.0,4917.0,0.0217,Aspirin,HPLC-UV/Vis
SMP-00888,7.2,53352.2,8949.6,9243.7,0.0526,Benzoic Acid,HPLC-UV/Vis
SMP-00888,8.97,30941.4,5974.5,6297.6,0.0304,Phenacetin,HPLC-UV/Vis
SMP-00888,10.44,17253.7,4154.9,4175.5,0.017,Salicylic Acid,HPLC-UV/Vis
SMP-00888,12.14,61219.9,11118.6,11596.7,0.061,Chlorpheniramine,HPLC-UV/Vis
SMP-00889,1.2,12852.5,3389.9,3457.0,0.0132,Uracil,HPLC-UV/Vis
SMP-00889,2.8,44787.7,9033.8,9393.8,0.0447,Acetaminophen,HPLC-UV/Vis
SMP-00889,4.11,69278.3,11030.5,11318.6,0.0702,Caffeine,HPLC-UV/Vis
SMP-00889,5.59,16291.1,3677.6,3803.5,0.0167,Aspirin,HPLC-UV/Vis
SMP-00889,7.23,63689.5,10570.5,10938.5,0.0646,Benzoic Acid,HPLC-UV/Vis
SMP-00889,8.96,32039.1,6535.5,6849.4,0.031,Phenacetin,HPLC-UV/Vis
SMP-00889,10.45,14551.4,3535.7,3739.9,0.0145,Salicylic Acid,HPLC-UV/Vis
SMP-00889,12.14,52632.6,9452.0,9361.2,0.0525,Chlorpheniramine,HPLC-UV/Vis
SMP-00890,1.24,10855.2,2743.9,2792.5,0.0108,Uracil,HPLC-UV/Vis
SMP-00890,2.85,47185.0,8704.8,8978.4,0.0471,Acetaminophen,HPLC-UV/Vis
SMP-00890,4.15,87552.9,15042.7,15172.5,0.089,Caffeine,HPLC-UV/Vis
SMP-00890,5.58,21602.9,4977.6,5173.2,0.0219,Aspirin,HPLC-UV/Vis
SMP-00890,7.21,60249.0,9484.3,10060.8,0.0605,Benzoic Acid,HPLC-UV/Vis
SMP-00890,9.0,27879.6,5234.7,5202.1,0.0275,Phenacetin,HPLC-UV/Vis
SMP-00890,10.44,16916.2,3828.6,4157.9,0.0168,Salicylic Acid,HPLC-UV/Vis
SMP-00890,12.12,227765.5,40065.9,39243.0,0.2219,Chlorpheniramine,HPLC-UV/Vis
SMP-00891,1.31,11908.1,3004.0,3129.6,0.0119,Uracil,HPLC-UV/Vis
SMP-00891,2.84,50834.3,10243.0,10717.8,0.0503,Acetaminophen,HPLC-UV/Vis
SMP-00891,4.17,83690.6,13390.9,13768.1,0.0857,Caffeine,HPLC-UV/Vis
SMP-00891,5.6,22732.4,4965.1,4998.4,0.0231,Aspirin,HPLC-UV/Vis
SMP-00891,7.2,64644.4,11000.4,11255.1,0.0633,Benzoic Acid,HPLC-UV/Vis
SMP-00891,8.93,31683.0,6744.1,6847.9,0.0316,Phenacetin,HPLC-UV/Vis
SMP-00891,10.4,15493.9,3879.1,3947.3,0.0159,Salicylic Acid,HPLC-UV/Vis
SMP-00891,12.11,49918.2,9014.1,9262.0,0.0518,Chlorpheniramine,HPLC-UV/Vis
SMP-00892,1.29,12589.3,3240.2,3314.4,0.0126,Uracil,HPLC-UV/Vis
SMP-00892,2.78,50195.8,10139.3,10323.5,0.0513,Acetaminophen,HPLC-UV/Vis
SMP-00892,4.18,83527.1,13526.0,13899.1,0.0873,Caffeine,HPLC-UV/Vis
SMP-00892,5.59,20448.3,4366.1,4437.4,0.0206,Aspirin,HPLC-UV/Vis
SMP-00892,7.18,54857.0,9587.4,9895.4,0.0553,Benzoic Acid,HPLC-UV/Vis
SMP-00892,8.98,35890.0,7375.4,7526.0,0.0362,Phenacetin,HPLC-UV/Vis
SMP-00892,10.43,16636.4,4162.4,4229.6,0.0169,Salicylic Acid,HPLC-UV/Vis
SMP-00892,12.02,51691.5,9184.0,9503.8,0.0526,Chlorpheniramine,HPLC-UV/Vis
SMP-00893,1.31,11796.8,2841.3,2942.3,0.0117,Uracil,HPLC-UV/Vis
SMP-00893,2.79,42212.2,8020.3,8505.1,0.0423,Acetaminophen,HPLC-UV/Vis
SMP-00893,4.2,86565.1,13536.6,13583.6,0.0864,Caffeine,HPLC-UV/Vis
SMP-00893,5.56,111096.5,27499.5,22845.3,0.1126,Aspirin,HPLC-UV/Vis
SMP-00893,7.25,68353.3,11204.0,11504.7,0.068,Benzoic Acid,HPLC-UV/Vis
SMP-00893,8.93,32467.7,6769.6,7019.2,0.0318,Phenacetin,HPLC-UV/Vis
SMP-00893,10.38,15485.5,3696.1,3898.9,0.0155,Salicylic Acid,HPLC-UV/Vis
SMP-00893,12.06,60730.8,10928.4,11171.0,0.062,Chlorpheniramine,HPLC-UV/Vis
SMP-00894,1.21,11046.5,2899.5,3104.2,0.0113,Uracil,HPLC-UV/Vis
SMP-00894,2.79,46022.2,8404.2,8660.3,0.0466,Acetaminophen,HPLC-UV/Vis
SMP-00894,4.18,106415.9,18029.7,19073.5,0.1065,Caffeine,HPLC-UV/Vis
SMP-00894,5.55,23401.1,5253.4,5381.2,0.0227,Aspirin,HPLC-UV/Vis
SMP-00894,7.21,78997.0,13377.4,14144.9,0.0806,Benzoic Acid,HPLC-UV/Vis
SMP-00894,8.93,29863.8,5940.8,6328.7,0.0299,Phenacetin,HPLC-UV/Vis
SMP-00894,10.36,16877.7,4064.6,4289.0,0.0167,Salicylic Acid,HPLC-UV/Vis
SMP-00894,12.13,51676.8,9761.1,10278.2,0.0522,Chlorpheniramine,HPLC-UV/Vis
SMP-00895,1.27,12532.7,3226.0,3327.5,0.0126,Uracil,HPLC-UV/Vis
SMP-00895,2.75,37914.8,7447.9,7310.3,0.0386,Acetaminophen,HPLC-UV/Vis
SMP-00895,4.14,98357.5,15875.6,16484.7,0.0949,Caffeine,HPLC-UV/Vis
SMP-00895,5.59,24076.8,5461.4,5605.8,0.0242,Aspirin,HPLC-UV/Vis
SMP-00895,7.2,71358.2,11479.3,11443.4,0.0706,Benzoic Acid,HPLC-UV/Vis
SMP-00895,8.93,33230.9,6619.9,6741.3,0.0334,Phenacetin,HPLC-UV/Vis
SMP-00895,10.39,11531.4,2904.6,2984.9,0.0112,Salicylic Acid,HPLC-UV/Vis
SMP-00895,12.08,51406.6,9012.6,9481.9,0.053,Chlorpheniramine,HPLC-UV/Vis
SMP-00896,1.29,11706.8,3169.5,3252.2,0.0114,Uracil,HPLC-UV/Vis
SMP-00896,2.81,42846.9,8365.7,8706.5,0.0432,Acetaminophen,HPLC-UV/Vis
SMP-00896,4.14,82713.4,12806.1,13167.7,0.0818,Caffeine,HPLC-UV/Vis
SMP-00896,5.54,19592.4,4403.9,4392.0,0.0195,Aspirin,HPLC-UV/Vis
SMP-00896,7.17,67975.1,11305.9,11768.7,0.0665,Benzoic Acid,HPLC-UV/Vis
SMP-00896,8.98,30499.5,6327.0,6453.9,0.0308,Phenacetin,HPLC-UV/Vis
SMP-00896,10.43,89342.5,21210.8,20708.0,0.0888,Salicylic Acid,HPLC-UV/Vis
SMP-00896,12.08,51088.1,9171.2,9567.9,0.0511,Chlorpheniramine,HPLC-UV/Vis
SMP-00897,1.24,13968.4,3691.6,3829.3,0.0141,Uracil,HPLC-UV/Vis
SMP-00897,2.81,46627.4,9007.2,9341.7,0.0438,Acetaminophen,HPLC-UV/Vis
SMP-00897,4.11,82795.5,12849.9,13046.1,0.0822,Caffeine,HPLC-UV/Vis
SMP-00897,5.64,27584.0,6106.0,6262.4,0.0279,Aspirin,HPLC-UV/Vis
SMP-00897,7.17,64925.1,10778.1,10655.9,0.0664,Benzoic Acid,HPLC-UV/Vis
SMP-00897,8.97,26300.4,5267.6,5350.2,0.0262,Phenacetin,HPLC-UV/Vis
SMP-00897,10.43,15754.8,3753.2,4030.0,0.0157,Salicylic Acid,HPLC-UV/Vis
SMP-00897,12.04,54690.9,10092.3,10165.0,0.0554,Chlorpheniramine,HPLC-UV/Vis
SMP-00898,1.2,13229.5,3374.9,3400.1,0.0135,Uracil,HPLC-UV/Vis
SMP-00898,2.77,47144.2,9215.9,9479.8,0.0467,Acetaminophen,HPLC-UV/Vis
SMP-00898,4.18,92850.5,14254.8,14071.4,0.0895,Caffeine,HPLC-UV/Vis
SMP-00898,5.58,22054.3,4859.4,5001.9,0.022,Aspirin,HPLC-UV/Vis
SMP-00898,7.15,69651.0,11685.4,11740.9,0.0704,Benzoic Acid,HPLC-UV/Vis
SMP-00898,8.95,23657.1,5038.1,5212.1,0.0239,Phenacetin,HPLC-UV/Vis
SMP-00898,10.38,13364.0,3402.8,3429.7,0.0138,Salicylic Acid,HPLC-UV/Vis
SMP-00898,12.11,60354.8,10635.7,10792.0,0.0614,Chlorpheniramine,HPLC-UV/Vis
SMP-00899,1.21,12050.5,3012.6,3215.4,0.0123,Uracil,HPLC-UV/Vis
SMP-00899,2.77,47351.3,9518.9,9859.9,0.0465,Acetaminophen,HPLC-UV/Vis
SMP-00899,4.14,92018.3,14753.5,15493.5,0.093,Caffeine,HPLC-UV/Vis
SMP-00899,5.62,19891.1,4315.6,4355.2,0.0201,Aspirin,HPLC-UV/Vis
SMP-00899,7.2,66291.3,11218.1,11286.2,0.0669,Benzoic Acid,HPLC-UV/Vis
SMP-00899,8.92,30755.5,6538.6,6624.7,0.0296,Phenacetin,HPLC-UV/Vis
SMP-00899,10.39,18516.5,4554.7,4622.8,0.0185,Salicylic Acid,HPLC-UV/Vis
SMP-00899,12.09,52963.1,9457.6,9873.0,0.0524,Chlorpheniramine,HPLC-UV/Vis
SMP-00900,1.28,13214.3,3374.9,3381.8,0.0132,Uracil,HPLC-UV/Vis
SMP-00900,2.78,44703.9,8815.3,8970.0,0.0434,Acetaminophen,HPLC-UV/Vis
SMP-00900,4.2,94095.6,14879.3,15709.2,0.0937,Caffeine,HPLC-UV/Vis
SMP-00900,5.61,24406.3,5516.8,5846.3,0.0242,Aspirin,HPLC-UV/Vis
SMP-00900,7.18,64964.0,10798.9,11321.7,0.0645,Benzoic Acid,HPLC-UV/Vis
SMP-00900,8.99,31323.9,6240.3,6552.5,0.03,Phenacetin,HPLC-UV/Vis
SMP-00900,10.38,17560.6,4119.6,4188.6,0.0177,Salicylic Acid,HPLC-UV/Vis
SMP-00900,12.08,52400.8,9755.2,10244.3,0.052,Chlorpheniramine,HPLC-UV/Vis
SMP-00901,1.21,12766.3,3359.3,3470.2,0.0126,Uracil,HPLC-UV/Vis
SMP-00901,2.74,49822.5,9739.9,10123.4,0.0491,Acetaminophen,HPLC-UV/Vis
SMP-00901,4.16,88435.3,13595.5,14469.0,0.0896,Caffeine,HPLC-UV/Vis
SMP-00901,5.6,26989.4,5845.4,5907.6,0.0274,Aspirin,HPLC-UV/Vis
SMP-00901,7.17,74737.8,12519.3,12670.1,0.0754,Benzoic Acid,HPLC-UV/Vis
SMP-00901,8.95,32399.5,6766.7,7093.4,0.0325,Phenacetin,HPLC-UV/Vis
SMP-00901,10.41,17458.6,4324.6,4426.1,0.0175,Salicylic Acid,HPLC-UV/Vis
SMP-00901,12.12,55023.7,10284.7,10481.5,0.0554,Chlorpheniramine,HPLC-UV/Vis
SMP-00902,1.27,14468.5,3710.7,3786.7,0.0148,Uracil,HPLC-UV/Vis
SMP-00902,2.81,50521.6,9968.1,9848.0,0.0493,Acetaminophen,HPLC-UV/Vis
SMP-00902,4.16,93786.9,15243.0,15922.9,0.0946,Caffeine,HPLC-UV/Vis
SMP-00902,5.62,21604.4,4867.5,4931.1,0.0218,Aspirin,HPLC-UV/Vis
SMP-00902,7.19,71679.7,12430.4,12549.7,0.073,Benzoic Acid,HPLC-UV/Vis
SMP-00902,8.94,33699.2,6864.2,7242.6,0.032,Phenacetin,HPLC-UV/Vis
SMP-00902,10.37,15741.1,3741.6,3965.8,0.0157,Salicylic Acid,HPLC-UV/Vis
SMP-00902,12.13,58169.1,10420.0,10526.1,0.0569,Chlorpheniramine,HPLC-UV/Vis
SMP-00903,1.26,12666.4,3302.8,3273.2,0.0126,Uracil,HPLC-UV/Vis
SMP-00903,2.83,39071.7,7874.2,8393.0,0.0375,Acetaminophen,HPLC-UV/Vis
SMP-00903,4.16,96988.6,14824.6,15369.4,0.0966,Caffeine,HPLC-UV/Vis
SMP-00903,5.66,22602.1,5059.2,5198.8,0.0227,Aspirin,HPLC-UV/Vis
SMP-00903,7.23,62163.3,10381.8,10732.3,0.0599,Benzoic Acid,HPLC-UV/Vis
SMP-00903,8.98,29760.1,6606.6,6932.0,0.03,Phenacetin,HPLC-UV/Vis
SMP-00903,10.42,15888.1,3709.0,3869.6,0.0163,Salicylic Acid,HPLC-UV/Vis
SMP-00903,12.05,203302.1,37676.6,36493.6,0.2099,Chlorpheniramine,HPLC-UV/Vis
SMP-00904,1.24,12140.4,3164.6,3241.2,0.0124,Uracil,HPLC-UV/Vis
SMP-00904,2.81,42976.0,7907.7,8013.3,0.0423,Acetaminophen,HPLC-UV/Vis
SMP-00904,4.13,76130.2,11876.7,12325.1,0.0774,Caffeine,HPLC-UV/Vis
SMP-00904,5.59,24518.3,5438.8,5730.9,0.0244,Aspirin,HPLC-UV/Vis
SMP-00904,7.23,65302.0,10587.1,11093.7,0.0673,Benzoic Acid,HPLC-UV/Vis
SMP-00904,8.92,35989.0,7455.2,7711.6,0.0357,Phenacetin,HPLC-UV/Vis
SMP-00904,10.37,13722.8,3558.7,3604.1,0.014,Salicylic Acid,HPLC-UV/Vis
SMP-00904,12.11,49425.7,9122.3,9649.9,0.0498,Chlorpheniramine,HPLC-UV/Vis
SMP-00905,1.26,10726.6,2663.5,2729.7,0.0108,Uracil,HPLC-UV/Vis
SMP-00905,2.81,48189.4,9307.4,9184.8,0.0483,Acetaminophen,HPLC-UV/Vis
SMP-00905,4.16,89340.2,14360.8,14957.4,0.0897,Caffeine,HPLC-UV/Vis
SMP-00905,5.57,23380.3,5091.6,5282.2,0.0225,Aspirin,HPLC-UV/Vis
SMP-00905,7.22,72143.2,11978.8,11820.6,0.073,Benzoic Acid,HPLC-UV/Vis
SMP-00905,8.92,29871.7,6282.8,6576.0,0.0306,Phenacetin,HPLC-UV/Vis
SMP-00905,10.35,14852.8,3689.4,3793.8,0.015,Salicylic Acid,HPLC-UV/Vis
SMP-00905,12.09,52889.9,9233.7,9377.1,0.0528,Chlorpheniramine,HPLC-UV/Vis
SMP-00906,1.27,12095.5,3269.7,3448.2,0.012,Uracil,HPLC-UV/Vis
SMP-00906,2.84,42865.8,8130.5,8585.7,0.0435,Acetaminophen,HPLC-UV/Vis
SMP-00906,4.16,86927.2,13546.9,13990.4,0.0891,Caffeine,HPLC-UV/Vis
SMP-00906,5.63,24918.5,5840.1,5834.1,0.025,Aspirin,HPLC-UV/Vis
SMP-00906,7.25,63675.4,10920.7,11150.2,0.0642,Benzoic Acid,HPLC-UV/Vis
SMP-00906,8.95,32241.3,6790.6,6979.5,0.0328,Phenacetin,HPLC-UV/Vis
SMP-00906,10.39,18541.7,4601.6,4699.9,0.0187,Salicylic Acid,HPLC-UV/Vis
SMP-00906,12.12,55295.1,8983.7,9079.4,0.056,Chlorpheniramine,HPLC-UV/Vis
SMP-00907,1.27,13552.0,3472.4,3454.0,0.0134,Uracil,HPLC-UV/Vis
SMP-00907,2.84,152318.3,27415.0,32265.0,0.1527,Acetaminophen,HPLC-UV/Vis
SMP-00907,4.18,87462.4,14269.3,14697.5,0.0861,Caffeine,HPLC-UV/Vis
SMP-00907,5.59,20470.3,4443.1,4559.0,0.0205,Aspirin,HPLC-UV/Vis
SMP-00907,7.19,62216.5,10482.4,10962.7,0.0616,Benzoic Acid,HPLC-UV/Vis
SMP-00907,8.94,30633.9,6504.2,6789.5,0.0306,Phenacetin,HPLC-UV/Vis
SMP-00907,10.4,17806.3,4476.7,4714.0,0.0179,Salicylic Acid,HPLC-UV/Vis
SMP-00907,12.1,58808.8,10401.7,10659.1,0.0606,Chlorpheniramine,HPLC-UV/Vis
SMP-00908,1.28,10930.1,2767.8,2869.4,0.011,Uracil,HPLC-UV/Vis
SMP-00908,2.82,50734.8,9783.2,10232.4,0.0526,Acetaminophen,HPLC-UV/Vis
SMP-00908,4.14,79357.3,13000.2,14000.4,0.0817,Caffeine,HPLC-UV/Vis
SMP-00908,5.65,25799.7,5405.7,5682.7,0.0259,Aspirin,HPLC-UV/Vis
SMP-00908,7.2,70192.3,11398.0,11712.6,0.0697,Benzoic Acid,HPLC-UV/Vis
SMP-00908,8.94,25896.6,5226.5,5284.4,0.0251,Phenacetin,HPLC-UV/Vis
SMP-00908,10.42,14092.2,3288.0,3379.9,0.0137,Salicylic Acid,HPLC-UV/Vis
SMP-00908,12.1,55851.2,10199.0,10345.7,0.0559,Chlorpheniramine,HPLC-UV/Vis
SMP-00909,1.19,12856.0,3191.2,3376.5,0.0131,Uracil,HPLC-UV/Vis
SMP-00909,2.77,47008.5,9235.4,9074.5,0.0471,Acetaminophen,HPLC-UV/Vis
SMP-00909,4.11,94570.5,15416.4,16304.8,0.0938,Caffeine,HPLC-UV/Vis
SMP-00909,5.61,16614.6,3614.1,3728.8,0.0155,Aspirin,HPLC-UV/Vis
SMP-00909,7.2,67940.8,11533.0,11784.2,0.068,Benzoic Acid,HPLC-UV/Vis
SMP-00909,8.95,25447.7,5230.3,5393.9,0.026,Phenacetin,HPLC-UV/Vis
SMP-00909,10.37,14080.1,3594.3,3722.9,0.0145,Salicylic Acid,HPLC-UV/Vis
SMP-00909,12.08,49756.6,8959.4,9338.3,0.0482,Chlorpheniramine,HPLC-UV/Vis
SMP-00910,1.26,11049.3,2735.3,2841.7,0.0116,Uracil,HPLC-UV/Vis
SMP-00910,2.81,43029.3,8425.1,8572.4,0.0428,Acetaminophen,HPLC-UV/Vis
SMP-00910,4.15,75248.3,12511.8,13169.7,0.0765,Caffeine,HPLC-UV/Vis
SMP-00910,5.57,21037.7,4615.9,4720.5,0.0208,Aspirin,HPLC-UV/Vis
SMP-00910,7.23,75939.7,12355.0,12498.1,0.076,Benzoic Acid,HPLC-UV/Vis
SMP-00910,8.95,32282.6,6926.9,7104.4,0.0328,Phenacetin,HPLC-UV/Vis
SMP-00910,10.4,16788.0,4001.9,4044.4,0.0169,Salicylic Acid,HPLC-UV/Vis
SMP-00910,12.12,48086.1,9141.2,9343.0,0.0497,Chlorpheniramine,HPLC-UV/Vis
SMP-00911,1.24,13528.6,3505.3,3605.8,0.0135,Uracil,HPLC-UV/Vis
SMP-00911,2.87,38127.3,7088.2,7467.7,0.0391,Acetaminophen,HPLC-UV/Vis
SMP-00911,4.1,100550.1,15889.7,16210.4,0.1007,Caffeine,HPLC-UV/Vis
SMP-00911,5.63,23148.4,4976.0,5046.3,0.0237,Aspirin,HPLC-UV/Vis
SMP-00911,7.22,67332.8,10600.0,11076.4,0.0688,Benzoic Acid,HPLC-UV/Vis
SMP-00911,8.89,21345.9,4501.6,4582.7,0.0205,Phenacetin,HPLC-UV/Vis
SMP-00911,10.39,13609.8,3305.8,3442.4,0.0137,Salicylic Acid,HPLC-UV/Vis
SMP-00911,12.11,45033.5,8127.9,8410.7,0.0446,Chlorpheniramine,HPLC-UV/Vis
SMP-00912,1.23,12085.2,3194.0,3387.4,0.0125,Uracil,HPLC-UV/Vis
SMP-00912,2.77,48811.4,9832.9,9937.7,0.049,Acetaminophen,HPLC-UV/Vis
SMP-00912,4.16,83461.2,13646.8,13725.4,0.0805,Caffeine,HPLC-UV/Vis
SMP-00912,5.6,28031.2,6420.0,6402.6,0.0282,Aspirin,HPLC-UV/Vis
SMP-00912,7.19,54695.9,8560.6,8671.1,0.054,Benzoic Acid,HPLC-UV/Vis
SMP-00912,8.92,31666.2,6714.1,6952.4,0.0316,Phenacetin,HPLC-UV/Vis
SMP-00912,10.36,17085.9,4025.4,4271.1,0.0173,Salicylic Acid,HPLC-UV/Vis
SMP-00912,12.12,54190.6,9567.5,9674.4,0.0561,Chlorpheniramine,HPLC-UV/Vis
SMP-00913,1.22,13093.8,3398.4,3477.9,0.0129,Uracil,HPLC-UV/Vis
SMP-00913,2.83,47276.8,9206.4,9338.6,0.0477,Acetaminophen,HPLC-UV/Vis
SMP-00913,4.11,99241.2,15684.3,15559.8,0.1016,Caffeine,HPLC-UV/Vis
SMP-00913,5.59,20569.1,4430.8,4760.8,0.0205,Aspirin,HPLC-UV/Vis
SMP-00913,7.22,63040.5,10837.6,11244.2,0.0641,Benzoic Acid,HPLC-UV/Vis
SMP-00913,8.96,31172.5,6611.7,6738.6,0.0324,Phenacetin,HPLC-UV/Vis
SMP-00913,10.4,15222.9,3707.4,3772.0,0.0154,Salicylic Acid,HPLC-UV/Vis
SMP-00913,12.16,51852.3,9340.4,9539.5,0.0539,Chlorpheniramine,HPLC-UV/Vis
SMP-00914,1.25,12840.2,3192.0,3456.5,0.0127,Uracil,HPLC-UV/Vis
SMP-00914,2.85,44082.4,8604.9,8803.7,0.044,Acetaminophen,HPLC-UV/Vis
SMP-00914,4.16,85440.3,12734.2,13107.8,0.0856,Caffeine,HPLC-UV/Vis
SMP-00914,5.59,21107.5,4622.9,4924.8,0.0211,Aspirin,HPLC-UV/Vis
SMP-00914,7.17,65435.9,10538.2,11127.0,0.0633,Benzoic Acid,HPLC-UV/Vis
SMP-00914,8.96,32061.3,6126.9,6062.8,0.0321,Phenacetin,HPLC-UV/Vis
SMP-00914,10.38,14938.4,3518.8,3538.2,0.0149,Salicylic Acid,HPLC-UV/Vis
SMP-00914,12.08,50583.5,9139.5,9850.1,0.0495,Chlorpheniramine,HPLC-UV/Vis
SMP-00915,1.26,13147.6,3358.8,3556.4,0.0134,Uracil,HPLC-UV/Vis
SMP-00915,2.76,46241.4,8850.0,8963.0,0.0457,Acetaminophen,HPLC-UV/Vis
SMP-00915,4.16,97956.8,16330.1,16915.6,0.0981,Caffeine,HPLC-UV/Vis
SMP-00915,5.59,21297.5,4636.8,4808.7,0.022,Aspirin,HPLC-UV/Vis
SMP-00915,7.18,73932.9,11613.6,12204.3,0.072,Benzoic Acid,HPLC-UV/Vis
SMP-00915,8.94,32201.7,7005.9,7098.7,0.0316,Phenacetin,HPLC-UV/Vis
SMP-00915,10.45,15880.2,3873.4,4002.7,0.0156,Salicylic Acid,HPLC-UV/Vis
SMP-00915,12.09,61368.8,11331.3,11371.3,0.0611,Chlorpheniramine,HPLC-UV/Vis
SMP-00916,1.22,11106.8,2810.4,2914.0,0.0114,Uracil,HPLC-UV/Vis
SMP-00916,2.87,42700.6,8495.7,8562.2,0.0442,Acetaminophen,HPLC-UV/Vis
SMP-00916,4.17,73712.6,12288.0,12455.3,0.0745,Caffeine,HPLC-UV/Vis
SMP-00916,5.61,22283.3,4800.9,5001.8,0.0223,Aspirin,HPLC-UV/Vis
SMP-00916,7.22,336977.7,59188.1,49235.1,0.3282,Benzoic Acid,HPLC-UV/Vis
SMP-00916,8.97,31016.9,6547.6,6824.8,0.0304,Phenacetin,HPLC-UV/Vis
SMP-00916,10.35,16299.6,3938.3,4069.1,0.0164,Salicylic Acid,HPLC-UV/Vis
SMP-00916,12.14,54385.6,9889.5,10449.3,0.0564,Chlorpheniramine,HPLC-UV/Vis
SMP-00917,1.23,11874.6,3095.4,3175.6,0.0115,Uracil,HPLC-UV/Vis
SMP-00917,2.82,51051.8,10279.9,10627.4,0.0513,Acetaminophen,HPLC-UV/Vis
SMP-00917,4.11,86056.7,13963.3,14639.7,0.0851,Caffeine,HPLC-UV/Vis
SMP-00917,5.59,24184.8,5329.4,5334.6,0.0236,Aspirin,HPLC-UV/Vis
SMP-00917,7.21,67586.0,11073.5,11580.2,0.0681,Benzoic Acid,HPLC-UV/Vis
SMP-00917,8.96,36184.4,7226.2,7382.2,0.036,Phenacetin,HPLC-UV/Vis
SMP-00917,10.39,14364.4,3487.0,3598.9,0.0147,Salicylic Acid,HPLC-UV/Vis
SMP-00917,12.08,49269.5,8807.7,9523.5,0.0497,Chlorpheniramine,HPLC-UV/Vis
SMP-00918,1.25,12621.5,3319.6,3456.5,0.0128,Uracil,HPLC-UV/Vis
SMP-00918,2.79,47743.7,9300.4,9976.1,0.0487,Acetaminophen,HPLC-UV/Vis
SMP-00918,4.11,85648.7,13451.6,13731.8,0.0839,Caffeine,HPLC-UV/Vis
SMP-00918,5.59,23440.0,5143.7,5205.2,0.024,Aspirin,HPLC-UV/Vis
SMP-00918,7.18,61427.6,9715.2,9707.4,0.0628,Benzoic Acid,HPLC-UV/Vis
SMP-00918,8.93,35462.9,7393.4,7645.2,0.036,Phenacetin,HPLC-UV/Vis
SMP-00918,10.4,15226.2,3696.8,3688.8,0.015,Salicylic Acid,HPLC-UV/Vis
SMP-00918,12.08,44170.2,8252.6,8541.2,0.0445,Chlorpheniramine,HPLC-UV/Vis
SMP-00919,1.28,14355.0,3639.6,3794.8,0.0147,Uracil,HPLC-UV/Vis
SMP-00919,2.85,50907.7,9561.3,10153.2,0.0498,Acetaminophen,HPLC-UV/Vis
SMP-00919,4.17,98490.7,16053.3,16332.6,0.098,Caffeine,HPLC-UV/Vis
SMP-00919,5.63,93082.2,21362.1,20221.4,0.0919,Aspirin,HPLC-UV/Vis
SMP-00919,7.17,58575.2,10261.6,10743.7,0.06,Benzoic Acid,HPLC-UV/Vis
SMP-00919,8.99,33956.7,6899.8,6959.8,0.0332,Phenacetin,HPLC-UV/Vis
SMP-00919,10.37,14356.3,3479.7,3681.4,0.0139,Salicylic Acid,HPLC-UV/Vis
SMP-00919,12.06,51185.5,9528.7,9652.9,0.0509,Chlorpheniramine,HPLC-UV/Vis
SMP-00920,1.27,11768.3,3145.8,3212.2,0.0119,Uracil,HPLC-UV/Vis
SMP-00920,2.82,55086.2,10630.8,10946.4,0.0547,Acetaminophen,HPLC-UV/Vis
SMP-00920,4.13,89034.5,14135.2,14348.2,0.0834,Caffeine,HPLC-UV/Vis
SMP-00920,5.65,24598.6,5297.5,5322.5,0.0239,Aspirin,HPLC-UV/Vis
SMP-00920,7.24,68519.5,11675.1,12129.2,0.0675,Benzoic Acid,HPLC-UV/Vis
SMP-00920,8.98,28110.1,5921.5,6081.7,0.0279,Phenacetin,HPLC-UV/Vis
SMP-00920,10.41,16987.1,4041.1,4208.0,0.0166,Salicylic Acid,HPLC-UV/Vis
SMP-00920,12.1,59458.6,10754.0,11020.3,0.061,Chlorpheniramine,HPLC-UV/Vis
SMP-00921,1.24,10114.2,2578.8,2607.7,0.0101,Uracil,HPLC-UV/Vis
SMP-00921,2.77,42030.9,7740.8,7894.1,0.0412,Acetaminophen,HPLC-UV/Vis
SMP-00921,4.2,101170.1,15882.7,16302.8,0.099,Caffeine,HPLC-UV/Vis
SMP-00921,5.62,20668.5,4620.0,4621.6,0.0206,Aspirin,HPLC-UV/Vis
SMP-00921,7.22,74058.1,12314.1,12628.3,0.0697,Benzoic Acid,HPLC-UV/Vis
SMP-00921,8.93,31519.1,6899.7,6941.9,0.0315,Phenacetin,HPLC-UV/Vis
SMP-00921,10.43,15602.6,3934.7,4020.0,0.0158,Salicylic Acid,HPLC-UV/Vis
SMP-00921,12.1,55954.3,9860.5,10097.4,0.0546,Chlorpheniramine,HPLC-UV/Vis
SMP-00922,1.28,12973.9,3364.2,3357.5,0.0131,Uracil,HPLC-UV/Vis
SMP-00922,2.82,52135.4,10022.3,10259.7,0.053,Acetaminophen,HPLC-UV/Vis
SMP-00922,4.15,71391.1,11471.1,12114.6,0.072,Caffeine,HPLC-UV/Vis
SMP-00922,5.63,110110.5,21565.4,21700.0,0.1145,Aspirin,HPLC-UV/Vis
SMP-00922,7.21,56200.2,9083.5,9296.1,0.0563,Benzoic Acid,HPLC-UV/Vis
SMP-00922,8.97,27725.1,6430.2,6621.0,0.0267,Phenacetin,HPLC-UV/Vis
SMP-00922,10.37,13497.8,3346.4,3268.3,0.0138,Salicylic Acid,HPLC-UV/Vis
SMP-00922,12.09,59164.1,10376.8,10513.3,0.0598,Chlorpheniramine,HPLC-UV/Vis
SMP-00923,1.23,12309.1,3290.4,3473.3,0.0125,Uracil,HPLC-UV/Vis
SMP-00923,2.82,41850.2,8444.9,8858.8,0.0436,Acetaminophen,HPLC-UV/Vis
SMP-00923,4.12,94118.7,15180.5,15939.4,0.0965,Caffeine,HPLC-UV/Vis
SMP-00923,5.6,25133.7,5470.2,5658.1,0.0251,Aspirin,HPLC-UV/Vis
SMP-00923,7.25,58354.5,9695.9,9997.2,0.0592,Benzoic Acid,HPLC-UV/Vis
SMP-00923,8.94,29341.6,5586.8,5884.3,0.0284,Phenacetin,HPLC-UV/Vis
SMP-00923,10.43,15078.3,3638.7,3727.4,0.0154,Salicylic Acid,HPLC-UV/Vis
SMP-00923,12.12,48015.6,8779.2,9201.1,0.0495,Chlorpheniramine,HPLC-UV/Vis
SMP-00924,1.24,14440.5,3800.1,3899.0,0.0145,Uracil,HPLC-UV/Vis
SMP-00924,2.79,48306.2,9518.4,9591.7,0.0479,Acetaminophen,HPLC-UV/Vis
SMP-00924,4.14,91608.1,14970.0,15203.6,0.094,Caffeine,HPLC-UV/Vis
SMP-00924,5.64,26426.8,5672.8,5787.3,0.0262,Aspirin,HPLC-UV/Vis
SMP-00924,7.22,68390.4,11180.3,11885.0,0.0678,Benzoic Acid,HPLC-UV/Vis
SMP-00924,8.95,30997.1,6488.2,6883.0,0.0312,Phenacetin,HPLC-UV/Vis
SMP-00924,10.44,16371.1,4007.3,4209.9,0.0165,Salicylic Acid,HPLC-UV/Vis
SMP-00924,12.1,60432.1,11057.3,11486.0,0.06,Chlorpheniramine,HPLC-UV/Vis
SMP-00925,1.26,11369.5,2867.0,2953.9,0.0117,Uracil,HPLC-UV/Vis
SMP-00925,2.8,40951.7,8411.0,8849.5,0.0421,Acetaminophen,HPLC-UV/Vis
SMP-00925,4.16,80831.5,13475.4,13966.3,0.0818,Caffeine,HPLC-UV/Vis
SMP-00925,5.57,21619.9,4820.6,4941.9,0.0217,Aspirin,HPLC-UV/Vis
SMP-00925,7.2,76803.1,12875.1,13363.0,0.0773,Benzoic Acid,HPLC-UV/Vis
SMP-00925,9.0,32314.3,6663.0,6954.5,0.0329,Phenacetin,HPLC-UV/Vis
SMP-00925,10.4,19087.7,4838.3,4973.2,0.0193,Salicylic Acid,HPLC-UV/Vis
SMP-00925,12.11,51716.8,9211.7,9379.0,0.0535,Chlorpheniramine,HPLC-UV/Vis
SMP-00926,1.28,11913.1,3009.5,3123.3,0.0116,Uracil,HPLC-UV/Vis
SMP-00926,2.8,181766.4,33345.7,37305.6,0.1816,Acetaminophen,HPLC-UV/Vis
SMP-00926,4.15,76857.5,12262.9,12362.2,0.077,Caffeine,HPLC-UV/Vis
SMP-00926,5.57,23775.0,5256.1,5540.8,0.0243,Aspirin,HPLC-UV/Vis
SMP-00926,7.21,57913.3,9858.1,10234.9,0.0592,Benzoic Acid,HPLC-UV/Vis
SMP-00926,8.94,30291.6,6489.5,6720.9,0.0294,Phenacetin,HPLC-UV/Vis
SMP-00926,10.39,17292.7,4273.8,4508.0,0.0176,Salicylic Acid,HPLC-UV/Vis
SMP-00926,12.09,60349.9,11152.1,11331.9,0.0591,Chlorpheniramine,HPLC-UV/Vis
SMP-00927,1.27,9682.3,2487.1,2548.5,0.01,Uracil,HPLC-UV/Vis
SMP-00927,2.79,51827.6,10047.2,10297.7,0.0514,Acetaminophen,HPLC-UV/Vis
SMP-00927,4.14,86276.2,14655.6,15109.6,0.0855,Caffeine,HPLC-UV/Vis
SMP-00927,5.61,21807.0,4758.5,4820.2,0.0219,Aspirin,HPLC-UV/Vis
SMP-00927,7.21,63716.9,10829.5,11259.5,0.0639,Benzoic Acid,HPLC-UV/Vis
SMP-00927,9.0,35158.2,6960.7,7085.2,0.0349,Phenacetin,HPLC-UV/Vis
SMP-00927,10.38,14724.7,3503.1,3629.2,0.0149,Salicylic Acid,HPLC-UV/Vis
SMP-00927,12.08,43929.7,7240.2,7527.5,0.0443,Chlorpheniramine,HPLC-UV/Vis
SMP-00928,1.3,10364.1,2464.2,2482.7,0.0099,Uracil,HPLC-UV/Vis
SMP-00928,2.82,47158.5,9438.7,9791.9,0.0468,Acetaminophen,HPLC-UV/Vis
SMP-00928,4.16,75551.6,10899.1,11311.2,0.076,Caffeine,HPLC-UV/Vis
SMP-00928,5.62,23814.2,5210.2,5282.0,0.0237,Aspirin,HPLC-UV/Vis
SMP-00928,7.21,73696.8,12283.1,12430.6,0.0753,Benzoic Acid,HPLC-UV/Vis
SMP-00928,8.96,32935.0,6852.5,6993.9,0.0328,Phenacetin,HPLC-UV/Vis
SMP-00928,10.39,17208.9,4287.8,4464.4,0.0175,Salicylic Acid,HPLC-UV/Vis
SMP-00928,12.06,53350.6,9624.0,10042.8,0.0539,Chlorpheniramine,HPLC-UV/Vis
SMP-00929,1.19,11456.9,2936.0,3052.2,0.012,Uracil,HPLC-UV/Vis
SMP-00929,2.78,43861.4,8324.5,8426.4,0.0439,Acetaminophen,HPLC-UV/Vis
SMP-00929,4.15,81532.1,13168.2,13289.8,0.0833,Caffeine,HPLC-UV/Vis
SMP-00929,5.55,23629.1,5098.0,5257.4,0.0236,Aspirin,HPLC-UV/Vis
SMP-00929,7.24,66377.6,10872.9,11224.4,0.0652,Benzoic Acid,HPLC-UV/Vis
SMP-00929,8.89,23846.1,4705.6,4796.6,0.0227,Phenacetin,HPLC-UV/Vis
SMP-00929,10.38,15504.7,3846.8,4093.9,0.0156,Salicylic Acid,HPLC-UV/Vis
SMP-00929,12.12,61792.3,10843.9,10938.3,0.0603,Chlorpheniramine,HPLC-UV/Vis
SMP-00930,1.26,14297.2,3760.3,3902.1,0.0144,Uracil,HPLC-UV/Vis
SMP-00930,2.81,51768.9,10054.7,10409.0,0.0514,Acetaminophen,HPLC-UV/Vis
SMP-00930,4.14,78589.7,13155.2,13941.4,0.0785,Caffeine,HPLC-UV/Vis
SMP-00930,5.63,22768.9,5056.2,5186.0,0.0225,Aspirin,HPLC-UV/Vis
SMP-00930,7.22,73618.0,12233.0,12306.4,0.0751,Benzoic Acid,HPLC-UV/Vis
SMP-00930,8.93,29540.7,5725.2,5872.1,0.0299,Phenacetin,HPLC-UV/Vis
SMP-00930,10.44,17591.7,4386.6,4348.4,0.018,Salicylic Acid,HPLC-UV/Vis
SMP-00930,12.15,50926.8,9167.5,9458.9,0.0499,Chlorpheniramine,HPLC-UV/Vis
SMP-00931,1.18,16126.9,3984.8,3972.5,0.0163,Uracil,HPLC-UV/Vis
SMP-00931,2.75,32635.5,6420.3,6475.5,0.0332,Acetaminophen,HPLC-UV/Vis
SMP-00931,4.15,85156.2,13722.8,13888.8,0.0837,Caffeine,HPLC-UV/Vis
SMP-00931,5.65,22185.0,4551.7,4711.8,0.0218,Aspirin,HPLC-UV/Vis
SMP-00931,7.19,77443.9,12741.0,13331.2,0.0784,Benzoic Acid,HPLC-UV/Vis
SMP-00931,8.96,28834.4,5683.1,5716.6,0.0293,Phenacetin,HPLC-UV/Vis
SMP-00931,10.38,15937.3,3917.6,3993.6,0.0164,Salicylic Acid,HPLC-UV/Vis
SMP-00931,12.08,63601.5,11339.7,11459.8,0.0634,Chlorpheniramine,HPLC-UV/Vis
SMP-00932,1.25,13369.1,3458.0,3655.3,0.0136,Uracil,HPLC-UV/Vis
SMP-00932,2.77,44868.4,8718.9,8831.6,0.0439,Acetaminophen,HPLC-UV/Vis
SMP-00932,4.17,90205.5,15124.2,15244.2,0.0895,Caffeine,HPLC-UV/Vis
SMP-00932,5.6,24227.0,5554.4,5590.3,0.0244,Aspirin,HPLC-UV/Vis
SMP-00932,7.17,59067.8,9320.6,9716.7,0.0581,Benzoic Acid,HPLC-UV/Vis
SMP-00932,8.94,36819.3,7704.4,7811.7,0.0366,Phenacetin,HPLC-UV/Vis
SMP-00932,10.37,17445.0,4220.9,4415.8,0.0174,Salicylic Acid,HPLC-UV/Vis
SMP-00932,12.08,63590.5,11411.7,12457.1,0.0638,Chlorpheniramine,HPLC-UV/Vis
SMP-00933,1.2,13985.4,3576.0,3742.1,0.0146,Uracil,HPLC-UV/Vis
SMP-00933,2.81,51416.7,10206.6,10255.0,0.0526,Acetaminophen,HPLC-UV/Vis
SMP-00933,4.2,93723.7,15753.8,16155.6,0.091,Caffeine,HPLC-UV/Vis
SMP-00933,5.63,21813.5,4785.1,4716.8,0.0217,Aspirin,HPLC-UV/Vis
SMP-00933,7.22,69657.5,11581.0,12234.8,0.07,Benzoic Acid,HPLC-UV/Vis
SMP-00933,8.96,29382.0,6217.8,6290.4,0.0296,Phenacetin,HPLC-UV/Vis
SMP-00933,10.37,13506.5,3171.0,3381.4,0.0133,Salicylic Acid,HPLC-UV/Vis
SMP-00933,12.11,39437.6,6850.4,7249.7,0.0384,Chlorpheniramine,HPLC-UV/Vis
SMP-00934,1.26,12817.4,3243.3,3376.0,0.0132,Uracil,HPLC-UV/Vis
SMP-00934,2.79,45318.6,8993.7,9269.4,0.0452,Acetaminophen,HPLC-UV/Vis
SMP-00934,4.12,90919.5,14556.1,14893.2,0.0908,Caffeine,HPLC-UV/Vis
SMP-00934,5.59,26303.9,6008.7,6285.6,0.0259,Aspirin,HPLC-UV/Vis
SMP-00934,7.19,80977.3,13595.1,13945.0,0.0834,Benzoic Acid,HPLC-UV/Vis
SMP-00934,8.97,33392.0,6916.8,7109.6,0.0339,Phenacetin,HPLC-UV/Vis
SMP-00934,10.43,15161.7,3845.8,4041.6,0.0153,Salicylic Acid,HPLC-UV/Vis
SMP-00934,12.13,57296.3,9414.6,9543.1,0.0575,Chlorpheniramine,HPLC-UV/Vis
SMP-00935,1.27,14378.9,3752.1,3708.2,0.0145,Uracil,HPLC-UV/Vis
SMP-00935,2.8,46732.0,8949.5,9387.9,0.0464,Acetaminophen,HPLC-UV/Vis
SMP-00935,4.16,89684.4,14789.4,15292.7,0.092,Caffeine,HPLC-UV/Vis
SMP-00935,5.63,21335.4,4584.2,4727.5,0.0217,Aspirin,HPLC-UV/Vis
SMP-00935,7.18,72661.1,11864.1,12379.9,0.073,Benzoic Acid,HPLC-UV/Vis
SMP-00935,8.95,29528.1,6083.0,6275.6,0.0289,Phenacetin,HPLC-UV/Vis
SMP-00935,10.43,16943.3,4163.2,4250.6,0.017,Salicylic Acid,HPLC-UV/Vis
SMP-00935,12.1,59276.5,10686.6,10614.5,0.0601,Chlorpheniramine,HPLC-UV/Vis
SMP-00936,1.25,10988.3,2744.4,2787.4,0.0109,Uracil,HPLC-UV/Vis
SMP-00936,2.76,55654.8,11216.5,11615.2,0.0556,Acetaminophen,HPLC-UV/Vis
SMP-00936,4.2,82600.7,13535.0,13891.7,0.0821,Caffeine,HPLC-UV/Vis
SMP-00936,5.6,23586.8,5240.9,5548.9,0.0232,Aspirin,HPLC-UV/Vis
SMP-00936,7.17,68996.4,11816.7,12305.7,0.0686,Benzoic Acid,HPLC-UV/Vis
SMP-00936,9.0,29354.3,6130.6,6432.8,0.0291,Phenacetin,HPLC-UV/Vis
SMP-00936,10.46,72691.3,16267.8,16900.5,0.071,Salicylic Acid,HPLC-UV/Vis
SMP-00936,12.01,57558.1,10356.0,10554.4,0.0596,Chlorpheniramine,HPLC-UV/Vis
SMP-00937,1.2,13019.4,3383.0,3472.7,0.0137,Uracil,HPLC-UV/Vis
SMP-00937,2.8,50448.0,9889.9,10437.9,0.0501,Acetaminophen,HPLC-UV/Vis
SMP-00937,4.13,79715.0,13291.3,13769.6,0.0811,Caffeine,HPLC-UV/Vis
SMP-00937,5.61,19417.2,4213.8,4280.8,0.0196,Aspirin,HPLC-UV/Vis
SMP-00937,7.16,63570.1,10765.4,11116.6,0.0626,Benzoic Acid,HPLC-UV/Vis
SMP-00937,8.93,33818.8,7238.2,7586.9,0.0324,Phenacetin,HPLC-UV/Vis
SMP-00937,10.4,12424.8,2879.5,3011.9,0.0125,Salicylic Acid,HPLC-UV/Vis
SMP-00937,12.08,60067.0,10499.7,10628.3,0.0597,Chlorpheniramine,HPLC-UV/Vis
SMP-00938,1.22,13772.2,3458.8,3616.5,0.014,Uracil,HPLC-UV/Vis
SMP-00938,2.76,46090.6,8393.2,8556.2,0.0463,Acetaminophen,HPLC-UV/Vis
SMP-00938,4.15,83777.7,13319.3,13594.2,0.0849,Caffeine,HPLC-UV/Vis
SMP-00938,5.65,23908.7,5275.5,5500.2,0.0239,Aspirin,HPLC-UV/Vis
SMP-00938,7.17,71455.4,11413.0,11668.5,0.0713,Benzoic Acid,HPLC-UV/Vis
SMP-00938,8.9,27535.1,5301.1,5525.0,0.0278,Phenacetin,HPLC-UV/Vis
SMP-00938,10.36,17420.2,4293.6,4369.1,0.0178,Salicylic Acid,HPLC-UV/Vis
SMP-00938,12.11,48553.3,8333.6,8321.9,0.0508,Chlorpheniramine,HPLC-UV/Vis
SMP-00939,1.25,13022.7,3345.2,3435.2,0.013,Uracil,HPLC-UV/Vis
SMP-00939,2.78,47998.4,9049.9,9241.7,0.0459,Acetaminophen,HPLC-UV/Vis
SMP-00939,4.11,96816.3,15619.5,16306.0,0.0975,Caffeine,HPLC-UV/Vis
SMP-00939,5.57,23273.1,5177.5,5560.7,0.0231,Aspirin,HPLC-UV/Vis
SMP-00939,7.2,62666.9,10706.4,11432.6,0.063,Benzoic Acid,HPLC-UV/Vis
SMP-00939,8.96,32072.2,7004.9,7319.1,0.0315,Phenacetin,HPLC-UV/Vis
SMP-00939,10.42,17060.0,4206.4,4417.4,0.0172,Salicylic Acid,HPLC-UV/Vis
SMP-00939,12.1,53572.4,9787.3,10096.5,0.0532,Chlorpheniramine,HPLC-UV/Vis
SMP-00940,1.25,10233.0,2728.5,2829.3,0.0101,Uracil,HPLC-UV/Vis
SMP-00940,2.78,43472.9,8548.2,9049.2,0.0437,Acetaminophen,HPLC-UV/Vis
SMP-00940,4.14,96774.4,15907.2,16689.7,0.0975,Caffeine,HPLC-UV/Vis
SMP-00940,5.66,19976.1,4778.9,5011.8,0.0212,Aspirin,HPLC-UV/Vis
SMP-00940,7.21,68474.3,11676.2,12136.2,0.069,Benzoic Acid,HPLC-UV/Vis
SMP-00940,8.95,29591.0,6157.4,6278.3,0.0295,Phenacetin,HPLC-UV/Vis
SMP-00940,10.4,14151.9,3443.5,3472.0,0.0141,Salicylic Acid,HPLC-UV/Vis
SMP-00940,12.08,49142.4,9115.7,9555.7,0.0496,Chlorpheniramine,HPLC-UV/Vis
SMP-00941,1.23,12037.8,3088.3,3074.4,0.0118,Uracil,HPLC-UV/Vis
SMP-00941,2.81,51419.8,10263.7,10507.4,0.0511,Acetaminophen,HPLC-UV/Vis
SMP-00941,4.17,98008.6,15926.1,16449.3,0.0976,Caffeine,HPLC-UV/Vis
SMP-00941,5.58,22927.2,5037.7,5142.6,0.0233,Aspirin,HPLC-UV/Vis
SMP-00941,7.21,61187.9,9883.5,10029.4,0.0618,Benzoic Acid,HPLC-UV/Vis
SMP-00941,8.96,31342.2,6243.3,6453.4,0.0306,Phenacetin,HPLC-UV/Vis
SMP-00941,10.36,18799.4,4677.6,4841.0,0.0185,Salicylic Acid,HPLC-UV/Vis
SMP-00941,12.09,55512.0,10154.9,10505.2,0.0559,Chlorpheniramine,HPLC-UV/Vis
SMP-00942,1.26,11656.2,2893.9,3087.6,0.0118,Uracil,HPLC-UV/Vis
SMP-00942,2.79,56841.3,11067.3,11653.0,0.0569,Acetaminophen,HPLC-UV/Vis
SMP-00942,4.15,84805.0,14212.0,14635.9,0.0863,Caffeine,HPLC-UV/Vis
SMP-00942,5.69,25187.8,5777.7,5999.7,0.0245,Aspirin,HPLC-UV/Vis
SMP-00942,7.2,67483.8,11657.7,12272.4,0.0673,Benzoic Acid,HPLC-UV/Vis
SMP-00942,8.94,30365.2,6019.4,6012.3,0.0296,Phenacetin,HPLC-UV/Vis
SMP-00942,10.42,14222.3,3475.8,3636.2,0.0136,Salicylic Acid,HPLC-UV/Vis
SMP-00942,12.13,58594.0,10948.4,10829.8,0.0584,Chlorpheniramine,HPLC-UV/Vis
SMP-00943,1.25,13375.2,3576.8,3734.4,0.0134,Uracil,HPLC-UV/Vis
SMP-00943,2.75,48046.0,9537.0,9851.9,0.0491,Acetaminophen,HPLC-UV/Vis
SMP-00943,4.15,105545.3,16740.4,17708.8,0.1079,Caffeine,HPLC-UV/Vis
SMP-00943,5.59,23891.6,5152.0,5248.7,0.024,Aspirin,HPLC-UV/Vis
SMP-00943,7.19,59972.6,10185.9,10824.5,0.0629,Benzoic Acid,HPLC-UV/Vis
SMP-00943,8.92,31044.5,6526.4,6710.2,0.0317,Phenacetin,HPLC-UV/Vis
SMP-00943,10.35,15865.0,3736.3,3814.7,0.0158,Salicylic Acid,HPLC-UV/Vis
SMP-00943,12.1,52288.3,10104.2,10249.6,0.0527,Chlorpheniramine,HPLC-UV/Vis
SMP-00944,1.26,11471.1,2867.9,2996.0,0.0118,Uracil,HPLC-UV/Vis
SMP-00944,2.76,46355.2,9442.3,9556.6,0.0462,Acetaminophen,HPLC-UV/Vis
SMP-00944,4.19,85464.9,14151.7,15001.3,0.083,Caffeine,HPLC-UV/Vis
SMP-00944,5.6,25620.2,5724.6,6031.5,0.0249,Aspirin,HPLC-UV/Vis
SMP-00944,7.12,77089.1,13247.6,13587.3,0.0741,Benzoic Acid,HPLC-UV/Vis
SMP-00944,8.99,32836.4,7112.3,7299.3,0.0342,Phenacetin,HPLC-UV/Vis
SMP-00944,10.38,13750.9,3446.0,3473.5,0.0141,Salicylic Acid,HPLC-UV/Vis
SMP-00944,12.11,54177.1,9518.5,9939.1,0.0537,Chlorpheniramine,HPLC-UV/Vis
SMP-00945,1.3,12192.9,3270.4,3387.7,0.0124,Uracil,HPLC-UV/Vis
SMP-00945,2.78,43071.6,8756.7,8975.8,0.0437,Acetaminophen,HPLC-UV/Vis
SMP-00945,4.14,76976.8,11726.9,12023.0,0.0767,Caffeine,HPLC-UV/Vis
SMP-00945,5.61,27870.9,6397.7,6600.4,0.0279,Aspirin,HPLC-UV/Vis
SMP-00945,7.21,72142.0,12101.6,12502.0,0.0713,Benzoic Acid,HPLC-UV/Vis
SMP-00945,8.88,32173.4,6212.2,6437.4,0.0316,Phenacetin,HPLC-UV/Vis
SMP-00945,10.4,15676.9,3870.4,3923.3,0.016,Salicylic Acid,HPLC-UV/Vis
SMP-00945,12.08,48720.3,8699.8,8942.0,0.0475,Chlorpheniramine,HPLC-UV/Vis
SMP-00946,1.23,12198.7,3116.7,3240.7,0.0123,Uracil,HPLC-UV/Vis
SMP-00946,2.81,44907.5,8909.5,8687.8,0.0446,Acetaminophen,HPLC-UV/Vis
SMP-00946,4.15,83542.5,13819.2,14434.2,0.0811,Caffeine,HPLC-UV/Vis
SMP-00946,5.56,24208.0,5273.6,5346.9,0.0234,Aspirin,HPLC-UV/Vis
SMP-00946,7.17,57401.0,9601.6,10075.8,0.0579,Benzoic Acid,HPLC-UV/Vis
SMP-00946,8.95,33323.8,6809.9,7058.5,0.0331,Phenacetin,HPLC-UV/Vis
SMP-00946,10.38,16555.5,4109.7,4187.4,0.0168,Salicylic Acid,HPLC-UV/Vis
SMP-00946,12.09,46863.9,8141.1,8163.0,0.0462,Chlorpheniramine,HPLC-UV/Vis
SMP-00947,1.25,11723.5,2996.6,2963.2,0.0119,Uracil,HPLC-UV/Vis
SMP-00947,2.78,45438.9,8949.2,9260.4,0.0454,Acetaminophen,HPLC-UV/Vis
SMP-00947,4.21,89263.7,14466.9,14854.7,0.0882,Caffeine,HPLC-UV/Vis
SMP-00947,5.64,17347.7,3804.3,4031.7,0.0175,Aspirin,HPLC-UV/Vis
SMP-00947,7.15,72132.4,12326.3,12745.4,0.0712,Benzoic Acid,HPLC-UV/Vis
SMP-00947,8.92,27549.3,5805.5,6106.9,0.0271,Phenacetin,HPLC-UV/Vis
SMP-00947,10.37,15909.0,3742.6,3951.0,0.0158,Salicylic Acid,HPLC-UV/Vis
SMP-00947,12.08,57366.4,10568.8,10531.2,0.0566,Chlorpheniramine,HPLC-UV/Vis
SMP-00948,1.23,13535.7,3421.7,3573.3,0.0137,Uracil,HPLC-UV/Vis
SMP-00948,2.82,38756.5,7515.1,7624.2,0.0387,Acetaminophen,HPLC-UV/Vis
SMP-00948,4.15,89285.4,14574.3,15063.5,0.0903,Caffeine,HPLC-UV/Vis
SMP-00948,5.62,19605.8,3901.2,4172.2,0.0192,Aspirin,HPLC-UV/Vis
SMP-00948,7.14,64337.1,10761.3,11136.4,0.0627,Benzoic Acid,HPLC-UV/Vis
SMP-00948,8.96,31944.7,6577.8,6875.2,0.0319,Phenacetin,HPLC-UV/Vis
SMP-00948,10.39,16684.2,4147.4,4135.8,0.0168,Salicylic Acid,HPLC-UV/Vis
SMP-00948,12.07,51900.5,9432.2,9419.9,0.0519,Chlorpheniramine,HPLC-UV/Vis
SMP-00949,1.28,11661.7,3111.6,3229.0,0.0117,Uracil,HPLC-UV/Vis
SMP-00949,2.86,44835.9,8515.4,8843.9,0.0435,Acetaminophen,HPLC-UV/Vis
SMP-00949,4.19,94301.8,14956.1,16342.5,0.0918,Caffeine,HPLC-UV/Vis
SMP-00949,5.58,27214.3,5927.5,6071.5,0.0264,Aspirin,HPLC-UV/Vis
SMP-00949,7.19,81437.2,13325.9,13853.6,0.0814,Benzoic Acid,HPLC-UV/Vis
SMP-00949,8.88,30488.1,6202.2,6427.8,0.0318,Phenacetin,HPLC-UV/Vis
SMP-00949,10.43,15124.6,3534.5,3620.8,0.0149,Salicylic Acid,HPLC-UV/Vis
SMP-00949,12.09,45107.6,8528.9,8760.7,0.0447,Chlorpheniramine,HPLC-UV/Vis
SMP-00950,1.24,11375.6,2809.2,2902.6,0.0113,Uracil,HPLC-UV/Vis
SMP-00950,2.79,46325.9,9025.6,9365.8,0.0456,Acetaminophen,HPLC-UV/Vis
SMP-00950,4.11,89579.3,14037.6,14424.8,0.0912,Caffeine,HPLC-UV/Vis
SMP-00950,5.63,22399.6,5084.7,5166.9,0.0222,Aspirin,HPLC-UV/Vis
SMP-00950,7.23,63711.0,10821.3,11196.0,0.0642,Benzoic Acid,HPLC-UV/Vis
SMP-00950,8.94,30908.3,6405.4,6494.1,0.0301,Phenacetin,HPLC-UV/Vis
SMP-00950,10.42,17073.5,3929.9,4053.7,0.017,Salicylic Acid,HPLC-UV/Vis
SMP-00950,12.09,57157.6,10210.2,10376.2,0.058,Chlorpheniramine,HPLC-UV/Vis
SMP-00951,1.21,13872.9,3472.1,3414.3,0.0139,Uracil,HPLC-UV/Vis
SMP-00951,2.75,36719.1,7003.5,7125.6,0.038,Acetaminophen,HPLC-UV/Vis
SMP-00951,4.17,91071.3,15486.6,15675.1,0.0909,Caffeine,HPLC-UV/Vis
SMP-00951,5.62,25673.4,5802.0,5961.6,0.025,Aspirin,HPLC-UV/Vis
SMP-00951,7.18,73618.8,12090.9,12345.2,0.0765,Benzoic Acid,HPLC-UV/Vis
SMP-00951,8.98,29602.6,5861.4,6162.3,0.0305,Phenacetin,HPLC-UV/Vis
SMP-00951,10.38,14174.4,3507.6,3689.1,0.0141,Salicylic Acid,HPLC-UV/Vis
SMP-00951,12.04,49028.8,9308.6,9679.5,0.05,Chlorpheniramine,HPLC-UV/Vis
SMP-00952,1.24,12473.7,3237.2,3423.4,0.0124,Uracil,HPLC-UV/Vis
SMP-00952,2.78,36786.0,7394.3,7874.6,0.0375,Acetaminophen,HPLC-UV/Vis
SMP-00952,4.21,93294.0,15514.8,16024.0,0.0938,Caffeine,HPLC-UV/Vis
SMP-00952,5.62,20579.1,4607.9,4667.5,0.0208,Aspirin,HPLC-UV/Vis
SMP-00952,7.22,75312.4,12818.9,12607.2,0.0751,Benzoic Acid,HPLC-UV/Vis
SMP-00952,8.89,30314.7,6203.6,6236.9,0.0297,Phenacetin,HPLC-UV/Vis
SMP-00952,10.29,16024.2,4036.0,4154.9,0.0165,Salicylic Acid,HPLC-UV/Vis
SMP-00952,12.07,54149.8,9679.2,9858.8,0.054,Chlorpheniramine,HPLC-UV/Vis
SMP-00953,1.22,11053.6,2881.0,2909.9,0.0108,Uracil,HPLC-UV/Vis
SMP-00953,2.81,48866.0,9696.7,10029.2,0.0494,Acetaminophen,HPLC-UV/Vis
SMP-00953,4.16,93127.6,14821.1,14946.9,0.0955,Caffeine,HPLC-UV/Vis
SMP-00953,5.63,20559.0,4477.2,4488.3,0.0209,Aspirin,HPLC-UV/Vis
SMP-00953,7.18,80582.2,13615.3,14201.9,0.079,Benzoic Acid,HPLC-UV/Vis
SMP-00953,8.98,24210.3,4870.2,4937.3,0.0236,Phenacetin,HPLC-UV/Vis
SMP-00953,10.37,13703.6,3367.2,3540.0,0.0132,Salicylic Acid,HPLC-UV/Vis
SMP-00953,12.12,56621.0,10173.2,10356.9,0.0574,Chlorpheniramine,HPLC-UV/Vis
SMP-00954,1.19,12175.3,3134.7,3160.2,0.0122,Uracil,HPLC-UV/Vis
SMP-00954,2.78,46867.3,8843.6,8890.1,0.0474,Acetaminophen,HPLC-UV/Vis
SMP-00954,4.11,97701.9,15876.4,15649.9,0.0951,Caffeine,HPLC-UV/Vis
SMP-00954,5.55,21671.1,4772.4,4958.3,0.0218,Aspirin,HPLC-UV/Vis
SMP-00954,7.18,68064.7,11463.3,11970.6,0.0695,Benzoic Acid,HPLC-UV/Vis
SMP-00954,8.97,28311.7,5793.0,6024.9,0.0289,Phenacetin,HPLC-UV/Vis
SMP-00954,10.4,15476.7,3832.6,4115.3,0.0157,Salicylic Acid,HPLC-UV/Vis
SMP-00954,12.06,49623.8,8877.7,9305.6,0.0486,Chlorpheniramine,HPLC-UV/Vis
SMP-00955,1.25,12892.4,3292.9,3352.4,0.0127,Uracil,HPLC-UV/Vis
SMP-00955,2.8,40866.4,8001.2,8789.1,0.0407,Acetaminophen,HPLC-UV/Vis
SMP-00955,4.07,86788.2,14523.4,14963.6,0.0856,Caffeine,HPLC-UV/Vis
SMP-00955,5.63,28051.4,6356.6,6483.1,0.0279,Aspirin,HPLC-UV/Vis
SMP-00955,7.17,66355.0,10935.1,11000.6,0.0675,Benzoic Acid,HPLC-UV/Vis
SMP-00955,8.93,31661.5,6309.9,6429.5,0.0321,Phenacetin,HPLC-UV/Vis
SMP-00955,10.38,16086.6,3910.1,3949.4,0.016,Salicylic Acid,HPLC-UV/Vis
SMP-00955,12.11,45026.8,8190.6,8440.5,0.043,Chlorpheniramine,HPLC-UV/Vis
SMP-00956,1.26,14174.6,3485.8,3658.6,0.0138,Uracil,HPLC-UV/Vis
SMP-00956,2.79,42526.8,8358.9,8448.8,0.043,Acetaminophen,HPLC-UV/Vis
SMP-00956,4.04,81969.2,13407.8,14096.0,0.0826,Caffeine,HPLC-UV/Vis
SMP-00956,5.57,24780.9,5585.3,5570.7,0.0253,Aspirin,HPLC-UV/Vis
SMP-00956,7.19,65386.9,10517.4,10965.7,0.0658,Benzoic Acid,HPLC-UV/Vis
SMP-00956,8.95,133738.3,25703.0,24845.0,0.1353,Phenacetin,HPLC-UV/Vis
SMP-00956,10.39,17579.9,4202.0,4272.1,0.0173,Salicylic Acid,HPLC-UV/Vis
SMP-00956,12.07,55711.1,9929.1,10120.3,0.055,Chlorpheniramine,HPLC-UV/Vis
SMP-00957,1.26,10123.5,2529.0,2600.4,0.0103,Uracil,HPLC-UV/Vis
SMP-00957,2.82,39333.9,7754.7,8305.4,0.0394,Acetaminophen,HPLC-UV/Vis
SMP-00957,4.17,84336.4,13297.6,13711.9,0.0814,Caffeine,HPLC-UV/Vis
SMP-00957,5.62,19395.1,4307.2,4417.8,0.0201,Aspirin,HPLC-UV/Vis
SMP-00957,7.23,75560.1,12434.1,12871.8,0.0752,Benzoic Acid,HPLC-UV/Vis
SMP-00957,8.95,30940.7,6308.4,6490.1,0.031,Phenacetin,HPLC-UV/Vis
SMP-00957,10.38,13604.4,3391.2,3551.0,0.0137,Salicylic Acid,HPLC-UV/Vis
SMP-00957,12.1,55745.9,9765.8,9909.5,0.0556,Chlorpheniramine,HPLC-UV/Vis
SMP-00958,1.26,11737.7,2997.5,3047.5,0.0117,Uracil,HPLC-UV/Vis
SMP-00958,2.74,51822.7,10655.3,11009.6,0.0511,Acetaminophen,HPLC-UV/Vis
SMP-00958,4.16,84509.2,13314.8,13606.1,0.0849,Caffeine,HPLC-UV/Vis
SMP-00958,5.61,24149.0,5280.8,5529.6,0.0241,Aspirin,HPLC-UV/Vis
SMP-00958,7.18,70062.4,12378.9,13008.2,0.0711,Benzoic Acid,HPLC-UV/Vis
SMP-00958,8.95,30657.9,6181.3,6176.9,0.0311,Phenacetin,HPLC-UV/Vis
SMP-00958,10.42,15118.2,3573.7,3781.4,0.0147,Salicylic Acid,HPLC-UV/Vis
SMP-00958,12.08,55011.6,9767.1,10345.6,0.0535,Chlorpheniramine,HPLC-UV/Vis
SMP-00959,1.22,12987.2,3236.4,3524.8,0.0133,Uracil,HPLC-UV/Vis
SMP-00959,2.81,44065.5,8656.0,8788.0,0.0447,Acetaminophen,HPLC-UV/Vis
SMP-00959,4.12,93011.0,15278.5,15517.8,0.0922,Caffeine,HPLC-UV/Vis
SMP-00959,5.63,22771.4,5170.1,5445.9,0.0234,Aspirin,HPLC-UV/Vis
SMP-00959,7.17,73407.5,12134.8,12621.8,0.0726,Benzoic Acid,HPLC-UV/Vis
SMP-00959,8.93,27066.4,5439.8,5490.6,0.0274,Phenacetin,HPLC-UV/Vis
SMP-00959,10.38,15605.7,4008.0,4072.8,0.0152,Salicylic Acid,HPLC-UV/Vis
SMP-00959,12.07,50640.8,9834.5,10319.6,0.0503,Chlorpheniramine,HPLC-UV/Vis
SMP-00960,1.23,11938.5,3023.3,3176.0,0.012,Uracil,HPLC-UV/Vis
SMP-00960,2.81,49963.3,9224.5,9187.8,0.0484,Acetaminophen,HPLC-UV/Vis
SMP-00960,4.1,100264.5,16212.0,16897.9,0.0994,Caffeine,HPLC-UV/Vis
SMP-00960,5.54,22987.1,5152.0,5366.8,0.0228,Aspirin,HPLC-UV/Vis
SMP-00960,7.23,64756.2,10658.8,11451.7,0.0649,Benzoic Acid,HPLC-UV/Vis
SMP-00960,8.93,33213.4,6655.8,6923.6,0.0339,Phenacetin,HPLC-UV/Vis
SMP-00960,10.43,15493.3,3695.7,3683.5,0.0156,Salicylic Acid,HPLC-UV/Vis
SMP-00960,12.13,58997.4,11275.8,11483.0,0.0594,Chlorpheniramine,HPLC-UV/Vis
SMP-00961,1.28,11296.5,2991.2,3036.9,0.0115,Uracil,HPLC-UV/Vis
SMP-00961,2.75,39630.0,7764.1,8016.9,0.0394,Acetaminophen,HPLC-UV/Vis
SMP-00961,4.12,92154.0,14560.7,15104.2,0.0911,Caffeine,HPLC-UV/Vis
SMP-00961,5.64,25304.9,5434.6,5502.7,0.0257,Aspirin,HPLC-UV/Vis
SMP-00961,7.24,68311.0,11157.9,11495.0,0.0701,Benzoic Acid,HPLC-UV/Vis
SMP-00961,8.98,34927.4,7103.5,7306.4,0.035,Phenacetin,HPLC-UV/Vis
SMP-00961,10.38,15578.1,3783.3,3948.2,0.0164,Salicylic Acid,HPLC-UV/Vis
SMP-00961,12.1,50077.3,8911.2,8986.8,0.0484,Chlorpheniramine,HPLC-UV/Vis
SMP-00962,1.26,12566.1,3145.9,3235.6,0.0123,Uracil,HPLC-UV/Vis
SMP-00962,2.81,43315.5,8215.5,8381.1,0.0441,Acetaminophen,HPLC-UV/Vis
SMP-00962,4.1,95654.1,15785.6,16318.2,0.0986,Caffeine,HPLC-UV/Vis
SMP-00962,5.61,24184.4,5474.0,5613.8,0.0239,Aspirin,HPLC-UV/Vis
SMP-00962,7.23,75992.5,12768.4,12730.4,0.0762,Benzoic Acid,HPLC-UV/Vis
SMP-00962,8.99,34502.8,7195.6,7113.2,0.034,Phenacetin,HPLC-UV/Vis
SMP-00962,10.39,15861.0,4032.4,4216.2,0.0156,Salicylic Acid,HPLC-UV/Vis
SMP-00962,12.07,53567.6,9922.9,10411.9,0.0532,Chlorpheniramine,HPLC-UV/Vis
SMP-00963,1.3,10601.8,2786.2,2899.3,0.0106,Uracil,HPLC-UV/Vis
SMP-00963,2.81,44451.1,8468.0,8601.3,0.0462,Acetaminophen,HPLC-UV/Vis
SMP-00963,4.16,96205.3,15546.8,16024.4,0.0971,Caffeine,HPLC-UV/Vis
SMP-00963,5.55,21412.3,4992.1,5084.5,0.0215,Aspirin,HPLC-UV/Vis
SMP-00963,7.24,65370.8,10710.7,11003.4,0.0688,Benzoic Acid,HPLC-UV/Vis
SMP-00963,8.95,22205.9,4815.1,4892.7,0.0217,Phenacetin,HPLC-UV/Vis
SMP-00963,10.44,15534.9,3610.7,3704.2,0.0153,Salicylic Acid,HPLC-UV/Vis
SMP-00963,12.09,45695.2,8238.3,8476.1,0.0443,Chlorpheniramine,HPLC-UV/Vis
SMP-00964,1.26,12101.1,3089.6,3228.4,0.0117,Uracil,HPLC-UV/Vis
SMP-00964,2.82,44963.7,8359.7,8500.0,0.0445,Acetaminophen,HPLC-UV/Vis
SMP-00964,4.16,89229.4,14225.2,14932.3,0.0883,Caffeine,HPLC-UV/Vis
SMP-00964,5.59,20895.0,4472.0,4614.3,0.0204,Aspirin,HPLC-UV/Vis
SMP-00964,7.19,64546.0,10712.5,11249.1,0.0638,Benzoic Acid,HPLC-UV/Vis
SMP-00964,8.96,27425.6,5726.5,5991.7,0.028,Phenacetin,HPLC-UV/Vis
SMP-00964,10.37,15515.9,3766.9,3881.3,0.0154,Salicylic Acid,HPLC-UV/Vis
SMP-00964,12.02,57767.8,10878.3,11084.3,0.058,Chlorpheniramine,HPLC-UV/Vis
SMP-00965,1.25,12830.8,3474.6,3720.4,0.0126,Uracil,HPLC-UV/Vis
SMP-00965,2.83,48077.0,9531.4,9317.6,0.0463,Acetaminophen,HPLC-UV/Vis
SMP-00965,4.17,92355.3,14472.6,14786.6,0.0934,Caffeine,HPLC-UV/Vis
SMP-00965,5.58,23967.2,5382.0,5487.2,0.0244,Aspirin,HPLC-UV/Vis
SMP-00965,7.15,78440.0,13427.4,13885.7,0.0783,Benzoic Acid,HPLC-UV/Vis
SMP-00965,8.97,30353.1,6535.1,6456.1,0.0299,Phenacetin,HPLC-UV/Vis
SMP-00965,10.4,16692.1,3907.1,4004.4,0.0171,Salicylic Acid,HPLC-UV/Vis
SMP-00965,12.09,51323.8,9387.2,9742.6,0.0514,Chlorpheniramine,HPLC-UV/Vis
SMP-00966,1.25,12245.5,3144.3,3330.2,0.012,Uracil,HPLC-UV/Vis
SMP-00966,2.77,54754.1,10664.2,10713.7,0.0545,Acetaminophen,HPLC-UV/Vis
SMP-00966,4.13,94693.4,15985.2,16810.3,0.0945,Caffeine,HPLC-UV/Vis
SMP-00966,5.62,28296.9,6155.3,6525.8,0.0278,Aspirin,HPLC-UV/Vis
SMP-00966,7.18,62791.7,10339.3,10489.0,0.0634,Benzoic Acid,HPLC-UV/Vis
SMP-00966,8.89,30655.6,6080.1,6372.6,0.0315,Phenacetin,HPLC-UV/Vis
SMP-00966,10.38,13080.9,3408.6,3600.7,0.0125,Salicylic Acid,HPLC-UV/Vis
SMP-00966,12.07,51444.6,8935.1,8845.6,0.0514,Chlorpheniramine,HPLC-UV/Vis
SMP-00967,1.22,13560.2,3586.0,3745.3,0.0141,Uracil,HPLC-UV/Vis
SMP-00967,2.85,40546.6,8078.5,8565.0,0.0398,Acetaminophen,HPLC-UV/Vis
SMP-00967,4.11,82735.8,13693.4,13949.1,0.0827,Caffeine,HPLC-UV/Vis
SMP-00967,5.6,22947.0,4969.8,5200.5,0.0236,Aspirin,HPLC-UV/Vis
SMP-00967,7.21,57765.1,9010.7,9467.8,0.0605,Benzoic Acid,HPLC-UV/Vis
SMP-00967,9.0,29178.0,5940.6,6317.0,0.0286,Phenacetin,HPLC-UV/Vis
SMP-00967,10.39,14476.3,3468.3,3422.0,0.0149,Salicylic Acid,HPLC-UV/Vis
SMP-00967,12.1,50445.1,9213.1,9652.3,0.0501,Chlorpheniramine,HPLC-UV/Vis
SMP-00968,1.26,12334.2,3257.8,3322.4,0.0121,Uracil,HPLC-UV/Vis
SMP-00968,2.8,44782.0,9020.2,9381.1,0.0447,Acetaminophen,HPLC-UV/Vis
SMP-00968,4.15,93893.2,15285.8,15697.2,0.0915,Caffeine,HPLC-UV/Vis
SMP-00968,5.61,23534.3,4968.9,5062.1,0.0231,Aspirin,HPLC-UV/Vis
SMP-00968,7.21,70300.6,11660.4,11864.2,0.0697,Benzoic Acid,HPLC-UV/Vis
SMP-00968,8.94,32770.0,6750.0,6992.4,0.033,Phenacetin,HPLC-UV/Vis
SMP-00968,10.39,17018.6,4353.8,4564.3,0.0161,Salicylic Acid,HPLC-UV/Vis
SMP-00968,12.1,48248.5,8387.6,8569.0,0.0486,Chlorpheniramine,HPLC-UV/Vis
SMP-00969,1.24,11897.5,2977.0,3096.5,0.0121,Uracil,HPLC-UV/Vis
SMP-00969,2.8,39794.9,7640.2,8000.4,0.0382,Acetaminophen,HPLC-UV/Vis
SMP-00969,4.16,107073.9,17144.1,17616.7,0.1101,Caffeine,HPLC-UV/Vis
SMP-00969,5.63,24007.0,5266.8,5472.3,0.0239,Aspirin,HPLC-UV/Vis
SMP-00969,7.14,65496.3,10799.3,11094.4,0.067,Benzoic Acid,HPLC-UV/Vis
SMP-00969,8.96,31922.6,6709.7,6892.5,0.0321,Phenacetin,HPLC-UV/Vis
SMP-00969,10.37,18095.3,4321.0,4409.3,0.0178,Salicylic Acid,HPLC-UV/Vis
SMP-00969,12.09,62413.6,11442.6,11722.5,0.0614,Chlorpheniramine,HPLC-UV/Vis
SMP-00970,1.27,12393.4,3171.9,3202.4,0.013,Uracil,HPLC-UV/Vis
SMP-00970,2.76,40876.5,7851.7,8392.6,0.0407,Acetaminophen,HPLC-UV/Vis
SMP-00970,4.18,97386.6,16117.6,16665.5,0.0954,Caffeine,HPLC-UV/Vis
SMP-00970,5.55,22582.6,4921.1,5016.7,0.0227,Aspirin,HPLC-UV/Vis
SMP-00970,7.19,64122.2,10645.4,11042.4,0.0623,Benzoic Acid,HPLC-UV/Vis
SMP-00970,8.96,32506.5,6694.0,6943.3,0.0322,Phenacetin,HPLC-UV/Vis
SMP-00970,10.43,14827.9,3559.6,3711.3,0.0147,Salicylic Acid,HPLC-UV/Vis
SMP-00970,12.11,217844.5,41218.8,33983.0,0.2141,Chlorpheniramine,HPLC-UV/Vis
SMP-00971,1.27,11761.8,3132.1,3122.4,0.0116,Uracil,HPLC-UV/Vis
SMP-00971,2.78,44381.8,8362.6,8578.7,0.0448,Acetaminophen,HPLC-UV/Vis
SMP-00971,4.12,85089.4,14312.0,15055.0,0.0842,Caffeine,HPLC-UV/Vis
SMP-00971,5.6,26066.2,5784.5,5934.7,0.0268,Aspirin,HPLC-UV/Vis
SMP-00971,7.21,76607.4,12954.8,13145.8,0.0755,Benzoic Acid,HPLC-UV/Vis
SMP-00971,8.99,27665.7,5812.4,5820.9,0.0293,Phenacetin,HPLC-UV/Vis
SMP-00971,10.4,17491.6,4180.7,4353.2,0.0174,Salicylic Acid,HPLC-UV/Vis
SMP-00971,12.13,51879.1,9820.9,10184.7,0.054,Chlorpheniramine,HPLC-UV/Vis
SMP-00972,1.23,12161.3,3009.4,3155.4,0.0122,Uracil,HPLC-UV/Vis
SMP-00972,2.78,41815.7,8372.7,8700.5,0.0417,Acetaminophen,HPLC-UV/Vis
SMP-00972,4.14,105088.5,16981.1,17781.8,0.1045,Caffeine,HPLC-UV/Vis
SMP-00972,5.56,24964.2,5395.7,5796.4,0.0253,Aspirin,HPLC-UV/Vis
SMP-00972,7.17,72018.0,12189.3,12697.1,0.0722,Benzoic Acid,HPLC-UV/Vis
SMP-00972,8.98,28504.2,5857.7,5960.7,0.0281,Phenacetin,HPLC-UV/Vis
SMP-00972,10.38,16458.3,3840.8,3989.2,0.0163,Salicylic Acid,HPLC-UV/Vis
SMP-00972,12.09,51495.1,9668.0,9886.3,0.0523,Chlorpheniramine,HPLC-UV/Vis
SMP-00973,1.24,54421.8,11817.1,13030.9,0.0553,Uracil,HPLC-UV/Vis
SMP-00973,2.8,48098.5,8998.4,9131.8,0.0477,Acetaminophen,HPLC-UV/Vis
SMP-00973,4.14,76389.9,11751.1,11923.4,0.0737,Caffeine,HPLC-UV/Vis
SMP-00973,5.62,23116.3,5063.6,5290.7,0.0234,Aspirin,HPLC-UV/Vis
SMP-00973,7.17,72162.2,12083.1,12592.6,0.071,Benzoic Acid,HPLC-UV/Vis
SMP-00973,8.96,29072.7,5672.2,5766.7,0.0289,Phenacetin,HPLC-UV/Vis
SMP-00973,10.37,15504.5,4009.7,4042.3,0.0157,Salicylic Acid,HPLC-UV/Vis
SMP-00973,12.11,66854.9,12321.4,12728.5,0.0658,Chlorpheniramine,HPLC-UV/Vis
SMP-00974,1.23,10644.5,2531.5,2565.4,0.0107,Uracil,HPLC-UV/Vis
SMP-00974,2.78,46677.8,8616.7,8737.3,0.0444,Acetaminophen,HPLC-UV/Vis
SMP-00974,4.16,90685.2,14974.3,16182.0,0.0899,Caffeine,HPLC-UV/Vis
SMP-00974,5.66,20256.7,4671.1,4804.4,0.0205,Aspirin,HPLC-UV/Vis
SMP-00974,7.28,64823.9,10537.0,10968.7,0.064,Benzoic Acid,HPLC-UV/Vis
SMP-00974,8.91,31654.7,6377.9,6469.3,0.0311,Phenacetin,HPLC-UV/Vis
SMP-00974,10.39,15313.8,3779.0,3978.6,0.015,Salicylic Acid,HPLC-UV/Vis
SMP-00974,12.07,53070.7,9909.4,9741.7,0.0521,Chlorpheniramine,HPLC-UV/Vis
SMP-00975,1.26,13969.2,3427.5,3627.3,0.0142,Uracil,HPLC-UV/Vis
SMP-00975,2.76,43178.4,8664.6,8929.2,0.043,Acetaminophen,HPLC-UV/Vis
SMP-00975,4.17,87865.4,14180.2,14578.6,0.0867,Caffeine,HPLC-UV/Vis
SMP-00975,5.55,21669.0,4508.9,4688.0,0.0214,Aspirin,HPLC-UV/Vis
SMP-00975,7.2,61993.3,9907.5,10248.6,0.0645,Benzoic Acid,HPLC-UV/Vis
SMP-00975,8.99,27149.2,5532.7,5676.7,0.028,Phenacetin,HPLC-UV/Vis
SMP-00975,10.4,12030.7,2798.5,2917.8,0.0119,Salicylic Acid,HPLC-UV/Vis
SMP-00975,12.12,60335.4,10680.9,11127.7,0.0621,Chlorpheniramine,HPLC-UV/Vis
SMP-00976,1.23,12817.6,3366.5,3468.9,0.0128,Uracil,HPLC-UV/Vis
SMP-00976,2.77,42615.6,7944.7,8200.5,0.0434,Acetaminophen,HPLC-UV/Vis
SMP-00976,4.08,88144.9,14447.7,14940.8,0.0869,Caffeine,HPLC-UV/Vis
SMP-00976,5.63,23912.5,5175.5,5175.3,0.024,Aspirin,HPLC-UV/Vis
SMP-00976,7.21,239623.7,36116.3,45538.0,0.2491,Benzoic Acid,HPLC-UV/Vis
SMP-00976,8.92,32539.1,6699.9,6654.6,0.0332,Phenacetin,HPLC-UV/Vis
SMP-00976,10.34,17179.5,4376.7,4350.8,0.017,Salicylic Acid,HPLC-UV/Vis
SMP-00976,12.13,51953.3,9260.5,9616.4,0.0536,Chlorpheniramine,HPLC-UV/Vis
SMP-00977,1.24,12096.5,3172.3,3183.0,0.0121,Uracil,HPLC-UV/Vis
SMP-00977,2.76,36893.5,7032.0,7394.7,0.0351,Acetaminophen,HPLC-UV/Vis
SMP-00977,4.13,79715.2,13107.8,13844.7,0.0824,Caffeine,HPLC-UV/Vis
SMP-00977,5.6,24004.5,5679.0,5816.1,0.0245,Aspirin,HPLC-UV/Vis
SMP-00977,7.18,79322.5,13183.0,13637.7,0.0801,Benzoic Acid,HPLC-UV/Vis
SMP-00977,8.94,29197.2,6053.3,6279.3,0.0288,Phenacetin,HPLC-UV/Vis
SMP-00977,10.4,15761.0,3992.4,4042.3,0.0156,Salicylic Acid,HPLC-UV/Vis
SMP-00977,12.06,52913.9,10170.9,10848.1,0.0539,Chlorpheniramine,HPLC-UV/Vis
SMP-00978,1.26,11913.2,3219.8,3255.3,0.0122,Uracil,HPLC-UV/Vis
SMP-00978,2.79,48267.3,9922.9,10504.1,0.0486,Acetaminophen,HPLC-UV/Vis
SMP-00978,4.17,101378.2,15713.9,16145.4,0.0995,Caffeine,HPLC-UV/Vis
SMP-00978,5.56,18928.0,3977.3,4052.6,0.0192,Aspirin,HPLC-UV/Vis
SMP-00978,7.17,70067.2,11740.4,12492.3,0.0713,Benzoic Acid,HPLC-UV/Vis
SMP-00978,8.93,33529.4,6708.1,6865.8,0.0325,Phenacetin,HPLC-UV/Vis
SMP-00978,10.44,15861.5,3792.0,3868.7,0.0164,Salicylic Acid,HPLC-UV/Vis
SMP-00978,12.11,58924.3,11079.5,11223.3,0.0574,Chlorpheniramine,HPLC-UV/Vis
SMP-00979,1.27,14930.5,3911.0,3976.8,0.0153,Uracil,HPLC-UV/Vis
SMP-00979,2.78,44282.2,8450.2,8585.1,0.0454,Acetaminophen,HPLC-UV/Vis
SMP-00979,4.1,94426.8,14934.5,15107.0,0.0957,Caffeine,HPLC-UV/Vis
SMP-00979,5.59,23197.4,5078.0,5186.7,0.0221,Aspirin,HPLC-UV/Vis
SMP-00979,7.25,71643.9,11779.9,12244.0,0.0725,Benzoic Acid,HPLC-UV/Vis
SMP-00979,8.99,31709.2,6444.9,6843.3,0.0304,Phenacetin,HPLC-UV/Vis
SMP-00979,10.42,16652.3,4244.1,4179.9,0.0169,Salicylic Acid,HPLC-UV/Vis
SMP-00979,12.11,53848.5,9986.8,10239.4,0.0549,Chlorpheniramine,HPLC-UV/Vis
SMP-00980,1.25,12690.5,3422.8,3582.5,0.0128,Uracil,HPLC-UV/Vis
SMP-00980,2.83,47515.6,8960.0,9341.4,0.0475,Acetaminophen,HPLC-UV/Vis
SMP-00980,4.13,94368.5,15563.0,15732.4,0.0924,Caffeine,HPLC-UV/Vis
SMP-00980,5.63,23300.3,5237.3,5345.4,0.0232,Aspirin,HPLC-UV/Vis
SMP-00980,7.23,57874.3,9274.9,9326.0,0.059,Benzoic Acid,HPLC-UV/Vis
SMP-00980,8.92,30509.2,6137.4,6145.4,0.0313,Phenacetin,HPLC-UV/Vis
SMP-00980,10.44,13340.5,3307.1,3310.9,0.0141,Salicylic Acid,HPLC-UV/Vis
SMP-00980,12.15,54093.5,9727.4,10133.9,0.0531,Chlorpheniramine,HPLC-UV/Vis
SMP-00981,1.28,12465.3,3227.9,3449.3,0.0127,Uracil,HPLC-UV/Vis
SMP-00981,2.82,43336.5,8226.3,8557.4,0.0424,Acetaminophen,HPLC-UV/Vis
SMP-00981,4.17,106235.6,17547.0,17557.5,0.1039,Caffeine,HPLC-UV/Vis
SMP-00981,5.58,19597.0,4173.1,4364.6,0.0196,Aspirin,HPLC-UV/Vis
SMP-00981,7.2,59966.9,9365.0,9489.6,0.0601,Benzoic Acid,HPLC-UV/Vis
SMP-00981,8.96,27507.7,5831.7,5890.0,0.0265,Phenacetin,HPLC-UV/Vis
SMP-00981,10.42,17929.2,4183.6,4428.3,0.018,Salicylic Acid,HPLC-UV/Vis
SMP-00981,12.12,61547.2,10635.3,10862.7,0.061,Chlorpheniramine,HPLC-UV/Vis
SMP-00982,1.29,12541.9,3195.5,3319.9,0.0125,Uracil,HPLC-UV/Vis
SMP-00982,2.82,50314.6,10064.4,10133.6,0.0509,Acetaminophen,HPLC-UV/Vis
SMP-00982,4.23,93472.9,15622.6,15781.2,0.0915,Caffeine,HPLC-UV/Vis
SMP-00982,5.54,23458.9,5398.4,5637.3,0.0238,Aspirin,HPLC-UV/Vis
SMP-00982,7.19,81923.3,14028.9,14687.2,0.082,Benzoic Acid,HPLC-UV/Vis
SMP-00982,8.98,30242.9,6219.2,6482.4,0.0304,Phenacetin,HPLC-UV/Vis
SMP-00982,10.36,15705.7,4069.5,4264.6,0.0156,Salicylic Acid,HPLC-UV/Vis
SMP-00982,12.1,62148.8,11479.2,11624.6,0.0624,Chlorpheniramine,HPLC-UV/Vis
SMP-00983,1.26,12847.4,3356.3,3485.1,0.0127,Uracil,HPLC-UV/Vis
SMP-00983,2.79,46237.7,8918.4,9382.7,0.0454,Acetaminophen,HPLC-UV/Vis
SMP-00983,4.21,81908.6,13793.5,14375.2,0.0805,Caffeine,HPLC-UV/Vis
SMP-00983,5.59,23923.2,5164.6,5301.3,0.0239,Aspirin,HPLC-UV/Vis
SMP-00983,7.19,60824.2,9925.0,10295.6,0.0584,Benzoic Acid,HPLC-UV/Vis
SMP-00983,8.95,32552.1,6719.9,6831.8,0.0319,Phenacetin,HPLC-UV/Vis
SMP-00983,10.35,16144.0,3914.0,3911.3,0.016,Salicylic Acid,HPLC-UV/Vis
SMP-00983,12.14,47242.1,9177.8,9277.0,0.0454,Chlorpheniramine,HPLC-UV/Vis
SMP-00984,1.22,14347.7,3623.9,3711.4,0.0141,Uracil,HPLC-UV/Vis
SMP-00984,2.81,51021.8,9738.8,10016.3,0.0516,Acetaminophen,HPLC-UV/Vis
SMP-00984,4.19,88256.6,14120.7,14097.3,0.0859,Caffeine,HPLC-UV/Vis
SMP-00984,5.61,24984.3,5430.2,5414.9,0.0248,Aspirin,HPLC-UV/Vis
SMP-00984,7.17,67154.6,10349.0,10551.8,0.0666,Benzoic Acid,HPLC-UV/Vis
SMP-00984,8.94,26462.4,5301.1,5438.5,0.0258,Phenacetin,HPLC-UV/Vis
SMP-00984,10.43,14625.8,3612.9,3708.5,0.0142,Salicylic Acid,HPLC-UV/Vis
SMP-00984,12.11,63614.4,11275.7,11594.7,0.0646,Chlorpheniramine,HPLC-UV/Vis
SMP-00985,1.23,12256.5,3257.1,3388.1,0.0126,Uracil,HPLC-UV/Vis
SMP-00985,2.82,46457.6,8849.0,9071.3,0.0463,Acetaminophen,HPLC-UV/Vis
SMP-00985,4.15,90773.8,14836.7,14986.9,0.0929,Caffeine,HPLC-UV/Vis
SMP-00985,5.59,26124.7,5903.8,5980.6,0.0256,Aspirin,HPLC-UV/Vis
SMP-00985,7.18,57509.7,9304.1,9071.8,0.0587,Benzoic Acid,HPLC-UV/Vis
SMP-00985,8.99,32302.5,6540.5,6870.6,0.0319,Phenacetin,HPLC-UV/Vis
SMP-00985,10.4,16242.0,3863.8,3898.8,0.0161,Salicylic Acid,HPLC-UV/Vis
SMP-00985,12.1,68491.0,12344.5,12900.2,0.0669,Chlorpheniramine,HPLC-UV/Vis
SMP-00986,1.24,12439.0,3359.1,3434.9,0.0122,Uracil,HPLC-UV/Vis
SMP-00986,2.81,46343.7,9026.6,9065.3,0.0482,Acetaminophen,HPLC-UV/Vis
SMP-00986,4.15,75632.2,12983.8,13668.5,0.0758,Caffeine,HPLC-UV/Vis
SMP-00986,5.59,20881.8,4634.6,4629.7,0.0204,Aspirin,HPLC-UV/Vis
SMP-00986,7.21,58087.7,9515.8,9546.6,0.0574,Benzoic Acid,HPLC-UV/Vis
SMP-00986,8.98,30711.2,6253.4,6392.0,0.0296,Phenacetin,HPLC-UV/Vis
SMP-00986,10.41,15962.0,3967.2,4145.0,0.0166,Salicylic Acid,HPLC-UV/Vis
SMP-00986,12.11,56080.5,10046.4,10220.8,0.0566,Chlorpheniramine,HPLC-UV/Vis
SMP-00987,1.22,10212.4,2577.7,2620.3,0.0104,Uracil,HPLC-UV/Vis
SMP-00987,2.79,37982.5,6966.9,7068.7,0.0378,Acetaminophen,HPLC-UV/Vis
SMP-00987,4.15,74025.4,11939.8,12249.4,0.0714,Caffeine,HPLC-UV/Vis
SMP-00987,5.53,21517.2,4871.3,4800.7,0.0218,Aspirin,HPLC-UV/Vis
SMP-00987,7.18,76880.3,12565.6,13348.1,0.0765,Benzoic Acid,HPLC-UV/Vis
SMP-00987,8.98,32897.9,6778.3,6918.9,0.0319,Phenacetin,HPLC-UV/Vis
SMP-00987,10.44,18251.9,4460.8,4436.4,0.018,Salicylic Acid,HPLC-UV/Vis
SMP-00987,12.08,49405.8,9086.6,9404.2,0.0511,Chlorpheniramine,HPLC-UV/Vis
SMP-00988,1.26,13373.2,3535.4,3554.1,0.0135,Uracil,HPLC-UV/Vis
SMP-00988,2.81,46073.3,9410.8,9525.5,0.0452,Acetaminophen,HPLC-UV/Vis
SMP-00988,4.14,459086.1,75220.3,70648.5,0.4591,Caffeine,HPLC-UV/Vis
SMP-00988,5.65,21662.6,4910.0,5002.1,0.0225,Aspirin,HPLC-UV/Vis
SMP-00988,7.23,62515.5,11029.7,11810.2,0.062,Benzoic Acid,HPLC-UV/Vis
SMP-00988,8.98,25047.1,5358.2,5628.7,0.0247,Phenacetin,HPLC-UV/Vis
SMP-00988,10.41,13832.1,3188.3,3307.6,0.0142,Salicylic Acid,HPLC-UV/Vis
SMP-00988,12.14,57800.6,10047.7,10237.8,0.059,Chlorpheniramine,HPLC-UV/Vis
SMP-00989,1.27,11939.8,3138.1,3259.2,0.0119,Uracil,HPLC-UV/Vis
SMP-00989,2.74,142897.3,29349.9,29849.8,0.1383,Acetaminophen,HPLC-UV/Vis
SMP-00989,4.15,83665.1,13493.0,14160.9,0.0824,Caffeine,HPLC-UV/Vis
SMP-00989,5.61,26555.4,5702.4,6028.6,0.0268,Aspirin,HPLC-UV/Vis
SMP-00989,7.18,62361.7,10420.3,10695.1,0.0639,Benzoic Acid,HPLC-UV/Vis
SMP-00989,8.9,26773.2,5610.2,5720.7,0.0267,Phenacetin,HPLC-UV/Vis
SMP-00989,10.43,13676.5,3078.2,3163.6,0.0134,Salicylic Acid,HPLC-UV/Vis
SMP-00989,12.1,48914.1,9458.2,9745.2,0.0483,Chlorpheniramine,HPLC-UV/Vis
SMP-00990,1.27,11663.0,3220.4,3219.0,0.0113,Uracil,HPLC-UV/Vis
SMP-00990,2.8,47966.3,9233.1,9596.9,0.0484,Acetaminophen,HPLC-UV/Vis
SMP-00990,4.16,87448.5,14037.4,14318.6,0.0879,Caffeine,HPLC-UV/Vis
SMP-00990,5.56,21990.5,4880.2,5198.1,0.0222,Aspirin,HPLC-UV/Vis
SMP-00990,7.17,74039.7,12198.8,12264.4,0.0754,Benzoic Acid,HPLC-UV/Vis
SMP-00990,8.91,27018.5,5126.4,5216.4,0.0272,Phenacetin,HPLC-UV/Vis
SMP-00990,10.41,13565.1,3272.0,3463.7,0.0134,Salicylic Acid,HPLC-UV/Vis
SMP-00990,12.12,58319.2,10672.0,11153.7,0.0567,Chlorpheniramine,HPLC-UV/Vis
SMP-00991,1.2,12838.7,3295.2,3352.9,0.0126,Uracil,HPLC-UV/Vis
SMP-00991,2.82,45328.1,8731.4,9217.1,0.0449,Acetaminophen,HPLC-UV/Vis
SMP-00991,4.14,111240.5,17717.5,18543.6,0.1082,Caffeine,HPLC-UV/Vis
SMP-00991,5.59,22797.5,4991.5,5131.3,0.0225,Aspirin,HPLC-UV/Vis
SMP-00991,7.17,434506.4,65858.3,64883.4,0.4315,Benzoic Acid,HPLC-UV/Vis
SMP-00991,8.97,32272.1,6790.1,6760.5,0.033,Phenacetin,HPLC-UV/Vis
SMP-00991,10.43,14676.3,3483.9,3711.9,0.0146,Salicylic Acid,HPLC-UV/Vis
SMP-00991,12.13,47584.9,9004.4,9271.6,0.0462,Chlorpheniramine,HPLC-UV/Vis
SMP-00992,1.27,9806.8,2514.5,2605.0,0.0099,Uracil,HPLC-UV/Vis
SMP-00992,2.82,48406.0,9415.1,9653.0,0.0485,Acetaminophen,HPLC-UV/Vis
SMP-00992,4.12,79176.4,12827.2,12991.9,0.0789,Caffeine,HPLC-UV/Vis
SMP-00992,5.59,23419.2,5135.8,5424.0,0.0242,Aspirin,HPLC-UV/Vis
SMP-00992,7.22,81494.5,13153.1,13805.5,0.0791,Benzoic Acid,HPLC-UV/Vis
SMP-00992,8.95,25874.4,5517.1,5698.9,0.0253,Phenacetin,HPLC-UV/Vis
SMP-00992,10.43,12841.3,2769.1,2849.8,0.0126,Salicylic Acid,HPLC-UV/Vis
SMP-00992,12.09,55878.1,10048.9,10039.7,0.0559,Chlorpheniramine,HPLC-UV/Vis
SMP-00993,1.21,11084.0,2735.1,2805.6,0.011,Uracil,HPLC-UV/Vis
SMP-00993,2.75,44647.4,8547.9,8838.7,0.0449,Acetaminophen,HPLC-UV/Vis
SMP-00993,4.12,89421.0,14312.8,15118.3,0.0896,Caffeine,HPLC-UV/Vis
SMP-00993,5.56,21736.2,4838.8,4976.3,0.0217,Aspirin,HPLC-UV/Vis
SMP-00993,7.18,65547.1,11296.7,11208.3,0.0641,Benzoic Acid,HPLC-UV/Vis
SMP-00993,8.96,34901.3,7228.9,7529.2,0.0343,Phenacetin,HPLC-UV/Vis
SMP-00993,10.38,15693.9,3880.2,3973.9,0.0159,Salicylic Acid,HPLC-UV/Vis
SMP-00993,12.11,64450.1,11800.1,11977.3,0.0639,Chlorpheniramine,HPLC-UV/Vis
SMP-00994,1.28,12405.1,3041.8,3075.3,0.0125,Uracil,HPLC-UV/Vis
SMP-00994,2.83,218956.3,37663.4,38430.5,0.2058,Acetaminophen,HPLC-UV/Vis
SMP-00994,4.14,94197.9,15085.1,15428.0,0.0946,Caffeine,HPLC-UV/Vis
SMP-00994,5.57,24182.0,5484.4,5692.6,0.0248,Aspirin,HPLC-UV/Vis
SMP-00994,7.26,67843.5,11359.4,11791.8,0.067,Benzoic Acid,HPLC-UV/Vis
SMP-00994,8.92,29466.5,6442.4,6870.4,0.0293,Phenacetin,HPLC-UV/Vis
SMP-00994,10.34,14049.6,3330.1,3400.7,0.0139,Salicylic Acid,HPLC-UV/Vis
SMP-00994,12.12,251280.9,45596.5,44123.9,0.2561,Chlorpheniramine,HPLC-UV/Vis
SMP-00995,1.27,13513.4,3422.5,3607.0,0.0132,Uracil,HPLC-UV/Vis
SMP-00995,2.81,40520.8,7627.9,7716.0,0.0409,Acetaminophen,HPLC-UV/Vis
SMP-00995,4.18,105975.8,17344.7,17687.6,0.1066,Caffeine,HPLC-UV/Vis
SMP-00995,5.6,28787.8,6325.0,6553.1,0.0287,Aspirin,HPLC-UV/Vis
SMP-00995,7.21,58834.2,9721.4,9749.2,0.0609,Benzoic Acid,HPLC-UV/Vis
SMP-00995,8.93,25410.1,5306.8,5461.4,0.0268,Phenacetin,HPLC-UV/Vis
SMP-00995,10.42,14776.6,3569.6,3698.3,0.0149,Salicylic Acid,HPLC-UV/Vis
SMP-00995,12.06,64652.1,11700.3,12150.6,0.0637,Chlorpheniramine,HPLC-UV/Vis
SMP-00996,1.28,12525.8,3239.6,3355.3,0.0126,Uracil,HPLC-UV/Vis
SMP-00996,2.81,44994.6,8431.8,8680.5,0.0457,Acetaminophen,HPLC-UV/Vis
SMP-00996,4.19,101851.6,16861.9,17430.9,0.1025,Caffeine,HPLC-UV/Vis
SMP-00996,5.62,26157.7,5934.8,6178.9,0.026,Aspirin,HPLC-UV/Vis
SMP-00996,7.2,62478.8,10475.3,10203.6,0.0618,Benzoic Acid,HPLC-UV/Vis
SMP-00996,9.03,31214.2,6411.3,6496.7,0.0323,Phenacetin,HPLC-UV/Vis
SMP-00996,10.46,14446.3,3626.4,3731.0,0.0143,Salicylic Acid,HPLC-UV/Vis
SMP-00996,12.14,53195.3,9611.7,9820.7,0.0534,Chlorpheniramine,HPLC-UV/Vis
SMP-00997,1.17,10122.0,2580.4,2602.6,0.0101,Uracil,HPLC-UV/Vis
SMP-00997,2.78,42828.5,8581.2,8879.0,0.0443,Acetaminophen,HPLC-UV/Vis
SMP-00997,4.09,79890.0,13036.7,13490.9,0.0788,Caffeine,HPLC-UV/Vis
SMP-00997,5.58,22766.3,5019.1,5059.5,0.0229,Aspirin,HPLC-UV/Vis
SMP-00997,7.2,62742.8,10652.5,11254.1,0.0621,Benzoic Acid,HPLC-UV/Vis
SMP-00997,8.96,27548.1,5406.1,5498.2,0.0277,Phenacetin,HPLC-UV/Vis
SMP-00997,10.4,12466.0,3106.9,3289.6,0.0122,Salicylic Acid,HPLC-UV/Vis
SMP-00997,12.09,54776.3,9832.4,10067.6,0.0539,Chlorpheniramine,HPLC-UV/Vis
SMP-00998,1.28,10360.0,2661.0,2737.4,0.0104,Uracil,HPLC-UV/Vis
SMP-00998,2.79,243954.8,47692.4,46181.0,0.2346,Acetaminophen,HPLC-UV/Vis
SMP-00998,4.09,92095.3,14787.4,15468.4,0.0912,Caffeine,HPLC-UV/Vis
SMP-00998,5.55,23141.1,4960.7,5061.1,0.0244,Aspirin,HPLC-UV/Vis
SMP-00998,7.19,59691.3,9816.6,10081.6,0.0587,Benzoic Acid,HPLC-UV/Vis
SMP-00998,8.98,28246.3,5951.3,6072.7,0.0275,Phenacetin,HPLC-UV/Vis
SMP-00998,10.36,17069.0,4058.0,4284.2,0.0171,Salicylic Acid,HPLC-UV/Vis
SMP-00998,12.08,63700.4,11521.3,11750.8,0.0646,Chlorpheniramine,HPLC-UV/Vis
SMP-00999,1.22,12457.0,3028.1,3117.0,0.0126,Uracil,HPLC-UV/Vis
SMP-00999,2.77,42417.6,8309.1,8766.2,0.0425,Acetaminophen,HPLC-UV/Vis
SMP-00999,4.18,90352.3,14765.1,15443.7,0.0902,Caffeine,HPLC-UV/Vis
SMP-00999,5.6,25669.0,5957.1,5990.6,0.0264,Aspirin,HPLC-UV/Vis
SMP-00999,7.2,78857.2,12967.1,13285.0,0.078,Benzoic Acid,HPLC-UV/Vis
SMP-00999,8.96,29056.7,6239.2,6333.2,0.0294,Phenacetin,HPLC-UV/Vis
SMP-00999,10.44,14346.5,3560.0,3839.1,0.0139,Salicylic Acid,HPLC-UV/Vis
SMP-00999,12.16,53473.7,9702.5,9929.1,0.0553,Chlorpheniramine,HPLC-UV/Vis
SMP-01000,1.29,10610.9,2576.9,2598.1,0.0106,Uracil,HPLC-UV/Vis
SMP-01000,2.78,41551.8,7831.8,7920.6,0.0418,Acetaminophen,HPLC-UV/Vis
SMP-01000,4.07,88868.1,14772.1,15132.9,0.0866,Caffeine,HPLC-UV/Vis
SMP-01000,5.56,22358.1,4933.1,5187.6,0.0226,Aspirin,HPLC-UV/Vis
SMP-01000,7.23,59595.2,10434.7,10108.0,0.0615,Benzoic Acid,HPLC-UV/Vis
SMP-01000,8.96,35719.7,7435.3,7713.7,0.0363,Phenacetin,HPLC-UV/Vis
SMP-01000,10.36,16024.0,3880.8,3972.9,0.0164,Salicylic Acid,HPLC-UV/Vis
SMP-01000,12.07,56598.9,9774.3,9757.0,0.0556,Chlorpheniramine,HPLC-UV/Vis
SMP-01001,1.23,13012.3,3343.0,3517.8,0.0132,Uracil,HPLC-UV/Vis
SMP-01001,2.83,41852.4,8243.1,8409.2,0.0431,Acetaminophen,HPLC-UV/Vis
SMP-01001,4.13,85757.5,15362.6,15436.1,0.0845,Caffeine,HPLC-UV/Vis
SMP-01001,5.57,20665.6,4546.2,4725.9,0.0199,Aspirin,HPLC-UV/Vis
SMP-01001,7.18,59511.0,10224.4,10374.7,0.0577,Benzoic Acid,HPLC-UV/Vis
SMP-01001,8.99,31941.9,6372.0,6527.7,0.0315,Phenacetin,HPLC-UV/Vis
SMP-01001,10.42,15561.3,3790.2,3865.0,0.0158,Salicylic Acid,HPLC-UV/Vis
SMP-01001,12.04,44545.1,7957.1,8350.3,0.0458,Chlorpheniramine,HPLC-UV/Vis
SMP-01002,1.25,14274.4,3599.5,3683.0,0.014,Uracil,HPLC-UV/Vis
SMP-01002,2.77,52843.7,10627.2,10959.5,0.0533,Acetaminophen,HPLC-UV/Vis
SMP-01002,4.07,82399.6,13720.0,14251.8,0.0817,Caffeine,HPLC-UV/Vis
SMP-01002,5.59,20462.9,4631.2,4713.5,0.0209,Aspirin,HPLC-UV/Vis
SMP-01002,7.18,71425.1,12035.6,12343.5,0.0718,Benzoic Acid,HPLC-UV/Vis
SMP-01002,8.91,30065.9,6211.4,6460.7,0.03,Phenacetin,HPLC-UV/Vis
SMP-01002,10.36,16775.1,4159.6,4366.5,0.0164,Salicylic Acid,HPLC-UV/Vis
SMP-01002,12.08,54452.7,10700.7,11215.1,0.0536,Chlorpheniramine,HPLC-UV/Vis
SMP-01003,1.24,12604.8,3093.4,3206.3,0.0121,Uracil,HPLC-UV/Vis
SMP-01003,2.86,44147.9,8960.1,9083.8,0.0422,Acetaminophen,HPLC-UV/Vis
SMP-01003,4.23,76617.4,13227.5,13715.6,0.0768,Caffeine,HPLC-UV/Vis
SMP-01003,5.57,24403.1,5589.9,5779.5,0.0247,Aspirin,HPLC-UV/Vis
SMP-01003,7.27,69008.2,12151.2,12281.2,0.0689,Benzoic Acid,HPLC-UV/Vis
SMP-01003,8.95,32815.8,6544.1,6687.4,0.0323,Phenacetin,HPLC-UV/Vis
SMP-01003,10.39,14775.4,3671.2,3703.2,0.0141,Salicylic Acid,HPLC-UV/Vis
SMP-01003,12.16,56964.6,10051.5,10442.5,0.0568,Chlorpheniramine,HPLC-UV/Vis
SMP-01004,1.28,12691.4,3273.6,3469.1,0.0129,Uracil,HPLC-UV/Vis
SMP-01004,2.8,43208.4,8064.2,8414.2,0.0444,Acetaminophen,HPLC-UV/Vis
SMP-01004,4.17,81287.8,12954.5,13011.1,0.0808,Caffeine,HPLC-UV/Vis
SMP-01004,5.58,22927.5,5169.7,5449.7,0.0222,Aspirin,HPLC-UV/Vis
SMP-01004,7.18,61491.1,10090.1,9999.8,0.061,Benzoic Acid,HPLC-UV/Vis
SMP-01004,8.92,29697.4,6095.9,6293.4,0.0287,Phenacetin,HPLC-UV/Vis
SMP-01004,10.42,14442.4,3709.4,3854.5,0.0145,Salicylic Acid,HPLC-UV/Vis
SMP-01004,12.07,52285.2,9635.8,9771.1,0.0519,Chlorpheniramine,HPLC-UV/Vis
SMP-01005,1.26,12476.6,3212.8,3298.0,0.0127,Uracil,HPLC-UV/Vis
SMP-01005,2.81,51671.9,9924.8,10087.3,0.0509,Acetaminophen,HPLC-UV/Vis
SMP-01005,4.14,97105.0,16221.4,16542.7,0.0965,Caffeine,HPLC-UV/Vis
SMP-01005,5.62,23640.8,5309.5,5426.4,0.0235,Aspirin,HPLC-UV/Vis
SMP-01005,7.19,63527.2,10528.4,10860.8,0.0615,Benzoic Acid,HPLC-UV/Vis
SMP-01005,8.96,37454.5,7581.9,7925.4,0.0376,Phenacetin,HPLC-UV/Vis
SMP-01005,10.38,17321.7,4379.3,4637.2,0.0178,Salicylic Acid,HPLC-UV/Vis
SMP-01005,12.12,51926.7,8735.8,9042.6,0.0518,Chlorpheniramine,HPLC-UV/Vis
SMP-01006,1.28,11128.0,3084.8,3201.3,0.0109,Uracil,HPLC-UV/Vis
SMP-01006,2.73,49297.7,9439.4,9563.9,0.0487,Acetaminophen,HPLC-UV/Vis
SMP-01006,4.17,74532.1,11650.3,12108.2,0.0735,Caffeine,HPLC-UV/Vis
SMP-01006,5.59,26737.8,5935.4,6259.1,0.027,Aspirin,HPLC-UV/Vis
SMP-01006,7.18,75268.3,12580.9,12718.3,0.0724,Benzoic Acid,HPLC-UV/Vis
SMP-01006,9.0,28370.1,5639.2,5772.7,0.0291,Phenacetin,HPLC-UV/Vis
SMP-01006,10.38,14031.6,3482.1,3576.6,0.0139,Salicylic Acid,HPLC-UV/Vis
SMP-01006,12.12,60280.1,11201.1,11666.0,0.0618,Chlorpheniramine,HPLC-UV/Vis
SMP-01007,1.26,15374.6,3775.3,3848.3,0.0152,Uracil,HPLC-UV/Vis
SMP-01007,2.84,48262.0,9320.8,9702.1,0.048,Acetaminophen,HPLC-UV/Vis
SMP-01007,4.17,104836.1,17237.3,17829.5,0.1085,Caffeine,HPLC-UV/Vis
SMP-01007,5.6,21387.6,4685.7,4882.9,0.0218,Aspirin,HPLC-UV/Vis
SMP-01007,7.22,61350.0,9765.1,10071.9,0.0611,Benzoic Acid,HPLC-UV/Vis
SMP-01007,9.01,29301.7,5663.2,5678.2,0.0288,Phenacetin,HPLC-UV/Vis
SMP-01007,10.39,13637.3,3525.6,3678.1,0.0142,Salicylic Acid,HPLC-UV/Vis
SMP-01007,12.14,53393.2,9539.3,9830.2,0.0526,Chlorpheniramine,HPLC-UV/Vis
SMP-01008,1.28,10006.5,2715.7,2818.4,0.01,Uracil,HPLC-UV/Vis
SMP-01008,2.81,43602.2,8266.9,8762.8,0.0422,Acetaminophen,HPLC-UV/Vis
SMP-01008,4.11,93551.9,15165.3,15241.3,0.092,Caffeine,HPLC-UV/Vis
SMP-01008,5.61,18625.1,4004.3,4137.3,0.0192,Aspirin,HPLC-UV/Vis
SMP-01008,7.19,74134.0,12214.0,11817.7,0.0761,Benzoic Acid,HPLC-UV/Vis
SMP-01008,8.96,31226.1,6463.9,6658.8,0.031,Phenacetin,HPLC-UV/Vis
SMP-01008,10.4,14225.9,3335.0,3453.1,0.0145,Salicylic Acid,HPLC-UV/Vis
SMP-01008,12.08,45009.2,7751.6,7785.9,0.0461,Chlorpheniramine,HPLC-UV/Vis
SMP-01009,1.26,12120.3,3173.3,3342.6,0.0122,Uracil,HPLC-UV/Vis
SMP-01009,2.85,51966.5,9919.2,9826.1,0.0519,Acetaminophen,HPLC-UV/Vis
SMP-01009,4.09,89745.7,13469.6,14290.1,0.0906,Caffeine,HPLC-UV/Vis
SMP-01009,5.6,23677.9,5301.8,5468.2,0.0241,Aspirin,HPLC-UV/Vis
SMP-01009,7.2,79442.2,13083.8,13539.5,0.0781,Benzoic Acid,HPLC-UV/Vis
SMP-01009,8.96,27273.2,5804.2,5853.8,0.0277,Phenacetin,HPLC-UV/Vis
SMP-01009,10.46,15949.9,3890.8,3849.8,0.0158,Salicylic Acid,HPLC-UV/Vis
SMP-01009,12.09,51382.0,9522.0,9701.1,0.0519,Chlorpheniramine,HPLC-UV/Vis
SMP-01010,1.23,11562.0,2994.1,3166.0,0.0114,Uracil,HPLC-UV/Vis
SMP-01010,2.81,45709.5,8412.8,8745.8,0.0443,Acetaminophen,HPLC-UV/Vis
SMP-01010,4.11,87757.6,13846.4,13864.3,0.0884,Caffeine,HPLC-UV/Vis
SMP-01010,5.62,21414.8,4718.5,4935.6,0.0208,Aspirin,HPLC-UV/Vis
SMP-01010,7.23,67531.9,11172.1,11498.7,0.0692,Benzoic Acid,HPLC-UV/Vis
SMP-01010,8.95,31148.2,6079.5,6323.0,0.0306,Phenacetin,HPLC-UV/Vis
SMP-01010,10.35,13200.1,2956.7,2984.8,0.0131,Salicylic Acid,HPLC-UV/Vis
SMP-01010,12.1,55574.9,10425.2,10143.5,0.056,Chlorpheniramine,HPLC-UV/Vis
SMP-01011,1.27,10214.0,2570.2,2599.4,0.0099,Uracil,HPLC-UV/Vis
SMP-01011,2.8,56392.2,10807.6,11332.3,0.057,Acetaminophen,HPLC-UV/Vis
SMP-01011,4.13,89738.4,14759.6,15300.0,0.0929,Caffeine,HPLC-UV/Vis
SMP-01011,5.62,25336.8,5801.1,5902.9,0.0246,Aspirin,HPLC-UV/Vis
SMP-01011,7.16,60774.8,10133.3,10325.2,0.0616,Benzoic Acid,HPLC-UV/Vis
SMP-01011,8.96,27253.7,5422.4,5377.9,0.0276,Phenacetin,HPLC-UV/Vis
SMP-01011,10.41,16018.3,3841.3,3939.9,0.0164,Salicylic Acid,HPLC-UV/Vis
SMP-01011,12.12,61251.4,11399.0,11748.4,0.0614,Chlorpheniramine,HPLC-UV/Vis
SMP-01012,1.26,11935.9,3101.4,3258.9,0.0116,Uracil,HPLC-UV/Vis
SMP-01012,2.8,48863.5,9572.3,9627.6,0.0497,Acetaminophen,HPLC-UV/Vis
SMP-01012,4.12,82733.5,13460.0,13830.0,0.0849,Caffeine,HPLC-UV/Vis
SMP-01012,5.59,21737.8,4565.8,4827.8,0.022,Aspirin,HPLC-UV/Vis
SMP-01012,7.2,66674.5,10486.9,10503.5,0.0664,Benzoic Acid,HPLC-UV/Vis
SMP-01012,8.95,36496.8,7432.0,7541.6,0.0365,Phenacetin,HPLC-UV/Vis
SMP-01012,10.4,14469.9,3550.4,3644.1,0.0144,Salicylic Acid,HPLC-UV/Vis
SMP-01012,12.12,65220.7,11997.3,12298.5,0.0645,Chlorpheniramine,HPLC-UV/Vis
SMP-01013,1.29,13516.6,3405.7,3538.7,0.0136,Uracil,HPLC-UV/Vis
SMP-01013,2.81,47009.4,8820.0,9224.3,0.0457,Acetaminophen,HPLC-UV/Vis
SMP-01013,4.13,83761.6,13869.5,14284.6,0.0795,Caffeine,HPLC-UV/Vis
SMP-01013,5.59,26004.7,5551.5,5930.9,0.0264,Aspirin,HPLC-UV/Vis
SMP-01013,7.19,63098.2,10593.2,10744.1,0.0629,Benzoic Acid,HPLC-UV/Vis
SMP-01013,8.97,31729.2,6419.1,6580.7,0.0313,Phenacetin,HPLC-UV/Vis
SMP-01013,10.36,17007.8,4162.7,4250.2,0.0172,Salicylic Acid,HPLC-UV/Vis
SMP-01013,12.07,61287.0,10347.9,10883.8,0.0611,Chlorpheniramine,HPLC-UV/Vis
SMP-01014,1.29,11918.3,3026.8,3136.6,0.0117,Uracil,HPLC-UV/Vis
SMP-01014,2.79,40367.6,7719.4,8067.3,0.041,Acetaminophen,HPLC-UV/Vis
SMP-01014,4.15,86487.3,13292.9,13421.4,0.0882,Caffeine,HPLC-UV/Vis
SMP-01014,5.57,25685.1,5487.4,5595.2,0.0256,Aspirin,HPLC-UV/Vis
SMP-01014,7.18,68254.3,11603.7,11614.4,0.0684,Benzoic Acid,HPLC-UV/Vis
SMP-01014,8.94,29494.1,5887.1,6299.2,0.0304,Phenacetin,HPLC-UV/Vis
SMP-01014,10.44,14779.9,3582.5,3614.1,0.0142,Salicylic Acid,HPLC-UV/Vis
SMP-01014,12.09,56513.0,10411.2,10698.0,0.0554,Chlorpheniramine,HPLC-UV/Vis
SMP-01015,1.3,13233.8,3538.0,3769.9,0.0131,Uracil,HPLC-UV/Vis
SMP-01015,2.77,50532.8,10041.1,9917.8,0.0509,Acetaminophen,HPLC-UV/Vis
SMP-01015,4.14,83316.3,13938.6,14166.2,0.081,Caffeine,HPLC-UV/Vis
SMP-01015,5.59,24047.6,5492.5,5713.7,0.0243,Aspirin,HPLC-UV/Vis
SMP-01015,7.22,74365.2,13200.0,13807.5,0.0748,Benzoic Acid,HPLC-UV/Vis
SMP-01015,8.96,34800.5,6905.1,7286.1,0.0345,Phenacetin,HPLC-UV/Vis
SMP-01015,10.42,14779.0,3652.3,3677.8,0.0151,Salicylic Acid,HPLC-UV/Vis
SMP-01015,12.1,55689.8,10063.9,10454.7,0.0555,Chlorpheniramine,HPLC-UV/Vis
SMP-01016,1.2,14149.8,3525.2,3744.9,0.0141,Uracil,HPLC-UV/Vis
SMP-01016,2.83,50207.2,9769.2,9828.9,0.05,Acetaminophen,HPLC-UV/Vis
SMP-01016,4.15,78249.6,12595.5,12237.1,0.0777,Caffeine,HPLC-UV/Vis
SMP-01016,5.58,22476.0,4987.4,5238.0,0.023,Aspirin,HPLC-UV/Vis
SMP-01016,7.2,69794.0,12203.5,12692.0,0.0701,Benzoic Acid,HPLC-UV/Vis
SMP-01016,8.95,28537.9,5942.5,6141.0,0.0284,Phenacetin,HPLC-UV/Vis
SMP-01016,10.35,14757.2,3494.6,3545.2,0.0147,Salicylic Acid,HPLC-UV/Vis
SMP-01016,12.15,56649.0,10009.7,9961.6,0.056,Chlorpheniramine,HPLC-UV/Vis
SMP-01017,1.23,15616.0,3854.9,3974.5,0.0156,Uracil,HPLC-UV/Vis
SMP-01017,2.74,45604.3,8910.5,9304.3,0.046,Acetaminophen,HPLC-UV/Vis
SMP-01017,4.09,87104.8,15249.0,16029.7,0.0845,Caffeine,HPLC-UV/Vis
SMP-01017,5.57,22103.1,5186.2,5441.2,0.0214,Aspirin,HPLC-UV/Vis
SMP-01017,7.2,65618.5,11010.0,11169.8,0.0651,Benzoic Acid,HPLC-UV/Vis
SMP-01017,8.94,33396.6,6908.0,7018.4,0.0341,Phenacetin,HPLC-UV/Vis
SMP-01017,10.4,15198.1,3903.1,4145.6,0.0147,Salicylic Acid,HPLC-UV/Vis
SMP-01017,12.15,57759.9,10306.9,10544.8,0.0596,Chlorpheniramine,HPLC-UV/Vis
SMP-01018,1.27,15354.9,3849.9,3958.4,0.0155,Uracil,HPLC-UV/Vis
SMP-01018,2.74,50397.9,9593.3,9733.5,0.0501,Acetaminophen,HPLC-UV/Vis
SMP-01018,4.15,97797.2,16406.1,16813.1,0.0967,Caffeine,HPLC-UV/Vis
SMP-01018,5.57,23034.5,4941.1,5299.5,0.0231,Aspirin,HPLC-UV/Vis
SMP-01018,7.22,59096.0,9581.7,9950.4,0.0593,Benzoic Acid,HPLC-UV/Vis
SMP-01018,8.87,33753.0,6819.8,6864.8,0.0327,Phenacetin,HPLC-UV/Vis
SMP-01018,10.45,17112.6,4354.8,4475.5,0.0171,Salicylic Acid,HPLC-UV/Vis
SMP-01018,12.05,53406.6,9252.3,9371.3,0.0535,Chlorpheniramine,HPLC-UV/Vis
SMP-01019,1.25,10756.8,2589.9,2673.8,0.0106,Uracil,HPLC-UV/Vis
SMP-01019,2.79,45477.6,9158.5,9626.3,0.0458,Acetaminophen,HPLC-UV/Vis
SMP-01019,4.13,96009.0,16173.0,16246.2,0.0987,Caffeine,HPLC-UV/Vis
SMP-01019,5.62,29570.4,6285.7,6537.8,0.0294,Aspirin,HPLC-UV/Vis
SMP-01019,7.18,50688.5,8170.3,8472.1,0.0525,Benzoic Acid,HPLC-UV/Vis
SMP-01019,8.99,29660.9,5974.3,6194.5,0.0294,Phenacetin,HPLC-UV/Vis
SMP-01019,10.36,16946.6,4265.8,4424.9,0.0172,Salicylic Acid,HPLC-UV/Vis
SMP-01019,12.08,56109.9,9933.4,10291.1,0.0564,Chlorpheniramine,HPLC-UV/Vis
SMP-01020,1.26,13240.7,3393.6,3463.0,0.0135,Uracil,HPLC-UV/Vis
SMP-01020,2.81,48468.4,9458.6,9677.2,0.0479,Acetaminophen,HPLC-UV/Vis
SMP-01020,4.16,93914.3,15329.0,15896.9,0.0919,Caffeine,HPLC-UV/Vis
SMP-01020,5.62,21174.7,4696.8,4842.6,0.0211,Aspirin,HPLC-UV/Vis
SMP-01020,7.21,59329.2,10033.0,10232.2,0.0575,Benzoic Acid,HPLC-UV/Vis
SMP-01020,8.91,30093.8,6229.8,6407.6,0.0297,Phenacetin,HPLC-UV/Vis
SMP-01020,10.38,13919.8,3376.3,3440.8,0.0135,Salicylic Acid,HPLC-UV/Vis
SMP-01020,12.08,55654.1,10169.8,10747.9,0.0564,Chlorpheniramine,HPLC-UV/Vis
SMP-01021,1.18,10559.6,2665.8,2660.1,0.0104,Uracil,HPLC-UV/Vis
SMP-01021,2.78,47076.9,8986.0,9118.7,0.0486,Acetaminophen,HPLC-UV/Vis
SMP-01021,4.15,96731.5,16105.9,16471.1,0.0986,Caffeine,HPLC-UV/Vis
SMP-01021,5.63,20249.9,4424.1,4576.5,0.0204,Aspirin,HPLC-UV/Vis
SMP-01021,7.15,70502.6,11646.9,11905.3,0.0727,Benzoic Acid,HPLC-UV/Vis
SMP-01021,8.93,25583.9,5040.4,5279.9,0.0251,Phenacetin,HPLC-UV/Vis
SMP-01021,10.36,14244.7,3367.9,3501.0,0.0142,Salicylic Acid,HPLC-UV/Vis
SMP-01021,12.12,56880.0,10385.1,10758.0,0.056,Chlorpheniramine,HPLC-UV/Vis
SMP-01022,1.25,12784.2,3322.6,3359.5,0.0133,Uracil,HPLC-UV/Vis
SMP-01022,2.8,43910.9,8840.3,9316.3,0.0441,Acetaminophen,HPLC-UV/Vis
SMP-01022,4.15,88621.1,14209.5,14356.3,0.0858,Caffeine,HPLC-UV/Vis
SMP-01022,5.62,23179.6,5018.4,5205.1,0.0233,Aspirin,HPLC-UV/Vis
SMP-01022,7.21,70853.6,12005.7,12152.6,0.0714,Benzoic Acid,HPLC-UV/Vis
SMP-01022,8.96,38090.1,7779.2,7745.4,0.0376,Phenacetin,HPLC-UV/Vis
SMP-01022,10.42,16898.4,4131.8,4280.0,0.0175,Salicylic Acid,HPLC-UV/Vis
SMP-01022,12.1,51748.7,9012.1,8917.4,0.0532,Chlorpheniramine,HPLC-UV/Vis
SMP-01023,1.24,12986.6,3223.7,3266.6,0.013,Uracil,HPLC-UV/Vis
SMP-01023,2.76,48581.1,9316.9,9621.9,0.0486,Acetaminophen,HPLC-UV/Vis
SMP-01023,4.16,81506.4,13755.0,14037.4,0.0801,Caffeine,HPLC-UV/Vis
SMP-01023,5.53,21694.4,4850.7,4864.1,0.0225,Aspirin,HPLC-UV/Vis
SMP-01023,7.18,57374.1,9843.1,10266.9,0.057,Benzoic Acid,HPLC-UV/Vis
SMP-01023,8.91,31980.4,6430.7,6551.3,0.0319,Phenacetin,HPLC-UV/Vis
SMP-01023,10.35,47335.4,10375.6,11129.4,0.0474,Salicylic Acid,HPLC-UV/Vis
SMP-01023,12.08,64908.4,11705.6,11925.3,0.0652,Chlorpheniramine,HPLC-UV/Vis
SMP-01024,1.24,13190.0,3535.2,3706.1,0.0132,Uracil,HPLC-UV/Vis
SMP-01024,2.81,40772.6,7938.0,8141.8,0.0403,Acetaminophen,HPLC-UV/Vis
SMP-01024,4.09,103500.8,17091.0,16974.3,0.1046,Caffeine,HPLC-UV/Vis
SMP-01024,5.64,27082.5,6269.2,6422.4,0.0273,Aspirin,HPLC-UV/Vis
SMP-01024,7.23,52831.9,8351.2,8529.3,0.0528,Benzoic Acid,HPLC-UV/Vis
SMP-01024,8.99,29172.1,5736.3,5863.9,0.0288,Phenacetin,HPLC-UV/Vis
SMP-01024,10.45,17839.4,4469.7,4552.9,0.0178,Salicylic Acid,HPLC-UV/Vis
SMP-01024,12.08,50529.0,9246.7,9271.8,0.0517,Chlorpheniramine,HPLC-UV/Vis
SMP-01025,1.27,12708.0,3386.7,3344.1,0.0131,Uracil,HPLC-UV/Vis
SMP-01025,2.81,48187.8,9523.6,9637.7,0.0482,Acetaminophen,HPLC-UV/Vis
SMP-01025,4.1,93402.4,15221.1,15868.7,0.0911,Caffeine,HPLC-UV/Vis
SMP-01025,5.56,19850.1,4509.9,4592.1,0.0195,Aspirin,HPLC-UV/Vis
SMP-01025,7.19,73895.6,11927.6,12202.9,0.0727,Benzoic Acid,HPLC-UV/Vis
SMP-01025,8.94,33481.5,6897.8,6836.3,0.0333,Phenacetin,HPLC-UV/Vis
SMP-01025,10.41,16466.8,4086.3,4198.8,0.016,Salicylic Acid,HPLC-UV/Vis
SMP-01025,12.11,53211.5,9646.8,9572.0,0.0533,Chlorpheniramine,HPLC-UV/Vis
SMP-01026,1.21,13108.2,3321.7,3436.6,0.0133,Uracil,HPLC-UV/Vis
SMP-01026,2.76,44041.0,9127.1,9655.7,0.0448,Acetaminophen,HPLC-UV/Vis
SMP-01026,4.12,87753.2,14081.1,14479.7,0.0852,Caffeine,HPLC-UV/Vis
SMP-01026,5.52,25079.9,5671.5,6105.6,0.025,Aspirin,HPLC-UV/Vis
SMP-01026,7.2,71173.3,11797.5,11872.3,0.0719,Benzoic Acid,HPLC-UV/Vis
SMP-01026,8.92,26130.8,5834.6,6106.7,0.0265,Phenacetin,HPLC-UV/Vis
SMP-01026,10.42,13959.1,3423.0,3542.4,0.0136,Salicylic Acid,HPLC-UV/Vis
SMP-01026,12.09,50060.2,8893.4,8856.7,0.0512,Chlorpheniramine,HPLC-UV/Vis
SMP-01027,1.22,13832.5,3552.2,3658.1,0.0136,Uracil,HPLC-UV/Vis
SMP-01027,2.82,41333.1,7834.3,7989.7,0.0382,Acetaminophen,HPLC-UV/Vis
SMP-01027,4.17,92453.0,15439.0,15765.1,0.0957,Caffeine,HPLC-UV/Vis
SMP-01027,5.59,22353.4,4964.0,5089.1,0.0223,Aspirin,HPLC-UV/Vis
SMP-01027,7.19,52341.1,8967.9,9053.6,0.0517,Benzoic Acid,HPLC-UV/Vis
SMP-01027,8.97,29505.1,5583.6,5782.4,0.029,Phenacetin,HPLC-UV/Vis
SMP-01027,10.42,14060.0,3419.1,3468.9,0.0144,Salicylic Acid,HPLC-UV/Vis
SMP-01027,12.1,47475.1,8805.0,9223.6,0.0466,Chlorpheniramine,HPLC-UV/Vis
SMP-01028,1.27,91271.9,19643.9,19816.9,0.0914,Uracil,HPLC-UV/Vis
SMP-01028,2.83,38741.3,7706.5,8083.4,0.0395,Acetaminophen,HPLC-UV/Vis
SMP-01028,4.16,85631.0,13430.5,13900.5,0.0858,Caffeine,HPLC-UV/Vis
SMP-01028,5.6,23467.2,5225.3,5441.9,0.0239,Aspirin,HPLC-UV/Vis
SMP-01028,7.22,66183.1,11214.5,11882.5,0.0633,Benzoic Acid,HPLC-UV/Vis
SMP-01028,8.95,28531.3,5769.0,5823.0,0.0288,Phenacetin,HPLC-UV/Vis
SMP-01028,10.44,16680.1,4089.0,4045.2,0.0163,Salicylic Acid,HPLC-UV/Vis
SMP-01028,12.1,59294.7,9865.3,10011.5,0.0602,Chlorpheniramine,HPLC-UV/Vis
SMP-01029,1.24,10443.2,2785.8,2842.3,0.0108,Uracil,HPLC-UV/Vis
SMP-01029,2.84,45651.7,8742.3,8908.0,0.0475,Acetaminophen,HPLC-UV/Vis
SMP-01029,4.18,93503.8,15020.7,15395.3,0.0956,Caffeine,HPLC-UV/Vis
SMP-01029,5.59,21236.1,4737.7,4830.9,0.0215,Aspirin,HPLC-UV/Vis
SMP-01029,7.22,79559.8,12981.3,13548.4,0.0813,Benzoic Acid,HPLC-UV/Vis
SMP-01029,8.99,31252.1,6582.0,6645.5,0.0323,Phenacetin,HPLC-UV/Vis
SMP-01029,10.44,17228.7,4315.0,4622.7,0.0176,Salicylic Acid,HPLC-UV/Vis
SMP-01029,12.12,43960.4,7922.1,8092.9,0.0447,Chlorpheniramine,HPLC-UV/Vis
SMP-01030,1.23,13074.5,3473.3,3577.6,0.0137,Uracil,HPLC-UV/Vis
SMP-01030,2.82,47363.1,9112.6,9625.0,0.0465,Acetaminophen,HPLC-UV/Vis
SMP-01030,4.15,86909.5,14590.1,14663.1,0.0878,Caffeine,HPLC-UV/Vis
SMP-01030,5.61,25511.8,5629.2,5804.0,0.0257,Aspirin,HPLC-UV/Vis
SMP-01030,7.16,64633.4,10654.0,10853.8,0.0642,Benzoic Acid,HPLC-UV/Vis
SMP-01030,8.94,33864.8,7114.1,6989.0,0.033,Phenacetin,HPLC-UV/Vis
SMP-01030,10.39,15076.5,3689.7,3862.6,0.0151,Salicylic Acid,HPLC-UV/Vis
SMP-01030,12.1,51524.0,8882.2,9318.8,0.052,Chlorpheniramine,HPLC-UV/Vis
SMP-01031,1.21,10440.0,2593.5,2692.0,0.0107,Uracil,HPLC-UV/Vis
SMP-01031,2.8,49714.0,9538.3,10026.0,0.0515,Acetaminophen,HPLC-UV/Vis
SMP-01031,4.14,76803.4,12065.1,12521.7,0.0738,Caffeine,HPLC-UV/Vis
SMP-01031,5.63,23616.2,5331.8,5353.8,0.0236,Aspirin,HPLC-UV/Vis
SMP-01031,7.18,64110.9,10849.6,10979.9,0.0651,Benzoic Acid,HPLC-UV/Vis
SMP-01031,8.88,32181.5,6413.6,6533.5,0.0327,Phenacetin,HPLC-UV/Vis
SMP-01031,10.36,16411.5,3963.5,4115.4,0.0164,Salicylic Acid,HPLC-UV/Vis
SMP-01031,12.08,41127.1,7491.0,7775.2,0.0404,Chlorpheniramine,HPLC-UV/Vis
SMP-01032,1.22,14014.8,3478.7,3561.4,0.0137,Uracil,HPLC-UV/Vis
SMP-01032,2.83,36292.2,7227.3,7680.0,0.0364,Acetaminophen,HPLC-UV/Vis
SMP-01032,4.15,84333.8,14563.5,15243.6,0.0859,Caffeine,HPLC-UV/Vis
SMP-01032,5.64,22819.6,5042.3,5431.5,0.0225,Aspirin,HPLC-UV/Vis
SMP-01032,7.17,55145.1,8868.6,8982.1,0.0543,Benzoic Acid,HPLC-UV/Vis
SMP-01032,8.95,34354.8,7076.6,7314.2,0.0342,Phenacetin,HPLC-UV/Vis
SMP-01032,10.39,17030.8,4013.8,4114.6,0.0177,Salicylic Acid,HPLC-UV/Vis
SMP-01032,12.06,48608.1,9260.4,9554.5,0.0483,Chlorpheniramine,HPLC-UV/Vis
SMP-01033,1.24,14210.9,3585.4,3649.7,0.0144,Uracil,HPLC-UV/Vis
SMP-01033,2.77,45829.0,8914.4,9037.5,0.0463,Acetaminophen,HPLC-UV/Vis
SMP-01033,4.09,96162.9,15384.2,16093.7,0.0999,Caffeine,HPLC-UV/Vis
SMP-01033,5.58,26285.0,5675.1,6060.2,0.0261,Aspirin,HPLC-UV/Vis
SMP-01033,7.27,69846.9,12152.4,12510.6,0.0697,Benzoic Acid,HPLC-UV/Vis
SMP-01033,8.98,32402.4,6625.6,6902.8,0.0324,Phenacetin,HPLC-UV/Vis
SMP-01033,10.41,15303.2,3812.2,3905.2,0.0152,Salicylic Acid,HPLC-UV/Vis
SMP-01033,12.07,51368.6,9415.4,9556.7,0.0501,Chlorpheniramine,HPLC-UV/Vis
SMP-01034,1.25,13406.7,3424.7,3488.3,0.013,Uracil,HPLC-UV/Vis
SMP-01034,2.77,47086.9,9121.4,9207.9,0.0445,Acetaminophen,HPLC-UV/Vis
SMP-01034,4.18,97805.9,15479.3,16261.6,0.0988,Caffeine,HPLC-UV/Vis
SMP-01034,5.58,22793.4,5312.8,5650.5,0.0228,Aspirin,HPLC-UV/Vis
SMP-01034,7.13,75514.8,12799.9,13272.2,0.0747,Benzoic Acid,HPLC-UV/Vis
SMP-01034,8.99,32329.7,7137.5,7467.4,0.0318,Phenacetin,HPLC-UV/Vis
SMP-01034,10.38,16938.8,4257.7,4531.5,0.0168,Salicylic Acid,HPLC-UV/Vis
SMP-01034,12.14,62601.1,10957.7,11422.4,0.0613,Chlorpheniramine,HPLC-UV/Vis
SMP-01035,1.21,11677.4,2862.2,2880.4,0.0115,Uracil,HPLC-UV/Vis
SMP-01035,2.8,38270.6,8169.1,8334.4,0.0371,Acetaminophen,HPLC-UV/Vis
SMP-01035,4.15,81952.0,13491.8,13715.1,0.0814,Caffeine,HPLC-UV/Vis
SMP-01035,5.6,24518.6,5333.6,5510.0,0.0242,Aspirin,HPLC-UV/Vis
SMP-01035,7.19,62719.1,10771.7,11219.6,0.0596,Benzoic Acid,HPLC-UV/Vis
SMP-01035,8.97,34771.6,7100.3,7101.1,0.0339,Phenacetin,HPLC-UV/Vis
SMP-01035,10.35,13345.4,3201.5,3208.9,0.0135,Salicylic Acid,HPLC-UV/Vis
SMP-01035,12.11,50872.1,9283.6,9893.3,0.0493,Chlorpheniramine,HPLC-UV/Vis
SMP-01036,1.27,12319.4,3182.4,3300.6,0.0121,Uracil,HPLC-UV/Vis
SMP-01036,2.83,40098.5,7500.5,7648.2,0.0404,Acetaminophen,HPLC-UV/Vis
SMP-01036,4.13,341948.3,51106.5,57489.6,0.3444,Caffeine,HPLC-UV/Vis
SMP-01036,5.63,19800.4,4561.7,4615.2,0.019,Aspirin,HPLC-UV/Vis
SMP-01036,7.19,62446.3,10053.2,10558.0,0.0613,Benzoic Acid,HPLC-UV/Vis
SMP-01036,8.94,37582.1,7505.3,7595.5,0.0373,Phenacetin,HPLC-UV/Vis
SMP-01036,10.39,14004.2,3452.7,3576.2,0.0142,Salicylic Acid,HPLC-UV/Vis
SMP-01036,12.08,60302.1,11024.1,11533.1,0.0602,Chlorpheniramine,HPLC-UV/Vis
SMP-01037,1.26,11798.7,3104.1,3142.9,0.0122,Uracil,HPLC-UV/Vis
SMP-01037,2.79,44953.0,8771.1,9003.9,0.0462,Acetaminophen,HPLC-UV/Vis
SMP-01037,4.1,86893.6,14452.5,15179.4,0.0871,Caffeine,HPLC-UV/Vis
SMP-01037,5.6,21586.6,4413.4,4470.6,0.0218,Aspirin,HPLC-UV/Vis
SMP-01037,7.19,74860.2,12116.6,12270.2,0.0753,Benzoic Acid,HPLC-UV/Vis
SMP-01037,8.93,36034.1,7186.2,7296.5,0.0363,Phenacetin,HPLC-UV/Vis
SMP-01037,10.36,18383.9,4387.6,4497.7,0.0185,Salicylic Acid,HPLC-UV/Vis
SMP-01037,12.09,49217.6,9045.9,9695.0,0.0494,Chlorpheniramine,HPLC-UV/Vis
SMP-01038,1.26,9866.6,2476.9,2460.8,0.0098,Uracil,HPLC-UV/Vis
SMP-01038,2.72,46621.2,9225.0,9466.0,0.0452,Acetaminophen,HPLC-UV/Vis
SMP-01038,4.21,324696.8,53544.7,48495.5,0.3274,Caffeine,HPLC-UV/Vis
SMP-01038,5.61,24139.4,5216.8,5287.5,0.024,Aspirin,HPLC-UV/Vis
SMP-01038,7.15,65858.9,10932.6,11154.1,0.0677,Benzoic Acid,HPLC-UV/Vis
SMP-01038,8.96,36724.1,7702.3,7954.0,0.0364,Phenacetin,HPLC-UV/Vis
SMP-01038,10.4,14984.1,3693.4,3776.7,0.0145,Salicylic Acid,HPLC-UV/Vis
SMP-01038,12.13,40249.2,7690.4,8009.4,0.04,Chlorpheniramine,HPLC-UV/Vis
SMP-01039,1.28,12492.1,3301.9,3457.1,0.0126,Uracil,HPLC-UV/Vis
SMP-01039,2.8,36450.9,7202.5,7358.2,0.0359,Acetaminophen,HPLC-UV/Vis
SMP-01039,4.11,90200.9,14515.0,14898.0,0.0907,Caffeine,HPLC-UV/Vis
SMP-01039,5.61,26237.6,6006.6,6279.2,0.0254,Aspirin,HPLC-UV/Vis
SMP-01039,7.17,86701.1,14071.0,14071.8,0.083,Benzoic Acid,HPLC-UV/Vis
SMP-01039,8.95,34592.7,6890.9,7259.1,0.0346,Phenacetin,HPLC-UV/Vis
SMP-01039,10.41,17812.2,4344.7,4378.8,0.0179,Salicylic Acid,HPLC-UV/Vis
SMP-01039,12.09,59737.8,10128.7,10504.9,0.0606,Chlorpheniramine,HPLC-UV/Vis
SMP-01040,1.21,13693.2,3632.3,3840.0,0.0136,Uracil,HPLC-UV/Vis
SMP-01040,2.81,37981.2,7422.9,7666.2,0.0387,Acetaminophen,HPLC-UV/Vis
SMP-01040,4.19,89917.4,15360.4,16050.6,0.0904,Caffeine,HPLC-UV/Vis
SMP-01040,5.56,26798.0,6051.1,6198.1,0.0266,Aspirin,HPLC-UV/Vis
SMP-01040,7.16,64247.9,10882.8,11371.7,0.0638,Benzoic Acid,HPLC-UV/Vis
SMP-01040,8.98,28801.8,5663.5,5900.7,0.0285,Phenacetin,HPLC-UV/Vis
SMP-01040,10.41,16723.0,4163.9,4293.4,0.016,Salicylic Acid,HPLC-UV/Vis
SMP-01040,12.08,55872.3,10066.9,10820.7,0.0581,Chlorpheniramine,HPLC-UV/Vis
SMP-01041,1.21,10873.7,2820.9,2875.1,0.0106,Uracil,HPLC-UV/Vis
SMP-01041,2.81,45441.7,8701.9,8900.9,0.0453,Acetaminophen,HPLC-UV/Vis
SMP-01041,4.16,74497.0,12182.5,12459.8,0.0727,Caffeine,HPLC-UV/Vis
SMP-01041,5.63,24967.9,5527.6,5594.2,0.0243,Aspirin,HPLC-UV/Vis
SMP-01041,7.2,67624.4,11019.2,11543.2,0.0681,Benzoic Acid,HPLC-UV/Vis
SMP-01041,8.95,33557.5,6922.9,7211.1,0.0334,Phenacetin,HPLC-UV/Vis
SMP-01041,10.4,15887.9,3804.1,4001.4,0.0163,Salicylic Acid,HPLC-UV/Vis
SMP-01041,12.06,46909.5,8601.2,8960.4,0.0474,Chlorpheniramine,HPLC-UV/Vis
SMP-01042,1.23,9972.7,2515.5,2674.2,0.0101,Uracil,HPLC-UV/Vis
SMP-01042,2.83,41952.6,8212.4,8542.9,0.0411,Acetaminophen,HPLC-UV/Vis
SMP-01042,4.19,85626.5,13169.9,13610.5,0.0845,Caffeine,HPLC-UV/Vis
SMP-01042,5.57,23240.8,5319.2,5475.8,0.0225,Aspirin,HPLC-UV/Vis
SMP-01042,7.2,68837.3,11766.6,11996.1,0.0684,Benzoic Acid,HPLC-UV/Vis
SMP-01042,8.96,31721.9,6457.6,6747.8,0.0311,Phenacetin,HPLC-UV/Vis
SMP-01042,10.42,14755.1,3437.6,3424.2,0.0148,Salicylic Acid,HPLC-UV/Vis
SMP-01042,12.08,56647.1,9529.8,9886.9,0.0555,Chlorpheniramine,HPLC-UV/Vis
SMP-01043,1.24,11960.8,3081.8,3071.9,0.0128,Uracil,HPLC-UV/Vis
SMP-01043,2.82,52636.6,10307.2,10363.3,0.0527,Acetaminophen,HPLC-UV/Vis
SMP-01043,4.14,104158.8,16317.8,16538.4,0.1075,Caffeine,HPLC-UV/Vis
SMP-01043,5.57,23999.1,5227.1,5100.0,0.0234,Aspirin,HPLC-UV/Vis
SMP-01043,7.21,77265.4,12494.4,12855.5,0.077,Benzoic Acid,HPLC-UV/Vis
SMP-01043,8.96,27722.3,5919.2,6152.1,0.0276,Phenacetin,HPLC-UV/Vis
SMP-01043,10.39,12911.9,3032.3,3112.3,0.0128,Salicylic Acid,HPLC-UV/Vis
SMP-01043,12.12,51166.5,8970.5,9375.1,0.0514,Chlorpheniramine,HPLC-UV/Vis
SMP-01044,1.22,11609.1,3021.5,3214.0,0.0116,Uracil,HPLC-UV/Vis
SMP-01044,2.86,44096.9,8357.4,8540.0,0.0437,Acetaminophen,HPLC-UV/Vis
SMP-01044,4.1,94503.9,15357.5,15647.2,0.0939,Caffeine,HPLC-UV/Vis
SMP-01044,5.6,22057.4,4860.1,4930.3,0.0231,Aspirin,HPLC-UV/Vis
SMP-01044,7.21,64408.8,10979.7,11374.8,0.0646,Benzoic Acid,HPLC-UV/Vis
SMP-01044,8.96,36453.2,7493.6,7678.8,0.0365,Phenacetin,HPLC-UV/Vis
SMP-01044,10.38,14444.4,3609.0,3804.2,0.0152,Salicylic Acid,HPLC-UV/Vis
SMP-01044,12.1,59088.7,10417.4,10863.8,0.0602,Chlorpheniramine,HPLC-UV/Vis
SMP-01045,1.3,11705.4,2961.3,3037.4,0.0115,Uracil,HPLC-UV/Vis
SMP-01045,2.82,48372.1,9440.1,9913.2,0.0489,Acetaminophen,HPLC-UV/Vis
SMP-01045,4.06,86249.7,14037.5,14471.9,0.0859,Caffeine,HPLC-UV/Vis
SMP-01045,5.57,72498.5,14926.9,18508.5,0.0705,Aspirin,HPLC-UV/Vis
SMP-01045,7.23,70058.4,11476.0,12122.1,0.0697,Benzoic Acid,HPLC-UV/Vis
SMP-01045,8.97,30259.8,6164.6,6303.4,0.0301,Phenacetin,HPLC-UV/Vis
SMP-01045,10.34,15447.9,3561.8,3639.7,0.0156,Salicylic Acid,HPLC-UV/Vis
SMP-01045,12.12,56085.0,9507.4,10020.4,0.0564,Chlorpheniramine,HPLC-UV/Vis
SMP-01046,1.24,9855.0,2553.9,2663.8,0.0097,Uracil,HPLC-UV/Vis
SMP-01046,2.8,51271.8,10255.0,10732.6,0.0531,Acetaminophen,HPLC-UV/Vis
SMP-01046,4.18,89977.6,14475.7,15238.4,0.0882,Caffeine,HPLC-UV/Vis
SMP-01046,5.58,23883.7,5314.3,5491.1,0.0239,Aspirin,HPLC-UV/Vis
SMP-01046,7.22,57971.5,9618.7,9826.8,0.0582,Benzoic Acid,HPLC-UV/Vis
SMP-01046,8.99,30987.4,6546.2,6618.0,0.0308,Phenacetin,HPLC-UV/Vis
SMP-01046,10.41,13752.0,3155.1,3210.2,0.0139,Salicylic Acid,HPLC-UV/Vis
SMP-01046,12.11,50692.4,8650.8,9057.7,0.0514,Chlorpheniramine,HPLC-UV/Vis
SMP-01047,1.25,12192.1,3034.6,3204.9,0.0122,Uracil,HPLC-UV/Vis
SMP-01047,2.79,47828.6,9600.3,9920.4,0.0482,Acetaminophen,HPLC-UV/Vis
SMP-01047,4.17,98514.6,16153.8,16741.9,0.0989,Caffeine,HPLC-UV/Vis
SMP-01047,5.59,24325.6,5722.4,5935.2,0.0238,Aspirin,HPLC-UV/Vis
SMP-01047,7.22,62880.3,10121.1,10145.5,0.0626,Benzoic Acid,HPLC-UV/Vis
SMP-01047,8.93,33933.0,6907.5,7061.2,0.0343,Phenacetin,HPLC-UV/Vis
SMP-01047,10.45,16439.0,4124.3,4226.7,0.0166,Salicylic Acid,HPLC-UV/Vis
SMP-01047,12.1,49468.1,8667.5,8854.2,0.0497,Chlorpheniramine,HPLC-UV/Vis
SMP-01048,1.24,13294.7,3372.8,3433.7,0.0136,Uracil,HPLC-UV/Vis
SMP-01048,2.76,39704.9,7420.1,7638.2,0.0408,Acetaminophen,HPLC-UV/Vis
SMP-01048,4.17,106263.9,17361.6,18267.6,0.1052,Caffeine,HPLC-UV/Vis
SMP-01048,5.59,22810.9,5432.0,5594.9,0.0223,Aspirin,HPLC-UV/Vis
SMP-01048,7.18,68367.6,11656.4,11788.9,0.0704,Benzoic Acid,HPLC-UV/Vis
SMP-01048,8.96,36665.7,7448.3,7790.0,0.0368,Phenacetin,HPLC-UV/Vis
SMP-01048,10.38,18769.3,4692.8,4917.1,0.0186,Salicylic Acid,HPLC-UV/Vis
SMP-01048,12.09,63404.4,11821.4,12393.4,0.0643,Chlorpheniramine,HPLC-UV/Vis
SMP-01049,1.26,14369.5,3738.1,3787.4,0.0147,Uracil,HPLC-UV/Vis
SMP-01049,2.8,43630.8,7782.2,8042.9,0.0456,Acetaminophen,HPLC-UV/Vis
SMP-01049,4.24,87834.1,14374.4,14775.6,0.0879,Caffeine,HPLC-UV/Vis
SMP-01049,5.65,21162.3,4673.8,4871.6,0.0218,Aspirin,HPLC-UV/Vis
SMP-01049,7.16,67673.9,11622.4,11859.3,0.0686,Benzoic Acid,HPLC-UV/Vis
SMP-01049,8.95,30488.5,6345.1,6558.3,0.0306,Phenacetin,HPLC-UV/Vis
SMP-01049,10.39,14033.7,3488.4,3520.5,0.0138,Salicylic Acid,HPLC-UV/Vis
SMP-01049,12.09,54341.4,9502.7,9737.1,0.0545,Chlorpheniramine,HPLC-UV/Vis
SMP-01050,1.23,14697.4,3709.6,3873.4,0.0146,Uracil,HPLC-UV/Vis
SMP-01050,2.78,37090.1,7090.0,7365.4,0.0377,Acetaminophen,HPLC-UV/Vis
SMP-01050,4.13,97409.5,15520.5,15781.0,0.0957,Caffeine,HPLC-UV/Vis
SMP-01050,5.59,23777.6,5042.9,5147.8,0.0234,Aspirin,HPLC-UV/Vis
SMP-01050,7.21,60461.3,10213.1,10508.8,0.0615,Benzoic Acid,HPLC-UV/Vis
SMP-01050,8.97,33899.2,6967.4,7468.7,0.0342,Phenacetin,HPLC-UV/Vis
SMP-01050,10.48,12990.9,3295.8,3428.7,0.0131,Salicylic Acid,HPLC-UV/Vis
SMP-01050,12.07,48492.8,9422.2,9796.7,0.047,Chlorpheniramine,HPLC-UV/Vis
SMP-01051,1.19,13933.4,3585.6,3729.7,0.014,Uracil,HPLC-UV/Vis
SMP-01051,2.79,47153.3,9236.5,9299.3,0.0465,Acetaminophen,HPLC-UV/Vis
SMP-01051,4.16,101585.6,16563.8,17031.6,0.1021,Caffeine,HPLC-UV/Vis
SMP-01051,5.6,26601.7,5839.3,6045.1,0.0263,Aspirin,HPLC-UV/Vis
SMP-01051,7.17,66915.6,11450.4,11595.6,0.0681,Benzoic Acid,HPLC-UV/Vis
SMP-01051,8.92,30906.5,6802.9,7026.8,0.031,Phenacetin,HPLC-UV/Vis
SMP-01051,10.37,10868.5,2845.1,2964.9,0.0107,Salicylic Acid,HPLC-UV/Vis
SMP-01051,12.13,53500.3,9716.5,10403.5,0.0522,Chlorpheniramine,HPLC-UV/Vis
SMP-01052,1.21,14396.8,3728.5,3789.1,0.0141,Uracil,HPLC-UV/Vis
SMP-01052,2.81,51105.8,9639.4,9769.6,0.0507,Acetaminophen,HPLC-UV/Vis
SMP-01052,4.13,80769.8,13311.1,13581.9,0.0808,Caffeine,HPLC-UV/Vis
SMP-01052,5.56,24471.3,5435.1,5621.0,0.0244,Aspirin,HPLC-UV/Vis
SMP-01052,7.2,68045.1,10911.4,11582.5,0.0671,Benzoic Acid,HPLC-UV/Vis
SMP-01052,8.98,30134.0,6227.2,6141.2,0.0289,Phenacetin,HPLC-UV/Vis
SMP-01052,10.41,17326.3,4311.9,4303.9,0.0177,Salicylic Acid,HPLC-UV/Vis
SMP-01052,12.13,51752.6,10156.4,10341.2,0.0517,Chlorpheniramine,HPLC-UV/Vis
SMP-01053,1.24,11209.0,3092.6,3147.6,0.0111,Uracil,HPLC-UV/Vis
SMP-01053,2.81,42663.5,8545.4,8827.9,0.0427,Acetaminophen,HPLC-UV/Vis
SMP-01053,4.12,83982.2,13642.3,14305.3,0.0835,Caffeine,HPLC-UV/Vis
SMP-01053,5.54,21498.0,4494.0,4502.9,0.0217,Aspirin,HPLC-UV/Vis
SMP-01053,7.21,69642.9,11318.0,11420.2,0.0724,Benzoic Acid,HPLC-UV/Vis
SMP-01053,8.89,31966.6,6475.1,6746.6,0.0329,Phenacetin,HPLC-UV/Vis
SMP-01053,10.41,16629.7,4359.2,4688.6,0.0165,Salicylic Acid,HPLC-UV/Vis
SMP-01053,12.15,57959.4,10460.7,10670.4,0.0581,Chlorpheniramine,HPLC-UV/Vis
SMP-01054,1.28,14182.3,3607.1,3682.8,0.014,Uracil,HPLC-UV/Vis
SMP-01054,2.8,39189.4,8394.0,8347.3,0.0379,Acetaminophen,HPLC-UV/Vis
SMP-01054,4.17,82829.2,13125.7,13639.7,0.0835,Caffeine,HPLC-UV/Vis
SMP-01054,5.63,24421.0,5596.5,5758.8,0.0248,Aspirin,HPLC-UV/Vis
SMP-01054,7.22,69811.8,11886.6,12366.7,0.0673,Benzoic Acid,HPLC-UV/Vis
SMP-01054,8.95,32655.5,6857.4,7138.4,0.0322,Phenacetin,HPLC-UV/Vis
SMP-01054,10.38,17571.5,4431.9,4563.9,0.0174,Salicylic Acid,HPLC-UV/Vis
SMP-01054,12.07,49200.2,8843.3,9009.7,0.0475,Chlorpheniramine,HPLC-UV/Vis
SMP-01055,1.25,12028.3,3005.7,2952.1,0.0124,Uracil,HPLC-UV/Vis
SMP-01055,2.81,46628.4,9194.1,9514.2,0.0467,Acetaminophen,HPLC-UV/Vis
SMP-01055,4.18,101539.9,16144.1,16709.0,0.0987,Caffeine,HPLC-UV/Vis
SMP-01055,5.59,24811.5,5460.2,5697.4,0.0247,Aspirin,HPLC-UV/Vis
SMP-01055,7.18,72055.6,11847.3,11627.8,0.0729,Benzoic Acid,HPLC-UV/Vis
SMP-01055,8.96,27677.5,5680.6,5524.9,0.0277,Phenacetin,HPLC-UV/Vis
SMP-01055,10.39,13622.9,3405.6,3499.6,0.0135,Salicylic Acid,HPLC-UV/Vis
SMP-01055,12.13,51844.6,9812.0,10347.6,0.0534,Chlorpheniramine,HPLC-UV/Vis
SMP-01056,1.23,12515.8,3197.4,3346.9,0.0126,Uracil,HPLC-UV/Vis
SMP-01056,2.85,44300.6,8442.2,8627.6,0.0453,Acetaminophen,HPLC-UV/Vis
SMP-01056,4.16,91305.9,13888.5,14008.2,0.0908,Caffeine,HPLC-UV/Vis
SMP-01056,5.57,20755.0,4534.8,4791.1,0.0198,Aspirin,HPLC-UV/Vis
SMP-01056,7.25,57085.3,9350.5,9350.3,0.0567,Benzoic Acid,HPLC-UV/Vis
SMP-01056,9.0,33448.9,6615.4,6561.4,0.0338,Phenacetin,HPLC-UV/Vis
SMP-01056,10.38,17449.0,4050.2,4142.0,0.0176,Salicylic Acid,HPLC-UV/Vis
SMP-01056,12.14,48717.6,8788.4,8930.2,0.0457,Chlorpheniramine,HPLC-UV/Vis
SMP-01057,1.27,11162.4,2808.7,2864.0,0.0113,Uracil,HPLC-UV/Vis
SMP-01057,2.8,45966.2,8792.9,9353.8,0.045,Acetaminophen,HPLC-UV/Vis
SMP-01057,4.19,87967.1,14326.1,14907.9,0.0873,Caffeine,HPLC-UV/Vis
SMP-01057,5.59,26901.8,6026.7,6216.8,0.0273,Aspirin,HPLC-UV/Vis
SMP-01057,7.2,64493.7,10878.2,11088.0,0.0641,Benzoic Acid,HPLC-UV/Vis
SMP-01057,8.94,32964.0,6886.7,7082.7,0.0327,Phenacetin,HPLC-UV/Vis
SMP-01057,10.37,16550.9,4099.0,4140.8,0.0167,Salicylic Acid,HPLC-UV/Vis
SMP-01057,12.13,65938.1,12091.9,12287.6,0.0667,Chlorpheniramine,HPLC-UV/Vis
SMP-01058,1.26,15216.2,3793.2,3940.3,0.0153,Uracil,HPLC-UV/Vis
SMP-01058,2.79,52037.3,10263.7,10540.3,0.0536,Acetaminophen,HPLC-UV/Vis
SMP-01058,4.17,77244.3,11996.7,12526.9,0.0778,Caffeine,HPLC-UV/Vis
SMP-01058,5.59,21470.7,4844.0,4965.5,0.0219,Aspirin,HPLC-UV/Vis
SMP-01058,7.2,62408.9,10257.4,10336.8,0.0629,Benzoic Acid,HPLC-UV/Vis
SMP-01058,8.93,34021.2,7148.2,7132.2,0.0344,Phenacetin,HPLC-UV/Vis
SMP-01058,10.39,16795.7,3980.1,4213.1,0.0169,Salicylic Acid,HPLC-UV/Vis
SMP-01058,12.13,59027.4,10909.5,11093.3,0.0578,Chlorpheniramine,HPLC-UV/Vis
SMP-01059,1.26,10849.9,2844.7,2951.3,0.0108,Uracil,HPLC-UV/Vis
SMP-01059,2.8,47822.8,9492.8,10322.7,0.048,Acetaminophen,HPLC-UV/Vis
SMP-01059,4.09,76641.7,12129.2,12660.3,0.0759,Caffeine,HPLC-UV/Vis
SMP-01059,5.58,24152.1,5466.1,5586.1,0.0244,Aspirin,HPLC-UV/Vis
SMP-01059,7.16,71132.0,11959.7,12460.4,0.0724,Benzoic Acid,HPLC-UV/Vis
SMP-01059,8.94,30311.6,6284.5,6455.6,0.0304,Phenacetin,HPLC-UV/Vis
SMP-01059,10.37,14183.0,3502.4,3604.4,0.014,Salicylic Acid,HPLC-UV/Vis
SMP-01059,12.14,51519.2,8997.0,9437.0,0.0515,Chlorpheniramine,HPLC-UV/Vis
SMP-01060,1.28,12123.6,3154.2,3258.9,0.013,Uracil,HPLC-UV/Vis
SMP-01060,2.83,44652.2,8797.5,9026.9,0.0454,Acetaminophen,HPLC-UV/Vis
SMP-01060,4.17,82457.3,13057.4,12957.7,0.0831,Caffeine,HPLC-UV/Vis
SMP-01060,5.67,22008.9,5050.1,5317.2,0.0219,Aspirin,HPLC-UV/Vis
SMP-01060,7.2,75049.3,13240.0,13310.2,0.0751,Benzoic Acid,HPLC-UV/Vis
SMP-01060,8.94,36525.9,7345.2,7329.4,0.0367,Phenacetin,HPLC-UV/Vis
SMP-01060,10.39,14537.7,3559.5,3570.2,0.0147,Salicylic Acid,HPLC-UV/Vis
SMP-01060,12.14,55926.7,10067.5,10323.3,0.0538,Chlorpheniramine,HPLC-UV/Vis
SMP-01061,1.24,12514.5,3198.3,3385.6,0.0125,Uracil,HPLC-UV/Vis
SMP-01061,2.8,41935.1,7704.8,7867.2,0.041,Acetaminophen,HPLC-UV/Vis
SMP-01061,4.14,99354.4,16557.5,16629.7,0.0994,Caffeine,HPLC-UV/Vis
SMP-01061,5.62,26804.5,5739.2,5809.7,0.0265,Aspirin,HPLC-UV/Vis
SMP-01061,7.12,65858.9,10345.7,10655.6,0.0686,Benzoic Acid,HPLC-UV/Vis
SMP-01061,8.91,29894.2,5961.7,6294.9,0.0285,Phenacetin,HPLC-UV/Vis
SMP-01061,10.38,13770.4,3543.4,3538.8,0.0134,Salicylic Acid,HPLC-UV/Vis
SMP-01061,12.1,53249.6,9444.7,9727.7,0.0528,Chlorpheniramine,HPLC-UV/Vis
SMP-01062,1.21,12500.6,3155.7,3220.7,0.0127,Uracil,HPLC-UV/Vis
SMP-01062,2.8,53465.8,10492.5,10694.0,0.0525,Acetaminophen,HPLC-UV/Vis
SMP-01062,4.17,83937.0,13625.7,13866.7,0.0832,Caffeine,HPLC-UV/Vis
SMP-01062,5.59,23586.0,5220.4,5524.7,0.0236,Aspirin,HPLC-UV/Vis
SMP-01062,7.24,69414.2,11577.0,11905.8,0.0695,Benzoic Acid,HPLC-UV/Vis
SMP-01062,8.95,30293.9,6269.4,6588.5,0.0309,Phenacetin,HPLC-UV/Vis
SMP-01062,10.35,14811.2,3392.1,3562.4,0.0148,Salicylic Acid,HPLC-UV/Vis
SMP-01062,12.08,60666.7,10978.7,11267.4,0.0607,Chlorpheniramine,HPLC-UV/Vis
SMP-01063,1.24,13934.1,3694.8,3807.4,0.0138,Uracil,HPLC-UV/Vis
SMP-01063,2.78,52011.6,10508.0,10959.8,0.0509,Acetaminophen,HPLC-UV/Vis
SMP-01063,4.14,81077.5,13017.5,13450.5,0.0819,Caffeine,HPLC-UV/Vis
SMP-01063,5.6,22247.0,4704.3,4871.6,0.022,Aspirin,HPLC-UV/Vis
SMP-01063,7.18,63317.4,10740.7,11036.1,0.0653,Benzoic Acid,HPLC-UV/Vis
SMP-01063,8.99,29451.3,6018.1,6250.1,0.03,Phenacetin,HPLC-UV/Vis
SMP-01063,10.43,15171.5,3894.7,4054.2,0.0142,Salicylic Acid,HPLC-UV/Vis
SMP-01063,12.09,52284.2,9629.3,9969.6,0.0515,Chlorpheniramine,HPLC-UV/Vis
SMP-01064,1.21,10716.6,2646.3,2747.1,0.0108,Uracil,HPLC-UV/Vis
SMP-01064,2.78,45598.3,8565.2,8952.1,0.047,Acetaminophen,HPLC-UV/Vis
SMP-01064,4.16,89812.8,15177.2,16209.6,0.0891,Caffeine,HPLC-UV/Vis
SMP-01064,5.62,23805.1,5110.4,5074.8,0.0235,Aspirin,HPLC-UV/Vis
SMP-01064,7.19,60024.1,9766.7,10409.6,0.0584,Benzoic Acid,HPLC-UV/Vis
SMP-01064,8.93,37180.4,7336.9,7436.0,0.0372,Phenacetin,HPLC-UV/Vis
SMP-01064,10.43,17129.6,4088.0,4233.1,0.0171,Salicylic Acid,HPLC-UV/Vis
SMP-01064,12.13,55373.3,10470.2,10876.0,0.0563,Chlorpheniramine,HPLC-UV/Vis
SMP-01065,1.25,12943.5,3373.7,3576.8,0.0131,Uracil,HPLC-UV/Vis
SMP-01065,2.82,49483.7,9444.6,9644.1,0.0502,Acetaminophen,HPLC-UV/Vis
SMP-01065,4.18,90597.7,13765.5,14186.9,0.0898,Caffeine,HPLC-UV/Vis
SMP-01065,5.61,20862.7,4632.7,4819.0,0.0211,Aspirin,HPLC-UV/Vis
SMP-01065,7.17,66175.9,10240.1,10783.8,0.0663,Benzoic Acid,HPLC-UV/Vis
SMP-01065,8.95,32698.8,6907.7,7074.7,0.033,Phenacetin,HPLC-UV/Vis
SMP-01065,10.33,14496.2,3580.8,3776.6,0.0149,Salicylic Acid,HPLC-UV/Vis
SMP-01065,12.13,299003.5,43962.4,50847.2,0.2961,Chlorpheniramine,HPLC-UV/Vis
SMP-01066,1.24,11291.8,2959.0,3076.2,0.0115,Uracil,HPLC-UV/Vis
SMP-01066,2.8,45415.9,9069.7,9245.0,0.0447,Acetaminophen,HPLC-UV/Vis
SMP-01066,4.17,93357.0,15862.8,17001.3,0.0956,Caffeine,HPLC-UV/Vis
SMP-01066,5.62,23354.6,5070.5,5147.4,0.0235,Aspirin,HPLC-UV/Vis
SMP-01066,7.24,71943.6,12148.7,12463.2,0.0722,Benzoic Acid,HPLC-UV/Vis
SMP-01066,8.97,32547.4,7044.4,7250.1,0.0333,Phenacetin,HPLC-UV/Vis
SMP-01066,10.45,17862.0,4480.1,4619.9,0.0178,Salicylic Acid,HPLC-UV/Vis
SMP-01066,12.07,56735.6,10185.9,10569.4,0.0569,Chlorpheniramine,HPLC-UV/Vis
SMP-01067,1.28,12570.1,3313.6,3335.8,0.0124,Uracil,HPLC-UV/Vis
SMP-01067,2.81,45325.8,9172.5,9637.5,0.0447,Acetaminophen,HPLC-UV/Vis
SMP-01067,4.15,100718.6,16248.7,16939.2,0.1024,Caffeine,HPLC-UV/Vis
SMP-01067,5.65,21295.2,4648.4,4731.6,0.021,Aspirin,HPLC-UV/Vis
SMP-01067,7.16,72530.8,12092.2,12421.5,0.0739,Benzoic Acid,HPLC-UV/Vis
SMP-01067,8.9,36266.0,7435.2,7457.4,0.0365,Phenacetin,HPLC-UV/Vis
SMP-01067,10.43,15827.5,3896.1,3979.1,0.0155,Salicylic Acid,HPLC-UV/Vis
SMP-01067,12.08,56381.9,10631.8,10916.8,0.0571,Chlorpheniramine,HPLC-UV/Vis
SMP-01068,1.24,10505.3,2696.4,2768.4,0.0103,Uracil,HPLC-UV/Vis
SMP-01068,2.75,53976.7,10499.4,10512.8,0.0534,Acetaminophen,HPLC-UV/Vis
SMP-01068,4.16,87120.4,15041.3,16114.7,0.0878,Caffeine,HPLC-UV/Vis
SMP-01068,5.61,20030.2,4575.4,4728.4,0.0195,Aspirin,HPLC-UV/Vis
SMP-01068,7.22,56176.7,9035.4,9222.3,0.0575,Benzoic Acid,HPLC-UV/Vis
SMP-01068,8.96,21340.5,4163.4,4579.4,0.0214,Phenacetin,HPLC-UV/Vis
SMP-01068,10.47,13516.4,3357.9,3381.6,0.0142,Salicylic Acid,HPLC-UV/Vis
SMP-01068,12.08,59886.5,10666.0,11089.8,0.0608,Chlorpheniramine,HPLC-UV/Vis
SMP-01069,1.22,11470.6,2911.4,3033.0,0.0117,Uracil,HPLC-UV/Vis
SMP-01069,2.82,38510.5,7563.3,7780.4,0.039,Acetaminophen,HPLC-UV/Vis
SMP-01069,4.12,88219.6,14921.2,15459.5,0.088,Caffeine,HPLC-UV/Vis
SMP-01069,5.62,19888.5,4363.9,4452.0,0.0201,Aspirin,HPLC-UV/Vis
SMP-01069,7.19,61261.9,10097.3,10443.5,0.0608,Benzoic Acid,HPLC-UV/Vis
SMP-01069,8.95,34323.9,7184.2,7213.9,0.0348,Phenacetin,HPLC-UV/Vis
SMP-01069,10.42,11835.5,2913.2,3081.2,0.0117,Salicylic Acid,HPLC-UV/Vis
SMP-01069,12.03,54993.0,10156.5,10496.2,0.0552,Chlorpheniramine,HPLC-UV/Vis
SMP-01070,1.23,13164.7,3180.8,3333.8,0.0132,Uracil,HPLC-UV/Vis
SMP-01070,2.83,62884.9,12594.0,12669.1,0.0649,Acetaminophen,HPLC-UV/Vis
SMP-01070,4.14,90749.4,14611.0,15131.7,0.0904,Caffeine,HPLC-UV/Vis
SMP-01070,5.59,22832.9,5312.4,5574.6,0.0228,Aspirin,HPLC-UV/Vis
SMP-01070,7.26,58068.1,9284.6,9456.4,0.0584,Benzoic Acid,HPLC-UV/Vis
SMP-01070,8.93,28262.4,5545.9,5607.8,0.0279,Phenacetin,HPLC-UV/Vis
SMP-01070,10.38,13963.4,3382.7,3599.0,0.0135,Salicylic Acid,HPLC-UV/Vis
SMP-01070,12.15,59430.6,10846.9,11457.4,0.0601,Chlorpheniramine,HPLC-UV/Vis
SMP-01071,1.25,11130.4,2972.5,3216.8,0.0111,Uracil,HPLC-UV/Vis
SMP-01071,2.8,39072.0,7366.4,7632.3,0.039,Acetaminophen,HPLC-UV/Vis
SMP-01071,4.15,88164.2,13998.6,14540.3,0.0887,Caffeine,HPLC-UV/Vis
SMP-01071,5.61,21659.9,4882.3,5024.5,0.0218,Aspirin,HPLC-UV/Vis
SMP-01071,7.2,69604.5,11850.1,12234.2,0.0697,Benzoic Acid,HPLC-UV/Vis
SMP-01071,8.9,31305.7,6178.9,6294.4,0.0308,Phenacetin,HPLC-UV/Vis
SMP-01071,10.38,16358.2,4022.6,4152.3,0.0167,Salicylic Acid,HPLC-UV/Vis
SMP-01071,12.12,59122.7,10773.0,11235.8,0.0574,Chlorpheniramine,HPLC-UV/Vis
SMP-01072,1.19,11672.9,3131.4,3241.4,0.0116,Uracil,HPLC-UV/Vis
SMP-01072,2.81,39593.6,7819.5,8184.2,0.0415,Acetaminophen,HPLC-UV/Vis
SMP-01072,4.2,85590.0,14925.3,15195.4,0.0867,Caffeine,HPLC-UV/Vis
SMP-01072,5.64,26229.6,5631.8,5762.9,0.0272,Aspirin,HPLC-UV/Vis
SMP-01072,7.22,60185.9,9919.3,10076.3,0.0614,Benzoic Acid,HPLC-UV/Vis
SMP-01072,8.99,27814.3,5811.2,5987.9,0.0263,Phenacetin,HPLC-UV/Vis
SMP-01072,10.44,18051.2,4393.1,4597.8,0.0182,Salicylic Acid,HPLC-UV/Vis
SMP-01072,12.07,53941.4,9684.4,9992.0,0.0535,Chlorpheniramine,HPLC-UV/Vis
SMP-01073,1.22,14347.4,3512.9,3612.6,0.0144,Uracil,HPLC-UV/Vis
SMP-01073,2.77,38879.5,7619.7,7817.0,0.0392,Acetaminophen,HPLC-UV/Vis
SMP-01073,4.2,88488.5,13061.3,13502.4,0.0876,Caffeine,HPLC-UV/Vis
SMP-01073,5.64,25247.6,5626.8,5804.2,0.0255,Aspirin,HPLC-UV/Vis
SMP-01073,7.21,75741.5,12936.5,13052.8,0.076,Benzoic Acid,HPLC-UV/Vis
SMP-01073,8.95,28853.5,5752.0,5965.8,0.0284,Phenacetin,HPLC-UV/Vis
SMP-01073,10.41,13289.5,3200.5,3198.1,0.0129,Salicylic Acid,HPLC-UV/Vis
SMP-01073,12.09,50313.4,9347.9,9930.4,0.0506,Chlorpheniramine,HPLC-UV/Vis
SMP-01074,1.23,12518.2,3218.2,3335.6,0.0128,Uracil,HPLC-UV/Vis
SMP-01074,2.77,43577.6,8209.4,8493.5,0.0438,Acetaminophen,HPLC-UV/Vis
SMP-01074,4.14,101223.0,16548.7,16995.5,0.1013,Caffeine,HPLC-UV/Vis
SMP-01074,5.61,21103.7,4929.3,5122.7,0.0206,Aspirin,HPLC-UV/Vis
SMP-01074,7.22,76112.0,12800.5,13341.3,0.077,Benzoic Acid,HPLC-UV/Vis
SMP-01074,8.9,29019.9,6105.8,6360.5,0.0289,Phenacetin,HPLC-UV/Vis
SMP-01074,10.41,15065.4,3660.7,3780.2,0.0148,Salicylic Acid,HPLC-UV/Vis
SMP-01074,12.1,56843.6,10297.1,10923.7,0.0574,Chlorpheniramine,HPLC-UV/Vis
SMP-01075,1.26,15045.2,3862.8,3991.3,0.0151,Uracil,HPLC-UV/Vis
SMP-01075,2.8,50454.8,9942.4,10541.1,0.0512,Acetaminophen,HPLC-UV/Vis
SMP-01075,4.18,92454.5,14907.0,15315.9,0.0882,Caffeine,HPLC-UV/Vis
SMP-01075,5.59,20689.6,4512.1,4806.0,0.0207,Aspirin,HPLC-UV/Vis
SMP-01075,7.26,73030.9,12039.7,11991.6,0.0739,Benzoic Acid,HPLC-UV/Vis
SMP-01075,8.97,31050.0,6448.1,6757.1,0.03,Phenacetin,HPLC-UV/Vis
SMP-01075,10.4,16049.9,3967.1,4098.2,0.0158,Salicylic Acid,HPLC-UV/Vis
SMP-01075,12.05,54849.5,10072.8,10306.0,0.0557,Chlorpheniramine,HPLC-UV/Vis
SMP-01076,1.25,10659.8,2697.3,2827.9,0.0111,Uracil,HPLC-UV/Vis
SMP-01076,2.83,52278.3,9909.0,10269.2,0.0525,Acetaminophen,HPLC-UV/Vis
SMP-01076,4.12,92016.9,14845.6,15417.2,0.0942,Caffeine,HPLC-UV/Vis
SMP-01076,5.64,20812.5,4522.9,4749.6,0.0211,Aspirin,HPLC-UV/Vis
SMP-01076,7.17,41068.3,6289.2,6439.5,0.0407,Benzoic Acid,HPLC-UV/Vis
SMP-01076,8.97,38248.7,7698.6,7629.1,0.0377,Phenacetin,HPLC-UV/Vis
SMP-01076,10.4,17180.1,4120.8,4203.1,0.0166,Salicylic Acid,HPLC-UV/Vis
SMP-01076,12.1,58903.0,10815.8,11570.1,0.0587,Chlorpheniramine,HPLC-UV/Vis
SMP-01077,1.25,11585.1,3017.0,3090.9,0.012,Uracil,HPLC-UV/Vis
SMP-01077,2.79,40103.8,7883.8,7911.0,0.0401,Acetaminophen,HPLC-UV/Vis
SMP-01077,4.12,82377.6,13708.4,14093.7,0.0822,Caffeine,HPLC-UV/Vis
SMP-01077,5.58,18559.1,3929.6,4025.0,0.0185,Aspirin,HPLC-UV/Vis
SMP-01077,7.2,74254.2,12461.3,12484.2,0.0708,Benzoic Acid,HPLC-UV/Vis
SMP-01077,8.95,32358.1,6617.7,6832.2,0.0332,Phenacetin,HPLC-UV/Vis
SMP-01077,10.41,18091.4,4200.4,4470.0,0.0173,Salicylic Acid,HPLC-UV/Vis
SMP-01077,12.08,45348.4,8151.4,8387.6,0.0461,Chlorpheniramine,HPLC-UV/Vis
SMP-01078,1.26,13843.0,3619.9,3705.0,0.0139,Uracil,HPLC-UV/Vis
SMP-01078,2.76,47760.1,8881.0,9114.2,0.0457,Acetaminophen,HPLC-UV/Vis
SMP-01078,4.13,94269.2,15227.3,15645.3,0.0944,Caffeine,HPLC-UV/Vis
SMP-01078,5.58,21792.3,4792.4,4882.8,0.022,Aspirin,HPLC-UV/Vis
SMP-01078,7.16,80129.2,13170.3,13298.1,0.0801,Benzoic Acid,HPLC-UV/Vis
SMP-01078,8.97,28866.0,5823.2,5959.0,0.0291,Phenacetin,HPLC-UV/Vis
SMP-01078,10.37,14805.8,3576.3,3789.6,0.0147,Salicylic Acid,HPLC-UV/Vis
SMP-01078,12.09,45078.1,8254.3,8674.8,0.0456,Chlorpheniramine,HPLC-UV/Vis
SMP-01079,1.24,12095.6,2885.4,3021.6,0.012,Uracil,HPLC-UV/Vis
SMP-01079,2.78,45555.2,9186.3,9707.4,0.0463,Acetaminophen,HPLC-UV/Vis
SMP-01079,4.11,95454.9,15213.0,15691.9,0.0958,Caffeine,HPLC-UV/Vis
SMP-01079,5.57,25462.8,5541.7,5773.4,0.0254,Aspirin,HPLC-UV/Vis
SMP-01079,7.24,81767.1,14143.7,14530.1,0.081,Benzoic Acid,HPLC-UV/Vis
SMP-01079,8.96,31276.4,6407.8,6493.8,0.0315,Phenacetin,HPLC-UV/Vis
SMP-01079,10.39,15856.4,3853.6,3859.3,0.0156,Salicylic Acid,HPLC-UV/Vis
SMP-01079,12.1,43672.1,8102.2,8337.3,0.0425,Chlorpheniramine,HPLC-UV/Vis
SMP-01080,1.25,9700.6,2533.7,2659.7,0.01,Uracil,HPLC-UV/Vis
SMP-01080,2.78,50535.8,9893.4,10024.9,0.051,Acetaminophen,HPLC-UV/Vis
SMP-01080,4.2,99879.7,15935.7,16522.4,0.1005,Caffeine,HPLC-UV/Vis
SMP-01080,5.59,27153.3,5899.9,6273.5,0.0265,Aspirin,HPLC-UV/Vis
SMP-01080,7.22,60304.0,9774.6,10172.4,0.058,Benzoic Acid,HPLC-UV/Vis
SMP-01080,8.99,35947.5,7436.8,7596.3,0.0357,Phenacetin,HPLC-UV/Vis
SMP-01080,10.4,15007.5,3836.3,3932.5,0.0155,Salicylic Acid,HPLC-UV/Vis
SMP-01080,12.1,57008.7,10456.8,10740.3,0.0576,Chlorpheniramine,HPLC-UV/Vis
SMP-01081,1.3,12539.3,3148.0,3199.7,0.0132,Uracil,HPLC-UV/Vis
SMP-01081,2.76,45919.1,8759.3,9165.5,0.0466,Acetaminophen,HPLC-UV/Vis
SMP-01081,4.2,79359.0,12579.6,13352.6,0.077,Caffeine,HPLC-UV/Vis
SMP-01081,5.65,17095.7,3722.9,3905.2,0.017,Aspirin,HPLC-UV/Vis
SMP-01081,7.21,69507.9,11280.3,11791.6,0.0699,Benzoic Acid,HPLC-UV/Vis
SMP-01081,8.94,26791.3,5537.1,5757.5,0.0269,Phenacetin,HPLC-UV/Vis
SMP-01081,10.4,16789.7,4075.2,4254.7,0.0164,Salicylic Acid,HPLC-UV/Vis
SMP-01081,12.1,57910.7,10390.0,10834.3,0.0582,Chlorpheniramine,HPLC-UV/Vis
SMP-01082,1.32,10883.4,2706.6,2850.0,0.0109,Uracil,HPLC-UV/Vis
SMP-01082,2.79,41767.7,7903.1,8264.9,0.0413,Acetaminophen,HPLC-UV/Vis
SMP-01082,4.13,87815.1,13949.1,14281.6,0.0884,Caffeine,HPLC-UV/Vis
SMP-01082,5.57,21490.4,4957.9,5322.3,0.0215,Aspirin,HPLC-UV/Vis
SMP-01082,7.17,63422.4,10691.0,10506.3,0.0645,Benzoic Acid,HPLC-UV/Vis
SMP-01082,8.92,32411.5,6925.9,7090.3,0.0326,Phenacetin,HPLC-UV/Vis
SMP-01082,10.41,14045.8,3446.9,3563.0,0.0132,Salicylic Acid,HPLC-UV/Vis
SMP-01082,12.05,54896.0,10372.5,10633.1,0.0538,Chlorpheniramine,HPLC-UV/Vis
SMP-01083,1.29,11070.2,2618.8,2759.3,0.0113,Uracil,HPLC-UV/Vis
SMP-01083,2.75,48537.6,9708.3,10418.3,0.0483,Acetaminophen,HPLC-UV/Vis
SMP-01083,4.09,97838.6,16315.1,16936.3,0.1,Caffeine,HPLC-UV/Vis
SMP-01083,5.59,22686.3,5177.2,5448.6,0.0228,Aspirin,HPLC-UV/Vis
SMP-01083,7.22,65132.1,11281.5,11517.9,0.0657,Benzoic Acid,HPLC-UV/Vis
SMP-01083,8.98,30889.7,6733.6,6918.5,0.0315,Phenacetin,HPLC-UV/Vis
SMP-01083,10.39,15535.1,3824.3,3881.9,0.0154,Salicylic Acid,HPLC-UV/Vis
SMP-01083,12.11,54004.1,9712.3,9745.8,0.0545,Chlorpheniramine,HPLC-UV/Vis
SMP-01084,1.28,75824.5,19611.3,16881.2,0.0764,Uracil,HPLC-UV/Vis
SMP-01084,2.79,47216.1,9066.2,9292.5,0.0473,Acetaminophen,HPLC-UV/Vis
SMP-01084,4.15,75386.5,11956.8,12747.9,0.0779,Caffeine,HPLC-UV/Vis
SMP-01084,5.62,24746.9,5427.4,5684.3,0.0252,Aspirin,HPLC-UV/Vis
SMP-01084,7.18,65211.5,10621.5,11151.9,0.0656,Benzoic Acid,HPLC-UV/Vis
SMP-01084,8.97,26794.8,5666.1,5774.8,0.0265,Phenacetin,HPLC-UV/Vis
SMP-01084,10.4,15496.4,3616.2,3595.3,0.0154,Salicylic Acid,HPLC-UV/Vis
SMP-01084,12.12,59624.4,10723.1,10969.0,0.0595,Chlorpheniramine,HPLC-UV/Vis
SMP-01085,1.3,11877.3,3027.3,3120.0,0.0119,Uracil,HPLC-UV/Vis
SMP-01085,2.8,42178.9,8390.4,8889.4,0.0419,Acetaminophen,HPLC-UV/Vis
SMP-01085,4.15,82979.7,13787.5,13946.3,0.0841,Caffeine,HPLC-UV/Vis
SMP-01085,5.59,21923.3,4706.9,4945.3,0.0218,Aspirin,HPLC-UV/Vis
SMP-01085,7.2,65970.5,11072.9,11518.5,0.0662,Benzoic Acid,HPLC-UV/Vis
SMP-01085,8.92,29317.4,5955.4,6136.0,0.0282,Phenacetin,HPLC-UV/Vis
SMP-01085,10.41,14692.8,3474.6,3531.1,0.0143,Salicylic Acid,HPLC-UV/Vis
SMP-01085,12.09,59179.1,10840.2,11435.8,0.0593,Chlorpheniramine,HPLC-UV/Vis
SMP-01086,1.3,42188.6,9516.7,11263.8,0.041,Uracil,HPLC-UV/Vis
SMP-01086,2.83,44312.8,8505.6,8889.7,0.0436,Acetaminophen,HPLC-UV/Vis
SMP-01086,4.17,82148.6,13223.0,13646.4,0.0845,Caffeine,HPLC-UV/Vis
SMP-01086,5.6,26227.2,5939.4,6084.8,0.0262,Aspirin,HPLC-UV/Vis
SMP-01086,7.21,76688.8,13124.6,13155.5,0.0745,Benzoic Acid,HPLC-UV/Vis
SMP-01086,8.89,35295.3,6953.3,7120.3,0.0348,Phenacetin,HPLC-UV/Vis
SMP-01086,10.44,14701.0,3798.4,4019.2,0.0147,Salicylic Acid,HPLC-UV/Vis
SMP-01086,12.09,66590.7,12166.8,12491.1,0.0659,Chlorpheniramine,HPLC-UV/Vis
SMP-01087,1.26,12804.0,3400.0,3575.6,0.013,Uracil,HPLC-UV/Vis
SMP-01087,2.77,42976.2,8341.7,8842.0,0.0449,Acetaminophen,HPLC-UV/Vis
SMP-01087,4.17,75720.6,12125.0,12354.6,0.0746,Caffeine,HPLC-UV/Vis
SMP-01087,5.59,18722.2,4262.6,4493.1,0.0189,Aspirin,HPLC-UV/Vis
SMP-01087,7.17,61756.7,10622.8,10782.5,0.0645,Benzoic Acid,HPLC-UV/Vis
SMP-01087,8.96,39669.9,8382.9,8562.2,0.039,Phenacetin,HPLC-UV/Vis
SMP-01087,10.4,14417.6,3383.8,3501.3,0.0147,Salicylic Acid,HPLC-UV/Vis
SMP-01087,12.1,57466.5,9846.8,10311.3,0.0564,Chlorpheniramine,HPLC-UV/Vis
SMP-01088,1.25,12149.4,2980.3,3024.5,0.012,Uracil,HPLC-UV/Vis
SMP-01088,2.84,44184.8,8406.8,8768.2,0.0445,Acetaminophen,HPLC-UV/Vis
SMP-01088,4.18,71459.8,11966.5,12489.7,0.0744,Caffeine,HPLC-UV/Vis
SMP-01088,5.63,22280.8,4963.9,5008.1,0.0216,Aspirin,HPLC-UV/Vis
SMP-01088,7.2,58767.7,10039.9,9791.8,0.0577,Benzoic Acid,HPLC-UV/Vis
SMP-01088,8.99,29847.7,6138.2,6359.6,0.0304,Phenacetin,HPLC-UV/Vis
SMP-01088,10.42,15186.5,3796.6,3860.7,0.0151,Salicylic Acid,HPLC-UV/Vis
SMP-01088,12.15,48815.2,9241.6,9618.1,0.049,Chlorpheniramine,HPLC-UV/Vis
SMP-01089,1.22,14449.5,3679.2,3864.1,0.0144,Uracil,HPLC-UV/Vis
SMP-01089,2.86,43036.3,8486.6,8227.3,0.043,Acetaminophen,HPLC-UV/Vis
SMP-01089,4.15,88326.5,14266.3,14942.7,0.086,Caffeine,HPLC-UV/Vis
SMP-01089,5.64,19675.0,4327.8,4362.1,0.0198,Aspirin,HPLC-UV/Vis
SMP-01089,7.17,67563.5,11250.1,11450.5,0.067,Benzoic Acid,HPLC-UV/Vis
SMP-01089,8.88,34092.4,7223.2,7187.1,0.0348,Phenacetin,HPLC-UV/Vis
SMP-01089,10.37,15274.3,3640.3,3816.7,0.015,Salicylic Acid,HPLC-UV/Vis
SMP-01089,12.13,47561.6,9081.8,9486.8,0.0474,Chlorpheniramine,HPLC-UV/Vis
SMP-01090,1.28,11506.4,3037.6,3102.4,0.0118,Uracil,HPLC-UV/Vis
SMP-01090,2.77,48686.6,9360.2,9669.9,0.0491,Acetaminophen,HPLC-UV/Vis
SMP-01090,4.14,81635.6,13986.4,14406.8,0.0807,Caffeine,HPLC-UV/Vis
SMP-01090,5.59,22481.5,5357.5,5412.4,0.0218,Aspirin,HPLC-UV/Vis
SMP-01090,7.19,69550.8,11772.7,11713.9,0.0711,Benzoic Acid,HPLC-UV/Vis
SMP-01090,9.01,28716.1,6191.5,6593.5,0.0284,Phenacetin,HPLC-UV/Vis
SMP-01090,10.39,17971.5,4398.2,4577.0,0.0179,Salicylic Acid,HPLC-UV/Vis
SMP-01090,12.12,50966.2,9736.8,9989.3,0.0521,Chlorpheniramine,HPLC-UV/Vis
SMP-01091,1.27,13776.3,3566.4,3750.1,0.0137,Uracil,HPLC-UV/Vis
SMP-01091,2.75,46480.6,8820.9,9073.4,0.0477,Acetaminophen,HPLC-UV/Vis
SMP-01091,4.11,100308.7,16914.5,17531.8,0.1027,Caffeine,HPLC-UV/Vis
SMP-01091,5.58,21922.8,4949.6,5088.5,0.0216,Aspirin,HPLC-UV/Vis
SMP-01091,7.2,61676.5,10474.2,11038.8,0.063,Benzoic Acid,HPLC-UV/Vis
SMP-01091,8.96,36489.6,7520.8,7704.6,0.0366,Phenacetin,HPLC-UV/Vis
SMP-01091,10.4,13911.9,3277.2,3449.7,0.0142,Salicylic Acid,HPLC-UV/Vis
SMP-01091,12.09,51566.5,8986.4,9445.7,0.0506,Chlorpheniramine,HPLC-UV/Vis
SMP-01092,1.26,10503.9,2774.4,2913.6,0.0106,Uracil,HPLC-UV/Vis
SMP-01092,2.8,52213.2,10160.9,10461.6,0.0516,Acetaminophen,HPLC-UV/Vis
SMP-01092,4.18,89175.0,14115.2,15134.4,0.09,Caffeine,HPLC-UV/Vis
SMP-01092,5.63,23950.0,5341.3,5436.5,0.0243,Aspirin,HPLC-UV/Vis
SMP-01092,7.18,54628.5,9397.6,9797.7,0.0558,Benzoic Acid,HPLC-UV/Vis
SMP-01092,8.98,29163.4,5946.8,6000.7,0.0299,Phenacetin,HPLC-UV/Vis
SMP-01092,10.41,16276.7,3937.7,4120.6,0.0168,Salicylic Acid,HPLC-UV/Vis
SMP-01092,12.05,54796.0,9953.8,10499.8,0.0542,Chlorpheniramine,HPLC-UV/Vis
SMP-01093,1.28,12426.6,3134.1,3211.8,0.0121,Uracil,HPLC-UV/Vis
SMP-01093,2.79,48241.3,9320.1,9606.3,0.0478,Acetaminophen,HPLC-UV/Vis
SMP-01093,4.12,98408.2,15978.8,15822.5,0.0956,Caffeine,HPLC-UV/Vis
SMP-01093,5.6,23054.0,5089.7,5292.0,0.0238,Aspirin,HPLC-UV/Vis
SMP-01093,7.21,63549.7,10042.6,10439.1,0.0643,Benzoic Acid,HPLC-UV/Vis
SMP-01093,9.0,27581.5,5540.2,5780.5,0.0276,Phenacetin,HPLC-UV/Vis
SMP-01093,10.39,18722.4,4567.0,4852.7,0.018,Salicylic Acid,HPLC-UV/Vis
SMP-01093,12.1,42853.2,7744.2,7784.8,0.0423,Chlorpheniramine,HPLC-UV/Vis
SMP-01094,1.25,12894.1,3329.2,3585.9,0.013,Uracil,HPLC-UV/Vis
SMP-01094,2.81,45680.0,8454.1,8824.7,0.0469,Acetaminophen,HPLC-UV/Vis
SMP-01094,4.17,86802.5,14224.7,15159.7,0.0864,Caffeine,HPLC-UV/Vis
SMP-01094,5.67,20748.2,4340.5,4498.4,0.0209,Aspirin,HPLC-UV/Vis
SMP-01094,7.23,66310.4,10970.2,11173.6,0.0665,Benzoic Acid,HPLC-UV/Vis
SMP-01094,8.98,28399.2,5586.6,5853.0,0.0281,Phenacetin,HPLC-UV/Vis
SMP-01094,10.34,17796.3,4366.5,4545.1,0.0179,Salicylic Acid,HPLC-UV/Vis
SMP-01094,12.1,53819.9,9444.5,9394.4,0.0563,Chlorpheniramine,HPLC-UV/Vis
SMP-01095,1.24,11453.3,3044.5,3144.7,0.0113,Uracil,HPLC-UV/Vis
SMP-01095,2.81,44029.4,8773.9,9409.9,0.0436,Acetaminophen,HPLC-UV/Vis
SMP-01095,4.13,87831.6,13424.9,14122.8,0.0855,Caffeine,HPLC-UV/Vis
SMP-01095,5.6,26281.9,5672.1,5821.1,0.0264,Aspirin,HPLC-UV/Vis
SMP-01095,7.2,56680.1,9242.0,9746.7,0.0578,Benzoic Acid,HPLC-UV/Vis
SMP-01095,8.92,30537.8,5983.5,6139.5,0.0303,Phenacetin,HPLC-UV/Vis
SMP-01095,10.4,16438.1,3885.8,4076.8,0.0168,Salicylic Acid,HPLC-UV/Vis
SMP-01095,12.11,62184.9,11531.4,11921.2,0.0609,Chlorpheniramine,HPLC-UV/Vis
SMP-01096,1.26,14675.8,3843.1,4039.6,0.0146,Uracil,HPLC-UV/Vis
SMP-01096,2.74,48339.8,9719.1,10281.2,0.048,Acetaminophen,HPLC-UV/Vis
SMP-01096,4.13,88506.5,14565.2,14410.9,0.0883,Caffeine,HPLC-UV/Vis
SMP-01096,5.64,17706.3,4064.4,4173.3,0.0168,Aspirin,HPLC-UV/Vis
SMP-01096,7.24,75825.1,12632.2,12841.5,0.0759,Benzoic Acid,HPLC-UV/Vis
SMP-01096,8.93,28524.0,5946.2,6147.8,0.0291,Phenacetin,HPLC-UV/Vis
SMP-01096,10.43,13803.0,3360.8,3487.7,0.0141,Salicylic Acid,HPLC-UV/Vis
SMP-01096,12.1,51542.7,9616.5,9977.6,0.0518,Chlorpheniramine,HPLC-UV/Vis
SMP-01097,1.31,12760.6,3271.5,3385.9,0.0128,Uracil,HPLC-UV/Vis
SMP-01097,2.81,39151.8,7635.9,7621.7,0.0372,Acetaminophen,HPLC-UV/Vis
SMP-01097,4.12,93074.0,15203.5,15704.2,0.092,Caffeine,HPLC-UV/Vis
SMP-01097,5.58,25282.5,5508.3,5646.2,0.0256,Aspirin,HPLC-UV/Vis
SMP-01097,7.15,60249.3,10367.2,10695.4,0.0606,Benzoic Acid,HPLC-UV/Vis
SMP-01097,9.0,24725.8,5047.8,5202.2,0.0247,Phenacetin,HPLC-UV/Vis
SMP-01097,10.42,15263.5,3525.4,3808.1,0.0153,Salicylic Acid,HPLC-UV/Vis
SMP-01097,12.14,52069.3,9794.9,10028.7,0.0541,Chlorpheniramine,HPLC-UV/Vis
SMP-01098,1.23,15165.2,3955.7,4026.2,0.0149,Uracil,HPLC-UV/Vis
SMP-01098,2.84,47572.9,9333.0,9904.0,0.0481,Acetaminophen,HPLC-UV/Vis
SMP-01098,4.13,94156.6,15524.2,16327.7,0.0948,Caffeine,HPLC-UV/Vis
SMP-01098,5.61,25327.4,5706.2,5847.9,0.0252,Aspirin,HPLC-UV/Vis
SMP-01098,7.2,76258.1,12744.1,12763.6,0.0747,Benzoic Acid,HPLC-UV/Vis
SMP-01098,8.97,28937.6,6061.4,6150.2,0.029,Phenacetin,HPLC-UV/Vis
SMP-01098,10.37,16217.9,4134.7,4242.4,0.0162,Salicylic Acid,HPLC-UV/Vis
SMP-01098,12.1,54331.2,9808.5,9795.3,0.0548,Chlorpheniramine,HPLC-UV/Vis
SMP-01099,1.26,13323.5,3463.5,3506.2,0.0135,Uracil,HPLC-UV/Vis
SMP-01099,2.78,55251.5,10497.2,10916.0,0.0566,Acetaminophen,HPLC-UV/Vis
SMP-01099,4.13,84283.6,13093.2,13510.5,0.0845,Caffeine,HPLC-UV/Vis
SMP-01099,5.64,23013.8,4844.1,5136.3,0.0225,Aspirin,HPLC-UV/Vis
SMP-01099,7.22,67142.0,11485.6,11857.5,0.0667,Benzoic Acid,HPLC-UV/Vis
SMP-01099,8.9,39925.5,8339.8,8806.8,0.0415,Phenacetin,HPLC-UV/Vis
SMP-01099,10.4,13102.1,3164.1,3242.1,0.013,Salicylic Acid,HPLC-UV/Vis
SMP-01099,12.12,59454.5,10406.3,10734.6,0.0599,Chlorpheniramine,HPLC-UV/Vis
SMP-01100,1.25,12307.3,3272.3,3356.7,0.0125,Uracil,HPLC-UV/Vis
SMP-01100,2.79,42856.4,8319.9,8497.5,0.0415,Acetaminophen,HPLC-UV/Vis
SMP-01100,4.17,82575.1,13057.8,13577.2,0.0857,Caffeine,HPLC-UV/Vis
SMP-01100,5.64,22396.7,5008.6,5145.6,0.0221,Aspirin,HPLC-UV/Vis
SMP-01100,7.17,62377.9,10216.6,10454.0,0.0623,Benzoic Acid,HPLC-UV/Vis
SMP-01100,8.92,36101.6,7404.2,7709.5,0.0364,Phenacetin,HPLC-UV/Vis
SMP-01100,10.41,14223.3,3402.0,3637.3,0.0141,Salicylic Acid,HPLC-UV/Vis
SMP-01100,12.09,52470.9,9510.3,9762.1,0.0515,Chlorpheniramine,HPLC-UV/Vis
SMP-01101,1.21,12904.2,3338.3,3487.1,0.0128,Uracil,HPLC-UV/Vis
SMP-01101,2.81,46384.2,9541.8,9917.9,0.046,Acetaminophen,HPLC-UV/Vis
SMP-01101,4.17,105068.1,16272.6,16663.0,0.1045,Caffeine,HPLC-UV/Vis
SMP-01101,5.6,22241.3,4604.9,4672.4,0.0229,Aspirin,HPLC-UV/Vis
SMP-01101,7.18,62406.6,10660.2,10561.0,0.0632,Benzoic Acid,HPLC-UV/Vis
SMP-01101,9.0,33254.5,6467.8,6612.6,0.0335,Phenacetin,HPLC-UV/Vis
SMP-01101,10.4,16352.0,3747.4,3915.7,0.0163,Salicylic Acid,HPLC-UV/Vis
SMP-01101,12.09,48471.4,8425.1,8625.3,0.0483,Chlorpheniramine,HPLC-UV/Vis
SMP-01102,1.24,10507.8,2656.8,2655.5,0.0106,Uracil,HPLC-UV/Vis
SMP-01102,2.82,44414.7,8444.3,8611.4,0.0443,Acetaminophen,HPLC-UV/Vis
SMP-01102,4.2,85935.6,13924.9,14133.4,0.0846,Caffeine,HPLC-UV/Vis
SMP-01102,5.57,27424.7,6138.4,6280.9,0.0271,Aspirin,HPLC-UV/Vis
SMP-01102,7.17,55920.4,9452.7,9561.1,0.0542,Benzoic Acid,HPLC-UV/Vis
SMP-01102,8.96,30875.2,6144.7,6386.8,0.0304,Phenacetin,HPLC-UV/Vis
SMP-01102,10.36,15635.0,3719.2,3838.6,0.016,Salicylic Acid,HPLC-UV/Vis
SMP-01102,12.18,55698.1,10019.5,10052.6,0.0553,Chlorpheniramine,HPLC-UV/Vis
SMP-01103,1.27,11708.7,3051.0,3145.1,0.012,Uracil,HPLC-UV/Vis
SMP-01103,2.81,49303.9,9881.3,10283.9,0.0496,Acetaminophen,HPLC-UV/Vis
SMP-01103,4.2,90205.4,14980.6,15227.4,0.0929,Caffeine,HPLC-UV/Vis
SMP-01103,5.59,22938.1,5031.1,5182.6,0.023,Aspirin,HPLC-UV/Vis
SMP-01103,7.15,79359.7,13277.8,13748.1,0.0793,Benzoic Acid,HPLC-UV/Vis
SMP-01103,8.95,30230.3,6154.1,6492.7,0.0304,Phenacetin,HPLC-UV/Vis
SMP-01103,10.39,15100.7,3801.6,3846.0,0.0153,Salicylic Acid,HPLC-UV/Vis
SMP-01103,12.11,53171.7,9178.8,9576.0,0.0514,Chlorpheniramine,HPLC-UV/Vis
SMP-01104,1.25,13406.7,3359.9,3397.2,0.0136,Uracil,HPLC-UV/Vis
SMP-01104,2.74,45771.8,9377.6,9761.8,0.0447,Acetaminophen,HPLC-UV/Vis
SMP-01104,4.18,73813.4,11873.8,12538.7,0.0711,Caffeine,HPLC-UV/Vis
SMP-01104,5.59,22140.1,5098.9,5376.5,0.022,Aspirin,HPLC-UV/Vis
SMP-01104,7.24,72623.1,12063.1,12583.0,0.0735,Benzoic Acid,HPLC-UV/Vis
SMP-01104,8.93,31218.0,6032.9,6172.5,0.0307,Phenacetin,HPLC-UV/Vis
SMP-01104,10.37,16270.6,3988.7,4100.3,0.0164,Salicylic Acid,HPLC-UV/Vis
SMP-01104,12.09,54392.8,9635.8,9791.8,0.0561,Chlorpheniramine,HPLC-UV/Vis
SMP-01105,1.25,12354.4,3211.1,3272.5,0.0123,Uracil,HPLC-UV/Vis
SMP-01105,2.76,46656.3,8847.6,8757.5,0.0466,Acetaminophen,HPLC-UV/Vis
SMP-01105,4.11,112355.5,18500.0,19264.6,0.1123,Caffeine,HPLC-UV/Vis
SMP-01105,5.6,22279.5,4624.7,4929.1,0.0222,Aspirin,HPLC-UV/Vis
SMP-01105,7.2,58108.2,9341.5,9908.8,0.0574,Benzoic Acid,HPLC-UV/Vis
SMP-01105,8.95,30657.2,6185.6,6651.9,0.0302,Phenacetin,HPLC-UV/Vis
SMP-01105,10.41,13596.2,3428.3,3517.4,0.0136,Salicylic Acid,HPLC-UV/Vis
SMP-01105,12.09,59164.0,10889.1,11328.2,0.0575,Chlorpheniramine,HPLC-UV/Vis
SMP-01106,1.25,14614.0,3620.4,3682.8,0.0149,Uracil,HPLC-UV/Vis
SMP-01106,2.78,53467.0,10488.0,10982.6,0.0541,Acetaminophen,HPLC-UV/Vis
SMP-01106,4.15,97109.8,15417.4,16414.6,0.0962,Caffeine,HPLC-UV/Vis
SMP-01106,5.62,21835.6,4895.1,5054.5,0.021,Aspirin,HPLC-UV/Vis
SMP-01106,7.16,70820.6,11721.7,12279.0,0.0699,Benzoic Acid,HPLC-UV/Vis
SMP-01106,8.92,37503.2,8275.1,8854.6,0.0365,Phenacetin,HPLC-UV/Vis
SMP-01106,10.37,16808.4,4334.7,4543.2,0.0169,Salicylic Acid,HPLC-UV/Vis
SMP-01106,12.11,49190.2,8810.6,9090.5,0.0501,Chlorpheniramine,HPLC-UV/Vis
SMP-01107,1.26,12793.0,3297.8,3370.6,0.0129,Uracil,HPLC-UV/Vis
SMP-01107,2.78,49851.3,10108.1,10445.7,0.0498,Acetaminophen,HPLC-UV/Vis
SMP-01107,4.16,99372.8,16200.0,16875.9,0.1025,Caffeine,HPLC-UV/Vis
SMP-01107,5.6,25598.1,5488.5,5631.1,0.026,Aspirin,HPLC-UV/Vis
SMP-01107,7.18,67216.0,11171.2,11485.8,0.0656,Benzoic Acid,HPLC-UV/Vis
SMP-01107,8.91,34750.3,7387.9,7515.2,0.034,Phenacetin,HPLC-UV/Vis
SMP-01107,10.38,15273.6,3731.0,3773.5,0.0158,Salicylic Acid,HPLC-UV/Vis
SMP-01107,12.13,49377.8,8946.5,9295.5,0.0495,Chlorpheniramine,HPLC-UV/Vis
SMP-01108,1.24,11944.0,3005.1,3115.3,0.0124,Uracil,HPLC-UV/Vis
SMP-01108,2.82,50757.0,9743.2,9683.9,0.0508,Acetaminophen,HPLC-UV/Vis
SMP-01108,4.21,80457.2,13557.3,14034.8,0.0798,Caffeine,HPLC-UV/Vis
SMP-01108,5.58,24424.3,5579.8,5443.2,0.0247,Aspirin,HPLC-UV/Vis
SMP-01108,7.19,70207.3,12312.9,12505.5,0.0701,Benzoic Acid,HPLC-UV/Vis
SMP-01108,8.96,29047.6,6261.5,6494.5,0.0289,Phenacetin,HPLC-UV/Vis
SMP-01108,10.41,16678.9,3929.6,4035.8,0.0167,Salicylic Acid,HPLC-UV/Vis
SMP-01108,12.14,46474.4,8684.6,9008.4,0.0459,Chlorpheniramine,HPLC-UV/Vis
SMP-01109,1.22,11973.5,2903.5,2791.2,0.0117,Uracil,HPLC-UV/Vis
SMP-01109,2.85,43307.8,8461.9,8816.8,0.0431,Acetaminophen,HPLC-UV/Vis
SMP-01109,4.14,87253.9,14939.6,15554.1,0.0843,Caffeine,HPLC-UV/Vis
SMP-01109,5.62,23148.5,4862.6,5088.0,0.0233,Aspirin,HPLC-UV/Vis
SMP-01109,7.18,74230.0,11726.3,11713.5,0.0732,Benzoic Acid,HPLC-UV/Vis
SMP-01109,8.91,29500.8,5986.3,6207.0,0.0293,Phenacetin,HPLC-UV/Vis
SMP-01109,10.38,17299.7,4289.3,4471.5,0.0171,Salicylic Acid,HPLC-UV/Vis
SMP-01109,12.11,51016.6,8952.4,9272.7,0.0496,Chlorpheniramine,HPLC-UV/Vis
SMP-01110,1.28,12631.4,3146.1,3270.2,0.0125,Uracil,HPLC-UV/Vis
SMP-01110,2.82,44210.3,8391.2,8500.4,0.0466,Acetaminophen,HPLC-UV/Vis
SMP-01110,4.1,99035.0,16484.5,17097.8,0.0955,Caffeine,HPLC-UV/Vis
SMP-01110,5.57,22871.7,5112.2,5317.3,0.0226,Aspirin,HPLC-UV/Vis
SMP-01110,7.22,60928.7,9964.1,10111.9,0.0608,Benzoic Acid,HPLC-UV/Vis
SMP-01110,8.89,25009.7,4970.8,5254.4,0.0252,Phenacetin,HPLC-UV/Vis
SMP-01110,10.4,14287.1,3289.1,3333.2,0.0141,Salicylic Acid,HPLC-UV/Vis
SMP-01110,12.07,49594.6,8974.1,9235.7,0.0499,Chlorpheniramine,HPLC-UV/Vis
SMP-01111,1.22,13603.3,3471.5,3634.5,0.0136,Uracil,HPLC-UV/Vis
SMP-01111,2.82,43251.5,8227.0,8361.9,0.0432,Acetaminophen,HPLC-UV/Vis
SMP-01111,4.14,99504.2,16936.2,17146.7,0.1016,Caffeine,HPLC-UV/Vis
SMP-01111,5.61,22790.6,5218.5,5411.3,0.0226,Aspirin,HPLC-UV/Vis
SMP-01111,7.16,63547.4,10970.6,11537.4,0.0627,Benzoic Acid,HPLC-UV/Vis
SMP-01111,8.98,32539.3,6295.7,6847.2,0.0325,Phenacetin,HPLC-UV/Vis
SMP-01111,10.41,18255.4,4466.7,4507.8,0.0183,Salicylic Acid,HPLC-UV/Vis
SMP-01111,12.1,48303.7,8674.2,8977.4,0.0486,Chlorpheniramine,HPLC-UV/Vis
SMP-01112,1.28,10633.0,2671.0,2645.7,0.0108,Uracil,HPLC-UV/Vis
SMP-01112,2.76,52239.2,10276.3,10562.9,0.0518,Acetaminophen,HPLC-UV/Vis
SMP-01112,4.13,99672.6,16321.9,16469.1,0.102,Caffeine,HPLC-UV/Vis
SMP-01112,5.57,27663.3,5940.3,6020.5,0.0277,Aspirin,HPLC-UV/Vis
SMP-01112,7.18,52499.0,8735.4,8814.7,0.052,Benzoic Acid,HPLC-UV/Vis
SMP-01112,8.92,30369.0,6108.6,6189.2,0.031,Phenacetin,HPLC-UV/Vis
SMP-01112,10.39,15542.2,3593.2,3620.7,0.0155,Salicylic Acid,HPLC-UV/Vis
SMP-01112,12.08,54059.8,9853.8,10265.1,0.0548,Chlorpheniramine,HPLC-UV/Vis
SMP-01113,1.25,10721.2,2727.2,2739.8,0.011,Uracil,HPLC-UV/Vis
SMP-01113,2.8,51123.7,10227.0,10596.0,0.0516,Acetaminophen,HPLC-UV/Vis
SMP-01113,4.14,97663.4,15268.6,15802.3,0.0987,Caffeine,HPLC-UV/Vis
SMP-01113,5.66,25623.7,5825.9,6048.4,0.0252,Aspirin,HPLC-UV/Vis
SMP-01113,7.2,72096.7,12163.6,12944.5,0.0717,Benzoic Acid,HPLC-UV/Vis
SMP-01113,8.95,27593.0,5948.9,6097.6,0.0278,Phenacetin,HPLC-UV/Vis
SMP-01113,10.38,16033.4,3904.7,4098.1,0.016,Salicylic Acid,HPLC-UV/Vis
SMP-01113,12.07,46072.1,8897.4,9416.0,0.0437,Chlorpheniramine,HPLC-UV/Vis
SMP-01114,1.21,12720.0,3177.6,3256.1,0.0124,Uracil,HPLC-UV/Vis
SMP-01114,2.75,57264.4,11529.9,12448.1,0.0578,Acetaminophen,HPLC-UV/Vis
SMP-01114,4.18,80240.8,12881.7,13377.5,0.0823,Caffeine,HPLC-UV/Vis
SMP-01114,5.62,22331.6,4867.5,4870.3,0.0225,Aspirin,HPLC-UV/Vis
SMP-01114,7.16,63403.8,10632.5,11093.6,0.0632,Benzoic Acid,HPLC-UV/Vis
SMP-01114,8.99,30305.7,6403.9,6510.6,0.0295,Phenacetin,HPLC-UV/Vis
SMP-01114,10.37,14917.8,3859.8,3935.2,0.0148,Salicylic Acid,HPLC-UV/Vis
SMP-01114,12.06,54991.7,10136.7,10741.4,0.0564,Chlorpheniramine,HPLC-UV/Vis
SMP-01115,1.24,12244.4,3186.2,3278.9,0.0123,Uracil,HPLC-UV/Vis
SMP-01115,2.82,47163.9,8963.5,9499.3,0.0474,Acetaminophen,HPLC-UV/Vis
SMP-01115,4.18,83200.6,13346.6,13697.1,0.0847,Caffeine,HPLC-UV/Vis
SMP-01115,5.62,19465.0,4128.9,4255.4,0.0191,Aspirin,HPLC-UV/Vis
SMP-01115,7.22,61986.8,10054.1,10377.8,0.0591,Benzoic Acid,HPLC-UV/Vis
SMP-01115,8.95,31490.7,6356.5,6634.8,0.0314,Phenacetin,HPLC-UV/Vis
SMP-01115,10.35,15699.4,3829.1,3967.8,0.0161,Salicylic Acid,HPLC-UV/Vis
SMP-01115,12.06,52287.2,8898.1,9575.6,0.0533,Chlorpheniramine,HPLC-UV/Vis
SMP-01116,1.27,14033.0,3547.8,3628.7,0.0142,Uracil,HPLC-UV/Vis
SMP-01116,2.77,43375.0,8531.0,8942.5,0.0422,Acetaminophen,HPLC-UV/Vis
SMP-01116,4.15,76795.8,12678.9,13032.2,0.0751,Caffeine,HPLC-UV/Vis
SMP-01116,5.62,25358.9,5651.0,6036.0,0.0259,Aspirin,HPLC-UV/Vis
SMP-01116,7.18,75024.1,12209.5,12758.2,0.0717,Benzoic Acid,HPLC-UV/Vis
SMP-01116,8.91,30307.3,5921.7,6102.8,0.0306,Phenacetin,HPLC-UV/Vis
SMP-01116,10.39,15943.1,3878.2,4099.1,0.0157,Salicylic Acid,HPLC-UV/Vis
SMP-01116,12.11,45589.8,8269.2,8502.9,0.0451,Chlorpheniramine,HPLC-UV/Vis
SMP-01117,1.29,11501.0,3017.0,3152.4,0.0116,Uracil,HPLC-UV/Vis
SMP-01117,2.77,48217.9,9505.6,9736.5,0.0494,Acetaminophen,HPLC-UV/Vis
SMP-01117,4.19,102454.9,16647.9,16702.8,0.1019,Caffeine,HPLC-UV/Vis
SMP-01117,5.58,22220.3,4729.3,4938.7,0.023,Aspirin,HPLC-UV/Vis
SMP-01117,7.21,66243.4,10996.2,11625.4,0.0681,Benzoic Acid,HPLC-UV/Vis
SMP-01117,8.99,31704.6,6362.7,6533.9,0.0328,Phenacetin,HPLC-UV/Vis
SMP-01117,10.38,17063.0,4237.8,4338.7,0.0168,Salicylic Acid,HPLC-UV/Vis
SMP-01117,12.05,50654.7,9107.1,9609.9,0.0515,Chlorpheniramine,HPLC-UV/Vis
SMP-01118,1.19,12818.1,3136.6,3285.5,0.0131,Uracil,HPLC-UV/Vis
SMP-01118,2.82,50445.3,9832.3,10098.8,0.0492,Acetaminophen,HPLC-UV/Vis
SMP-01118,4.12,80221.3,12721.7,12604.3,0.082,Caffeine,HPLC-UV/Vis
SMP-01118,5.63,24952.5,5585.7,5841.9,0.025,Aspirin,HPLC-UV/Vis
SMP-01118,7.18,67264.4,11084.4,11864.1,0.0664,Benzoic Acid,HPLC-UV/Vis
SMP-01118,8.91,31513.3,6429.8,6491.4,0.0311,Phenacetin,HPLC-UV/Vis
SMP-01118,10.39,14095.0,3535.8,3640.3,0.0142,Salicylic Acid,HPLC-UV/Vis
SMP-01118,12.15,41810.2,7528.5,7501.9,0.0448,Chlorpheniramine,HPLC-UV/Vis
SMP-01119,1.28,11669.7,2965.3,3119.5,0.0118,Uracil,HPLC-UV/Vis
SMP-01119,2.77,44801.5,8843.3,9226.4,0.0452,Acetaminophen,HPLC-UV/Vis
SMP-01119,4.12,92248.0,14324.2,14500.1,0.0923,Caffeine,HPLC-UV/Vis
SMP-01119,5.61,22893.0,4934.0,5006.6,0.0235,Aspirin,HPLC-UV/Vis
SMP-01119,7.21,67769.9,10957.3,11162.4,0.0645,Benzoic Acid,HPLC-UV/Vis
SMP-01119,8.93,32912.1,6635.8,6939.2,0.0327,Phenacetin,HPLC-UV/Vis
SMP-01119,10.4,16692.4,4203.6,4246.8,0.0172,Salicylic Acid,HPLC-UV/Vis
SMP-01119,12.09,51334.0,9725.5,9810.9,0.0521,Chlorpheniramine,HPLC-UV/Vis
SMP-01120,1.27,12212.3,3102.9,3153.1,0.0122,Uracil,HPLC-UV/Vis
SMP-01120,2.76,42205.5,8415.0,8599.7,0.0415,Acetaminophen,HPLC-UV/Vis
SMP-01120,4.16,95000.1,15589.9,16434.6,0.0951,Caffeine,HPLC-UV/Vis
SMP-01120,5.63,21463.3,4677.1,4668.4,0.0223,Aspirin,HPLC-UV/Vis
SMP-01120,7.19,72545.9,12291.0,12706.3,0.0742,Benzoic Acid,HPLC-UV/Vis
SMP-01120,8.94,24689.3,4870.7,4858.4,0.0235,Phenacetin,HPLC-UV/Vis
SMP-01120,10.41,14562.9,3485.2,3538.6,0.0146,Salicylic Acid,HPLC-UV/Vis
SMP-01120,12.07,59254.2,10457.9,10505.6,0.0601,Chlorpheniramine,HPLC-UV/Vis
SMP-01121,1.29,11173.1,2879.5,2908.6,0.0112,Uracil,HPLC-UV/Vis
SMP-01121,2.77,38455.6,7328.7,7618.2,0.0391,Acetaminophen,HPLC-UV/Vis
SMP-01121,4.13,87645.8,14248.0,14674.5,0.0869,Caffeine,HPLC-UV/Vis
SMP-01121,5.59,17520.9,3806.4,3980.2,0.0182,Aspirin,HPLC-UV/Vis
SMP-01121,7.2,59387.0,9685.1,9828.1,0.0575,Benzoic Acid,HPLC-UV/Vis
SMP-01121,8.93,26848.7,5686.9,5926.8,0.0268,Phenacetin,HPLC-UV/Vis
SMP-01121,10.41,14456.4,3726.5,3781.1,0.0139,Salicylic Acid,HPLC-UV/Vis
SMP-01121,12.12,52564.6,9870.7,10202.5,0.0517,Chlorpheniramine,HPLC-UV/Vis
SMP-01122,1.25,12550.7,3342.4,3498.4,0.0122,Uracil,HPLC-UV/Vis
SMP-01122,2.76,52480.6,9938.7,10277.0,0.0518,Acetaminophen,HPLC-UV/Vis
SMP-01122,4.11,86976.1,14385.9,14970.2,0.0846,Caffeine,HPLC-UV/Vis
SMP-01122,5.63,24284.3,5306.4,5470.7,0.0244,Aspirin,HPLC-UV/Vis
SMP-01122,7.25,71746.7,11941.1,12291.9,0.0718,Benzoic Acid,HPLC-UV/Vis
SMP-01122,8.93,37341.1,7508.1,7927.9,0.036,Phenacetin,HPLC-UV/Vis
SMP-01122,10.39,15957.5,3845.6,4067.5,0.0159,Salicylic Acid,HPLC-UV/Vis
SMP-01122,12.07,51637.5,9550.1,10009.5,0.0503,Chlorpheniramine,HPLC-UV/Vis
SMP-01123,1.22,12095.1,3201.1,3308.1,0.0123,Uracil,HPLC-UV/Vis
SMP-01123,2.78,39933.4,7603.5,7956.5,0.0405,Acetaminophen,HPLC-UV/Vis
SMP-01123,4.18,90499.9,14567.0,14547.0,0.0928,Caffeine,HPLC-UV/Vis
SMP-01123,5.59,22862.8,5277.3,5540.3,0.0227,Aspirin,HPLC-UV/Vis
SMP-01123,7.24,69741.8,11630.5,11493.2,0.0714,Benzoic Acid,HPLC-UV/Vis
SMP-01123,8.89,25570.9,5081.5,5283.3,0.0263,Phenacetin,HPLC-UV/Vis
SMP-01123,10.45,14971.8,3620.5,3594.0,0.0148,Salicylic Acid,HPLC-UV/Vis
SMP-01123,12.06,57616.2,9922.1,9904.6,0.0557,Chlorpheniramine,HPLC-UV/Vis
SMP-01124,1.25,14491.0,3717.4,3899.0,0.0143,Uracil,HPLC-UV/Vis
SMP-01124,2.78,48857.7,9487.3,9408.0,0.048,Acetaminophen,HPLC-UV/Vis
SMP-01124,4.09,91846.1,14314.1,14898.3,0.0894,Caffeine,HPLC-UV/Vis
SMP-01124,5.62,22711.8,5002.3,5301.0,0.0223,Aspirin,HPLC-UV/Vis
SMP-01124,7.22,70246.5,11592.2,11658.3,0.0716,Benzoic Acid,HPLC-UV/Vis
SMP-01124,9.02,27470.3,5423.1,5622.8,0.0278,Phenacetin,HPLC-UV/Vis
SMP-01124,10.45,16115.1,3897.2,4044.2,0.0165,Salicylic Acid,HPLC-UV/Vis
SMP-01124,12.11,47295.3,8181.9,8195.8,0.0466,Chlorpheniramine,HPLC-UV/Vis
SMP-01125,1.26,13853.3,3361.6,3461.7,0.014,Uracil,HPLC-UV/Vis
SMP-01125,2.81,58304.0,11536.8,11953.9,0.0581,Acetaminophen,HPLC-UV/Vis
SMP-01125,4.2,86107.8,14516.6,15086.9,0.089,Caffeine,HPLC-UV/Vis
SMP-01125,5.61,23388.9,5116.2,5369.6,0.0231,Aspirin,HPLC-UV/Vis
SMP-01125,7.19,58360.2,9772.6,9767.6,0.0578,Benzoic Acid,HPLC-UV/Vis
SMP-01125,8.96,31677.6,6332.4,6655.2,0.0311,Phenacetin,HPLC-UV/Vis
SMP-01125,10.44,13212.9,3172.2,3235.8,0.0133,Salicylic Acid,HPLC-UV/Vis
SMP-01125,12.07,53910.4,9583.1,9842.6,0.0549,Chlorpheniramine,HPLC-UV/Vis
SMP-01126,1.25,11714.7,3013.3,3068.3,0.0115,Uracil,HPLC-UV/Vis
SMP-01126,2.88,45339.5,8617.0,8749.8,0.0462,Acetaminophen,HPLC-UV/Vis
SMP-01126,4.19,74600.4,12210.5,12738.8,0.076,Caffeine,HPLC-UV/Vis
SMP-01126,5.61,25764.8,5537.0,5631.8,0.0256,Aspirin,HPLC-UV/Vis
SMP-01126,7.21,71996.3,11904.4,12456.0,0.0699,Benzoic Acid,HPLC-UV/Vis
SMP-01126,8.94,29720.5,6035.2,6282.3,0.0299,Phenacetin,HPLC-UV/Vis
SMP-01126,10.34,17922.5,4291.7,4533.4,0.0178,Salicylic Acid,HPLC-UV/Vis
SMP-01126,12.07,47609.3,8779.6,8575.2,0.0463,Chlorpheniramine,HPLC-UV/Vis
SMP-01127,1.24,11352.1,3064.0,3270.8,0.0114,Uracil,HPLC-UV/Vis
SMP-01127,2.85,45725.5,8749.1,9027.1,0.0444,Acetaminophen,HPLC-UV/Vis
SMP-01127,4.14,89704.6,14600.4,14790.9,0.0896,Caffeine,HPLC-UV/Vis
SMP-01127,5.59,20528.2,4398.3,4331.7,0.0203,Aspirin,HPLC-UV/Vis
SMP-01127,7.21,74705.6,12094.7,12341.8,0.0759,Benzoic Acid,HPLC-UV/Vis
SMP-01127,8.96,37796.7,7704.9,7861.4,0.0372,Phenacetin,HPLC-UV/Vis
SMP-01127,10.43,16495.5,4181.5,4337.1,0.0158,Salicylic Acid,HPLC-UV/Vis
SMP-01127,12.1,54210.2,10160.5,10409.5,0.0548,Chlorpheniramine,HPLC-UV/Vis
SMP-01128,1.2,11705.0,2978.4,3100.4,0.0115,Uracil,HPLC-UV/Vis
SMP-01128,2.77,45396.6,8825.1,9142.6,0.0458,Acetaminophen,HPLC-UV/Vis
SMP-01128,4.13,91990.4,14917.3,15658.1,0.0928,Caffeine,HPLC-UV/Vis
SMP-01128,5.56,22053.3,4719.8,4819.1,0.0217,Aspirin,HPLC-UV/Vis
SMP-01128,7.19,64747.6,10661.1,10783.1,0.0648,Benzoic Acid,HPLC-UV/Vis
SMP-01128,8.93,31043.8,5872.7,6341.5,0.0314,Phenacetin,HPLC-UV/Vis
SMP-01128,10.38,15747.3,3698.0,3845.2,0.0152,Salicylic Acid,HPLC-UV/Vis
SMP-01128,12.08,62384.7,10956.4,11358.2,0.0601,Chlorpheniramine,HPLC-UV/Vis
SMP-01129,1.3,13073.3,3161.2,3258.7,0.013,Uracil,HPLC-UV/Vis
SMP-01129,2.8,39204.4,7582.2,7704.1,0.0372,Acetaminophen,HPLC-UV/Vis
SMP-01129,4.15,92602.3,15495.8,15873.6,0.0899,Caffeine,HPLC-UV/Vis
SMP-01129,5.6,25907.2,5720.7,5877.2,0.0258,Aspirin,HPLC-UV/Vis
SMP-01129,7.26,66831.4,11017.7,11356.7,0.0659,Benzoic Acid,HPLC-UV/Vis
SMP-01129,8.9,28932.8,6162.1,6490.8,0.0282,Phenacetin,HPLC-UV/Vis
SMP-01129,10.4,14469.8,3673.9,3840.1,0.0146,Salicylic Acid,HPLC-UV/Vis
SMP-01129,12.05,61555.8,11301.2,11732.7,0.0608,Chlorpheniramine,HPLC-UV/Vis
SMP-01130,1.26,13822.8,3718.4,3775.3,0.0138,Uracil,HPLC-UV/Vis
SMP-01130,2.73,48201.9,9139.3,9052.8,0.0471,Acetaminophen,HPLC-UV/Vis
SMP-01130,4.16,74596.4,12664.0,12867.7,0.0751,Caffeine,HPLC-UV/Vis
SMP-01130,5.6,20935.7,4618.7,4782.2,0.0208,Aspirin,HPLC-UV/Vis
SMP-01130,7.23,64223.8,10892.5,11173.4,0.0661,Benzoic Acid,HPLC-UV/Vis
SMP-01130,8.99,29541.6,6465.7,6716.0,0.0301,Phenacetin,HPLC-UV/Vis
SMP-01130,10.42,16662.0,4042.5,4225.6,0.0156,Salicylic Acid,HPLC-UV/Vis
SMP-01130,12.1,56921.2,10578.3,10842.2,0.0565,Chlorpheniramine,HPLC-UV/Vis
SMP-01131,1.28,13371.7,3422.2,3699.3,0.0134,Uracil,HPLC-UV/Vis
SMP-01131,2.85,52798.7,10449.3,10574.4,0.0529,Acetaminophen,HPLC-UV/Vis
SMP-01131,4.21,115512.8,18516.8,19388.1,0.1141,Caffeine,HPLC-UV/Vis
SMP-01131,5.57,26955.9,5988.0,6202.8,0.027,Aspirin,HPLC-UV/Vis
SMP-01131,7.21,62781.9,9866.2,9900.2,0.0606,Benzoic Acid,HPLC-UV/Vis
SMP-01131,8.93,34258.4,7074.0,7026.6,0.034,Phenacetin,HPLC-UV/Vis
SMP-01131,10.37,14835.8,3506.1,3743.5,0.0151,Salicylic Acid,HPLC-UV/Vis
SMP-01131,12.14,48919.2,8747.9,9159.7,0.0477,Chlorpheniramine,HPLC-UV/Vis
SMP-01132,1.26,13182.7,3560.8,3700.1,0.0133,Uracil,HPLC-UV/Vis
SMP-01132,2.81,43602.0,8440.4,8613.6,0.0441,Acetaminophen,HPLC-UV/Vis
SMP-01132,4.16,79909.9,12207.4,12490.2,0.0807,Caffeine,HPLC-UV/Vis
SMP-01132,5.6,22261.5,4756.7,4952.5,0.022,Aspirin,HPLC-UV/Vis
SMP-01132,7.16,68322.2,11563.7,11991.9,0.0695,Benzoic Acid,HPLC-UV/Vis
SMP-01132,8.96,33840.0,6870.2,7148.0,0.0339,Phenacetin,HPLC-UV/Vis
SMP-01132,10.41,13595.3,3340.5,3377.2,0.0138,Salicylic Acid,HPLC-UV/Vis
SMP-01132,12.08,48575.8,8822.5,8927.7,0.0477,Chlorpheniramine,HPLC-UV/Vis
SMP-01133,1.27,10602.9,2652.8,2859.6,0.0111,Uracil,HPLC-UV/Vis
SMP-01133,2.8,49244.3,9467.0,9238.9,0.0487,Acetaminophen,HPLC-UV/Vis
SMP-01133,4.15,93509.0,15918.7,16406.4,0.0917,Caffeine,HPLC-UV/Vis
SMP-01133,5.62,22840.8,4920.1,5119.3,0.0223,Aspirin,HPLC-UV/Vis
SMP-01133,7.21,62107.8,10202.8,10512.2,0.0621,Benzoic Acid,HPLC-UV/Vis
SMP-01133,8.96,28337.6,6130.2,6264.9,0.0287,Phenacetin,HPLC-UV/Vis
SMP-01133,10.39,14092.0,3515.9,3521.3,0.0137,Salicylic Acid,HPLC-UV/Vis
SMP-01133,12.09,50369.5,8961.2,9087.4,0.0527,Chlorpheniramine,HPLC-UV/Vis
SMP-01134,1.23,12061.2,3157.3,3190.4,0.012,Uracil,HPLC-UV/Vis
SMP-01134,2.77,50821.8,9685.5,9953.5,0.0509,Acetaminophen,HPLC-UV/Vis
SMP-01134,4.15,108262.6,17441.1,17887.3,0.1099,Caffeine,HPLC-UV/Vis
SMP-01134,5.59,25955.5,5860.4,5947.1,0.0259,Aspirin,HPLC-UV/Vis
SMP-01134,7.17,68506.7,11411.6,11839.5,0.0686,Benzoic Acid,HPLC-UV/Vis
SMP-01134,9.02,31877.3,6789.0,7052.1,0.0328,Phenacetin,HPLC-UV/Vis
SMP-01134,10.4,14901.7,3564.7,3690.7,0.0148,Salicylic Acid,HPLC-UV/Vis
SMP-01134,12.09,52108.8,9681.3,9691.5,0.0516,Chlorpheniramine,HPLC-UV/Vis
SMP-01135,1.27,11771.4,3126.0,3216.8,0.0119,Uracil,HPLC-UV/Vis
SMP-01135,2.76,44668.1,8792.8,9091.4,0.0435,Acetaminophen,HPLC-UV/Vis
SMP-01135,4.15,90344.6,14589.8,14099.1,0.0913,Caffeine,HPLC-UV/Vis
SMP-01135,5.59,19670.8,4261.2,4473.9,0.0195,Aspirin,HPLC-UV/Vis
SMP-01135,7.19,69525.8,11111.6,11400.0,0.071,Benzoic Acid,HPLC-UV/Vis
SMP-01135,8.94,34485.6,7217.8,7499.6,0.0347,Phenacetin,HPLC-UV/Vis
SMP-01135,10.39,17320.1,4165.6,4207.7,0.0169,Salicylic Acid,HPLC-UV/Vis
SMP-01135,12.08,50345.1,8757.7,9086.0,0.0493,Chlorpheniramine,HPLC-UV/Vis
SMP-01136,1.27,15654.0,3979.8,4086.5,0.0155,Uracil,HPLC-UV/Vis
SMP-01136,2.79,42246.1,7893.6,8167.7,0.0413,Acetaminophen,HPLC-UV/Vis
SMP-01136,4.18,81487.4,13854.7,14381.5,0.0814,Caffeine,HPLC-UV/Vis
SMP-01136,5.55,26732.9,6104.3,6482.7,0.0276,Aspirin,HPLC-UV/Vis
SMP-01136,7.21,71173.2,11597.9,12001.2,0.0722,Benzoic Acid,HPLC-UV/Vis
SMP-01136,8.95,24867.9,4810.9,5001.0,0.0246,Phenacetin,HPLC-UV/Vis
SMP-01136,10.36,17724.9,4210.7,4461.4,0.0172,Salicylic Acid,HPLC-UV/Vis
SMP-01136,12.07,54152.8,10108.4,10593.9,0.0533,Chlorpheniramine,HPLC-UV/Vis
SMP-01137,1.2,10219.4,2546.6,2579.5,0.0099,Uracil,HPLC-UV/Vis
SMP-01137,2.8,45739.4,8675.2,8835.0,0.0454,Acetaminophen,HPLC-UV/Vis
SMP-01137,4.13,74226.6,11926.3,12180.1,0.0713,Caffeine,HPLC-UV/Vis
SMP-01137,5.57,22920.1,5124.8,5223.6,0.0232,Aspirin,HPLC-UV/Vis
SMP-01137,7.19,65316.5,10789.4,10816.0,0.0629,Benzoic Acid,HPLC-UV/Vis
SMP-01137,8.96,29507.4,6257.4,6803.5,0.0286,Phenacetin,HPLC-UV/Vis
SMP-01137,10.42,13057.5,3006.7,3154.2,0.013,Salicylic Acid,HPLC-UV/Vis
SMP-01137,12.05,55969.4,9708.3,9801.7,0.0549,Chlorpheniramine,HPLC-UV/Vis
SMP-01138,1.22,11267.8,2986.8,3086.5,0.0113,Uracil,HPLC-UV/Vis
SMP-01138,2.77,47464.9,9337.9,9426.8,0.048,Acetaminophen,HPLC-UV/Vis
SMP-01138,4.16,104063.8,16969.5,17165.2,0.1043,Caffeine,HPLC-UV/Vis
SMP-01138,5.57,18424.6,4058.0,4256.3,0.0189,Aspirin,HPLC-UV/Vis
SMP-01138,7.25,68576.3,11330.0,11716.1,0.0676,Benzoic Acid,HPLC-UV/Vis
SMP-01138,8.92,29704.8,6260.0,6266.6,0.0291,Phenacetin,HPLC-UV/Vis
SMP-01138,10.39,15289.7,3681.7,3934.5,0.0155,Salicylic Acid,HPLC-UV/Vis
SMP-01138,12.11,56420.3,10745.3,10987.3,0.0566,Chlorpheniramine,HPLC-UV/Vis
SMP-01139,1.28,14573.2,3689.2,3833.3,0.0147,Uracil,HPLC-UV/Vis
SMP-01139,2.83,52960.6,10510.8,10693.2,0.0517,Acetaminophen,HPLC-UV/Vis
SMP-01139,4.12,80460.9,13170.5,13759.5,0.0799,Caffeine,HPLC-UV/Vis
SMP-01139,5.6,20983.9,4574.9,4564.2,0.0213,Aspirin,HPLC-UV/Vis
SMP-01139,7.2,75427.9,12447.0,12485.2,0.0785,Benzoic Acid,HPLC-UV/Vis
SMP-01139,8.98,31874.5,6766.7,6960.7,0.0311,Phenacetin,HPLC-UV/Vis
SMP-01139,10.47,16099.4,4169.9,4264.4,0.0163,Salicylic Acid,HPLC-UV/Vis
SMP-01139,12.1,66250.3,11748.9,11939.2,0.0671,Chlorpheniramine,HPLC-UV/Vis
SMP-01140,1.31,12150.5,3129.6,3243.3,0.0119,Uracil,HPLC-UV/Vis
SMP-01140,2.76,30650.2,5933.6,5957.2,0.0302,Acetaminophen,HPLC-UV/Vis
SMP-01140,4.12,95354.0,14813.0,15054.5,0.0985,Caffeine,HPLC-UV/Vis
SMP-01140,5.64,142705.0,25455.4,29731.5,0.1377,Aspirin,HPLC-UV/Vis
SMP-01140,7.17,80011.4,13201.9,13694.0,0.0799,Benzoic Acid,HPLC-UV/Vis
SMP-01140,8.91,31856.6,6350.0,6512.5,0.0316,Phenacetin,HPLC-UV/Vis
SMP-01140,10.35,10659.8,2692.3,2833.7,0.0099,Salicylic Acid,HPLC-UV/Vis
SMP-01140,12.11,47024.4,8766.9,9229.5,0.0482,Chlorpheniramine,HPLC-UV/Vis
SMP-01141,1.28,11415.3,2935.7,3046.4,0.0118,Uracil,HPLC-UV/Vis
SMP-01141,2.78,38225.1,7661.5,7923.3,0.0374,Acetaminophen,HPLC-UV/Vis
SMP-01141,4.14,77384.0,13158.2,13010.0,0.0776,Caffeine,HPLC-UV/Vis
SMP-01141,5.55,23851.7,5160.2,5488.7,0.0243,Aspirin,HPLC-UV/Vis
SMP-01141,7.13,63654.8,10365.8,10927.7,0.0639,Benzoic Acid,HPLC-UV/Vis
SMP-01141,8.98,36288.2,7724.3,8040.4,0.0361,Phenacetin,HPLC-UV/Vis
SMP-01141,10.4,16826.9,4034.2,4228.1,0.0168,Salicylic Acid,HPLC-UV/Vis
SMP-01141,12.06,52717.9,9663.7,9918.4,0.0502,Chlorpheniramine,HPLC-UV/Vis
SMP-01142,1.26,14323.4,3659.2,3733.1,0.0146,Uracil,HPLC-UV/Vis
SMP-01142,2.82,44445.8,8528.7,8924.8,0.0451,Acetaminophen,HPLC-UV/Vis
SMP-01142,4.12,74311.6,11411.0,11608.9,0.0749,Caffeine,HPLC-UV/Vis
SMP-01142,5.55,23972.2,5532.9,5819.4,0.0231,Aspirin,HPLC-UV/Vis
SMP-01142,7.23,64062.0,10566.5,10953.9,0.0647,Benzoic Acid,HPLC-UV/Vis
SMP-01142,8.95,31873.2,6418.4,6553.6,0.0314,Phenacetin,HPLC-UV/Vis
SMP-01142,10.42,14395.1,3628.5,3665.6,0.0145,Salicylic Acid,HPLC-UV/Vis
SMP-01142,12.11,44187.4,8029.1,8151.5,0.0428,Chlorpheniramine,HPLC-UV/Vis
SMP-01143,1.21,12755.3,3418.2,3541.4,0.0127,Uracil,HPLC-UV/Vis
SMP-01143,2.83,44400.6,8504.2,8600.9,0.0436,Acetaminophen,HPLC-UV/Vis
SMP-01143,4.14,94153.5,15582.0,15751.5,0.0927,Caffeine,HPLC-UV/Vis
SMP-01143,5.6,22686.9,5079.7,5335.0,0.0227,Aspirin,HPLC-UV/Vis
SMP-01143,7.2,61976.3,10347.4,10658.2,0.0609,Benzoic Acid,HPLC-UV/Vis
SMP-01143,8.94,33488.0,6701.7,6794.3,0.0333,Phenacetin,HPLC-UV/Vis
SMP-01143,10.42,16009.2,3981.2,4193.2,0.0161,Salicylic Acid,HPLC-UV/Vis
SMP-01143,12.1,46820.4,8582.1,8755.2,0.0469,Chlorpheniramine,HPLC-UV/Vis
SMP-01144,1.24,12731.1,3260.2,3316.9,0.0125,Uracil,HPLC-UV/Vis
SMP-01144,2.76,54020.5,10841.5,10822.1,0.0546,Acetaminophen,HPLC-UV/Vis
SMP-01144,4.13,92332.7,14954.9,15607.4,0.0915,Caffeine,HPLC-UV/Vis
SMP-01144,5.6,22367.5,5037.8,5279.7,0.0213,Aspirin,HPLC-UV/Vis
SMP-01144,7.21,62938.2,10015.4,10241.0,0.0669,Benzoic Acid,HPLC-UV/Vis
SMP-01144,8.98,28824.8,5634.3,5734.4,0.0279,Phenacetin,HPLC-UV/Vis
SMP-01144,10.38,13899.8,3369.2,3481.7,0.0137,Salicylic Acid,HPLC-UV/Vis
SMP-01144,12.08,53368.6,9012.3,9297.5,0.0558,Chlorpheniramine,HPLC-UV/Vis
SMP-01145,1.24,11008.6,2986.2,3066.2,0.0109,Uracil,HPLC-UV/Vis
SMP-01145,2.86,45259.0,8915.5,9146.8,0.0452,Acetaminophen,HPLC-UV/Vis
SMP-01145,4.19,89593.8,13951.7,14480.2,0.0894,Caffeine,HPLC-UV/Vis
SMP-01145,5.59,21850.2,4961.2,5294.5,0.021,Aspirin,HPLC-UV/Vis
SMP-01145,7.18,61254.0,9454.8,9806.6,0.0606,Benzoic Acid,HPLC-UV/Vis
SMP-01145,8.99,29829.4,6026.7,6046.5,0.0293,Phenacetin,HPLC-UV/Vis
SMP-01145,10.42,17609.5,4193.7,4349.8,0.0179,Salicylic Acid,HPLC-UV/Vis
SMP-01145,12.15,56379.9,10194.1,10019.9,0.0568,Chlorpheniramine,HPLC-UV/Vis
SMP-01146,1.28,11461.2,2942.6,2937.3,0.0111,Uracil,HPLC-UV/Vis
SMP-01146,2.84,51761.6,10176.0,10897.6,0.0514,Acetaminophen,HPLC-UV/Vis
SMP-01146,4.11,61160.7,9732.7,10001.2,0.0616,Caffeine,HPLC-UV/Vis
SMP-01146,5.61,27120.1,6100.8,6190.4,0.026,Aspirin,HPLC-UV/Vis
SMP-01146,7.24,64005.9,10864.8,11329.9,0.0639,Benzoic Acid,HPLC-UV/Vis
SMP-01146,8.93,38149.4,7642.5,8043.1,0.0387,Phenacetin,HPLC-UV/Vis
SMP-01146,10.4,13292.1,3107.0,3152.0,0.0134,Salicylic Acid,HPLC-UV/Vis
SMP-01146,12.11,55608.5,10361.6,10239.4,0.0532,Chlorpheniramine,HPLC-UV/Vis
SMP-01147,1.28,9948.8,2556.1,2586.3,0.01,Uracil,HPLC-UV/Vis
SMP-01147,2.81,43972.0,8734.0,9251.7,0.0451,Acetaminophen,HPLC-UV/Vis
SMP-01147,4.12,90945.6,15643.1,16095.8,0.0924,Caffeine,HPLC-UV/Vis
SMP-01147,5.62,26040.3,5548.0,5607.6,0.0261,Aspirin,HPLC-UV/Vis
SMP-01147,7.24,67090.0,11484.7,11732.4,0.066,Benzoic Acid,HPLC-UV/Vis
SMP-01147,8.95,30119.0,6371.3,6634.2,0.0302,Phenacetin,HPLC-UV/Vis
SMP-01147,10.39,12825.1,2989.3,3126.0,0.0128,Salicylic Acid,HPLC-UV/Vis
SMP-01147,12.14,63405.2,11819.1,12273.9,0.0637,Chlorpheniramine,HPLC-UV/Vis
SMP-01148,1.25,13233.3,3469.2,3604.8,0.0125,Uracil,HPLC-UV/Vis
SMP-01148,2.81,39583.0,7745.1,8024.3,0.0381,Acetaminophen,HPLC-UV/Vis
SMP-01148,4.12,80517.0,13336.7,13570.8,0.0807,Caffeine,HPLC-UV/Vis
SMP-01148,5.6,24803.9,5410.1,5656.6,0.0254,Aspirin,HPLC-UV/Vis
SMP-01148,7.22,73159.2,12290.6,12868.0,0.0716,Benzoic Acid,HPLC-UV/Vis
SMP-01148,8.96,30966.6,6833.0,7011.9,0.0299,Phenacetin,HPLC-UV/Vis
SMP-01148,10.42,14239.0,3464.3,3563.2,0.0142,Salicylic Acid,HPLC-UV/Vis
SMP-01148,12.13,65948.5,11678.0,11723.1,0.0655,Chlorpheniramine,HPLC-UV/Vis
SMP-01149,1.24,12906.5,3229.7,3441.8,0.0129,Uracil,HPLC-UV/Vis
SMP-01149,2.78,41714.0,8105.4,8365.4,0.0425,Acetaminophen,HPLC-UV/Vis
SMP-01149,4.12,83070.6,13555.9,13656.4,0.0829,Caffeine,HPLC-UV/Vis
SMP-01149,5.6,21310.5,4550.4,4712.9,0.0218,Aspirin,HPLC-UV/Vis
SMP-01149,7.23,75690.5,12524.6,13369.0,0.0767,Benzoic Acid,HPLC-UV/Vis
SMP-01149,8.93,31671.2,6666.2,6835.6,0.0311,Phenacetin,HPLC-UV/Vis
SMP-01149,10.37,16074.8,3920.6,3933.0,0.0166,Salicylic Acid,HPLC-UV/Vis
SMP-01149,12.06,54464.0,9339.5,9687.1,0.0554,Chlorpheniramine,HPLC-UV/Vis
SMP-01150,1.25,11630.1,3009.1,3186.0,0.0118,Uracil,HPLC-UV/Vis
SMP-01150,2.82,48119.2,8976.7,8984.6,0.0467,Acetaminophen,HPLC-UV/Vis
SMP-01150,4.12,105789.7,16889.4,17429.8,0.1054,Caffeine,HPLC-UV/Vis
SMP-01150,5.6,20198.7,4551.2,4625.8,0.0199,Aspirin,HPLC-UV/Vis
SMP-01150,7.22,63190.6,10532.1,10932.9,0.0635,Benzoic Acid,HPLC-UV/Vis
SMP-01150,8.91,31596.2,6306.1,6273.3,0.0313,Phenacetin,HPLC-UV/Vis
SMP-01150,10.49,17123.6,4260.6,4353.7,0.0171,Salicylic Acid,HPLC-UV/Vis
SMP-01150,12.08,55582.6,10591.8,10756.3,0.0557,Chlorpheniramine,HPLC-UV/Vis
SMP-01151,1.22,13415.4,3341.0,3493.1,0.0136,Uracil,HPLC-UV/Vis
SMP-01151,2.79,47583.9,9521.0,9538.4,0.0465,Acetaminophen,HPLC-UV/Vis
SMP-01151,4.17,90409.5,15096.9,15440.4,0.0927,Caffeine,HPLC-UV/Vis
SMP-01151,5.58,26391.4,5953.5,6078.5,0.0262,Aspirin,HPLC-UV/Vis
SMP-01151,7.17,69560.5,11503.1,11897.6,0.0668,Benzoic Acid,HPLC-UV/Vis
SMP-01151,8.96,34484.6,7049.0,7362.4,0.0336,Phenacetin,HPLC-UV/Vis
SMP-01151,10.41,15503.4,3863.4,3959.5,0.0154,Salicylic Acid,HPLC-UV/Vis
SMP-01151,12.08,49281.3,9047.7,9144.8,0.0508,Chlorpheniramine,HPLC-UV/Vis
SMP-01152,1.24,14475.7,3910.3,4020.5,0.0148,Uracil,HPLC-UV/Vis
SMP-01152,2.79,47940.0,9086.2,9074.9,0.0484,Acetaminophen,HPLC-UV/Vis
SMP-01152,4.11,87927.6,13777.3,14063.5,0.0871,Caffeine,HPLC-UV/Vis
SMP-01152,5.58,20185.3,4719.3,4907.6,0.0206,Aspirin,HPLC-UV/Vis
SMP-01152,7.23,70342.4,11846.1,12231.6,0.0698,Benzoic Acid,HPLC-UV/Vis
SMP-01152,8.94,31567.7,6546.9,6802.8,0.0309,Phenacetin,HPLC-UV/Vis
SMP-01152,10.37,15879.3,3957.0,4218.1,0.0161,Salicylic Acid,HPLC-UV/Vis
SMP-01152,12.07,57117.8,10000.1,10540.6,0.056,Chlorpheniramine,HPLC-UV/Vis
SMP-01153,1.27,14541.9,3839.2,3927.2,0.0144,Uracil,HPLC-UV/Vis
SMP-01153,2.8,45445.7,8556.8,9033.6,0.0466,Acetaminophen,HPLC-UV/Vis
SMP-01153,4.1,81987.8,13436.8,13841.2,0.0812,Caffeine,HPLC-UV/Vis
SMP-01153,5.57,27780.4,5915.4,5908.6,0.0272,Aspirin,HPLC-UV/Vis
SMP-01153,7.19,70188.0,11426.6,11789.6,0.0703,Benzoic Acid,HPLC-UV/Vis
SMP-01153,9.0,30729.4,6468.0,6683.1,0.0312,Phenacetin,HPLC-UV/Vis
SMP-01153,10.42,16931.6,4172.8,4309.4,0.0173,Salicylic Acid,HPLC-UV/Vis
SMP-01153,12.08,45777.0,8402.4,8770.9,0.0439,Chlorpheniramine,HPLC-UV/Vis
SMP-01154,1.27,12271.6,3159.4,3311.9,0.0123,Uracil,HPLC-UV/Vis
SMP-01154,2.77,47410.3,8855.8,8891.8,0.0469,Acetaminophen,HPLC-UV/Vis
SMP-01154,4.15,82160.5,13737.5,14237.2,0.084,Caffeine,HPLC-UV/Vis
SMP-01154,5.64,26754.2,6046.6,6287.0,0.027,Aspirin,HPLC-UV/Vis
SMP-01154,7.16,63365.1,10495.3,10593.9,0.0653,Benzoic Acid,HPLC-UV/Vis
SMP-01154,9.0,33665.7,6638.0,7010.7,0.0334,Phenacetin,HPLC-UV/Vis
SMP-01154,10.45,17709.4,4436.2,4607.8,0.0177,Salicylic Acid,HPLC-UV/Vis
SMP-01154,12.11,52112.6,9552.9,10059.0,0.0533,Chlorpheniramine,HPLC-UV/Vis
SMP-01155,1.28,13308.8,3387.5,3433.3,0.0137,Uracil,HPLC-UV/Vis
SMP-01155,2.85,39809.9,7680.3,7919.5,0.0412,Acetaminophen,HPLC-UV/Vis
SMP-01155,4.14,90645.8,15045.6,15722.0,0.0936,Caffeine,HPLC-UV/Vis
SMP-01155,5.64,21334.7,4603.0,4649.9,0.0215,Aspirin,HPLC-UV/Vis
SMP-01155,7.22,72388.0,12112.5,12695.6,0.0716,Benzoic Acid,HPLC-UV/Vis
SMP-01155,8.93,33908.3,7315.2,7755.7,0.0338,Phenacetin,HPLC-UV/Vis
SMP-01155,10.36,18072.5,4466.5,4674.7,0.0175,Salicylic Acid,HPLC-UV/Vis
SMP-01155,12.16,56048.5,10121.5,10383.1,0.0553,Chlorpheniramine,HPLC-UV/Vis
SMP-01156,1.21,13072.6,3471.3,3549.1,0.0132,Uracil,HPLC-UV/Vis
SMP-01156,2.81,45736.5,9006.8,9450.0,0.0462,Acetaminophen,HPLC-UV/Vis
SMP-01156,4.17,97347.1,15983.8,16585.2,0.0987,Caffeine,HPLC-UV/Vis
SMP-01156,5.61,21156.4,4401.5,4546.0,0.0208,Aspirin,HPLC-UV/Vis
SMP-01156,7.18,72869.1,11886.3,12248.0,0.0714,Benzoic Acid,HPLC-UV/Vis
SMP-01156,8.96,30098.5,6325.4,6678.6,0.0291,Phenacetin,HPLC-UV/Vis
SMP-01156,10.37,15081.1,3513.8,3522.8,0.0145,Salicylic Acid,HPLC-UV/Vis
SMP-01156,12.1,52187.5,8910.0,8828.6,0.0522,Chlorpheniramine,HPLC-UV/Vis
SMP-01157,1.26,14776.1,3794.2,3932.0,0.0148,Uracil,HPLC-UV/Vis
SMP-01157,2.8,49640.6,9881.0,10248.1,0.0511,Acetaminophen,HPLC-UV/Vis
SMP-01157,4.16,102600.5,16367.4,17325.9,0.1009,Caffeine,HPLC-UV/Vis
SMP-01157,5.54,23680.4,5431.3,5492.3,0.0235,Aspirin,HPLC-UV/Vis
SMP-01157,7.19,60337.5,10039.7,10656.2,0.0597,Benzoic Acid,HPLC-UV/Vis
SMP-01157,8.96,29966.0,6200.7,6339.5,0.0302,Phenacetin,HPLC-UV/Vis
SMP-01157,10.36,12794.0,2872.8,2935.4,0.0131,Salicylic Acid,HPLC-UV/Vis
SMP-01157,12.09,50657.1,8914.3,9574.4,0.0498,Chlorpheniramine,HPLC-UV/Vis
SMP-01158,1.22,12543.6,3169.0,3282.2,0.0124,Uracil,HPLC-UV/Vis
SMP-01158,2.78,45381.6,9009.6,9427.5,0.0467,Acetaminophen,HPLC-UV/Vis
SMP-01158,4.12,81006.5,13166.7,13278.1,0.0798,Caffeine,HPLC-UV/Vis
SMP-01158,5.63,24700.9,5502.8,5595.0,0.0247,Aspirin,HPLC-UV/Vis
SMP-01158,7.22,73362.6,12511.1,12804.4,0.0742,Benzoic Acid,HPLC-UV/Vis
SMP-01158,8.97,35027.8,7484.0,7797.6,0.0353,Phenacetin,HPLC-UV/Vis
SMP-01158,10.37,17856.3,4364.5,4507.5,0.0177,Salicylic Acid,HPLC-UV/Vis
SMP-01158,12.14,56390.7,10088.0,10461.3,0.056,Chlorpheniramine,HPLC-UV/Vis
SMP-01159,1.24,10698.8,2772.7,2943.8,0.0106,Uracil,HPLC-UV/Vis
SMP-01159,2.78,45706.7,8647.8,9014.3,0.0469,Acetaminophen,HPLC-UV/Vis
SMP-01159,4.17,93961.2,15165.9,16017.4,0.093,Caffeine,HPLC-UV/Vis
SMP-01159,5.57,24522.4,5355.1,5525.7,0.0244,Aspirin,HPLC-UV/Vis
SMP-01159,7.23,77682.2,12583.8,13195.9,0.0779,Benzoic Acid,HPLC-UV/Vis
SMP-01159,8.96,36967.7,7441.9,7631.1,0.036,Phenacetin,HPLC-UV/Vis
SMP-01159,10.4,18680.0,4443.8,4662.8,0.0188,Salicylic Acid,HPLC-UV/Vis
SMP-01159,12.11,53922.1,9999.1,10396.9,0.0549,Chlorpheniramine,HPLC-UV/Vis
SMP-01160,1.21,13100.6,3415.1,3467.0,0.0132,Uracil,HPLC-UV/Vis
SMP-01160,2.81,48936.4,9766.1,10195.9,0.0481,Acetaminophen,HPLC-UV/Vis
SMP-01160,4.18,92812.7,15301.9,16275.5,0.0899,Caffeine,HPLC-UV/Vis
SMP-01160,5.58,25005.6,5519.0,5646.4,0.0243,Aspirin,HPLC-UV/Vis
SMP-01160,7.21,69793.0,11918.4,12111.1,0.0708,Benzoic Acid,HPLC-UV/Vis
SMP-01160,8.97,32801.5,6638.4,6871.1,0.0331,Phenacetin,HPLC-UV/Vis
SMP-01160,10.45,14611.0,3426.1,3617.1,0.0142,Salicylic Acid,HPLC-UV/Vis
SMP-01160,12.07,50788.2,9160.3,9169.2,0.0497,Chlorpheniramine,HPLC-UV/Vis
SMP-01161,1.27,12436.1,3197.8,3289.8,0.0125,Uracil,HPLC-UV/Vis
SMP-01161,2.83,37724.9,6945.9,7343.0,0.038,Acetaminophen,HPLC-UV/Vis
SMP-01161,4.16,75022.0,12761.0,13378.7,0.0788,Caffeine,HPLC-UV/Vis
SMP-01161,5.56,21851.3,4745.4,4924.3,0.021,Aspirin,HPLC-UV/Vis
SMP-01161,7.17,63942.7,11090.9,11646.1,0.0649,Benzoic Acid,HPLC-UV/Vis
SMP-01161,8.94,31049.1,6067.5,6099.8,0.0311,Phenacetin,HPLC-UV/Vis
SMP-01161,10.42,15523.2,3747.4,3814.3,0.0157,Salicylic Acid,HPLC-UV/Vis
SMP-01161,12.07,51358.7,9231.3,9567.5,0.0517,Chlorpheniramine,HPLC-UV/Vis
SMP-01162,1.27,12281.5,3022.6,3194.1,0.0126,Uracil,HPLC-UV/Vis
SMP-01162,2.81,51756.8,9976.7,10430.0,0.0528,Acetaminophen,HPLC-UV/Vis
SMP-01162,4.21,94997.6,15486.9,15899.8,0.0949,Caffeine,HPLC-UV/Vis
SMP-01162,5.57,21023.0,4619.9,4832.7,0.0212,Aspirin,HPLC-UV/Vis
SMP-01162,7.26,78742.6,12779.1,13342.5,0.0771,Benzoic Acid,HPLC-UV/Vis
SMP-01162,8.91,29306.6,6131.8,6260.0,0.0286,Phenacetin,HPLC-UV/Vis
SMP-01162,10.37,16244.1,4094.0,4200.7,0.0166,Salicylic Acid,HPLC-UV/Vis
SMP-01162,12.1,63869.9,11496.7,12087.6,0.0631,Chlorpheniramine,HPLC-UV/Vis
SMP-01163,1.22,12533.3,3244.4,3390.8,0.0124,Uracil,HPLC-UV/Vis
SMP-01163,2.84,40263.1,7163.5,7284.8,0.0408,Acetaminophen,HPLC-UV/Vis
SMP-01163,4.12,89837.8,14444.2,14425.3,0.0892,Caffeine,HPLC-UV/Vis
SMP-01163,5.59,19605.0,4592.7,4639.2,0.0198,Aspirin,HPLC-UV/Vis
SMP-01163,7.21,65833.8,10330.2,10882.3,0.0643,Benzoic Acid,HPLC-UV/Vis
SMP-01163,8.98,27389.8,5381.4,5500.5,0.028,Phenacetin,HPLC-UV/Vis
SMP-01163,10.4,14817.4,3699.0,3763.0,0.0146,Salicylic Acid,HPLC-UV/Vis
SMP-01163,12.07,59968.0,10738.2,10856.1,0.0582,Chlorpheniramine,HPLC-UV/Vis
SMP-01164,1.23,11192.2,2802.4,2893.3,0.0109,Uracil,HPLC-UV/Vis
SMP-01164,2.83,43265.5,8123.7,8538.9,0.0432,Acetaminophen,HPLC-UV/Vis
SMP-01164,4.17,88429.8,14405.3,14384.8,0.0869,Caffeine,HPLC-UV/Vis
SMP-01164,5.57,23258.6,5401.9,5638.1,0.0234,Aspirin,HPLC-UV/Vis
SMP-01164,7.18,65316.3,10967.8,11576.0,0.0655,Benzoic Acid,HPLC-UV/Vis
SMP-01164,8.95,32824.9,6798.4,6968.6,0.0321,Phenacetin,HPLC-UV/Vis
SMP-01164,10.39,15983.5,3816.3,3877.2,0.0161,Salicylic Acid,HPLC-UV/Vis
SMP-01164,12.07,62378.2,11522.1,11963.8,0.0612,Chlorpheniramine,HPLC-UV/Vis
SMP-01165,1.25,11899.8,3050.0,3054.2,0.0114,Uracil,HPLC-UV/Vis
SMP-01165,2.8,46953.8,9330.1,9705.4,0.0483,Acetaminophen,HPLC-UV/Vis
SMP-01165,4.15,90612.1,14827.3,14817.3,0.0923,Caffeine,HPLC-UV/Vis
SMP-01165,5.55,26679.5,5825.1,5985.4,0.0266,Aspirin,HPLC-UV/Vis
SMP-01165,7.27,65640.1,10799.3,11127.5,0.0645,Benzoic Acid,HPLC-UV/Vis
SMP-01165,8.93,32762.9,6520.8,6639.8,0.0321,Phenacetin,HPLC-UV/Vis
SMP-01165,10.35,11786.0,2834.2,2832.2,0.0123,Salicylic Acid,HPLC-UV/Vis
SMP-01165,12.12,55876.3,9791.1,10002.5,0.0567,Chlorpheniramine,HPLC-UV/Vis
SMP-01166,1.28,11633.2,3046.1,3100.6,0.0119,Uracil,HPLC-UV/Vis
SMP-01166,2.76,47064.1,8853.5,9265.7,0.046,Acetaminophen,HPLC-UV/Vis
SMP-01166,4.17,89800.8,14972.5,15509.5,0.0926,Caffeine,HPLC-UV/Vis
SMP-01166,5.59,18665.6,4075.8,4101.4,0.018,Aspirin,HPLC-UV/Vis
SMP-01166,7.19,69111.3,11645.8,12228.5,0.0704,Benzoic Acid,HPLC-UV/Vis
SMP-01166,8.93,31802.0,6563.9,6942.0,0.0316,Phenacetin,HPLC-UV/Vis
SMP-01166,10.4,16158.8,3980.4,4098.1,0.0159,Salicylic Acid,HPLC-UV/Vis
SMP-01166,12.12,54780.9,9093.1,9333.8,0.0555,Chlorpheniramine,HPLC-UV/Vis
SMP-01167,1.28,11687.6,2973.3,3074.8,0.0115,Uracil,HPLC-UV/Vis
SMP-01167,2.84,40761.7,7871.7,8406.0,0.0418,Acetaminophen,HPLC-UV/Vis
SMP-01167,4.19,58685.0,9807.0,9933.2,0.0595,Caffeine,HPLC-UV/Vis
SMP-01167,5.6,24452.9,5323.1,5419.1,0.0249,Aspirin,HPLC-UV/Vis
SMP-01167,7.18,66199.9,10912.4,11164.3,0.0668,Benzoic Acid,HPLC-UV/Vis
SMP-01167,9.0,31898.8,6191.2,6411.0,0.0313,Phenacetin,HPLC-UV/Vis
SMP-01167,10.4,16658.1,4133.7,4276.1,0.0173,Salicylic Acid,HPLC-UV/Vis
SMP-01167,12.14,61753.3,11265.4,11706.7,0.0628,Chlorpheniramine,HPLC-UV/Vis
SMP-01168,1.23,11885.2,3082.9,3146.4,0.0118,Uracil,HPLC-UV/Vis
SMP-01168,2.77,42870.3,8166.3,8428.8,0.0422,Acetaminophen,HPLC-UV/Vis
SMP-01168,4.21,100346.8,15850.5,16231.2,0.0981,Caffeine,HPLC-UV/Vis
SMP-01168,5.61,23501.9,5028.5,5114.0,0.0239,Aspirin,HPLC-UV/Vis
SMP-01168,7.17,58746.3,9738.2,10006.5,0.057,Benzoic Acid,HPLC-UV/Vis
SMP-01168,8.94,29367.9,5942.4,6153.3,0.0294,Phenacetin,HPLC-UV/Vis
SMP-01168,10.41,16856.3,3955.2,4085.8,0.0167,Salicylic Acid,HPLC-UV/Vis
SMP-01168,12.11,62738.1,11070.3,11244.9,0.0631,Chlorpheniramine,HPLC-UV/Vis
SMP-01169,1.22,12915.2,3272.0,3399.6,0.0125,Uracil,HPLC-UV/Vis
SMP-01169,2.8,46575.6,9237.7,9469.7,0.047,Acetaminophen,HPLC-UV/Vis
SMP-01169,4.17,75484.0,11137.6,11750.9,0.0745,Caffeine,HPLC-UV/Vis
SMP-01169,5.6,21902.1,4892.3,5087.2,0.0217,Aspirin,HPLC-UV/Vis
SMP-01169,7.16,51557.6,8617.6,8831.7,0.049,Benzoic Acid,HPLC-UV/Vis
SMP-01169,8.9,30849.5,6475.8,6703.3,0.031,Phenacetin,HPLC-UV/Vis
SMP-01169,10.41,16394.1,3920.0,3948.9,0.0166,Salicylic Acid,HPLC-UV/Vis
SMP-01169,12.14,39965.5,7594.5,7726.0,0.0419,Chlorpheniramine,HPLC-UV/Vis
SMP-01170,1.22,12388.2,3145.5,3217.7,0.0127,Uracil,HPLC-UV/Vis
SMP-01170,2.77,53312.9,10031.8,10211.4,0.0556,Acetaminophen,HPLC-UV/Vis
SMP-01170,4.13,91555.1,15189.8,15748.0,0.0938,Caffeine,HPLC-UV/Vis
SMP-01170,5.58,21043.7,4519.2,4658.6,0.0206,Aspirin,HPLC-UV/Vis
SMP-01170,7.22,59159.7,9619.7,9810.0,0.0589,Benzoic Acid,HPLC-UV/Vis
SMP-01170,8.98,34257.2,6872.3,7173.6,0.0351,Phenacetin,HPLC-UV/Vis
SMP-01170,10.41,15515.9,3619.5,3698.2,0.015,Salicylic Acid,HPLC-UV/Vis
SMP-01170,12.09,53732.5,9534.4,9551.5,0.0545,Chlorpheniramine,HPLC-UV/Vis
SMP-01171,1.28,10268.9,2766.0,2842.0,0.0105,Uracil,HPLC-UV/Vis
SMP-01171,2.81,45463.5,8776.1,9022.1,0.0449,Acetaminophen,HPLC-UV/Vis
SMP-01171,4.11,89440.0,15109.6,15897.3,0.0899,Caffeine,HPLC-UV/Vis
SMP-01171,5.66,24672.9,5538.6,5557.1,0.0248,Aspirin,HPLC-UV/Vis
SMP-01171,7.26,61731.8,10054.9,10226.0,0.0612,Benzoic Acid,HPLC-UV/Vis
SMP-01171,8.95,131596.4,28861.8,22301.0,0.1336,Phenacetin,HPLC-UV/Vis
SMP-01171,10.4,11507.3,2959.8,3120.2,0.0111,Salicylic Acid,HPLC-UV/Vis
SMP-01171,12.14,57802.4,10566.1,10975.2,0.0582,Chlorpheniramine,HPLC-UV/Vis
SMP-01172,1.23,13692.3,3582.3,3710.1,0.0136,Uracil,HPLC-UV/Vis
SMP-01172,2.77,52582.5,10024.7,10150.7,0.0526,Acetaminophen,HPLC-UV/Vis
SMP-01172,4.15,77401.3,12765.5,13398.5,0.0773,Caffeine,HPLC-UV/Vis
SMP-01172,5.59,20483.1,4226.9,4307.4,0.0212,Aspirin,HPLC-UV/Vis
SMP-01172,7.19,72185.6,12201.4,12209.8,0.0747,Benzoic Acid,HPLC-UV/Vis
SMP-01172,8.98,29343.9,5644.2,5800.4,0.0287,Phenacetin,HPLC-UV/Vis
SMP-01172,10.36,15642.1,3878.6,4028.0,0.0155,Salicylic Acid,HPLC-UV/Vis
SMP-01172,12.05,50096.6,8643.9,8890.1,0.0493,Chlorpheniramine,HPLC-UV/Vis
SMP-01173,1.21,10468.4,2685.2,2726.4,0.0105,Uracil,HPLC-UV/Vis
SMP-01173,2.79,48764.8,9083.1,9474.2,0.0491,Acetaminophen,HPLC-UV/Vis
SMP-01173,4.13,89553.4,14752.7,14782.1,0.0906,Caffeine,HPLC-UV/Vis
SMP-01173,5.6,26110.5,5837.7,6043.6,0.0258,Aspirin,HPLC-UV/Vis
SMP-01173,7.17,73757.6,12007.1,12790.5,0.0743,Benzoic Acid,HPLC-UV/Vis
SMP-01173,8.91,33276.7,6784.1,6911.1,0.0329,Phenacetin,HPLC-UV/Vis
SMP-01173,10.4,15340.2,3587.0,3731.5,0.016,Salicylic Acid,HPLC-UV/Vis
SMP-01173,12.1,63189.1,11197.3,11631.7,0.0636,Chlorpheniramine,HPLC-UV/Vis
SMP-01174,1.3,10222.0,2645.7,2698.5,0.0103,Uracil,HPLC-UV/Vis
SMP-01174,2.79,40820.4,7660.5,8216.0,0.0396,Acetaminophen,HPLC-UV/Vis
SMP-01174,4.12,90051.6,15494.7,16205.8,0.0875,Caffeine,HPLC-UV/Vis
SMP-01174,5.6,25480.6,5633.2,5784.2,0.0263,Aspirin,HPLC-UV/Vis
SMP-01174,7.22,63180.1,9608.6,9651.1,0.0611,Benzoic Acid,HPLC-UV/Vis
SMP-01174,8.98,37365.0,7909.7,8034.7,0.0375,Phenacetin,HPLC-UV/Vis
SMP-01174,10.35,14237.8,3419.1,3667.3,0.0144,Salicylic Acid,HPLC-UV/Vis
SMP-01174,12.09,56633.4,10166.6,10399.2,0.0574,Chlorpheniramine,HPLC-UV/Vis
SMP-01175,1.29,12076.7,3088.2,3161.7,0.0124,Uracil,HPLC-UV/Vis
SMP-01175,2.74,48010.0,9471.2,9678.5,0.0497,Acetaminophen,HPLC-UV/Vis
SMP-01175,4.19,77256.6,12678.8,12854.1,0.0771,Caffeine,HPLC-UV/Vis
SMP-01175,5.58,21487.8,4710.3,5205.8,0.0216,Aspirin,HPLC-UV/Vis
SMP-01175,7.21,55833.8,9588.1,10012.2,0.0534,Benzoic Acid,HPLC-UV/Vis
SMP-01175,8.95,27716.0,5745.9,5813.9,0.0267,Phenacetin,HPLC-UV/Vis
SMP-01175,10.39,13144.3,3112.9,3141.9,0.013,Salicylic Acid,HPLC-UV/Vis
SMP-01175,12.1,54023.8,9232.0,9503.7,0.0528,Chlorpheniramine,HPLC-UV/Vis
SMP-01176,1.28,10793.4,2783.2,2839.6,0.0106,Uracil,HPLC-UV/Vis
SMP-01176,2.78,43361.2,8230.2,8506.0,0.0432,Acetaminophen,HPLC-UV/Vis
SMP-01176,4.12,88832.1,14157.3,15070.3,0.0879,Caffeine,HPLC-UV/Vis
SMP-01176,5.6,22432.2,5090.5,5302.2,0.0227,Aspirin,HPLC-UV/Vis
SMP-01176,7.15,70370.3,11611.3,11840.5,0.075,Benzoic Acid,HPLC-UV/Vis
SMP-01176,8.95,30666.0,6275.2,6336.1,0.0308,Phenacetin,HPLC-UV/Vis
SMP-01176,10.41,15845.0,3831.9,3941.3,0.0163,Salicylic Acid,HPLC-UV/Vis
SMP-01176,12.11,56502.0,10228.5,10648.3,0.0558,Chlorpheniramine,HPLC-UV/Vis
SMP-01177,1.26,15969.4,4317.4,4403.4,0.0161,Uracil,HPLC-UV/Vis
SMP-01177,2.83,232006.8,40816.4,50442.3,0.2292,Acetaminophen,HPLC-UV/Vis
SMP-01177,4.12,83185.8,13850.8,14605.5,0.0822,Caffeine,HPLC-UV/Vis
SMP-01177,5.58,25674.9,5848.0,6062.8,0.0258,Aspirin,HPLC-UV/Vis
SMP-01177,7.21,72695.9,12136.5,12549.6,0.0713,Benzoic Acid,HPLC-UV/Vis
SMP-01177,8.91,31148.6,6477.7,6819.9,0.0318,Phenacetin,HPLC-UV/Vis
SMP-01177,10.39,19226.2,4807.4,4917.7,0.0191,Salicylic Acid,HPLC-UV/Vis
SMP-01177,12.09,47277.1,8572.9,8440.5,0.0477,Chlorpheniramine,HPLC-UV/Vis
SMP-01178,1.24,13882.3,3649.9,3685.0,0.0139,Uracil,HPLC-UV/Vis
SMP-01178,2.79,51050.3,10087.6,10245.5,0.0513,Acetaminophen,HPLC-UV/Vis
SMP-01178,4.14,102930.4,17840.0,19009.9,0.1034,Caffeine,HPLC-UV/Vis
SMP-01178,5.63,23334.5,4933.9,5261.4,0.0228,Aspirin,HPLC-UV/Vis
SMP-01178,7.22,79935.2,13573.8,13821.4,0.0814,Benzoic Acid,HPLC-UV/Vis
SMP-01178,8.92,25486.0,5204.5,5184.9,0.0264,Phenacetin,HPLC-UV/Vis
SMP-01178,10.39,63312.8,12991.0,12778.1,0.0648,Salicylic Acid,HPLC-UV/Vis
SMP-01178,12.12,61774.3,11962.4,12096.1,0.0616,Chlorpheniramine,HPLC-UV/Vis
SMP-01179,1.27,10750.7,2789.6,2942.2,0.0107,Uracil,HPLC-UV/Vis
SMP-01179,2.84,49055.2,9231.3,9534.0,0.0483,Acetaminophen,HPLC-UV/Vis
SMP-01179,4.15,102827.9,16310.2,16873.5,0.1028,Caffeine,HPLC-UV/Vis
SMP-01179,5.58,17900.2,4056.1,4182.2,0.0175,Aspirin,HPLC-UV/Vis
SMP-01179,7.16,54874.9,9468.4,9860.6,0.0531,Benzoic Acid,HPLC-UV/Vis
SMP-01179,8.92,33429.9,6858.6,6891.1,0.0336,Phenacetin,HPLC-UV/Vis
SMP-01179,10.38,17658.7,4372.6,4566.7,0.0176,Salicylic Acid,HPLC-UV/Vis
SMP-01179,12.1,56906.7,10004.2,9829.3,0.0584,Chlorpheniramine,HPLC-UV/Vis
SMP-01180,1.27,11598.3,2959.6,3138.4,0.0117,Uracil,HPLC-UV/Vis
SMP-01180,2.83,42740.1,8423.6,8959.8,0.0429,Acetaminophen,HPLC-UV/Vis
SMP-01180,4.19,68279.3,11404.3,12053.7,0.0669,Caffeine,HPLC-UV/Vis
SMP-01180,5.6,19191.3,4358.3,4488.2,0.0192,Aspirin,HPLC-UV/Vis
SMP-01180,7.17,72602.1,11758.7,12467.3,0.0741,Benzoic Acid,HPLC-UV/Vis
SMP-01180,8.96,29878.4,5990.9,6077.1,0.0298,Phenacetin,HPLC-UV/Vis
SMP-01180,10.41,14344.2,3423.2,3499.8,0.0141,Salicylic Acid,HPLC-UV/Vis
SMP-01180,12.12,49410.1,8580.4,8807.2,0.0482,Chlorpheniramine,HPLC-UV/Vis
SMP-01181,1.23,12510.4,3259.1,3274.6,0.0123,Uracil,HPLC-UV/Vis
SMP-01181,2.82,54188.7,11026.1,11637.7,0.0531,Acetaminophen,HPLC-UV/Vis
SMP-01181,4.19,102808.9,17058.4,17845.1,0.102,Caffeine,HPLC-UV/Vis
SMP-01181,5.58,19379.7,4401.5,4482.2,0.0188,Aspirin,HPLC-UV/Vis
SMP-01181,7.15,70462.3,11559.6,12276.6,0.0711,Benzoic Acid,HPLC-UV/Vis
SMP-01181,8.92,25914.8,5246.6,5468.2,0.026,Phenacetin,HPLC-UV/Vis
SMP-01181,10.42,13963.5,3454.4,3569.9,0.0144,Salicylic Acid,HPLC-UV/Vis
SMP-01181,12.08,56352.2,10605.3,10881.1,0.057,Chlorpheniramine,HPLC-UV/Vis
SMP-01182,1.25,13884.7,3579.3,3655.0,0.0138,Uracil,HPLC-UV/Vis
SMP-01182,2.78,44710.5,8704.4,9015.4,0.0438,Acetaminophen,HPLC-UV/Vis
SMP-01182,4.14,82391.7,13141.3,13772.3,0.0848,Caffeine,HPLC-UV/Vis
SMP-01182,5.58,22912.3,5071.7,5294.1,0.0227,Aspirin,HPLC-UV/Vis
SMP-01182,7.27,58681.4,10054.7,10655.9,0.0583,Benzoic Acid,HPLC-UV/Vis
SMP-01182,8.9,31278.0,6639.1,6854.2,0.0313,Phenacetin,HPLC-UV/Vis
SMP-01182,10.42,16705.6,3976.9,3901.8,0.0168,Salicylic Acid,HPLC-UV/Vis
SMP-01182,12.12,54876.7,9935.8,10240.0,0.0537,Chlorpheniramine,HPLC-UV/Vis
SMP-01183,1.22,11077.7,2842.8,2835.3,0.011,Uracil,HPLC-UV/Vis
SMP-01183,2.8,230101.9,45303.9,50396.9,0.2277,Acetaminophen,HPLC-UV/Vis
SMP-01183,4.12,103478.3,16488.4,16535.1,0.1069,Caffeine,HPLC-UV/Vis
SMP-01183,5.53,19758.9,4341.5,4355.6,0.0195,Aspirin,HPLC-UV/Vis
SMP-01183,7.23,70230.0,11245.7,11062.3,0.069,Benzoic Acid,HPLC-UV/Vis
SMP-01183,8.98,30465.3,6153.4,6266.8,0.0307,Phenacetin,HPLC-UV/Vis
SMP-01183,10.4,15017.4,3747.1,3971.5,0.0149,Salicylic Acid,HPLC-UV/Vis
SMP-01183,12.08,54636.2,9606.9,10168.3,0.0556,Chlorpheniramine,HPLC-UV/Vis
SMP-01184,1.23,15028.2,3886.1,3992.3,0.0154,Uracil,HPLC-UV/Vis
SMP-01184,2.8,45083.9,8872.7,9060.2,0.0446,Acetaminophen,HPLC-UV/Vis
SMP-01184,4.14,89902.4,15174.5,14975.3,0.0913,Caffeine,HPLC-UV/Vis
SMP-01184,5.59,20589.7,4553.1,4654.1,0.0205,Aspirin,HPLC-UV/Vis
SMP-01184,7.22,76970.7,12592.3,13141.9,0.0778,Benzoic Acid,HPLC-UV/Vis
SMP-01184,9.0,29208.9,6021.0,6238.3,0.0285,Phenacetin,HPLC-UV/Vis
SMP-01184,10.4,16282.9,4146.5,4288.7,0.0163,Salicylic Acid,HPLC-UV/Vis
SMP-01184,12.07,52138.1,9383.1,9683.0,0.0536,Chlorpheniramine,HPLC-UV/Vis
SMP-01185,1.23,12421.3,3327.1,3312.2,0.0124,Uracil,HPLC-UV/Vis
SMP-01185,2.87,49337.3,9455.3,9732.2,0.0486,Acetaminophen,HPLC-UV/Vis
SMP-01185,4.08,92121.7,14944.0,15084.9,0.0917,Caffeine,HPLC-UV/Vis
SMP-01185,5.65,23159.2,5253.4,5360.1,0.0238,Aspirin,HPLC-UV/Vis
SMP-01185,7.23,71224.6,11825.1,12416.2,0.0769,Benzoic Acid,HPLC-UV/Vis
SMP-01185,8.95,27164.1,5652.1,5847.2,0.0284,Phenacetin,HPLC-UV/Vis
SMP-01185,10.43,12356.3,3027.2,3065.3,0.0125,Salicylic Acid,HPLC-UV/Vis
SMP-01185,12.08,57130.9,10225.5,10541.9,0.0576,Chlorpheniramine,HPLC-UV/Vis
SMP-01186,1.22,13530.3,3412.6,3602.3,0.0131,Uracil,HPLC-UV/Vis
SMP-01186,2.8,45371.6,8856.5,8866.1,0.0464,Acetaminophen,HPLC-UV/Vis
SMP-01186,4.12,108508.7,17487.1,17709.6,0.11,Caffeine,HPLC-UV/Vis
SMP-01186,5.63,23292.7,5289.0,5664.8,0.0229,Aspirin,HPLC-UV/Vis
SMP-01186,7.15,69961.2,11668.5,12313.2,0.0699,Benzoic Acid,HPLC-UV/Vis
SMP-01186,8.96,30469.8,6321.3,6539.6,0.0308,Phenacetin,HPLC-UV/Vis
SMP-01186,10.42,16563.4,3997.5,4110.9,0.0165,Salicylic Acid,HPLC-UV/Vis
SMP-01186,12.09,58323.6,10794.9,11191.8,0.0572,Chlorpheniramine,HPLC-UV/Vis
SMP-01187,1.31,13189.3,3389.7,3432.8,0.0132,Uracil,HPLC-UV/Vis
SMP-01187,2.79,180966.6,34468.5,40230.9,0.1812,Acetaminophen,HPLC-UV/Vis
SMP-01187,4.17,99743.5,15949.8,16219.9,0.1014,Caffeine,HPLC-UV/Vis
SMP-01187,5.56,22074.3,5081.3,5180.6,0.0218,Aspirin,HPLC-UV/Vis
SMP-01187,7.17,58519.8,9636.9,9655.6,0.058,Benzoic Acid,HPLC-UV/Vis
SMP-01187,8.96,30761.5,6080.4,6212.8,0.031,Phenacetin,HPLC-UV/Vis
SMP-01187,10.39,14502.6,3542.2,3623.4,0.0142,Salicylic Acid,HPLC-UV/Vis
SMP-01187,12.1,48197.8,8529.5,8753.1,0.0465,Chlorpheniramine,HPLC-UV/Vis
SMP-01188,1.27,11840.6,2966.7,3119.9,0.012,Uracil,HPLC-UV/Vis
SMP-01188,2.78,155741.6,30748.8,34361.8,0.1631,Acetaminophen,HPLC-UV/Vis
SMP-01188,4.15,99437.6,16219.7,16693.7,0.1009,Caffeine,HPLC-UV/Vis
SMP-01188,5.62,22713.0,4941.0,4969.9,0.0228,Aspirin,HPLC-UV/Vis
SMP-01188,7.22,57565.2,9601.4,9850.5,0.0575,Benzoic Acid,HPLC-UV/Vis
SMP-01188,8.99,34369.3,7068.6,7253.9,0.0351,Phenacetin,HPLC-UV/Vis
SMP-01188,10.45,16363.9,3990.7,4165.6,0.0166,Salicylic Acid,HPLC-UV/Vis
SMP-01188,12.09,70718.1,12669.5,13265.5,0.0702,Chlorpheniramine,HPLC-UV/Vis
SMP-01189,1.22,11305.7,2965.1,3083.6,0.0118,Uracil,HPLC-UV/Vis
SMP-01189,2.8,45603.8,8602.5,8962.0,0.0454,Acetaminophen,HPLC-UV/Vis
SMP-01189,4.18,84076.3,13811.0,14326.4,0.0845,Caffeine,HPLC-UV/Vis
SMP-01189,5.64,21416.8,4352.8,4557.3,0.0218,Aspirin,HPLC-UV/Vis
SMP-01189,7.2,74679.5,12885.0,13429.4,0.0758,Benzoic Acid,HPLC-UV/Vis
SMP-01189,8.95,27802.7,5653.3,5950.1,0.0285,Phenacetin,HPLC-UV/Vis
SMP-01189,10.39,109841.7,25969.7,23100.6,0.1076,Salicylic Acid,HPLC-UV/Vis
SMP-01189,12.1,56417.3,10621.4,11147.4,0.0583,Chlorpheniramine,HPLC-UV/Vis
SMP-01190,1.28,11261.1,2799.9,2978.0,0.0112,Uracil,HPLC-UV/Vis
SMP-01190,2.73,50656.1,9545.3,9675.0,0.0517,Acetaminophen,HPLC-UV/Vis
SMP-01190,4.19,81803.9,13233.9,13425.5,0.0794,Caffeine,HPLC-UV/Vis
SMP-01190,5.58,20256.4,4708.5,4758.4,0.0194,Aspirin,HPLC-UV/Vis
SMP-01190,7.21,55712.5,9198.6,9836.9,0.056,Benzoic Acid,HPLC-UV/Vis
SMP-01190,8.93,31158.6,6350.5,6580.2,0.0322,Phenacetin,HPLC-UV/Vis
SMP-01190,10.38,15482.9,3881.0,3971.1,0.0156,Salicylic Acid,HPLC-UV/Vis
SMP-01190,12.16,59201.0,10448.1,10303.7,0.0594,Chlorpheniramine,HPLC-UV/Vis
SMP-01191,1.24,11210.4,2832.9,2888.1,0.0112,Uracil,HPLC-UV/Vis
SMP-01191,2.78,48227.7,9371.5,9653.4,0.0482,Acetaminophen,HPLC-UV/Vis
SMP-01191,4.19,107329.2,17985.9,17890.8,0.1061,Caffeine,HPLC-UV/Vis
SMP-01191,5.58,21480.6,4532.9,4636.1,0.0211,Aspirin,HPLC-UV/Vis
SMP-01191,7.23,70208.6,11218.7,11750.0,0.0704,Benzoic Acid,HPLC-UV/Vis
SMP-01191,8.97,28781.4,6032.7,6299.5,0.0294,Phenacetin,HPLC-UV/Vis
SMP-01191,10.46,17086.8,4072.8,4209.4,0.0168,Salicylic Acid,HPLC-UV/Vis
SMP-01191,12.07,66293.9,11901.3,12247.9,0.0658,Chlorpheniramine,HPLC-UV/Vis
SMP-01192,1.23,12738.9,3275.9,3346.2,0.0129,Uracil,HPLC-UV/Vis
SMP-01192,2.8,53887.7,10319.0,10566.0,0.0528,Acetaminophen,HPLC-UV/Vis
SMP-01192,4.16,84485.6,13240.3,13733.3,0.0853,Caffeine,HPLC-UV/Vis
SMP-01192,5.56,26265.9,5724.7,5781.0,0.0267,Aspirin,HPLC-UV/Vis
SMP-01192,7.19,61787.6,10416.7,10451.6,0.0652,Benzoic Acid,HPLC-UV/Vis
SMP-01192,8.96,30698.9,6121.0,6190.1,0.0314,Phenacetin,HPLC-UV/Vis
SMP-01192,10.38,14727.2,3494.7,3661.1,0.015,Salicylic Acid,HPLC-UV/Vis
SMP-01192,12.11,57597.3,9929.9,10282.5,0.0588,Chlorpheniramine,HPLC-UV/Vis
SMP-01193,1.25,11658.7,2941.9,2999.4,0.0118,Uracil,HPLC-UV/Vis
SMP-01193,2.75,49453.9,9749.9,10111.6,0.0486,Acetaminophen,HPLC-UV/Vis
SMP-01193,4.17,89436.6,14234.9,15032.0,0.0879,Caffeine,HPLC-UV/Vis
SMP-01193,5.6,23400.1,5175.4,5372.3,0.0231,Aspirin,HPLC-UV/Vis
SMP-01193,7.16,67255.8,10966.5,11516.3,0.0662,Benzoic Acid,HPLC-UV/Vis
SMP-01193,8.95,31811.4,6385.7,6624.0,0.0318,Phenacetin,HPLC-UV/Vis
SMP-01193,10.45,15781.7,3730.9,3989.1,0.0161,Salicylic Acid,HPLC-UV/Vis
SMP-01193,12.09,58210.1,9920.6,10525.1,0.0592,Chlorpheniramine,HPLC-UV/Vis
SMP-01194,1.28,13221.0,3301.2,3412.1,0.0134,Uracil,HPLC-UV/Vis
SMP-01194,2.79,49927.9,9749.5,10408.2,0.0493,Acetaminophen,HPLC-UV/Vis
SMP-01194,4.12,95244.0,14997.8,15534.2,0.0973,Caffeine,HPLC-UV/Vis
SMP-01194,5.57,25283.1,5637.4,5796.9,0.0248,Aspirin,HPLC-UV/Vis
SMP-01194,7.27,63536.8,10225.1,10596.2,0.0622,Benzoic Acid,HPLC-UV/Vis
SMP-01194,8.99,27899.8,5666.0,5884.8,0.0271,Phenacetin,HPLC-UV/Vis
SMP-01194,10.4,18659.6,4448.1,4556.4,0.0194,Salicylic Acid,HPLC-UV/Vis
SMP-01194,12.05,52935.1,9743.7,10317.9,0.0544,Chlorpheniramine,HPLC-UV/Vis
SMP-01195,1.27,10833.1,2717.9,2728.9,0.0111,Uracil,HPLC-UV/Vis
SMP-01195,2.8,52869.6,10417.9,10967.6,0.0536,Acetaminophen,HPLC-UV/Vis
SMP-01195,4.12,97891.1,16118.7,16470.4,0.0991,Caffeine,HPLC-UV/Vis
SMP-01195,5.6,21368.5,4610.4,4620.0,0.0213,Aspirin,HPLC-UV/Vis
SMP-01195,7.25,61969.1,10419.0,10736.3,0.062,Benzoic Acid,HPLC-UV/Vis
SMP-01195,8.92,36862.2,7755.8,8032.3,0.0371,Phenacetin,HPLC-UV/Vis
SMP-01195,10.39,14965.6,3575.3,3694.6,0.0146,Salicylic Acid,HPLC-UV/Vis
SMP-01195,12.12,52288.0,8940.0,9140.4,0.0529,Chlorpheniramine,HPLC-UV/Vis
SMP-01196,1.2,13735.8,3506.8,3635.8,0.0141,Uracil,HPLC-UV/Vis
SMP-01196,2.74,53840.5,9873.4,10103.9,0.055,Acetaminophen,HPLC-UV/Vis
SMP-01196,4.13,87267.6,14107.4,14287.9,0.0861,Caffeine,HPLC-UV/Vis
SMP-01196,5.58,24260.7,5216.9,5517.9,0.0247,Aspirin,HPLC-UV/Vis
SMP-01196,7.22,77657.6,12568.8,12680.4,0.0782,Benzoic Acid,HPLC-UV/Vis
SMP-01196,8.9,26198.3,5402.9,5345.0,0.0259,Phenacetin,HPLC-UV/Vis
SMP-01196,10.41,16388.4,3967.8,4180.7,0.0166,Salicylic Acid,HPLC-UV/Vis
SMP-01196,12.07,58990.3,10867.9,11135.5,0.0571,Chlorpheniramine,HPLC-UV/Vis
SMP-01197,1.25,12378.4,2909.0,3027.3,0.0124,Uracil,HPLC-UV/Vis
SMP-01197,2.77,46307.9,9124.0,9328.0,0.0468,Acetaminophen,HPLC-UV/Vis
SMP-01197,4.13,95322.4,15319.4,16305.0,0.0958,Caffeine,HPLC-UV/Vis
SMP-01197,5.55,24912.0,5407.5,5668.8,0.0247,Aspirin,HPLC-UV/Vis
SMP-01197,7.19,69122.0,11732.0,12088.5,0.07,Benzoic Acid,HPLC-UV/Vis
SMP-01197,8.92,32497.2,6670.9,6836.1,0.031,Phenacetin,HPLC-UV/Vis
SMP-01197,10.41,16152.2,3981.2,4100.1,0.0158,Salicylic Acid,HPLC-UV/Vis
SMP-01197,12.04,54876.3,10483.0,10778.3,0.0541,Chlorpheniramine,HPLC-UV/Vis
SMP-01198,1.25,10288.7,2668.9,2743.1,0.0103,Uracil,HPLC-UV/Vis
SMP-01198,2.8,54147.7,10301.7,10299.6,0.0534,Acetaminophen,HPLC-UV/Vis
SMP-01198,4.13,76480.0,12580.4,12861.3,0.0775,Caffeine,HPLC-UV/Vis
SMP-01198,5.57,26933.2,5819.2,5896.6,0.0271,Aspirin,HPLC-UV/Vis
SMP-01198,7.22,79454.4,13494.8,13618.6,0.0785,Benzoic Acid,HPLC-UV/Vis
SMP-01198,8.96,36236.0,7734.8,7933.5,0.0359,Phenacetin,HPLC-UV/Vis
SMP-01198,10.42,17285.4,4218.4,4344.8,0.0179,Salicylic Acid,HPLC-UV/Vis
SMP-01198,12.04,54015.1,9826.2,10068.1,0.0554,Chlorpheniramine,HPLC-UV/Vis
SMP-01199,1.22,11566.3,3037.6,3046.4,0.0115,Uracil,HPLC-UV/Vis
SMP-01199,2.76,41049.5,7524.6,7615.5,0.0406,Acetaminophen,HPLC-UV/Vis
SMP-01199,4.12,85791.5,14372.2,14899.3,0.0896,Caffeine,HPLC-UV/Vis
SMP-01199,5.59,23456.1,5100.2,5250.5,0.0226,Aspirin,HPLC-UV/Vis
SMP-01199,7.23,80230.9,13819.9,14269.3,0.0809,Benzoic Acid,HPLC-UV/Vis
SMP-01199,8.93,28207.8,5834.3,5996.4,0.0287,Phenacetin,HPLC-UV/Vis
SMP-01199,10.39,17487.2,4325.4,4370.2,0.0171,Salicylic Acid,HPLC-UV/Vis
SMP-01199,12.12,56999.2,10340.5,10783.5,0.0573,Chlorpheniramine,HPLC-UV/Vis
SMP-01200,1.28,11896.6,2972.7,3105.2,0.0118,Uracil,HPLC-UV/Vis
SMP-01200,2.84,46963.7,9182.4,9423.9,0.0477,Acetaminophen,HPLC-UV/Vis
SMP-01200,4.15,91718.7,15149.2,15086.0,0.0928,Caffeine,HPLC-UV/Vis
SMP-01200,5.58,19492.9,4645.5,4772.9,0.0196,Aspirin,HPLC-UV/Vis
SMP-01200,7.15,72890.7,11659.6,12313.4,0.0753,Benzoic Acid,HPLC-UV/Vis
SMP-01200,8.94,23265.6,4438.1,4627.3,0.024,Phenacetin,HPLC-UV/Vis
SMP-01200,10.38,13133.9,3070.5,3244.2,0.0132,Salicylic Acid,HPLC-UV/Vis
SMP-01200,12.12,67052.9,12008.7,12208.9,0.0677,Chlorpheniramine,HPLC-UV/Vis
SMP-01201,1.27,12055.7,3058.3,3044.5,0.0118,Uracil,HPLC-UV/Vis
SMP-01201,2.78,46928.8,9056.0,9338.9,0.0469,Acetaminophen,HPLC-UV/Vis
SMP-01201,4.18,89047.7,14386.4,14807.7,0.0876,Caffeine,HPLC-UV/Vis
SMP-01201,5.58,22730.7,5045.7,5228.4,0.0229,Aspirin,HPLC-UV/Vis
SMP-01201,7.25,67907.5,11200.7,11939.4,0.0669,Benzoic Acid,HPLC-UV/Vis
SMP-01201,8.89,29947.0,5822.8,5838.8,0.0302,Phenacetin,HPLC-UV/Vis
SMP-01201,10.38,18149.4,4550.4,4682.2,0.0176,Salicylic Acid,HPLC-UV/Vis
SMP-01201,12.09,55784.7,10321.5,10548.3,0.0572,Chlorpheniramine,HPLC-UV/Vis
SMP-01202,1.27,13390.7,3529.3,3758.3,0.0132,Uracil,HPLC-UV/Vis
SMP-01202,2.79,59740.1,11970.0,12197.4,0.0594,Acetaminophen,HPLC-UV/Vis
SMP-01202,4.16,94920.1,15727.0,16575.2,0.0985,Caffeine,HPLC-UV/Vis
SMP-01202,5.59,22258.5,4872.2,5054.3,0.0226,Aspirin,HPLC-UV/Vis
SMP-01202,7.18,69817.2,11320.0,11751.3,0.0734,Benzoic Acid,HPLC-UV/Vis
SMP-01202,9.02,28589.1,5776.4,5910.1,0.0287,Phenacetin,HPLC-UV/Vis
SMP-01202,10.42,11314.1,2644.3,2823.8,0.0109,Salicylic Acid,HPLC-UV/Vis
SMP-01202,12.12,53954.4,9506.1,9876.0,0.0549,Chlorpheniramine,HPLC-UV/Vis
SMP-01203,1.26,13522.2,3579.3,3713.2,0.014,Uracil,HPLC-UV/Vis
SMP-01203,2.77,44799.5,9029.6,9139.1,0.0427,Acetaminophen,HPLC-UV/Vis
SMP-01203,4.14,109254.2,17875.9,18854.5,0.1084,Caffeine,HPLC-UV/Vis
SMP-01203,5.61,26286.5,5833.1,5947.0,0.0268,Aspirin,HPLC-UV/Vis
SMP-01203,7.18,67103.2,11041.9,11376.8,0.0662,Benzoic Acid,HPLC-UV/Vis
SMP-01203,8.98,33792.0,7072.7,7023.4,0.0339,Phenacetin,HPLC-UV/Vis
SMP-01203,10.44,15282.6,3871.3,4011.3,0.0145,Salicylic Acid,HPLC-UV/Vis
SMP-01203,12.07,50883.1,9510.0,9851.9,0.0503,Chlorpheniramine,HPLC-UV/Vis
SMP-01204,1.26,12221.0,3208.0,3251.2,0.0122,Uracil,HPLC-UV/Vis
SMP-01204,2.78,55774.5,10642.1,10860.6,0.055,Acetaminophen,HPLC-UV/Vis
SMP-01204,4.15,100068.3,16090.3,16609.8,0.0967,Caffeine,HPLC-UV/Vis
SMP-01204,5.63,21123.1,4781.3,4836.2,0.021,Aspirin,HPLC-UV/Vis
SMP-01204,7.22,54242.5,10096.7,10189.8,0.0568,Benzoic Acid,HPLC-UV/Vis
SMP-01204,8.91,29792.9,5986.3,6100.3,0.0298,Phenacetin,HPLC-UV/Vis
SMP-01204,10.44,15935.2,3890.5,3951.0,0.0158,Salicylic Acid,HPLC-UV/Vis
SMP-01204,12.06,68027.0,12371.9,12806.2,0.0693,Chlorpheniramine,HPLC-UV/Vis
SMP-01205,1.32,11381.1,2840.4,2894.8,0.0117,Uracil,HPLC-UV/Vis
SMP-01205,2.85,43593.0,7991.3,8164.8,0.043,Acetaminophen,HPLC-UV/Vis
SMP-01205,4.17,89240.2,14724.4,15381.6,0.0905,Caffeine,HPLC-UV/Vis
SMP-01205,5.65,21968.1,4752.7,4873.2,0.0222,Aspirin,HPLC-UV/Vis
SMP-01205,7.19,65246.9,11281.4,11324.8,0.0689,Benzoic Acid,HPLC-UV/Vis
SMP-01205,8.94,32354.1,6739.3,6853.2,0.0326,Phenacetin,HPLC-UV/Vis
SMP-01205,10.38,13097.1,3206.4,3291.3,0.0125,Salicylic Acid,HPLC-UV/Vis
SMP-01205,12.1,58858.5,10265.9,10512.1,0.0577,Chlorpheniramine,HPLC-UV/Vis
SMP-01206,1.23,13096.4,3331.7,3318.1,0.0131,Uracil,HPLC-UV/Vis
SMP-01206,2.83,54127.6,10689.0,10872.7,0.0541,Acetaminophen,HPLC-UV/Vis
SMP-01206,4.18,87520.7,14404.7,14353.0,0.088,Caffeine,HPLC-UV/Vis
SMP-01206,5.6,20701.9,4633.8,4831.9,0.0206,Aspirin,HPLC-UV/Vis
SMP-01206,7.22,77896.1,13590.8,14106.1,0.0783,Benzoic Acid,HPLC-UV/Vis
SMP-01206,8.99,23953.1,5142.6,5299.6,0.0224,Phenacetin,HPLC-UV/Vis
SMP-01206,10.4,14900.7,3598.9,3705.5,0.0149,Salicylic Acid,HPLC-UV/Vis
SMP-01206,12.11,52143.3,9895.1,10362.2,0.0532,Chlorpheniramine,HPLC-UV/Vis
SMP-01207,1.27,12268.4,2907.7,3008.9,0.0127,Uracil,HPLC-UV/Vis
SMP-01207,2.78,46074.4,8805.3,9123.3,0.0456,Acetaminophen,HPLC-UV/Vis
SMP-01207,4.15,91498.6,14513.4,14827.6,0.0894,Caffeine,HPLC-UV/Vis
SMP-01207,5.58,23468.9,4944.7,4971.3,0.0234,Aspirin,HPLC-UV/Vis
SMP-01207,7.21,80955.0,12775.6,13408.8,0.0816,Benzoic Acid,HPLC-UV/Vis
SMP-01207,8.94,34695.1,7105.4,7272.9,0.034,Phenacetin,HPLC-UV/Vis
SMP-01207,10.36,16980.6,4046.9,4071.7,0.017,Salicylic Acid,HPLC-UV/Vis
SMP-01207,12.15,54423.7,9901.2,10239.4,0.055,Chlorpheniramine,HPLC-UV/Vis
SMP-01208,1.25,11185.6,2860.2,2949.4,0.0108,Uracil,HPLC-UV/Vis
SMP-01208,2.76,36864.8,7034.1,7136.4,0.0369,Acetaminophen,HPLC-UV/Vis
SMP-01208,4.16,93076.1,15541.6,15906.5,0.0884,Caffeine,HPLC-UV/Vis
SMP-01208,5.61,23553.2,5306.7,5767.6,0.0237,Aspirin,HPLC-UV/Vis
SMP-01208,7.21,59378.1,10121.3,10390.3,0.0616,Benzoic Acid,HPLC-UV/Vis
SMP-01208,8.95,29242.3,5794.0,6040.0,0.029,Phenacetin,HPLC-UV/Vis
SMP-01208,10.38,14988.2,3880.7,3892.3,0.0147,Salicylic Acid,HPLC-UV/Vis
SMP-01208,12.09,57944.9,10598.1,10946.6,0.057,Chlorpheniramine,HPLC-UV/Vis
SMP-01209,1.24,12443.7,3215.1,3289.0,0.0125,Uracil,HPLC-UV/Vis
SMP-01209,2.78,46164.4,8630.2,8920.4,0.0451,Acetaminophen,HPLC-UV/Vis
SMP-01209,4.16,80941.7,13606.9,14501.8,0.0798,Caffeine,HPLC-UV/Vis
SMP-01209,5.64,18946.4,4188.3,4288.7,0.0194,Aspirin,HPLC-UV/Vis
SMP-01209,7.21,61852.0,10598.5,10678.8,0.063,Benzoic Acid,HPLC-UV/Vis
SMP-01209,8.88,31397.1,6557.4,6592.9,0.0309,Phenacetin,HPLC-UV/Vis
SMP-01209,10.38,16114.9,3901.6,3915.7,0.0168,Salicylic Acid,HPLC-UV/Vis
SMP-01209,12.1,63807.5,11791.4,12274.2,0.065,Chlorpheniramine,HPLC-UV/Vis
SMP-01210,1.27,13156.6,3365.4,3538.7,0.0134,Uracil,HPLC-UV/Vis
SMP-01210,2.83,42166.2,8259.1,8230.6,0.0416,Acetaminophen,HPLC-UV/Vis
SMP-01210,4.17,83958.5,12705.9,12962.4,0.0833,Caffeine,HPLC-UV/Vis
SMP-01210,5.6,21329.0,4751.7,5068.5,0.0219,Aspirin,HPLC-UV/Vis
SMP-01210,7.27,75379.0,13059.5,13054.3,0.0748,Benzoic Acid,HPLC-UV/Vis
SMP-01210,8.92,32847.3,7052.0,7216.5,0.0339,Phenacetin,HPLC-UV/Vis
SMP-01210,10.34,14245.1,3596.3,3630.0,0.0146,Salicylic Acid,HPLC-UV/Vis
SMP-01210,12.11,51072.0,9323.4,9916.8,0.0506,Chlorpheniramine,HPLC-UV/Vis
SMP-01211,1.31,12777.1,3236.9,3301.6,0.0123,Uracil,HPLC-UV/Vis
SMP-01211,2.81,50242.0,9649.8,10124.0,0.0511,Acetaminophen,HPLC-UV/Vis
SMP-01211,4.13,463158.9,63873.9,78043.8,0.4727,Caffeine,HPLC-UV/Vis
SMP-01211,5.59,21311.3,4938.8,5259.8,0.0215,Aspirin,HPLC-UV/Vis
SMP-01211,7.25,62693.0,9953.5,9856.5,0.0628,Benzoic Acid,HPLC-UV/Vis
SMP-01211,8.99,29389.4,5782.0,6084.5,0.0299,Phenacetin,HPLC-UV/Vis
SMP-01211,10.35,12620.8,3252.2,3167.3,0.0122,Salicylic Acid,HPLC-UV/Vis
SMP-01211,12.06,55346.1,9670.0,10209.6,0.0561,Chlorpheniramine,HPLC-UV/Vis
SMP-01212,1.24,11163.8,2856.4,2871.8,0.0117,Uracil,HPLC-UV/Vis
SMP-01212,2.77,52971.9,10281.8,10877.8,0.0542,Acetaminophen,HPLC-UV/Vis
SMP-01212,4.11,84022.7,15219.7,15508.6,0.0836,Caffeine,HPLC-UV/Vis
SMP-01212,5.57,24726.1,5254.5,5324.8,0.0249,Aspirin,HPLC-UV/Vis
SMP-01212,7.2,67191.0,10772.2,11410.9,0.0687,Benzoic Acid,HPLC-UV/Vis
SMP-01212,8.96,29669.7,6294.5,6591.5,0.0305,Phenacetin,HPLC-UV/Vis
SMP-01212,10.36,12701.3,3398.9,3562.5,0.0131,Salicylic Acid,HPLC-UV/Vis
SMP-01212,12.12,44869.4,8247.1,8497.9,0.0445,Chlorpheniramine,HPLC-UV/Vis
SMP-01213,1.29,11799.4,3162.7,3254.6,0.0119,Uracil,HPLC-UV/Vis
SMP-01213,2.81,46846.5,9678.5,10187.4,0.0445,Acetaminophen,HPLC-UV/Vis
SMP-01213,4.19,81947.8,13323.2,13744.0,0.0848,Caffeine,HPLC-UV/Vis
SMP-01213,5.57,145606.5,32565.6,34723.1,0.1465,Aspirin,HPLC-UV/Vis
SMP-01213,7.19,66972.8,10948.5,11121.9,0.0677,Benzoic Acid,HPLC-UV/Vis
SMP-01213,8.97,30377.3,6211.8,6376.2,0.0307,Phenacetin,HPLC-UV/Vis
SMP-01213,10.45,17235.1,4207.3,4400.8,0.0166,Salicylic Acid,HPLC-UV/Vis
SMP-01213,12.11,45828.4,8115.8,8404.4,0.0462,Chlorpheniramine,HPLC-UV/Vis
SMP-01214,1.3,12264.8,3043.1,3184.4,0.0126,Uracil,HPLC-UV/Vis
SMP-01214,2.81,54959.5,10607.2,11264.7,0.0539,Acetaminophen,HPLC-UV/Vis
SMP-01214,4.11,84075.8,13667.4,13822.5,0.0843,Caffeine,HPLC-UV/Vis
SMP-01214,5.61,22781.8,5214.0,5287.0,0.0227,Aspirin,HPLC-UV/Vis
SMP-01214,7.22,64532.3,10858.7,11361.7,0.0638,Benzoic Acid,HPLC-UV/Vis
SMP-01214,8.94,28718.0,5767.9,5655.9,0.0277,Phenacetin,HPLC-UV/Vis
SMP-01214,10.37,17404.0,4157.9,4323.1,0.0173,Salicylic Acid,HPLC-UV/Vis
SMP-01214,12.09,55356.8,10371.5,10780.3,0.0546,Chlorpheniramine,HPLC-UV/Vis
SMP-01215,1.25,12986.2,3352.6,3394.3,0.0131,Uracil,HPLC-UV/Vis
SMP-01215,2.84,44765.3,9355.3,9907.9,0.0449,Acetaminophen,HPLC-UV/Vis
SMP-01215,4.19,80608.5,12754.5,12808.5,0.0802,Caffeine,HPLC-UV/Vis
SMP-01215,5.59,23019.9,4871.7,5151.0,0.0236,Aspirin,HPLC-UV/Vis
SMP-01215,7.24,70018.4,12005.3,12039.7,0.0696,Benzoic Acid,HPLC-UV/Vis
SMP-01215,8.95,30651.7,6266.7,6501.5,0.0307,Phenacetin,HPLC-UV/Vis
SMP-01215,10.37,15748.2,3916.4,3936.4,0.0156,Salicylic Acid,HPLC-UV/Vis
SMP-01215,12.15,54940.1,10157.1,10629.1,0.052,Chlorpheniramine,HPLC-UV/Vis
SMP-01216,1.24,14322.0,3748.2,3926.2,0.0145,Uracil,HPLC-UV/Vis
SMP-01216,2.83,45702.5,9224.3,9303.8,0.0467,Acetaminophen,HPLC-UV/Vis
SMP-01216,4.17,75180.8,12338.5,12671.3,0.0751,Caffeine,HPLC-UV/Vis
SMP-01216,5.6,23399.6,4893.8,4928.0,0.0235,Aspirin,HPLC-UV/Vis
SMP-01216,7.2,67702.9,11260.2,11475.3,0.0675,Benzoic Acid,HPLC-UV/Vis
SMP-01216,8.93,31068.0,6610.7,6792.9,0.0324,Phenacetin,HPLC-UV/Vis
SMP-01216,10.4,14955.2,3901.3,4076.5,0.0151,Salicylic Acid,HPLC-UV/Vis
SMP-01216,12.09,48778.2,9257.6,9628.1,0.0484,Chlorpheniramine,HPLC-UV/Vis
SMP-01217,1.22,12363.6,3194.1,3144.6,0.0122,Uracil,HPLC-UV/Vis
SMP-01217,2.83,43263.9,7928.4,7991.7,0.0448,Acetaminophen,HPLC-UV/Vis
SMP-01217,4.12,74272.3,12084.1,12478.0,0.0751,Caffeine,HPLC-UV/Vis
SMP-01217,5.56,22247.1,4956.7,5062.1,0.0213,Aspirin,HPLC-UV/Vis
SMP-01217,7.18,60229.0,9708.8,10301.3,0.062,Benzoic Acid,HPLC-UV/Vis
SMP-01217,8.9,34003.3,7370.7,7935.7,0.0331,Phenacetin,HPLC-UV/Vis
SMP-01217,10.4,12590.1,2968.8,3011.2,0.0127,Salicylic Acid,HPLC-UV/Vis
SMP-01217,12.13,56778.0,10566.5,10744.0,0.0572,Chlorpheniramine,HPLC-UV/Vis
SMP-01218,1.27,12155.0,3110.8,3202.1,0.0118,Uracil,HPLC-UV/Vis
SMP-01218,2.8,51268.1,10262.1,10403.0,0.051,Acetaminophen,HPLC-UV/Vis
SMP-01218,4.19,92096.4,15058.4,15427.0,0.0904,Caffeine,HPLC-UV/Vis
SMP-01218,5.66,26152.8,5748.7,5966.0,0.0266,Aspirin,HPLC-UV/Vis
SMP-01218,7.26,75814.2,13535.1,13993.7,0.0726,Benzoic Acid,HPLC-UV/Vis
SMP-01218,8.94,31739.4,6853.4,6984.8,0.0312,Phenacetin,HPLC-UV/Vis
SMP-01218,10.46,14881.9,3654.7,3899.3,0.0151,Salicylic Acid,HPLC-UV/Vis
SMP-01218,12.09,50662.6,8648.4,8825.5,0.0477,Chlorpheniramine,HPLC-UV/Vis
SMP-01219,1.25,11568.8,2799.8,2961.9,0.0115,Uracil,HPLC-UV/Vis
SMP-01219,2.8,52483.9,10355.3,10689.1,0.0517,Acetaminophen,HPLC-UV/Vis
SMP-01219,4.14,81931.7,13250.2,13635.4,0.0835,Caffeine,HPLC-UV/Vis
SMP-01219,5.67,24170.3,5334.2,5541.6,0.0235,Aspirin,HPLC-UV/Vis
SMP-01219,7.22,65414.6,11046.8,11553.4,0.0644,Benzoic Acid,HPLC-UV/Vis
SMP-01219,8.95,37148.8,7872.2,8172.4,0.0366,Phenacetin,HPLC-UV/Vis
SMP-01219,10.43,14727.7,3637.0,3785.8,0.0147,Salicylic Acid,HPLC-UV/Vis
SMP-01219,12.15,283879.0,45600.2,45481.2,0.2887,Chlorpheniramine,HPLC-UV/Vis
SMP-01220,1.24,14618.7,3792.7,3831.0,0.0149,Uracil,HPLC-UV/Vis
SMP-01220,2.79,42091.3,7591.5,7986.3,0.0405,Acetaminophen,HPLC-UV/Vis
SMP-01220,4.1,105265.9,17692.2,18329.2,0.1071,Caffeine,HPLC-UV/Vis
SMP-01220,5.58,19227.4,4366.4,4409.3,0.0204,Aspirin,HPLC-UV/Vis
SMP-01220,7.23,76000.4,12179.8,12435.7,0.0757,Benzoic Acid,HPLC-UV/Vis
SMP-01220,8.94,27649.2,5766.4,5818.6,0.0276,Phenacetin,HPLC-UV/Vis
SMP-01220,10.42,14725.2,3507.6,3688.5,0.0148,Salicylic Acid,HPLC-UV/Vis
SMP-01220,12.04,57571.3,10271.6,10637.0,0.0556,Chlorpheniramine,HPLC-UV/Vis
SMP-01221,1.26,12164.7,3041.6,3203.8,0.012,Uracil,HPLC-UV/Vis
SMP-01221,2.83,41988.6,8359.4,8538.4,0.0426,Acetaminophen,HPLC-UV/Vis
SMP-01221,4.15,89888.2,14599.1,15148.4,0.0884,Caffeine,HPLC-UV/Vis
SMP-01221,5.62,22147.5,4813.9,4877.3,0.0219,Aspirin,HPLC-UV/Vis
SMP-01221,7.22,64373.4,10333.7,10601.7,0.0625,Benzoic Acid,HPLC-UV/Vis
SMP-01221,8.99,27805.4,5676.5,6097.3,0.028,Phenacetin,HPLC-UV/Vis
SMP-01221,10.34,15861.1,3776.1,3931.5,0.0156,Salicylic Acid,HPLC-UV/Vis
SMP-01221,12.14,57839.2,10070.9,10390.9,0.0589,Chlorpheniramine,HPLC-UV/Vis
SMP-01222,1.3,12626.0,3300.5,3376.9,0.0127,Uracil,HPLC-UV/Vis
SMP-01222,2.85,54012.4,11069.5,11010.6,0.0543,Acetaminophen,HPLC-UV/Vis
SMP-01222,4.13,92526.3,14415.9,15272.6,0.0898,Caffeine,HPLC-UV/Vis
SMP-01222,5.62,21715.2,5004.6,4972.0,0.0217,Aspirin,HPLC-UV/Vis
SMP-01222,7.18,64071.7,10461.2,11041.0,0.0625,Benzoic Acid,HPLC-UV/Vis
SMP-01222,8.94,31554.0,6569.7,6918.4,0.0302,Phenacetin,HPLC-UV/Vis
SMP-01222,10.38,15166.3,3697.0,3647.4,0.015,Salicylic Acid,HPLC-UV/Vis
SMP-01222,12.12,51488.4,9372.8,9740.5,0.0512,Chlorpheniramine,HPLC-UV/Vis
SMP-01223,1.23,11273.5,2869.1,2816.6,0.0115,Uracil,HPLC-UV/Vis
SMP-01223,2.79,49448.4,9712.7,10210.8,0.0509,Acetaminophen,HPLC-UV/Vis
SMP-01223,4.13,95666.9,15239.7,15464.5,0.0951,Caffeine,HPLC-UV/Vis
SMP-01223,5.62,25146.3,5570.9,5801.5,0.0254,Aspirin,HPLC-UV/Vis
SMP-01223,7.22,67373.6,11060.3,11313.2,0.0666,Benzoic Acid,HPLC-UV/Vis
SMP-01223,8.95,33275.3,7115.9,7410.3,0.0333,Phenacetin,HPLC-UV/Vis
SMP-01223,10.46,12480.4,3315.9,3368.4,0.0123,Salicylic Acid,HPLC-UV/Vis
SMP-01223,12.07,56216.0,10028.9,10279.1,0.0563,Chlorpheniramine,HPLC-UV/Vis
SMP-01224,1.25,13727.9,3521.3,3873.3,0.0138,Uracil,HPLC-UV/Vis
SMP-01224,2.78,36940.1,7466.3,7930.1,0.0377,Acetaminophen,HPLC-UV/Vis
SMP-01224,4.12,95771.7,15341.7,15537.9,0.094,Caffeine,HPLC-UV/Vis
SMP-01224,5.59,25021.2,5608.6,5681.6,0.025,Aspirin,HPLC-UV/Vis
SMP-01224,7.24,61261.3,10303.4,10510.6,0.06,Benzoic Acid,HPLC-UV/Vis
SMP-01224,8.93,25491.9,5310.9,5395.1,0.0256,Phenacetin,HPLC-UV/Vis
SMP-01224,10.41,16987.3,3990.0,4205.3,0.0169,Salicylic Acid,HPLC-UV/Vis
SMP-01224,12.03,52529.4,9267.2,9402.4,0.0529,Chlorpheniramine,HPLC-UV/Vis
SMP-01225,1.22,12565.1,3175.0,3207.6,0.0124,Uracil,HPLC-UV/Vis
SMP-01225,2.8,44929.6,8548.2,8816.2,0.0443,Acetaminophen,HPLC-UV/Vis
SMP-01225,4.16,90444.8,14753.2,15581.7,0.0904,Caffeine,HPLC-UV/Vis
SMP-01225,5.6,24928.0,5684.9,5879.9,0.025,Aspirin,HPLC-UV/Vis
SMP-01225,7.12,67994.6,11103.2,11449.2,0.0685,Benzoic Acid,HPLC-UV/Vis
SMP-01225,8.91,28956.3,5769.3,5872.4,0.0281,Phenacetin,HPLC-UV/Vis
SMP-01225,10.43,14391.0,3507.3,3582.0,0.0144,Salicylic Acid,HPLC-UV/Vis
SMP-01225,12.05,51099.3,9645.9,9648.8,0.0523,Chlorpheniramine,HPLC-UV/Vis
SMP-01226,1.24,13384.4,3460.2,3416.0,0.0133,Uracil,HPLC-UV/Vis
SMP-01226,2.84,43964.4,8487.3,8544.9,0.0439,Acetaminophen,HPLC-UV/Vis
SMP-01226,4.18,85449.6,13372.2,14101.1,0.0831,Caffeine,HPLC-UV/Vis
SMP-01226,5.56,23776.9,5413.1,5505.3,0.0232,Aspirin,HPLC-UV/Vis
SMP-01226,7.2,80394.8,13719.2,14451.9,0.079,Benzoic Acid,HPLC-UV/Vis
SMP-01226,8.98,32152.0,6474.4,6794.6,0.0317,Phenacetin,HPLC-UV/Vis
SMP-01226,10.39,14063.2,3379.5,3613.9,0.0137,Salicylic Acid,HPLC-UV/Vis
SMP-01226,12.13,53201.5,9457.6,9505.2,0.0546,Chlorpheniramine,HPLC-UV/Vis
SMP-01227,1.17,12833.9,3169.0,3257.1,0.0125,Uracil,HPLC-UV/Vis
SMP-01227,2.8,47043.9,9499.5,9784.8,0.0471,Acetaminophen,HPLC-UV/Vis
SMP-01227,4.18,79111.9,12669.8,13049.6,0.0775,Caffeine,HPLC-UV/Vis
SMP-01227,5.61,20268.7,4537.7,4792.7,0.0199,Aspirin,HPLC-UV/Vis
SMP-01227,7.21,68759.4,11829.4,12232.5,0.0693,Benzoic Acid,HPLC-UV/Vis
SMP-01227,8.9,32484.4,6712.3,6862.7,0.0309,Phenacetin,HPLC-UV/Vis
SMP-01227,10.37,13842.9,3232.7,3203.0,0.014,Salicylic Acid,HPLC-UV/Vis
SMP-01227,12.08,58650.8,10577.7,10953.4,0.0586,Chlorpheniramine,HPLC-UV/Vis
SMP-01228,1.23,13424.5,3334.5,3441.1,0.0138,Uracil,HPLC-UV/Vis
SMP-01228,2.81,46246.8,8890.8,9094.8,0.0448,Acetaminophen,HPLC-UV/Vis
SMP-01228,4.19,91823.7,14933.8,15560.7,0.088,Caffeine,HPLC-UV/Vis
SMP-01228,5.6,19157.4,4254.4,4224.5,0.0195,Aspirin,HPLC-UV/Vis
SMP-01228,7.19,72532.2,12103.1,12581.2,0.0729,Benzoic Acid,HPLC-UV/Vis
SMP-01228,9.0,35087.2,7280.2,7520.5,0.0356,Phenacetin,HPLC-UV/Vis
SMP-01228,10.46,14755.9,3713.6,3818.6,0.0143,Salicylic Acid,HPLC-UV/Vis
SMP-01228,12.14,59474.8,10704.5,11108.6,0.0602,Chlorpheniramine,HPLC-UV/Vis
SMP-01229,1.29,13624.6,3446.3,3551.5,0.0136,Uracil,HPLC-UV/Vis
SMP-01229,2.74,54631.6,10408.4,10613.9,0.0547,Acetaminophen,HPLC-UV/Vis
SMP-01229,4.14,90704.8,15461.9,15969.6,0.09,Caffeine,HPLC-UV/Vis
SMP-01229,5.66,23277.2,5152.0,5165.3,0.0235,Aspirin,HPLC-UV/Vis
SMP-01229,7.24,70530.1,11763.0,11804.6,0.0704,Benzoic Acid,HPLC-UV/Vis
SMP-01229,8.95,25053.8,4964.9,5064.6,0.0254,Phenacetin,HPLC-UV/Vis
SMP-01229,10.44,17538.3,4158.8,4488.9,0.0176,Salicylic Acid,HPLC-UV/Vis
SMP-01229,12.12,56467.0,10244.8,10329.9,0.056,Chlorpheniramine,HPLC-UV/Vis
SMP-01230,1.28,14242.8,3616.9,3731.1,0.0141,Uracil,HPLC-UV/Vis
SMP-01230,2.79,43107.5,8393.7,8364.6,0.0436,Acetaminophen,HPLC-UV/Vis
SMP-01230,4.23,83686.4,13487.5,14166.5,0.0851,Caffeine,HPLC-UV/Vis
SMP-01230,5.59,20450.5,4923.6,5122.1,0.0206,Aspirin,HPLC-UV/Vis
SMP-01230,7.16,64323.7,10339.1,10683.8,0.0625,Benzoic Acid,HPLC-UV/Vis
SMP-01230,8.99,34778.3,7219.0,7463.4,0.0345,Phenacetin,HPLC-UV/Vis
SMP-01230,10.4,12683.9,3019.4,3157.8,0.0123,Salicylic Acid,HPLC-UV/Vis
SMP-01230,12.09,42445.2,7889.5,8227.3,0.0435,Chlorpheniramine,HPLC-UV/Vis
SMP-01231,1.22,10919.0,2859.4,2986.1,0.0107,Uracil,HPLC-UV/Vis
SMP-01231,2.8,46425.8,9271.6,9672.6,0.0464,Acetaminophen,HPLC-UV/Vis
SMP-01231,4.14,86448.5,14421.8,15130.6,0.0882,Caffeine,HPLC-UV/Vis
SMP-01231,5.6,21098.7,4796.1,4883.3,0.0202,Aspirin,HPLC-UV/Vis
SMP-01231,7.17,49155.0,7976.1,8340.2,0.0497,Benzoic Acid,HPLC-UV/Vis
SMP-01231,8.99,29394.4,5810.1,6041.8,0.0296,Phenacetin,HPLC-UV/Vis
SMP-01231,10.39,16440.8,4036.2,4216.3,0.0162,Salicylic Acid,HPLC-UV/Vis
SMP-01231,12.07,247320.3,37203.3,46319.0,0.2542,Chlorpheniramine,HPLC-UV/Vis
SMP-01232,1.25,13770.9,3661.3,3849.4,0.014,Uracil,HPLC-UV/Vis
SMP-01232,2.77,51227.6,10030.2,10373.4,0.0499,Acetaminophen,HPLC-UV/Vis
SMP-01232,4.18,70212.5,11759.6,11574.9,0.0677,Caffeine,HPLC-UV/Vis
SMP-01232,5.65,22804.1,5106.9,5167.2,0.0227,Aspirin,HPLC-UV/Vis
SMP-01232,7.25,62363.3,10142.3,10665.0,0.062,Benzoic Acid,HPLC-UV/Vis
SMP-01232,8.92,32558.2,6556.8,6484.4,0.0332,Phenacetin,HPLC-UV/Vis
SMP-01232,10.36,16814.6,4325.0,4557.9,0.0175,Salicylic Acid,HPLC-UV/Vis
SMP-01232,12.11,56124.2,10114.0,10351.2,0.0529,Chlorpheniramine,HPLC-UV/Vis
SMP-01233,1.2,13575.7,3490.3,3592.9,0.0136,Uracil,HPLC-UV/Vis
SMP-01233,2.82,50159.0,9713.8,9771.0,0.049,Acetaminophen,HPLC-UV/Vis
SMP-01233,4.14,80059.7,12691.6,13048.5,0.0778,Caffeine,HPLC-UV/Vis
SMP-01233,5.64,22825.8,4769.3,4995.2,0.0233,Aspirin,HPLC-UV/Vis
SMP-01233,7.2,83114.3,14059.5,15322.0,0.0849,Benzoic Acid,HPLC-UV/Vis
SMP-01233,8.93,28242.6,5815.9,5968.0,0.0279,Phenacetin,HPLC-UV/Vis
SMP-01233,10.39,14602.0,3631.9,3686.2,0.0146,Salicylic Acid,HPLC-UV/Vis
SMP-01233,12.1,55292.1,9715.3,10020.4,0.0552,Chlorpheniramine,HPLC-UV/Vis
SMP-01234,1.24,13008.0,3346.1,3510.6,0.0128,Uracil,HPLC-UV/Vis
SMP-01234,2.78,46077.1,9026.1,9083.5,0.0466,Acetaminophen,HPLC-UV/Vis
SMP-01234,4.16,81459.8,13114.8,13423.3,0.0803,Caffeine,HPLC-UV/Vis
SMP-01234,5.55,23729.4,5436.7,5733.1,0.0242,Aspirin,HPLC-UV/Vis
SMP-01234,7.24,69871.2,12089.7,12713.9,0.0703,Benzoic Acid,HPLC-UV/Vis
SMP-01234,9.02,25647.1,5228.0,5237.9,0.0257,Phenacetin,HPLC-UV/Vis
SMP-01234,10.38,14715.0,3433.9,3568.0,0.0146,Salicylic Acid,HPLC-UV/Vis
SMP-01234,12.08,55540.6,10260.3,10666.3,0.0558,Chlorpheniramine,HPLC-UV/Vis
SMP-01235,1.26,11700.1,2988.5,3098.8,0.0121,Uracil,HPLC-UV/Vis
SMP-01235,2.77,47106.5,9476.6,9914.7,0.0471,Acetaminophen,HPLC-UV/Vis
SMP-01235,4.1,98222.9,15830.1,16504.5,0.1,Caffeine,HPLC-UV/Vis
SMP-01235,5.6,22195.6,5159.4,5349.8,0.0223,Aspirin,HPLC-UV/Vis
SMP-01235,7.18,65716.6,11236.0,11971.8,0.0658,Benzoic Acid,HPLC-UV/Vis
SMP-01235,8.9,35201.0,7013.2,7147.9,0.0353,Phenacetin,HPLC-UV/Vis
SMP-01235,10.34,13672.9,3341.8,3542.1,0.0141,Salicylic Acid,HPLC-UV/Vis
SMP-01235,12.1,58524.2,10972.1,11327.0,0.0587,Chlorpheniramine,HPLC-UV/Vis
SMP-01236,1.28,10746.7,2763.7,2868.8,0.0103,Uracil,HPLC-UV/Vis
SMP-01236,2.83,36887.0,7057.9,7216.0,0.0361,Acetaminophen,HPLC-UV/Vis
SMP-01236,4.13,94641.5,15927.3,16580.9,0.093,Caffeine,HPLC-UV/Vis
SMP-01236,5.62,16324.5,3794.0,3918.0,0.0164,Aspirin,HPLC-UV/Vis
SMP-01236,7.25,69671.2,11838.7,11880.4,0.0704,Benzoic Acid,HPLC-UV/Vis
SMP-01236,8.95,27165.6,5561.0,5621.6,0.0267,Phenacetin,HPLC-UV/Vis
SMP-01236,10.4,15474.5,3635.5,3741.2,0.0154,Salicylic Acid,HPLC-UV/Vis
SMP-01236,12.13,59822.2,10589.3,10990.8,0.0578,Chlorpheniramine,HPLC-UV/Vis
SMP-01237,1.27,11052.6,2842.2,2934.8,0.0118,Uracil,HPLC-UV/Vis
SMP-01237,2.81,42760.5,8375.0,8814.9,0.0412,Acetaminophen,HPLC-UV/Vis
SMP-01237,4.12,96001.0,15962.6,16582.7,0.098,Caffeine,HPLC-UV/Vis
SMP-01237,5.59,23989.6,5558.6,5771.0,0.0239,Aspirin,HPLC-UV/Vis
SMP-01237,7.24,64974.9,10647.3,10865.7,0.0661,Benzoic Acid,HPLC-UV/Vis
SMP-01237,8.97,26610.5,5409.1,5565.0,0.0277,Phenacetin,HPLC-UV/Vis
SMP-01237,10.39,14791.7,3526.3,3552.9,0.0153,Salicylic Acid,HPLC-UV/Vis
SMP-01237,12.15,54739.0,9873.6,10189.1,0.056,Chlorpheniramine,HPLC-UV/Vis
SMP-01238,1.27,12402.2,3226.4,3310.0,0.0124,Uracil,HPLC-UV/Vis
SMP-01238,2.76,52184.4,10169.9,10363.2,0.0525,Acetaminophen,HPLC-UV/Vis
SMP-01238,4.15,89959.2,15170.8,15710.5,0.088,Caffeine,HPLC-UV/Vis
SMP-01238,5.62,19375.7,4096.2,4383.7,0.0192,Aspirin,HPLC-UV/Vis
SMP-01238,7.2,63080.9,9887.4,9962.1,0.0622,Benzoic Acid,HPLC-UV/Vis
SMP-01238,8.93,26545.6,5339.3,5618.6,0.0261,Phenacetin,HPLC-UV/Vis
SMP-01238,10.44,14528.3,3887.5,4073.5,0.0146,Salicylic Acid,HPLC-UV/Vis
SMP-01238,12.14,50443.7,8994.0,9552.9,0.05,Chlorpheniramine,HPLC-UV/Vis
SMP-01239,1.23,10044.6,2679.1,2757.2,0.0104,Uracil,HPLC-UV/Vis
SMP-01239,2.79,213808.5,42819.9,45752.2,0.2156,Acetaminophen,HPLC-UV/Vis
SMP-01239,4.14,106106.8,17350.6,17803.1,0.1055,Caffeine,HPLC-UV/Vis
SMP-01239,5.58,21198.6,4772.1,5062.2,0.021,Aspirin,HPLC-UV/Vis
SMP-01239,7.18,68099.5,10877.3,11018.0,0.0669,Benzoic Acid,HPLC-UV/Vis
SMP-01239,8.91,24209.9,4703.4,4828.1,0.0237,Phenacetin,HPLC-UV/Vis
SMP-01239,10.41,14319.8,3479.0,3732.1,0.0142,Salicylic Acid,HPLC-UV/Vis
SMP-01239,12.11,49768.8,8825.2,9073.1,0.05,Chlorpheniramine,HPLC-UV/Vis
SMP-01240,1.27,14376.2,3511.4,3644.2,0.0144,Uracil,HPLC-UV/Vis
SMP-01240,2.81,52117.3,10196.7,10698.2,0.0521,Acetaminophen,HPLC-UV/Vis
SMP-01240,4.13,89538.8,14436.8,14900.8,0.0866,Caffeine,HPLC-UV/Vis
SMP-01240,5.64,26320.3,5546.4,5649.9,0.026,Aspirin,HPLC-UV/Vis
SMP-01240,7.2,71984.9,11508.7,11934.5,0.0715,Benzoic Acid,HPLC-UV/Vis
SMP-01240,8.97,28900.2,6013.4,6164.1,0.0288,Phenacetin,HPLC-UV/Vis
SMP-01240,10.4,18635.0,4273.7,4401.1,0.0183,Salicylic Acid,HPLC-UV/Vis
SMP-01240,12.08,59201.4,10585.2,10661.1,0.0599,Chlorpheniramine,HPLC-UV/Vis
SMP-01241,1.3,10843.1,2759.4,2948.4,0.0108,Uracil,HPLC-UV/Vis
SMP-01241,2.8,45794.1,8680.7,9019.8,0.047,Acetaminophen,HPLC-UV/Vis
SMP-01241,4.12,84271.4,13312.9,13883.4,0.0832,Caffeine,HPLC-UV/Vis
SMP-01241,5.64,18954.0,4233.4,4350.0,0.0189,Aspirin,HPLC-UV/Vis
SMP-01241,7.19,67346.7,11130.1,11619.1,0.0659,Benzoic Acid,HPLC-UV/Vis
SMP-01241,8.89,31641.4,6636.2,6679.6,0.0309,Phenacetin,HPLC-UV/Vis
SMP-01241,10.44,17681.5,4346.9,4538.6,0.0176,Salicylic Acid,HPLC-UV/Vis
SMP-01241,12.11,46758.1,8455.7,8865.8,0.0466,Chlorpheniramine,HPLC-UV/Vis
SMP-01242,1.25,12829.5,3371.5,3562.4,0.013,Uracil,HPLC-UV/Vis
SMP-01242,2.79,51862.8,10234.1,10166.4,0.0532,Acetaminophen,HPLC-UV/Vis
SMP-01242,4.14,96989.3,15442.4,15883.7,0.0982,Caffeine,HPLC-UV/Vis
SMP-01242,5.59,22283.6,5067.5,5378.5,0.0218,Aspirin,HPLC-UV/Vis
SMP-01242,7.18,67609.2,11829.2,12273.9,0.0669,Benzoic Acid,HPLC-UV/Vis
SMP-01242,8.98,29767.7,5957.6,6172.5,0.0301,Phenacetin,HPLC-UV/Vis
SMP-01242,10.37,17735.7,4398.2,4617.0,0.0176,Salicylic Acid,HPLC-UV/Vis
SMP-01242,12.08,45942.6,8209.0,8344.4,0.0459,Chlorpheniramine,HPLC-UV/Vis
SMP-01243,1.25,11721.7,2898.7,2902.1,0.0118,Uracil,HPLC-UV/Vis
SMP-01243,2.76,52333.4,10392.9,10492.4,0.0526,Acetaminophen,HPLC-UV/Vis
SMP-01243,4.16,90735.0,15041.8,15938.0,0.0913,Caffeine,HPLC-UV/Vis
SMP-01243,5.64,21857.6,4683.2,4886.6,0.0213,Aspirin,HPLC-UV/Vis
SMP-01243,7.25,55821.5,9378.4,9389.2,0.0564,Benzoic Acid,HPLC-UV/Vis
SMP-01243,8.92,24638.0,5122.7,5212.1,0.0245,Phenacetin,HPLC-UV/Vis
SMP-01243,10.42,16494.3,4014.7,4170.2,0.0164,Salicylic Acid,HPLC-UV/Vis
SMP-01243,12.1,57329.7,10176.1,10525.1,0.0568,Chlorpheniramine,HPLC-UV/Vis
SMP-01244,1.28,12912.6,3355.4,3392.6,0.0129,Uracil,HPLC-UV/Vis
SMP-01244,2.81,57546.1,11241.7,11429.5,0.0571,Acetaminophen,HPLC-UV/Vis
SMP-01244,4.13,90090.4,14443.1,15262.3,0.0917,Caffeine,HPLC-UV/Vis
SMP-01244,5.59,25210.9,5722.9,6077.3,0.025,Aspirin,HPLC-UV/Vis
SMP-01244,7.18,85188.9,14089.2,14871.4,0.0854,Benzoic Acid,HPLC-UV/Vis
SMP-01244,8.95,34080.7,7044.4,7496.0,0.0343,Phenacetin,HPLC-UV/Vis
SMP-01244,10.42,15615.1,3691.2,3830.0,0.0154,Salicylic Acid,HPLC-UV/Vis
SMP-01244,12.1,43212.6,7686.9,8059.5,0.043,Chlorpheniramine,HPLC-UV/Vis
SMP-01245,1.25,13051.8,3326.1,3408.2,0.013,Uracil,HPLC-UV/Vis
SMP-01245,2.78,48302.1,9315.1,9828.0,0.0479,Acetaminophen,HPLC-UV/Vis
SMP-01245,4.17,93596.3,15393.9,16116.3,0.0918,Caffeine,HPLC-UV/Vis
SMP-01245,5.64,24106.0,5252.7,5225.0,0.0235,Aspirin,HPLC-UV/Vis
SMP-01245,7.18,69459.1,11084.0,11299.5,0.0678,Benzoic Acid,HPLC-UV/Vis
SMP-01245,9.02,34910.9,7271.8,7414.0,0.0342,Phenacetin,HPLC-UV/Vis
SMP-01245,10.35,58141.4,12912.5,14118.3,0.0563,Salicylic Acid,HPLC-UV/Vis
SMP-01245,12.11,52041.0,9496.7,9899.0,0.0509,Chlorpheniramine,HPLC-UV/Vis
SMP-01246,1.25,13998.9,3678.8,3763.6,0.0139,Uracil,HPLC-UV/Vis
SMP-01246,2.77,41341.0,7908.9,7769.4,0.0404,Acetaminophen,HPLC-UV/Vis
SMP-01246,4.23,83455.1,13853.4,14214.1,0.0842,Caffeine,HPLC-UV/Vis
SMP-01246,5.55,26281.7,5599.3,5933.4,0.0261,Aspirin,HPLC-UV/Vis
SMP-01246,7.18,78198.8,12760.7,13046.0,0.0795,Benzoic Acid,HPLC-UV/Vis
SMP-01246,9.01,34836.2,7012.7,7405.7,0.0336,Phenacetin,HPLC-UV/Vis
SMP-01246,10.38,16529.9,4250.4,4235.9,0.0168,Salicylic Acid,HPLC-UV/Vis
SMP-01246,12.12,48888.2,8813.6,8908.3,0.0494,Chlorpheniramine,HPLC-UV/Vis
SMP-01247,1.24,13235.0,3331.4,3404.9,0.0131,Uracil,HPLC-UV/Vis
SMP-01247,2.8,42444.7,8079.9,8347.9,0.0415,Acetaminophen,HPLC-UV/Vis
SMP-01247,4.15,90593.5,14495.9,15106.2,0.0923,Caffeine,HPLC-UV/Vis
SMP-01247,5.61,19805.0,4629.2,4773.5,0.0199,Aspirin,HPLC-UV/Vis
SMP-01247,7.19,75349.2,12784.8,13088.8,0.0774,Benzoic Acid,HPLC-UV/Vis
SMP-01247,8.9,25181.3,5318.4,5403.9,0.0251,Phenacetin,HPLC-UV/Vis
SMP-01247,10.41,13750.3,3534.6,3620.1,0.0137,Salicylic Acid,HPLC-UV/Vis
SMP-01247,12.07,55449.5,9602.6,9874.7,0.0572,Chlorpheniramine,HPLC-UV/Vis
SMP-01248,1.26,11083.1,2842.8,2882.8,0.0115,Uracil,HPLC-UV/Vis
SMP-01248,2.78,44803.1,8497.9,8792.9,0.0465,Acetaminophen,HPLC-UV/Vis
SMP-01248,4.12,87791.2,13718.2,14918.1,0.091,Caffeine,HPLC-UV/Vis
SMP-01248,5.62,22717.7,4994.0,5121.8,0.0238,Aspirin,HPLC-UV/Vis
SMP-01248,7.18,66695.5,11257.4,10811.1,0.0672,Benzoic Acid,HPLC-UV/Vis
SMP-01248,8.99,25821.0,5142.7,5099.8,0.0269,Phenacetin,HPLC-UV/Vis
SMP-01248,10.47,18702.0,4698.1,4707.3,0.0188,Salicylic Acid,HPLC-UV/Vis
SMP-01248,12.11,52196.3,9541.5,9913.2,0.0506,Chlorpheniramine,HPLC-UV/Vis
SMP-01249,1.27,13539.2,3503.3,3579.8,0.0135,Uracil,HPLC-UV/Vis
SMP-01249,2.8,49693.6,10305.4,10366.3,0.0509,Acetaminophen,HPLC-UV/Vis
SMP-01249,4.1,88329.4,14279.4,14707.3,0.0902,Caffeine,HPLC-UV/Vis
SMP-01249,5.64,23591.6,5258.4,5634.8,0.0231,Aspirin,HPLC-UV/Vis
SMP-01249,7.17,57118.4,9704.2,9673.6,0.0566,Benzoic Acid,HPLC-UV/Vis
SMP-01249,8.92,36806.4,7117.0,7479.2,0.0359,Phenacetin,HPLC-UV/Vis
SMP-01249,10.41,15160.3,3663.6,3667.2,0.0156,Salicylic Acid,HPLC-UV/Vis
SMP-01249,12.06,53673.9,9500.4,9944.8,0.0531,Chlorpheniramine,HPLC-UV/Vis
SMP-01250,1.25,13662.9,3461.1,3449.2,0.0135,Uracil,HPLC-UV/Vis
SMP-01250,2.81,44103.7,8587.0,8799.0,0.0448,Acetaminophen,HPLC-UV/Vis
SMP-01250,4.14,97386.4,16342.7,16532.5,0.0958,Caffeine,HPLC-UV/Vis
SMP-01250,5.62,26956.2,6088.3,6326.8,0.026,Aspirin,HPLC-UV/Vis
SMP-01250,7.22,61300.9,10137.4,10626.1,0.0615,Benzoic Acid,HPLC-UV/Vis
SMP-01250,8.99,35839.8,7341.4,7748.7,0.0352,Phenacetin,HPLC-UV/Vis
SMP-01250,10.42,15436.3,3734.8,3763.3,0.0154,Salicylic Acid,HPLC-UV/Vis
SMP-01250,12.1,54527.8,10078.8,10144.1,0.0549,Chlorpheniramine,HPLC-UV/Vis
