Sample ID,Retention Time,Peak Area,Peak Height,Intensity,Concentration,Compound Name,Analysis Type
SMP-00001,1.23,9917.3,2606.9,2723.9,0.0099,Uracil,GC-MS
SMP-00001,2.85,50658.7,10033.5,10472.5,0.0499,Acetaminophen,GC-MS
SMP-00001,4.1,86238.5,13828.4,13765.2,0.086,Caffeine,GC-MS
SMP-00001,5.59,20310.4,4470.5,4680.9,0.0204,Aspirin,GC-MS
SMP-00001,7.16,70777.0,11925.2,12602.8,0.0728,Benzoic Acid,GC-MS
SMP-00001,8.9,26721.9,5270.9,5460.2,0.0262,Phenacetin,GC-MS
SMP-00001,10.41,16169.8,4024.4,4172.5,0.0157,Salicylic Acid,GC-MS
SMP-00001,12.14,62456.4,11073.6,10996.6,0.0608,Chlorpheniramine,GC-MS
SMP-00002,1.28,13571.4,3628.2,3892.5,0.0138,Uracil,GC-MS
SMP-00002,2.79,44259.2,8291.8,8625.3,0.0446,Acetaminophen,GC-MS
SMP-00002,4.13,93276.8,15731.0,16228.5,0.0938,Caffeine,GC-MS
SMP-00002,5.59,22368.9,4895.3,4983.6,0.0226,Aspirin,GC-MS
SMP-00002,7.17,76830.8,12632.6,12918.8,0.0739,Benzoic Acid,GC-MS
SMP-00002,8.97,27796.2,5856.8,6038.4,0.028,Phenacetin,GC-MS
SMP-00002,10.4,10505.3,2360.8,2477.5,0.0111,Salicylic Acid,GC-MS
SMP-00002,12.08,46655.0,8596.7,8545.5,0.0453,Chlorpheniramine,GC-MS
SMP-00003,1.25,12128.3,3219.4,3235.9,0.0119,Uracil,GC-MS
SMP-00003,2.8,44253.2,9131.8,9295.5,0.0448,Acetaminophen,GC-MS
SMP-00003,4.16,85250.2,13687.0,14542.1,0.0846,Caffeine,GC-MS
SMP-00003,5.58,22017.1,5031.0,4932.4,0.0212,Aspirin,GC-MS
SMP-00003,7.21,71261.3,11732.9,11745.7,0.0724,Benzoic Acid,GC-MS
SMP-00003,8.92,31469.2,6805.4,7026.4,0.0307,Phenacetin,GC-MS
SMP-00003,10.39,16137.0,4035.0,4079.4,0.0159,Salicylic Acid,GC-MS
SMP-00003,12.12,61641.8,10709.1,10821.6,0.0627,Chlorpheniramine,GC-MS
SMP-00004,1.26,12377.4,3108.1,3293.8,0.0124,Uracil,GC-MS
SMP-00004,2.8,46939.2,8692.9,8800.3,0.0457,Acetaminophen,GC-MS
SMP-00004,4.18,102184.4,17135.5,17030.8,0.1029,Caffeine,GC-MS
SMP-00004,5.58,25010.8,5347.8,5390.9,0.0246,Aspirin,GC-MS
SMP-00004,7.17,73953.6,11922.7,12166.6,0.0731,Benzoic Acid,GC-MS
SMP-00004,8.92,32679.5,7057.3,7098.8,0.0321,Phenacetin,GC-MS
SMP-00004,10.36,17529.8,4214.7,4430.6,0.0177,Salicylic Acid,GC-MS
SMP-00004,12.13,52521.1,9808.8,9842.6,0.0517,Chlorpheniramine,GC-MS
SMP-00005,1.19,13043.5,3312.5,3375.3,0.0129,Uracil,GC-MS
SMP-00005,2.75,49625.4,9771.2,9980.3,0.0495,Acetaminophen,GC-MS
SMP-00005,4.13,75627.7,12416.5,12578.7,0.0749,Caffeine,GC-MS
SMP-00005,5.62,27296.5,6079.3,6275.6,0.0277,Aspirin,GC-MS
SMP-00005,7.15,63337.0,10109.0,10553.1,0.0651,Benzoic Acid,GC-MS
SMP-00005,8.92,33700.1,6728.3,6964.2,0.033,Phenacetin,GC-MS
SMP-00005,10.36,15627.7,3731.3,3875.8,0.0152,Salicylic Acid,GC-MS
SMP-00005,12.08,60990.0,11328.0,11618.9,0.0611,Chlorpheniramine,GC-MS
SMP-00006,1.26,12109.1,3217.5,3281.3,0.0117,Uracil,GC-MS
SMP-00006,2.8,49612.7,9800.4,10119.8,0.0497,Acetaminophen,GC-MS
SMP-00006,4.13,78341.1,12377.8,12726.5,0.0743,Caffeine,GC-MS
SMP-00006,5.57,22896.3,4930.9,5084.9,0.0228,Aspirin,GC-MS
SMP-00006,7.19,65758.7,10936.7,10867.1,0.0643,Benzoic Acid,GC-MS
SMP-00006,8.97,31463.4,6662.1,6838.0,0.0313,Phenacetin,GC-MS
SMP-00006,10.35,17065.7,4135.5,4251.8,0.017,Salicylic Acid,GC-MS
SMP-00006,12.03,55020.1,10590.0,11117.0,0.0547,Chlorpheniramine,GC-MS
SMP-00007,1.25,12912.3,3307.2,3461.6,0.0127,Uracil,GC-MS
SMP-00007,2.8,43285.0,8335.9,8643.9,0.044,Acetaminophen,GC-MS
SMP-00007,4.17,110640.4,17272.4,17097.9,0.1108,Caffeine,GC-MS
SMP-00007,5.6,19379.9,4299.3,4541.0,0.0199,Aspirin,GC-MS
SMP-00007,7.19,73366.1,12805.3,12945.4,0.0722,Benzoic Acid,GC-MS
SMP-00007,8.94,27997.0,5945.2,5923.8,0.0276,Phenacetin,GC-MS
SMP-00007,10.38,16792.2,3950.6,4130.4,0.0169,Salicylic Acid,GC-MS
SMP-00007,12.09,52289.5,9426.8,9907.1,0.0515,Chlorpheniramine,GC-MS
SMP-00008,1.31,13422.0,3519.3,3588.2,0.0137,Uracil,GC-MS
SMP-00008,2.76,41484.0,8440.2,8721.6,0.0406,Acetaminophen,GC-MS
SMP-00008,4.16,99740.3,15502.9,16382.6,0.1014,Caffeine,GC-MS
SMP-00008,5.59,24233.1,5306.6,5480.4,0.0237,Aspirin,GC-MS
SMP-00008,7.27,68550.1,11467.3,11928.0,0.0704,Benzoic Acid,GC-MS
SMP-00008,8.92,30847.8,6341.5,6628.3,0.0305,Phenacetin,GC-MS
SMP-00008,10.41,17752.8,4027.0,4154.2,0.0179,Salicylic Acid,GC-MS
SMP-00008,12.1,49709.8,9185.3,9528.6,0.0488,Chlorpheniramine,GC-MS
SMP-00009,1.27,11370.6,2984.9,3165.0,0.0115,Uracil,GC-MS
SMP-00009,2.8,52147.9,10508.6,10841.5,0.0528,Acetaminophen,GC-MS
SMP-00009,4.14,96053.0,15575.5,15778.0,0.0934,Caffeine,GC-MS
SMP-00009,5.61,25391.8,5458.8,5501.3,0.0253,Aspirin,GC-MS
SMP-00009,7.15,301106.1,48341.5,52982.1,0.2947,Benzoic Acid,GC-MS
SMP-00009,8.98,26247.9,5384.3,5652.1,0.0259,Phenacetin,GC-MS
SMP-00009,10.37,13308.7,3191.9,3329.7,0.0132,Salicylic Acid,GC-MS
SMP-00009,12.05,51068.8,9637.8,9454.4,0.0514,Chlorpheniramine,GC-MS
SMP-00010,1.23,12048.9,2956.2,3100.0,0.0122,Uracil,GC-MS
SMP-00010,2.81,41495.3,8238.2,8265.5,0.0407,Acetaminophen,GC-MS
SMP-00010,4.18,93206.6,15799.6,16184.0,0.0943,Caffeine,GC-MS
SMP-00010,5.59,23324.0,5380.2,5467.5,0.0238,Aspirin,GC-MS
SMP-00010,7.15,54435.4,8815.2,9271.2,0.0548,Benzoic Acid,GC-MS
SMP-00010,8.96,35671.9,7368.3,7456.3,0.0361,Phenacetin,GC-MS
SMP-00010,10.36,14443.4,3475.1,3597.7,0.0147,Salicylic Acid,GC-MS
SMP-00010,12.16,43623.6,7839.2,8483.8,0.0433,Chlorpheniramine,GC-MS
SMP-00011,1.23,11259.9,2848.3,3033.8,0.011,Uracil,GC-MS
SMP-00011,2.84,47260.6,9278.3,9490.3,0.0481,Acetaminophen,GC-MS
SMP-00011,4.18,90502.6,14639.7,14928.2,0.0922,Caffeine,GC-MS
SMP-00011,5.59,23431.7,5016.1,5298.0,0.0241,Aspirin,GC-MS
SMP-00011,7.21,71057.9,11360.4,11624.5,0.0708,Benzoic Acid,GC-MS
SMP-00011,8.97,29926.6,6003.3,6332.3,0.0298,Phenacetin,GC-MS
SMP-00011,10.34,13513.6,3268.8,3386.5,0.013,Salicylic Acid,GC-MS
SMP-00011,12.11,51585.6,9350.8,9899.3,0.0508,Chlorpheniramine,GC-MS
SMP-00012,1.24,11373.3,2920.3,3049.6,0.0116,Uracil,GC-MS
SMP-00012,2.84,47536.8,9516.8,9872.3,0.0478,Acetaminophen,GC-MS
SMP-00012,4.15,84204.1,13565.2,13995.8,0.0863,Caffeine,GC-MS
SMP-00012,5.62,20270.2,4433.5,4680.8,0.0204,Aspirin,GC-MS
SMP-00012,7.21,55242.9,9174.5,9406.9,0.0537,Benzoic Acid,GC-MS
SMP-00012,8.92,27902.8,5863.5,6108.6,0.0283,Phenacetin,GC-MS
SMP-00012,10.33,15190.2,3740.4,3803.5,0.015,Salicylic Acid,GC-MS
SMP-00012,12.11,53954.5,10121.4,10507.0,0.0542,Chlorpheniramine,GC-MS
SMP-00013,1.23,12620.5,3324.2,3456.1,0.0124,Uracil,GC-MS
SMP-00013,2.82,46742.0,9165.4,9286.5,0.0474,Acetaminophen,GC-MS
SMP-00013,4.14,94514.1,14975.3,15405.8,0.091,Caffeine,GC-MS
SMP-00013,5.67,24788.6,5740.8,5983.4,0.0249,Aspirin,GC-MS
SMP-00013,7.19,72637.9,11841.7,12220.6,0.0771,Benzoic Acid,GC-MS
SMP-00013,8.94,34708.9,7214.9,7401.9,0.034,Phenacetin,GC-MS
SMP-00013,10.39,15771.1,3892.1,4035.8,0.0155,Salicylic Acid,GC-MS
SMP-00013,12.11,46523.2,8524.0,8773.9,0.047,Chlorpheniramine,GC-MS
SMP-00014,1.24,12194.4,3018.3,3141.7,0.0122,Uracil,GC-MS
SMP-00014,2.77,39485.9,7369.4,7271.3,0.0388,Acetaminophen,GC-MS
SMP-00014,4.19,100006.3,16848.6,17810.9,0.1039,Caffeine,GC-MS
SMP-00014,5.63,24745.6,5072.3,5246.6,0.0248,Aspirin,GC-MS
SMP-00014,7.19,62722.5,10266.5,10738.3,0.0634,Benzoic Acid,GC-MS
SMP-00014,8.91,34935.0,7548.4,7642.0,0.035,Phenacetin,GC-MS
SMP-00014,10.32,13460.0,3284.5,3397.9,0.0133,Salicylic Acid,GC-MS
SMP-00014,12.11,64731.2,11276.0,11408.7,0.0641,Chlorpheniramine,GC-MS
SMP-00015,1.27,11608.6,2935.8,3167.5,0.0116,Uracil,GC-MS
SMP-00015,2.76,42441.7,8480.9,8908.8,0.0409,Acetaminophen,GC-MS
SMP-00015,4.16,82060.8,13550.3,13775.9,0.0794,Caffeine,GC-MS
SMP-00015,5.63,25678.1,5403.5,5458.0,0.0256,Aspirin,GC-MS
SMP-00015,7.24,64549.5,10299.8,10730.1,0.0639,Benzoic Acid,GC-MS
SMP-00015,8.98,33201.2,6608.0,6635.5,0.0322,Phenacetin,GC-MS
SMP-00015,10.44,13897.1,3320.0,3353.0,0.0138,Salicylic Acid,GC-MS
SMP-00015,12.07,61184.4,11338.1,11677.8,0.0624,Chlorpheniramine,GC-MS
SMP-00016,1.26,11169.3,2790.7,2928.6,0.0109,Uracil,GC-MS
SMP-00016,2.76,39479.3,7655.0,7882.3,0.0379,Acetaminophen,GC-MS
SMP-00016,4.2,79805.4,13114.3,13522.0,0.0784,Caffeine,GC-MS
SMP-00016,5.6,22397.5,5119.7,5278.5,0.0219,Aspirin,GC-MS
SMP-00016,7.2,73471.0,11760.6,12150.5,0.0752,Benzoic Acid,GC-MS
SMP-00016,8.99,29086.5,5937.0,6037.5,0.0293,Phenacetin,GC-MS
SMP-00016,10.41,20030.5,4573.7,4654.9,0.0196,Salicylic Acid,GC-MS
SMP-00016,12.08,52305.1,9426.6,9579.0,0.0533,Chlorpheniramine,GC-MS
SMP-00017,1.23,12402.4,3318.5,3321.3,0.0121,Uracil,GC-MS
SMP-00017,2.8,38720.2,7831.3,8100.3,0.0384,Acetaminophen,GC-MS
SMP-00017,4.15,85430.1,14015.7,14520.7,0.0833,Caffeine,GC-MS
SMP-00017,5.65,21736.4,5066.0,5230.0,0.0204,Aspirin,GC-MS
SMP-00017,7.17,51572.5,8553.9,8606.8,0.0512,Benzoic Acid,GC-MS
SMP-00017,8.97,31219.0,6410.8,6607.6,0.0308,Phenacetin,GC-MS
SMP-00017,10.38,15711.5,3724.4,3811.1,0.0157,Salicylic Acid,GC-MS
SMP-00017,12.13,60802.3,11021.8,11117.7,0.0585,Chlorpheniramine,GC-MS
SMP-00018,1.28,12588.8,3167.5,3159.3,0.0126,Uracil,GC-MS
SMP-00018,2.81,40441.4,8657.8,8993.8,0.0392,Acetaminophen,GC-MS
SMP-00018,4.16,95028.5,15570.2,15612.8,0.0956,Caffeine,GC-MS
SMP-00018,5.6,22792.6,5125.2,5295.1,0.0226,Aspirin,GC-MS
SMP-00018,7.22,64601.3,10586.9,10989.2,0.0652,Benzoic Acid,GC-MS
SMP-00018,8.9,29206.2,6196.2,6408.5,0.0293,Phenacetin,GC-MS
SMP-00018,10.35,14162.7,3467.7,3622.2,0.0144,Salicylic Acid,GC-MS
SMP-00018,12.1,54191.2,9650.8,9846.6,0.0529,Chlorpheniramine,GC-MS
SMP-00019,1.17,13972.9,3602.4,3812.8,0.0138,Uracil,GC-MS
SMP-00019,2.85,35183.9,6475.8,6759.2,0.0364,Acetaminophen,GC-MS
SMP-00019,4.14,85986.3,14177.0,14318.8,0.0869,Caffeine,GC-MS
SMP-00019,5.59,23140.8,5458.4,5648.7,0.0229,Aspirin,GC-MS
SMP-00019,7.24,62098.8,9963.0,10544.7,0.0637,Benzoic Acid,GC-MS
SMP-00019,9.0,95858.9,19237.5,16645.8,0.0979,Phenacetin,GC-MS
SMP-00019,10.37,15365.6,3787.2,3945.2,0.0153,Salicylic Acid,GC-MS
SMP-00019,12.14,56628.5,10082.0,10721.9,0.0553,Chlorpheniramine,GC-MS
SMP-00020,1.31,15500.0,4137.2,4222.4,0.0151,Uracil,GC-MS
SMP-00020,2.8,46243.0,8707.0,8872.7,0.0464,Acetaminophen,GC-MS
SMP-00020,4.19,94287.4,15584.4,15881.1,0.0944,Caffeine,GC-MS
SMP-00020,5.59,19383.7,4301.2,4477.5,0.0194,Aspirin,GC-MS
SMP-00020,7.18,66715.5,10897.9,11153.1,0.0685,Benzoic Acid,GC-MS
SMP-00020,9.0,35455.5,7386.7,7555.9,0.0356,Phenacetin,GC-MS
SMP-00020,10.44,13828.3,3256.3,3356.3,0.013,Salicylic Acid,GC-MS
SMP-00020,12.09,58320.5,10597.1,10538.8,0.0584,Chlorpheniramine,GC-MS
SMP-00021,1.21,11180.3,2771.4,2897.7,0.0109,Uracil,GC-MS
SMP-00021,2.8,46325.5,8838.4,9380.1,0.0478,Acetaminophen,GC-MS
SMP-00021,4.2,93284.2,15449.9,16153.0,0.0908,Caffeine,GC-MS
SMP-00021,5.61,21391.1,5146.9,5253.6,0.0218,Aspirin,GC-MS
SMP-00021,7.26,80068.3,12796.2,13269.9,0.0802,Benzoic Acid,GC-MS
SMP-00021,8.88,30135.5,6348.8,6489.3,0.0297,Phenacetin,GC-MS
SMP-00021,10.41,15138.3,3509.2,3617.4,0.0149,Salicylic Acid,GC-MS
SMP-00021,12.12,59687.1,10870.9,10953.6,0.0593,Chlorpheniramine,GC-MS
SMP-00022,1.28,11443.1,3080.5,3165.3,0.0116,Uracil,GC-MS
SMP-00022,2.83,42647.8,8708.9,9030.4,0.0433,Acetaminophen,GC-MS
SMP-00022,4.12,101168.6,15731.8,16210.9,0.1025,Caffeine,GC-MS
SMP-00022,5.58,21768.6,4758.5,4795.1,0.0216,Aspirin,GC-MS
SMP-00022,7.21,65395.0,10557.3,10693.4,0.0655,Benzoic Acid,GC-MS
SMP-00022,8.9,27406.7,5646.1,5598.1,0.0274,Phenacetin,GC-MS
SMP-00022,10.38,14933.5,3452.7,3479.0,0.0147,Salicylic Acid,GC-MS
SMP-00022,12.08,47304.4,8352.4,8375.6,0.0491,Chlorpheniramine,GC-MS
SMP-00023,1.29,10291.9,2538.9,2682.5,0.0102,Uracil,GC-MS
SMP-00023,2.82,51745.5,9607.7,9913.0,0.0513,Acetaminophen,GC-MS
SMP-00023,4.13,88413.9,13970.4,13891.0,0.0893,Caffeine,GC-MS
SMP-00023,5.61,20491.8,4492.8,4536.8,0.0202,Aspirin,GC-MS
SMP-00023,7.18,70096.0,11201.9,11407.8,0.0717,Benzoic Acid,GC-MS
SMP-00023,8.89,34623.7,7043.3,7084.0,0.0338,Phenacetin,GC-MS
SMP-00023,10.36,12635.4,3129.8,3226.9,0.0128,Salicylic Acid,GC-MS
SMP-00023,12.11,47908.9,8502.9,8759.9,0.048,Chlorpheniramine,GC-MS
SMP-00024,1.27,11159.0,2804.1,2924.3,0.0115,Uracil,GC-MS
SMP-00024,2.79,46844.1,9413.4,9953.4,0.0463,Acetaminophen,GC-MS
SMP-00024,4.15,83820.2,13629.8,13800.2,0.0844,Caffeine,GC-MS
SMP-00024,5.64,26056.1,5789.5,5861.7,0.0265,Aspirin,GC-MS
SMP-00024,7.16,65376.0,10408.7,11103.6,0.0668,Benzoic Acid,GC-MS
SMP-00024,8.93,30539.2,6285.9,6410.3,0.0305,Phenacetin,GC-MS
SMP-00024,10.38,15359.7,3874.1,3995.1,0.0148,Salicylic Acid,GC-MS
SMP-00024,12.08,51216.7,9291.3,9387.1,0.0528,Chlorpheniramine,GC-MS
SMP-00025,1.26,11259.1,2687.4,2788.9,0.0115,Uracil,GC-MS
SMP-00025,2.79,46305.7,8756.8,8727.7,0.0463,Acetaminophen,GC-MS
SMP-00025,4.16,96187.4,16031.3,16746.9,0.0974,Caffeine,GC-MS
SMP-00025,5.58,18394.3,4084.9,4316.0,0.0186,Aspirin,GC-MS
SMP-00025,7.22,54053.5,9361.7,9488.1,0.0541,Benzoic Acid,GC-MS
SMP-00025,8.95,36695.1,7784.9,7830.1,0.0371,Phenacetin,GC-MS
SMP-00025,10.44,18384.4,4459.7,4703.6,0.0188,Salicylic Acid,GC-MS
SMP-00025,12.14,55356.4,10217.8,10588.9,0.0558,Chlorpheniramine,GC-MS
SMP-00026,1.2,12655.7,3387.0,3422.4,0.0127,Uracil,GC-MS
SMP-00026,2.82,47217.3,9465.3,10072.6,0.0466,Acetaminophen,GC-MS
SMP-00026,4.17,86335.7,14383.2,14379.8,0.0861,Caffeine,GC-MS
SMP-00026,5.56,23650.0,5066.4,5166.0,0.0234,Aspirin,GC-MS
SMP-00026,7.22,69618.3,11635.8,11908.2,0.0715,Benzoic Acid,GC-MS
SMP-00026,8.92,32435.8,6876.1,7069.1,0.0324,Phenacetin,GC-MS
SMP-00026,10.42,16338.5,3943.4,4115.3,0.0163,Salicylic Acid,GC-MS
SMP-00026,12.14,52564.9,9268.0,9648.4,0.0516,Chlorpheniramine,GC-MS
SMP-00027,1.25,13737.3,3532.9,3567.9,0.0131,Uracil,GC-MS
SMP-00027,2.83,43557.6,8696.7,9144.2,0.042,Acetaminophen,GC-MS
SMP-00027,4.15,101908.3,17244.3,17503.0,0.1031,Caffeine,GC-MS
SMP-00027,5.57,25597.4,5909.1,5959.6,0.0259,Aspirin,GC-MS
SMP-00027,7.23,74671.5,12283.8,12601.6,0.0768,Benzoic Acid,GC-MS
SMP-00027,8.98,25651.0,4971.1,5222.6,0.0258,Phenacetin,GC-MS
SMP-00027,10.37,15833.9,3695.7,3788.4,0.016,Salicylic Acid,GC-MS
SMP-00027,12.05,44525.6,7883.1,7746.1,0.0453,Chlorpheniramine,GC-MS
SMP-00028,1.23,11834.2,2954.5,3114.2,0.0117,Uracil,GC-MS
SMP-00028,2.77,50081.6,9508.0,10053.2,0.0506,Acetaminophen,GC-MS
SMP-00028,4.15,78980.7,12295.6,12912.0,0.0781,Caffeine,GC-MS
SMP-00028,5.58,23164.8,5055.7,5204.7,0.0232,Aspirin,GC-MS
SMP-00028,7.18,66374.9,11057.9,11174.4,0.067,Benzoic Acid,GC-MS
SMP-00028,8.93,28670.0,5857.5,6054.3,0.0289,Phenacetin,GC-MS
SMP-00028,10.39,17636.6,4306.4,4527.7,0.0175,Salicylic Acid,GC-MS
SMP-00028,12.1,50304.9,8977.6,9288.5,0.0485,Chlorpheniramine,GC-MS
SMP-00029,1.19,12686.0,3181.9,3199.9,0.0126,Uracil,GC-MS
SMP-00029,2.85,44178.7,8967.5,9293.0,0.0458,Acetaminophen,GC-MS
SMP-00029,4.17,80405.6,13624.4,14278.1,0.0826,Caffeine,GC-MS
SMP-00029,5.59,24293.4,5091.4,5161.5,0.0238,Aspirin,GC-MS
SMP-00029,7.22,70681.1,11836.6,12696.4,0.072,Benzoic Acid,GC-MS
SMP-00029,9.01,36941.3,7769.3,7672.9,0.0364,Phenacetin,GC-MS
SMP-00029,10.39,13250.4,3256.0,3313.5,0.0134,Salicylic Acid,GC-MS
SMP-00029,12.15,50040.8,9404.0,9530.7,0.0513,Chlorpheniramine,GC-MS
SMP-00030,1.27,12783.0,3231.3,3361.5,0.013,Uracil,GC-MS
SMP-00030,2.81,48431.7,9145.7,9115.8,0.0487,Acetaminophen,GC-MS
SMP-00030,4.15,81429.0,12103.6,12617.0,0.0797,Caffeine,GC-MS
SMP-00030,5.61,24657.2,5738.7,6056.6,0.025,Aspirin,GC-MS
SMP-00030,7.16,65707.9,11247.4,11076.1,0.0656,Benzoic Acid,GC-MS
SMP-00030,8.98,30353.1,6161.2,6425.3,0.0302,Phenacetin,GC-MS
SMP-00030,10.45,15185.2,3632.1,3819.7,0.0153,Salicylic Acid,GC-MS
SMP-00030,12.04,63883.3,12120.4,12456.2,0.0645,Chlorpheniramine,GC-MS
SMP-00031,1.27,14651.1,3818.4,3930.3,0.0148,Uracil,GC-MS
SMP-00031,2.74,49574.2,9592.8,9775.0,0.0514,Acetaminophen,GC-MS
SMP-00031,4.18,110055.3,17950.3,18457.4,0.1109,Caffeine,GC-MS
SMP-00031,5.57,20898.7,4723.4,4723.1,0.021,Aspirin,GC-MS
SMP-00031,7.25,65350.3,11203.3,11745.4,0.0665,Benzoic Acid,GC-MS
SMP-00031,8.9,32830.3,6682.4,6845.8,0.0337,Phenacetin,GC-MS
SMP-00031,10.38,17667.1,4085.8,4326.5,0.0174,Salicylic Acid,GC-MS
SMP-00031,12.08,57914.5,10595.0,10958.8,0.0586,Chlorpheniramine,GC-MS
SMP-00032,1.29,13395.3,3282.0,3209.9,0.0141,Uracil,GC-MS
SMP-00032,2.81,43386.8,8279.5,8389.7,0.0454,Acetaminophen,GC-MS
SMP-00032,4.12,96147.0,15751.9,16888.1,0.0964,Caffeine,GC-MS
SMP-00032,5.66,27561.4,6393.1,6694.7,0.0267,Aspirin,GC-MS
SMP-00032,7.19,68406.8,11209.7,11665.0,0.0667,Benzoic Acid,GC-MS
SMP-00032,8.92,30215.0,5859.6,6263.8,0.0295,Phenacetin,GC-MS
SMP-00032,10.41,14091.7,3531.0,3695.7,0.0144,Salicylic Acid,GC-MS
SMP-00032,12.07,51361.6,9097.8,9342.6,0.0515,Chlorpheniramine,GC-MS
SMP-00033,1.23,13779.7,3654.0,3820.3,0.014,Uracil,GC-MS
SMP-00033,2.85,42800.2,7955.7,8153.4,0.0427,Acetaminophen,GC-MS
SMP-00033,4.14,86374.1,14148.5,14350.9,0.0844,Caffeine,GC-MS
SMP-00033,5.61,22557.1,4773.2,4909.3,0.0223,Aspirin,GC-MS
SMP-00033,7.18,66995.4,11447.9,11821.3,0.0669,Benzoic Acid,GC-MS
SMP-00033,8.93,32990.6,6494.2,6604.4,0.0323,Phenacetin,GC-MS
SMP-00033,10.47,13613.4,3397.7,3497.6,0.0143,Salicylic Acid,GC-MS
SMP-00033,12.07,57666.9,10449.5,10868.4,0.0557,Chlorpheniramine,GC-MS
SMP-00034,1.23,15263.3,3968.0,4127.1,0.0153,Uracil,GC-MS
SMP-00034,2.81,47964.9,9080.7,9550.9,0.0489,Acetaminophen,GC-MS
SMP-00034,4.13,92989.5,15046.2,15222.2,0.0933,Caffeine,GC-MS
SMP-00034,5.6,22077.5,4940.0,5068.7,0.0219,Aspirin,GC-MS
SMP-00034,7.24,76902.9,12868.4,13193.5,0.077,Benzoic Acid,GC-MS
SMP-00034,8.97,30758.6,6315.1,6554.7,0.0302,Phenacetin,GC-MS
SMP-00034,10.41,16925.5,4160.6,4239.0,0.0165,Salicylic Acid,GC-MS
SMP-00034,12.06,47751.8,8396.3,8544.0,0.0483,Chlorpheniramine,GC-MS
SMP-00035,1.24,12568.4,3144.7,3152.0,0.0124,Uracil,GC-MS
SMP-00035,2.84,52513.9,10172.4,10545.9,0.0539,Acetaminophen,GC-MS
SMP-00035,4.18,96075.3,16138.2,16268.2,0.0924,Caffeine,GC-MS
SMP-00035,5.61,20930.1,4550.9,4685.7,0.0209,Aspirin,GC-MS
SMP-00035,7.19,73496.2,12416.8,12784.4,0.0732,Benzoic Acid,GC-MS
SMP-00035,9.0,28019.1,5624.6,5734.1,0.0284,Phenacetin,GC-MS
SMP-00035,10.39,18146.5,4472.1,4529.5,0.0181,Salicylic Acid,GC-MS
SMP-00035,12.14,153031.9,23828.5,23548.9,0.1576,Chlorpheniramine,GC-MS
SMP-00036,1.23,11614.1,2989.7,2998.1,0.0117,Uracil,GC-MS
SMP-00036,2.8,35030.5,6874.0,7108.1,0.0337,Acetaminophen,GC-MS
SMP-00036,4.16,106889.6,17050.0,17543.1,0.1052,Caffeine,GC-MS
SMP-00036,5.55,21359.2,4713.1,4841.4,0.0211,Aspirin,GC-MS
SMP-00036,7.18,72534.4,12004.9,12002.1,0.073,Benzoic Acid,GC-MS
SMP-00036,8.99,36355.2,7443.3,7863.0,0.0365,Phenacetin,GC-MS
SMP-00036,10.38,15498.9,3730.2,3687.4,0.0154,Salicylic Acid,GC-MS
SMP-00036,12.11,40661.5,7380.0,7338.3,0.0396,Chlorpheniramine,GC-MS
SMP-00037,1.26,11069.8,2828.1,2966.3,0.0111,Uracil,GC-MS
SMP-00037,2.8,50882.0,10087.2,10627.8,0.0508,Acetaminophen,GC-MS
SMP-00037,4.06,78394.5,12245.8,12818.7,0.0774,Caffeine,GC-MS
SMP-00037,5.59,21206.9,4496.8,4509.9,0.0216,Aspirin,GC-MS
SMP-00037,7.19,68799.5,11694.6,11921.6,0.0691,Benzoic Acid,GC-MS
SMP-00037,8.89,28381.9,6012.2,6164.4,0.0275,Phenacetin,GC-MS
SMP-00037,10.43,13995.0,3466.5,3715.0,0.0139,Salicylic Acid,GC-MS
SMP-00037,12.08,45929.1,7878.7,8253.9,0.0464,Chlorpheniramine,GC-MS
SMP-00038,1.31,11946.3,3079.1,3217.2,0.0118,Uracil,GC-MS
SMP-00038,2.78,40611.2,7918.2,8185.2,0.04,Acetaminophen,GC-MS
SMP-00038,4.13,76698.8,12238.8,12664.9,0.0793,Caffeine,GC-MS
SMP-00038,5.56,23323.6,5054.2,5221.7,0.0241,Aspirin,GC-MS
SMP-00038,7.21,64367.9,10466.9,10719.4,0.0652,Benzoic Acid,GC-MS
SMP-00038,8.97,30752.9,6302.6,6592.0,0.0318,Phenacetin,GC-MS
SMP-00038,10.37,13424.8,3381.6,3543.8,0.0138,Salicylic Acid,GC-MS
SMP-00038,12.1,58970.2,10358.8,10941.7,0.0589,Chlorpheniramine,GC-MS
SMP-00039,1.22,14238.7,3754.1,3917.7,0.014,Uracil,GC-MS
SMP-00039,2.83,45176.6,8829.9,9155.9,0.0448,Acetaminophen,GC-MS
SMP-00039,4.09,363480.9,65291.9,51980.4,0.3683,Caffeine,GC-MS
SMP-00039,5.57,24086.5,5237.3,5359.6,0.0248,Aspirin,GC-MS
SMP-00039,7.22,60018.8,10027.3,10422.4,0.0604,Benzoic Acid,GC-MS
SMP-00039,9.07,33001.0,7145.7,7404.2,0.0322,Phenacetin,GC-MS
SMP-00039,10.37,17601.2,4379.7,4364.3,0.0174,Salicylic Acid,GC-MS
SMP-00039,12.07,57095.6,10222.0,10572.8,0.0565,Chlorpheniramine,GC-MS
SMP-00040,1.22,12981.0,3472.1,3561.7,0.0131,Uracil,GC-MS
SMP-00040,2.77,41102.2,8159.3,8477.2,0.0403,Acetaminophen,GC-MS
SMP-00040,4.13,83403.9,13729.0,14014.1,0.0831,Caffeine,GC-MS
SMP-00040,5.61,21910.4,4995.7,5189.7,0.0227,Aspirin,GC-MS
SMP-00040,7.2,64354.3,10294.1,10382.2,0.0645,Benzoic Acid,GC-MS
SMP-00040,8.94,30545.8,6506.4,6681.3,0.0303,Phenacetin,GC-MS
SMP-00040,10.38,16471.0,3958.8,4079.6,0.0164,Salicylic Acid,GC-MS
SMP-00040,12.1,63900.7,11755.0,12099.4,0.0653,Chlorpheniramine,GC-MS
SMP-00041,1.25,11506.2,2842.7,2895.9,0.0115,Uracil,GC-MS
SMP-00041,2.8,38317.2,7581.4,7886.7,0.0402,Acetaminophen,GC-MS
SMP-00041,4.14,84146.1,13857.5,14387.2,0.0816,Caffeine,GC-MS
SMP-00041,5.62,23976.0,5111.2,5403.4,0.0241,Aspirin,GC-MS
SMP-00041,7.19,70824.9,11714.5,12014.5,0.072,Benzoic Acid,GC-MS
SMP-00041,8.96,32017.2,6790.1,7047.4,0.0326,Phenacetin,GC-MS
SMP-00041,10.44,14493.2,3507.3,3605.6,0.0151,Salicylic Acid,GC-MS
SMP-00041,12.12,57746.0,10479.2,11090.6,0.0577,Chlorpheniramine,GC-MS
SMP-00042,1.26,11481.3,3072.4,3208.0,0.0116,Uracil,GC-MS
SMP-00042,2.82,43337.8,8129.3,8579.9,0.0434,Acetaminophen,GC-MS
SMP-00042,4.17,102236.4,16185.1,16143.0,0.1043,Caffeine,GC-MS
SMP-00042,5.61,25106.1,5780.7,5875.4,0.0249,Aspirin,GC-MS
SMP-00042,7.21,67580.9,11263.3,12012.7,0.0661,Benzoic Acid,GC-MS
SMP-00042,8.92,33310.2,6540.2,6596.2,0.0336,Phenacetin,GC-MS
SMP-00042,10.38,13804.2,3424.9,3473.3,0.014,Salicylic Acid,GC-MS
SMP-00042,12.11,49299.9,9126.5,8929.8,0.0516,Chlorpheniramine,GC-MS
SMP-00043,1.25,12808.1,3167.4,3208.0,0.0128,Uracil,GC-MS
SMP-00043,2.78,51118.0,9886.6,10032.1,0.0511,Acetaminophen,GC-MS
SMP-00043,4.11,81661.9,13771.9,14287.9,0.0818,Caffeine,GC-MS
SMP-00043,5.65,20292.0,4262.5,4429.7,0.0207,Aspirin,GC-MS
SMP-00043,7.21,62883.4,10733.8,10793.7,0.0633,Benzoic Acid,GC-MS
SMP-00043,8.94,31361.0,6450.1,6766.4,0.0309,Phenacetin,GC-MS
SMP-00043,10.35,17636.5,4339.8,4548.7,0.018,Salicylic Acid,GC-MS
SMP-00043,12.14,58025.3,10524.1,11066.4,0.0596,Chlorpheniramine,GC-MS
SMP-00044,1.26,9885.9,2553.8,2635.3,0.0099,Uracil,GC-MS
SMP-00044,2.84,49932.9,8989.1,9533.9,0.0494,Acetaminophen,GC-MS
SMP-00044,4.16,87765.9,14130.3,14992.3,0.0874,Caffeine,GC-MS
SMP-00044,5.63,20897.7,4779.4,4833.0,0.0213,Aspirin,GC-MS
SMP-00044,7.23,63109.6,9954.6,10175.7,0.061,Benzoic Acid,GC-MS
SMP-00044,8.98,24393.2,4932.5,5136.9,0.025,Phenacetin,GC-MS
SMP-00044,10.4,13897.9,3350.3,3508.6,0.0133,Salicylic Acid,GC-MS
SMP-00044,12.13,45287.9,7950.9,8443.7,0.0454,Chlorpheniramine,GC-MS
SMP-00045,1.27,14209.9,3752.8,3874.5,0.0141,Uracil,GC-MS
SMP-00045,2.77,43128.8,8277.9,8482.8,0.0421,Acetaminophen,GC-MS
SMP-00045,4.18,74500.7,11211.0,11415.8,0.0747,Caffeine,GC-MS
SMP-00045,5.61,22959.1,5387.0,5629.0,0.023,Aspirin,GC-MS
SMP-00045,7.21,66476.5,11165.1,11424.3,0.066,Benzoic Acid,GC-MS
SMP-00045,8.9,29548.4,5937.4,6192.8,0.0289,Phenacetin,GC-MS
SMP-00045,10.41,16705.6,4172.0,4305.4,0.0165,Salicylic Acid,GC-MS
SMP-00045,12.05,60094.7,10599.0,10867.0,0.0597,Chlorpheniramine,GC-MS
SMP-00046,1.23,12204.2,3265.4,3389.5,0.0121,Uracil,GC-MS
SMP-00046,2.79,49472.8,9966.2,10129.9,0.0485,Acetaminophen,GC-MS
SMP-00046,4.17,107093.9,17681.6,18482.2,0.1064,Caffeine,GC-MS
SMP-00046,5.61,19016.5,4146.4,4234.9,0.0191,Aspirin,GC-MS
SMP-00046,7.21,73570.8,12441.3,12967.0,0.0731,Benzoic Acid,GC-MS
SMP-00046,8.95,30284.0,6289.4,6382.8,0.0308,Phenacetin,GC-MS
SMP-00046,10.36,17498.5,4424.9,4666.9,0.0173,Salicylic Acid,GC-MS
SMP-00046,12.1,50899.9,9438.6,9607.6,0.0506,Chlorpheniramine,GC-MS
SMP-00047,1.25,11265.3,2926.0,2988.2,0.0114,Uracil,GC-MS
SMP-00047,2.81,41848.3,7985.8,8275.7,0.0407,Acetaminophen,GC-MS
SMP-00047,4.16,91160.8,14407.6,14725.0,0.0903,Caffeine,GC-MS
SMP-00047,5.57,25908.4,5563.6,5741.6,0.0263,Aspirin,GC-MS
SMP-00047,7.21,65745.7,10786.5,11317.5,0.0653,Benzoic Acid,GC-MS
SMP-00047,8.92,30412.1,6367.4,6461.6,0.0311,Phenacetin,GC-MS
SMP-00047,10.38,15476.1,3719.2,3776.3,0.0157,Salicylic Acid,GC-MS
SMP-00047,12.08,52134.7,8919.9,9159.9,0.0522,Chlorpheniramine,GC-MS
SMP-00048,1.28,11594.3,3048.3,3147.8,0.0115,Uracil,GC-MS
SMP-00048,2.83,37385.3,7429.2,7649.9,0.0382,Acetaminophen,GC-MS
SMP-00048,4.1,90538.3,14897.1,15530.3,0.0904,Caffeine,GC-MS
SMP-00048,5.59,23837.8,5071.5,5206.8,0.0239,Aspirin,GC-MS
SMP-00048,7.19,60179.1,10502.8,10855.6,0.0613,Benzoic Acid,GC-MS
SMP-00048,8.9,29740.5,6164.3,6417.9,0.0302,Phenacetin,GC-MS
SMP-00048,10.4,12829.0,2981.5,3032.8,0.0127,Salicylic Acid,GC-MS
SMP-00048,12.11,60032.6,10297.1,10608.7,0.0586,Chlorpheniramine,GC-MS
SMP-00049,1.23,12485.1,3259.8,3348.6,0.0122,Uracil,GC-MS
SMP-00049,2.76,41291.5,7825.4,8125.4,0.0392,Acetaminophen,GC-MS
SMP-00049,4.14,88339.4,14014.0,14270.3,0.0874,Caffeine,GC-MS
SMP-00049,5.63,22198.3,4880.2,4967.7,0.0235,Aspirin,GC-MS
SMP-00049,7.21,74565.1,12014.5,12161.2,0.0731,Benzoic Acid,GC-MS
SMP-00049,8.96,34137.1,6828.1,7039.9,0.0338,Phenacetin,GC-MS
SMP-00049,10.32,18419.9,4410.6,4611.7,0.0181,Salicylic Acid,GC-MS
SMP-00049,12.08,51264.5,9695.5,10318.7,0.0502,Chlorpheniramine,GC-MS
SMP-00050,1.21,14010.7,3682.7,3842.9,0.0138,Uracil,GC-MS
SMP-00050,2.79,43529.2,8463.4,8845.5,0.0446,Acetaminophen,GC-MS
SMP-00050,4.19,90987.6,14762.2,15343.0,0.0913,Caffeine,GC-MS
SMP-00050,5.64,25493.3,5661.9,5815.6,0.0258,Aspirin,GC-MS
SMP-00050,7.2,62011.1,9701.2,10341.4,0.0622,Benzoic Acid,GC-MS
SMP-00050,8.98,36595.7,7340.5,7798.8,0.0374,Phenacetin,GC-MS
SMP-00050,10.39,15587.0,3866.4,4007.1,0.0156,Salicylic Acid,GC-MS
SMP-00050,12.12,50942.5,8797.5,9055.7,0.051,Chlorpheniramine,GC-MS
SMP-00051,1.22,10840.4,2767.9,2760.5,0.0111,Uracil,GC-MS
SMP-00051,2.81,55299.8,10793.6,10810.9,0.0563,Acetaminophen,GC-MS
SMP-00051,4.11,77588.0,12540.2,12821.3,0.0801,Caffeine,GC-MS
SMP-00051,5.61,23999.2,5161.3,5359.3,0.0239,Aspirin,GC-MS
SMP-00051,7.2,73985.8,12445.6,13319.8,0.0738,Benzoic Acid,GC-MS
SMP-00051,8.97,25311.9,5534.2,5953.4,0.0263,Phenacetin,GC-MS
SMP-00051,10.4,16726.8,4003.0,4165.7,0.0168,Salicylic Acid,GC-MS
SMP-00051,12.07,56848.1,10219.7,10367.7,0.0562,Chlorpheniramine,GC-MS
SMP-00052,1.26,8691.7,2182.5,2314.7,0.0092,Uracil,GC-MS
SMP-00052,2.8,42952.7,8822.8,9083.0,0.0437,Acetaminophen,GC-MS
SMP-00052,4.13,103092.5,17100.6,17688.4,0.1004,Caffeine,GC-MS
SMP-00052,5.62,128626.9,27516.3,28197.9,0.1288,Aspirin,GC-MS
SMP-00052,7.2,59864.0,9816.8,10222.9,0.0587,Benzoic Acid,GC-MS
SMP-00052,9.01,27428.5,5524.8,5708.1,0.0282,Phenacetin,GC-MS
SMP-00052,10.44,16872.0,4032.5,4110.8,0.0169,Salicylic Acid,GC-MS
SMP-00052,12.13,52068.5,9514.3,9959.6,0.0504,Chlorpheniramine,GC-MS
SMP-00053,1.25,11979.6,3030.8,2989.5,0.0117,Uracil,GC-MS
SMP-00053,2.78,50365.0,9538.9,9663.8,0.0512,Acetaminophen,GC-MS
SMP-00053,4.18,82648.5,12997.9,13690.0,0.084,Caffeine,GC-MS
SMP-00053,5.57,28146.5,6247.8,6736.4,0.0282,Aspirin,GC-MS
SMP-00053,7.22,76756.5,12768.0,13101.9,0.0765,Benzoic Acid,GC-MS
SMP-00053,8.96,35776.8,7447.1,7589.1,0.0356,Phenacetin,GC-MS
SMP-00053,10.4,13437.0,3364.6,3477.6,0.0133,Salicylic Acid,GC-MS
SMP-00053,12.1,55129.9,9995.8,10486.4,0.056,Chlorpheniramine,GC-MS
SMP-00054,1.26,15145.4,3835.1,3978.6,0.0151,Uracil,GC-MS
SMP-00054,2.84,49054.0,8957.4,9179.9,0.0495,Acetaminophen,GC-MS
SMP-00054,4.11,95187.9,15534.0,15572.9,0.0947,Caffeine,GC-MS
SMP-00054,5.63,22701.8,5220.1,5377.2,0.0229,Aspirin,GC-MS
SMP-00054,7.17,67981.1,10919.9,10920.7,0.0671,Benzoic Acid,GC-MS
SMP-00054,8.95,32846.7,6724.0,6836.1,0.033,Phenacetin,GC-MS
SMP-00054,10.39,14130.0,3438.4,3622.3,0.0141,Salicylic Acid,GC-MS
SMP-00054,12.03,58826.8,10835.2,11151.4,0.06,Chlorpheniramine,GC-MS
SMP-00055,1.27,11382.7,3038.6,3244.5,0.0118,Uracil,GC-MS
SMP-00055,2.81,51410.9,9921.4,10412.1,0.0508,Acetaminophen,GC-MS
SMP-00055,4.19,102796.6,16967.4,17123.1,0.1035,Caffeine,GC-MS
SMP-00055,5.6,23188.9,5445.3,5662.5,0.0237,Aspirin,GC-MS
SMP-00055,7.19,70565.1,11678.0,12263.2,0.0697,Benzoic Acid,GC-MS
SMP-00055,8.95,32142.4,6519.8,6670.7,0.0323,Phenacetin,GC-MS
SMP-00055,10.39,17048.9,4178.5,4384.1,0.0172,Salicylic Acid,GC-MS
SMP-00055,12.1,59795.5,10898.5,11608.4,0.0599,Chlorpheniramine,GC-MS
SMP-00056,1.22,10182.0,2529.2,2689.3,0.0098,Uracil,GC-MS
SMP-00056,2.83,36188.9,6855.0,7223.0,0.0374,Acetaminophen,GC-MS
SMP-00056,4.16,99144.3,16330.7,16231.0,0.0979,Caffeine,GC-MS
SMP-00056,5.59,26890.8,5774.0,5735.7,0.0271,Aspirin,GC-MS
SMP-00056,7.19,68572.6,11909.1,12361.5,0.0711,Benzoic Acid,GC-MS
SMP-00056,8.97,28376.6,5928.4,6223.3,0.028,Phenacetin,GC-MS
SMP-00056,10.4,18199.2,4442.1,4553.8,0.0181,Salicylic Acid,GC-MS
SMP-00056,12.09,56896.3,10156.1,10403.7,0.057,Chlorpheniramine,GC-MS
SMP-00057,1.26,12668.2,3280.3,3315.1,0.0124,Uracil,GC-MS
SMP-00057,2.81,40744.8,8068.6,8164.1,0.0406,Acetaminophen,GC-MS
SMP-00057,4.22,92429.9,14086.4,14407.9,0.0933,Caffeine,GC-MS
SMP-00057,5.57,18290.3,4013.2,4069.5,0.0179,Aspirin,GC-MS
SMP-00057,7.2,53643.5,8660.0,8848.9,0.0529,Benzoic Acid,GC-MS
SMP-00057,8.99,35664.6,7260.8,7335.5,0.0348,Phenacetin,GC-MS
SMP-00057,10.37,16476.0,4044.3,4068.8,0.0162,Salicylic Acid,GC-MS
SMP-00057,12.04,55644.4,10336.4,10505.2,0.0561,Chlorpheniramine,GC-MS
SMP-00058,1.25,10849.8,2764.6,2769.3,0.0106,Uracil,GC-MS
SMP-00058,2.78,37658.4,7485.0,7865.2,0.0387,Acetaminophen,GC-MS
SMP-00058,4.16,66609.3,11111.0,11247.1,0.0661,Caffeine,GC-MS
SMP-00058,5.61,23313.6,5329.7,5666.1,0.0231,Aspirin,GC-MS
SMP-00058,7.27,74114.6,12332.8,12536.5,0.0749,Benzoic Acid,GC-MS
SMP-00058,8.94,33709.0,6741.8,7100.0,0.0339,Phenacetin,GC-MS
SMP-00058,10.42,16159.4,3879.2,3942.7,0.0161,Salicylic Acid,GC-MS
SMP-00058,12.11,56870.8,10403.2,10940.7,0.0589,Chlorpheniramine,GC-MS
SMP-00059,1.28,10851.2,2622.8,2661.2,0.0111,Uracil,GC-MS
SMP-00059,2.77,49530.5,9648.7,9937.9,0.049,Acetaminophen,GC-MS
SMP-00059,4.16,90147.0,14256.5,14354.4,0.0932,Caffeine,GC-MS
SMP-00059,5.59,21888.0,4650.0,4686.8,0.0221,Aspirin,GC-MS
SMP-00059,7.23,57989.4,9036.6,8933.8,0.058,Benzoic Acid,GC-MS
SMP-00059,8.92,38030.5,7995.9,8334.0,0.0379,Phenacetin,GC-MS
SMP-00059,10.41,16048.2,3961.0,4223.1,0.0164,Salicylic Acid,GC-MS
SMP-00059,12.1,61250.3,11337.3,11417.7,0.0605,Chlorpheniramine,GC-MS
SMP-00060,1.26,13869.3,3590.7,3705.8,0.0138,Uracil,GC-MS
SMP-00060,2.83,43912.9,8520.9,8684.1,0.0445,Acetaminophen,GC-MS
SMP-00060,4.13,84693.5,13556.5,13971.2,0.0855,Caffeine,GC-MS
SMP-00060,5.57,22590.4,5153.7,5390.5,0.0223,Aspirin,GC-MS
SMP-00060,7.2,61442.0,10433.2,11104.6,0.063,Benzoic Acid,GC-MS
SMP-00060,8.93,25166.3,4967.4,5169.6,0.0264,Phenacetin,GC-MS
SMP-00060,10.41,14522.1,3601.1,3665.8,0.0141,Salicylic Acid,GC-MS
SMP-00060,12.07,63364.0,11292.3,11886.1,0.0637,Chlorpheniramine,GC-MS
SMP-00061,1.27,13033.6,3562.8,3606.9,0.013,Uracil,GC-MS
SMP-00061,2.83,40859.2,7890.1,8355.9,0.0409,Acetaminophen,GC-MS
SMP-00061,4.15,84496.1,14187.6,14348.7,0.0856,Caffeine,GC-MS
SMP-00061,5.56,24541.9,5564.4,5943.8,0.0248,Aspirin,GC-MS
SMP-00061,7.21,60051.4,10275.1,10772.0,0.0587,Benzoic Acid,GC-MS
SMP-00061,8.91,30428.4,6154.2,6502.3,0.0307,Phenacetin,GC-MS
SMP-00061,10.42,15913.9,3808.1,3859.6,0.0158,Salicylic Acid,GC-MS
SMP-00061,12.13,65505.8,11748.2,12239.4,0.0649,Chlorpheniramine,GC-MS
SMP-00062,1.22,10739.0,2867.2,2941.4,0.0105,Uracil,GC-MS
SMP-00062,2.8,46498.7,9099.4,9166.5,0.0453,Acetaminophen,GC-MS
SMP-00062,4.16,88294.9,14966.2,15310.3,0.0888,Caffeine,GC-MS
SMP-00062,5.55,25580.5,5406.1,5648.6,0.0261,Aspirin,GC-MS
SMP-00062,7.19,66388.7,10859.4,11354.2,0.0642,Benzoic Acid,GC-MS
SMP-00062,8.95,28219.3,5909.6,5968.9,0.0277,Phenacetin,GC-MS
SMP-00062,10.38,13956.7,3373.7,3477.1,0.0139,Salicylic Acid,GC-MS
SMP-00062,12.15,48845.1,8801.7,9168.9,0.0475,Chlorpheniramine,GC-MS
SMP-00063,1.27,11049.4,2954.7,3114.8,0.0108,Uracil,GC-MS
SMP-00063,2.78,45106.5,8879.4,9229.8,0.0449,Acetaminophen,GC-MS
SMP-00063,4.18,83190.4,13440.2,13674.4,0.0832,Caffeine,GC-MS
SMP-00063,5.6,23201.5,5183.2,5400.1,0.0241,Aspirin,GC-MS
SMP-00063,7.2,64383.6,10417.6,11022.2,0.0637,Benzoic Acid,GC-MS
SMP-00063,8.93,33791.0,6711.8,7109.8,0.0343,Phenacetin,GC-MS
SMP-00063,10.38,14569.9,3632.4,3763.8,0.0144,Salicylic Acid,GC-MS
SMP-00063,12.11,46670.6,8566.1,8765.9,0.0463,Chlorpheniramine,GC-MS
SMP-00064,1.22,12181.0,3182.7,3285.9,0.0124,Uracil,GC-MS
SMP-00064,2.8,41635.5,7749.9,8267.1,0.042,Acetaminophen,GC-MS
SMP-00064,4.14,104503.9,17825.1,18173.6,0.106,Caffeine,GC-MS
SMP-00064,5.59,23001.3,5153.0,5395.9,0.0229,Aspirin,GC-MS
SMP-00064,7.2,81688.5,13034.5,13319.7,0.0819,Benzoic Acid,GC-MS
SMP-00064,8.88,28392.8,5938.2,6156.8,0.027,Phenacetin,GC-MS
SMP-00064,10.41,15409.2,3706.6,3647.9,0.015,Salicylic Acid,GC-MS
SMP-00064,12.14,50149.8,9068.6,9165.5,0.0501,Chlorpheniramine,GC-MS
SMP-00065,1.24,12202.9,3240.7,3273.7,0.0123,Uracil,GC-MS
SMP-00065,2.83,44337.5,8906.7,9491.8,0.0436,Acetaminophen,GC-MS
SMP-00065,4.19,87371.8,13854.8,14576.7,0.0874,Caffeine,GC-MS
SMP-00065,5.61,22662.7,5041.5,5294.1,0.0229,Aspirin,GC-MS
SMP-00065,7.21,61031.6,9704.6,10035.0,0.0622,Benzoic Acid,GC-MS
SMP-00065,8.99,38661.5,8276.3,7987.2,0.0391,Phenacetin,GC-MS
SMP-00065,10.43,17822.9,4377.4,4368.3,0.0176,Salicylic Acid,GC-MS
SMP-00065,12.11,58384.4,10598.1,11243.6,0.0574,Chlorpheniramine,GC-MS
SMP-00066,1.28,12989.6,3543.7,3583.4,0.0126,Uracil,GC-MS
SMP-00066,2.84,42318.1,7958.1,8304.4,0.0425,Acetaminophen,GC-MS
SMP-00066,4.14,76845.6,13549.0,13771.1,0.0789,Caffeine,GC-MS
SMP-00066,5.58,67377.8,12997.3,11641.4,0.0683,Aspirin,GC-MS
SMP-00066,7.16,65058.8,10230.7,10876.2,0.066,Benzoic Acid,GC-MS
SMP-00066,8.89,34645.1,6956.4,6977.4,0.0334,Phenacetin,GC-MS
SMP-00066,10.43,14755.3,3689.8,3658.9,0.0152,Salicylic Acid,GC-MS
SMP-00066,12.15,57263.5,10135.1,10098.0,0.0585,Chlorpheniramine,GC-MS
SMP-00067,1.28,13842.0,3460.8,3611.0,0.0142,Uracil,GC-MS
SMP-00067,2.78,36757.5,7296.5,7466.5,0.0359,Acetaminophen,GC-MS
SMP-00067,4.14,110402.4,17910.8,18844.4,0.1088,Caffeine,GC-MS
SMP-00067,5.6,24079.2,5219.9,5320.2,0.0235,Aspirin,GC-MS
SMP-00067,7.23,72836.9,12113.1,12532.6,0.0746,Benzoic Acid,GC-MS
SMP-00067,8.94,31979.9,6493.0,6797.5,0.0319,Phenacetin,GC-MS
SMP-00067,10.36,13147.1,3377.6,3480.3,0.0136,Salicylic Acid,GC-MS
SMP-00067,12.09,67797.5,12219.5,12703.4,0.067,Chlorpheniramine,GC-MS
SMP-00068,1.24,13243.9,3586.3,3744.0,0.013,Uracil,GC-MS
SMP-00068,2.77,54726.3,10501.1,10332.1,0.0541,Acetaminophen,GC-MS
SMP-00068,4.13,98590.1,16603.6,16873.4,0.101,Caffeine,GC-MS
SMP-00068,5.66,21946.0,5081.9,5230.3,0.0216,Aspirin,GC-MS
SMP-00068,7.21,60491.1,10235.5,10303.1,0.0589,Benzoic Acid,GC-MS
SMP-00068,8.97,27936.2,5793.4,6127.9,0.028,Phenacetin,GC-MS
SMP-00068,10.44,18258.7,4422.4,4580.4,0.0182,Salicylic Acid,GC-MS
SMP-00068,12.14,50292.6,9663.2,9972.1,0.05,Chlorpheniramine,GC-MS
SMP-00069,1.26,12675.6,3023.6,3240.4,0.0129,Uracil,GC-MS
SMP-00069,2.84,45008.5,8684.7,9186.7,0.0443,Acetaminophen,GC-MS
SMP-00069,4.18,91265.5,15091.0,15190.3,0.0879,Caffeine,GC-MS
SMP-00069,5.62,26377.9,6115.3,6315.9,0.0266,Aspirin,GC-MS
SMP-00069,7.15,67200.4,11041.2,11455.4,0.0694,Benzoic Acid,GC-MS
SMP-00069,8.93,28345.0,5616.8,5787.9,0.0268,Phenacetin,GC-MS
SMP-00069,10.4,15152.5,3690.0,3777.0,0.0156,Salicylic Acid,GC-MS
SMP-00069,12.04,56514.0,9802.4,10149.8,0.057,Chlorpheniramine,GC-MS
SMP-00070,1.25,13349.4,3376.2,3407.5,0.0137,Uracil,GC-MS
SMP-00070,2.8,49315.6,9297.2,9686.8,0.0485,Acetaminophen,GC-MS
SMP-00070,4.15,100200.6,16735.3,17596.8,0.0985,Caffeine,GC-MS
SMP-00070,5.58,28580.0,6276.9,6451.3,0.0282,Aspirin,GC-MS
SMP-00070,7.17,69961.5,11832.2,11926.6,0.0688,Benzoic Acid,GC-MS
SMP-00070,8.93,32540.9,6459.8,7016.2,0.0308,Phenacetin,GC-MS
SMP-00070,10.41,16749.0,3947.5,4039.8,0.0167,Salicylic Acid,GC-MS
SMP-00070,12.12,52128.1,9791.4,9958.9,0.0504,Chlorpheniramine,GC-MS
SMP-00071,1.24,11447.3,2996.4,3091.1,0.0116,Uracil,GC-MS
SMP-00071,2.81,49889.4,9749.0,9841.4,0.0508,Acetaminophen,GC-MS
SMP-00071,4.11,76854.0,12156.2,12569.7,0.0758,Caffeine,GC-MS
SMP-00071,5.55,23745.0,5452.4,5593.4,0.0244,Aspirin,GC-MS
SMP-00071,7.27,56460.1,9579.7,9756.6,0.0572,Benzoic Acid,GC-MS
SMP-00071,8.94,34629.9,7261.7,7593.7,0.0351,Phenacetin,GC-MS
SMP-00071,10.4,17504.2,4028.0,4255.2,0.0179,Salicylic Acid,GC-MS
SMP-00071,12.1,55807.1,9873.5,9959.1,0.0555,Chlorpheniramine,GC-MS
SMP-00072,1.19,13159.6,3607.4,3721.0,0.0132,Uracil,GC-MS
SMP-00072,2.76,41981.2,8285.9,8357.1,0.0427,Acetaminophen,GC-MS
SMP-00072,4.15,96336.5,15428.9,16049.5,0.0945,Caffeine,GC-MS
SMP-00072,5.61,26603.3,5609.3,5840.9,0.0254,Aspirin,GC-MS
SMP-00072,7.16,62794.4,10211.1,10143.1,0.0643,Benzoic Acid,GC-MS
SMP-00072,8.93,36211.1,7592.7,7866.2,0.0364,Phenacetin,GC-MS
SMP-00072,10.41,12631.6,3087.4,3185.8,0.0127,Salicylic Acid,GC-MS
SMP-00072,12.08,50610.0,10012.5,10551.1,0.0515,Chlorpheniramine,GC-MS
SMP-00073,1.27,12195.5,2980.3,3130.6,0.0119,Uracil,GC-MS
SMP-00073,2.82,45641.6,8055.4,8020.4,0.0438,Acetaminophen,GC-MS
SMP-00073,4.14,84097.0,13919.4,14359.1,0.0825,Caffeine,GC-MS
SMP-00073,5.66,24128.2,5164.8,5397.4,0.0243,Aspirin,GC-MS
SMP-00073,7.25,70703.8,12069.7,12566.3,0.0696,Benzoic Acid,GC-MS
SMP-00073,8.92,29941.1,5886.1,6061.0,0.0309,Phenacetin,GC-MS
SMP-00073,10.41,14822.2,3531.9,3638.7,0.0148,Salicylic Acid,GC-MS
SMP-00073,12.08,51579.4,9415.9,9616.9,0.0497,Chlorpheniramine,GC-MS
SMP-00074,1.21,11685.8,3009.0,3023.9,0.0118,Uracil,GC-MS
SMP-00074,2.8,44747.2,8497.0,8801.9,0.0456,Acetaminophen,GC-MS
SMP-00074,4.14,108673.8,18045.4,18607.3,0.1057,Caffeine,GC-MS
SMP-00074,5.6,20588.5,4590.8,4807.1,0.0216,Aspirin,GC-MS
SMP-00074,7.17,68105.3,11752.1,12308.6,0.0676,Benzoic Acid,GC-MS
SMP-00074,8.94,29641.1,5872.1,6128.6,0.0303,Phenacetin,GC-MS
SMP-00074,10.4,14787.9,3713.2,3958.4,0.0147,Salicylic Acid,GC-MS
SMP-00074,12.12,48133.6,8416.4,8756.6,0.0459,Chlorpheniramine,GC-MS
SMP-00075,1.27,10492.4,2684.1,2685.6,0.0106,Uracil,GC-MS
SMP-00075,2.82,42674.3,8371.8,8497.9,0.0427,Acetaminophen,GC-MS
SMP-00075,4.18,96665.5,15815.6,15991.3,0.0995,Caffeine,GC-MS
SMP-00075,5.61,23033.7,4817.5,5008.8,0.0233,Aspirin,GC-MS
SMP-00075,7.19,68359.9,11514.9,11632.9,0.0668,Benzoic Acid,GC-MS
SMP-00075,9.0,37586.6,7467.7,7761.3,0.0371,Phenacetin,GC-MS
SMP-00075,10.44,16057.7,3633.1,3702.7,0.0159,Salicylic Acid,GC-MS
SMP-00075,12.05,59464.3,10531.5,10996.1,0.0574,Chlorpheniramine,GC-MS
SMP-00076,1.26,12117.3,3074.3,3206.5,0.012,Uracil,GC-MS
SMP-00076,2.8,51418.8,9787.3,9924.0,0.0504,Acetaminophen,GC-MS
SMP-00076,4.12,89745.7,14731.9,14763.4,0.0924,Caffeine,GC-MS
SMP-00076,5.59,21735.8,4753.9,4847.3,0.0208,Aspirin,GC-MS
SMP-00076,7.18,70837.6,12115.6,12393.4,0.0708,Benzoic Acid,GC-MS
SMP-00076,8.95,30796.1,6294.9,6636.7,0.0309,Phenacetin,GC-MS
SMP-00076,10.44,14893.6,3644.2,3771.5,0.015,Salicylic Acid,GC-MS
SMP-00076,12.08,57076.4,9718.4,10101.2,0.0566,Chlorpheniramine,GC-MS
SMP-00077,1.28,13548.5,3316.0,3391.6,0.0137,Uracil,GC-MS
SMP-00077,2.77,41287.5,8100.1,8378.8,0.0408,Acetaminophen,GC-MS
SMP-00077,4.16,90905.6,14449.8,15278.0,0.0927,Caffeine,GC-MS
SMP-00077,5.56,22933.4,4905.8,4972.1,0.0225,Aspirin,GC-MS
SMP-00077,7.24,76347.2,12995.3,13537.4,0.0772,Benzoic Acid,GC-MS
SMP-00077,8.94,25421.0,5404.0,5491.0,0.0252,Phenacetin,GC-MS
SMP-00077,10.38,16690.6,4128.3,4160.8,0.0172,Salicylic Acid,GC-MS
SMP-00077,12.08,47324.7,8765.3,9149.9,0.0484,Chlorpheniramine,GC-MS
SMP-00078,1.25,10983.5,2914.1,3079.8,0.0108,Uracil,GC-MS
SMP-00078,2.8,49370.4,9498.9,9413.5,0.05,Acetaminophen,GC-MS
SMP-00078,4.2,105388.3,16451.9,17296.1,0.1043,Caffeine,GC-MS
SMP-00078,5.63,22749.4,5046.7,5080.1,0.0234,Aspirin,GC-MS
SMP-00078,7.26,73962.8,12124.4,12603.8,0.0723,Benzoic Acid,GC-MS
SMP-00078,8.94,31785.4,6515.9,6836.4,0.0315,Phenacetin,GC-MS
SMP-00078,10.35,16526.2,3951.4,4044.8,0.0167,Salicylic Acid,GC-MS
SMP-00078,12.06,58333.5,10103.2,10330.1,0.0583,Chlorpheniramine,GC-MS
SMP-00079,1.25,12856.2,3458.8,3506.8,0.0132,Uracil,GC-MS
SMP-00079,2.78,41034.5,7515.6,7972.9,0.0412,Acetaminophen,GC-MS
SMP-00079,4.13,88916.7,14961.3,15480.1,0.0875,Caffeine,GC-MS
SMP-00079,5.59,28122.5,6468.3,6515.9,0.0281,Aspirin,GC-MS
SMP-00079,7.21,53960.0,9055.3,9429.7,0.053,Benzoic Acid,GC-MS
SMP-00079,8.99,30702.2,6361.0,6681.8,0.0306,Phenacetin,GC-MS
SMP-00079,10.41,13309.0,2999.8,3118.4,0.0133,Salicylic Acid,GC-MS
SMP-00079,12.1,61435.5,11401.5,11855.3,0.0627,Chlorpheniramine,GC-MS
SMP-00080,1.21,13360.9,3243.6,3275.3,0.0129,Uracil,GC-MS
SMP-00080,2.82,43715.9,8163.5,8315.7,0.0429,Acetaminophen,GC-MS
SMP-00080,4.18,85735.2,14394.0,14972.0,0.0864,Caffeine,GC-MS
SMP-00080,5.63,23626.0,5162.3,5300.4,0.0233,Aspirin,GC-MS
SMP-00080,7.17,70382.8,11631.6,12338.1,0.0701,Benzoic Acid,GC-MS
SMP-00080,8.97,31522.6,6386.5,6503.9,0.0314,Phenacetin,GC-MS
SMP-00080,10.44,16382.4,3953.4,4045.3,0.0162,Salicylic Acid,GC-MS
SMP-00080,12.11,290202.3,55085.2,42470.8,0.293,Chlorpheniramine,GC-MS
SMP-00081,1.24,10561.3,2732.2,2762.6,0.0105,Uracil,GC-MS
SMP-00081,2.81,44742.8,8806.7,8826.6,0.0442,Acetaminophen,GC-MS
SMP-00081,4.14,93162.6,15411.1,16293.1,0.0951,Caffeine,GC-MS
SMP-00081,5.62,20299.2,4526.8,4516.4,0.0199,Aspirin,GC-MS
SMP-00081,7.2,66947.8,11027.9,11115.3,0.0636,Benzoic Acid,GC-MS
SMP-00081,8.95,35105.0,7211.8,6962.2,0.0348,Phenacetin,GC-MS
SMP-00081,10.41,15287.0,3768.3,3834.0,0.016,Salicylic Acid,GC-MS
SMP-00081,12.13,61582.3,11126.0,11541.1,0.0616,Chlorpheniramine,GC-MS
SMP-00082,1.23,13407.1,3524.4,3619.8,0.0136,Uracil,GC-MS
SMP-00082,2.82,46545.3,9605.0,9655.8,0.0461,Acetaminophen,GC-MS
SMP-00082,4.13,92082.9,14031.9,14457.2,0.0928,Caffeine,GC-MS
SMP-00082,5.58,22197.5,4832.7,4906.7,0.022,Aspirin,GC-MS
SMP-00082,7.22,57248.0,10013.5,10197.2,0.0588,Benzoic Acid,GC-MS
SMP-00082,8.94,25723.6,5152.6,5338.2,0.0266,Phenacetin,GC-MS
SMP-00082,10.42,14828.4,3746.2,3817.8,0.0157,Salicylic Acid,GC-MS
SMP-00082,12.09,58608.3,10662.2,10702.0,0.0586,Chlorpheniramine,GC-MS
SMP-00083,1.28,63508.9,15256.5,16983.1,0.0644,Uracil,GC-MS
SMP-00083,2.83,44219.6,8798.5,9244.4,0.0427,Acetaminophen,GC-MS
SMP-00083,4.14,97649.5,15974.6,16777.9,0.0995,Caffeine,GC-MS
SMP-00083,5.58,21041.3,4623.4,4780.2,0.0212,Aspirin,GC-MS
SMP-00083,7.19,70895.0,12304.5,12415.2,0.0717,Benzoic Acid,GC-MS
SMP-00083,8.94,33392.6,6746.4,6924.7,0.0334,Phenacetin,GC-MS
SMP-00083,10.43,14243.0,3465.3,3583.6,0.0143,Salicylic Acid,GC-MS
SMP-00083,12.08,49966.0,9063.5,8963.8,0.0498,Chlorpheniramine,GC-MS
SMP-00084,1.28,13086.6,3299.3,3381.6,0.0131,Uracil,GC-MS
SMP-00084,2.75,244136.7,45821.9,46362.5,0.2366,Acetaminophen,GC-MS
SMP-00084,4.16,97797.8,15530.9,15977.8,0.0975,Caffeine,GC-MS
SMP-00084,5.59,26587.7,5895.7,6001.3,0.0272,Aspirin,GC-MS
SMP-00084,7.16,64728.4,10959.9,11319.8,0.0635,Benzoic Acid,GC-MS
SMP-00084,8.95,34551.2,7543.6,7961.0,0.0345,Phenacetin,GC-MS
SMP-00084,10.4,13046.8,3034.8,3068.9,0.0138,Salicylic Acid,GC-MS
SMP-00084,12.15,62830.2,11420.5,11848.3,0.0635,Chlorpheniramine,GC-MS
SMP-00085,1.28,11006.1,2812.8,2908.1,0.0106,Uracil,GC-MS
SMP-00085,2.75,39689.0,8010.5,8562.8,0.0381,Acetaminophen,GC-MS
SMP-00085,4.1,90630.1,15077.4,15570.0,0.0951,Caffeine,GC-MS
SMP-00085,5.56,23319.8,5302.5,5301.9,0.0227,Aspirin,GC-MS
SMP-00085,7.21,65121.9,10848.1,11315.3,0.0619,Benzoic Acid,GC-MS
SMP-00085,8.98,31811.0,6638.8,6752.0,0.0316,Phenacetin,GC-MS
SMP-00085,10.39,15044.5,3669.9,3872.8,0.0153,Salicylic Acid,GC-MS
SMP-00085,12.1,46160.5,8878.9,9124.5,0.0471,Chlorpheniramine,GC-MS
SMP-00086,1.25,12673.8,3309.2,3403.0,0.0124,Uracil,GC-MS
SMP-00086,2.83,47482.7,9260.6,9839.6,0.0485,Acetaminophen,GC-MS
SMP-00086,4.15,83038.1,13051.2,13533.2,0.0801,Caffeine,GC-MS
SMP-00086,5.65,21934.0,4760.2,4909.8,0.0215,Aspirin,GC-MS
SMP-00086,7.18,71094.9,11923.9,12406.4,0.0701,Benzoic Acid,GC-MS
SMP-00086,8.97,31785.3,6539.2,6868.5,0.031,Phenacetin,GC-MS
SMP-00086,10.36,18227.9,4443.0,4634.0,0.0179,Salicylic Acid,GC-MS
SMP-00086,12.1,57185.4,10377.6,10664.7,0.0587,Chlorpheniramine,GC-MS
SMP-00087,1.31,10679.0,2628.2,2695.3,0.0107,Uracil,GC-MS
SMP-00087,2.77,40384.4,7819.0,8144.7,0.0416,Acetaminophen,GC-MS
SMP-00087,4.15,98441.2,16583.4,17130.1,0.0976,Caffeine,GC-MS
SMP-00087,5.64,19007.3,4287.4,4418.9,0.0188,Aspirin,GC-MS
SMP-00087,7.17,69240.7,11605.9,12402.9,0.0698,Benzoic Acid,GC-MS
SMP-00087,8.95,33849.9,6943.4,7189.2,0.0345,Phenacetin,GC-MS
SMP-00087,10.38,13533.4,3447.3,3632.3,0.0136,Salicylic Acid,GC-MS
SMP-00087,12.14,52166.6,9462.7,10043.0,0.0527,Chlorpheniramine,GC-MS
SMP-00088,1.22,13259.2,3222.3,3384.7,0.0128,Uracil,GC-MS
SMP-00088,2.82,44519.3,8697.0,8804.9,0.0461,Acetaminophen,GC-MS
SMP-00088,4.14,104162.0,16695.7,17231.5,0.1033,Caffeine,GC-MS
SMP-00088,5.64,21162.8,4426.1,4599.4,0.0213,Aspirin,GC-MS
SMP-00088,7.19,75763.6,12573.2,12887.1,0.074,Benzoic Acid,GC-MS
SMP-00088,8.93,30418.7,6202.7,6578.6,0.0312,Phenacetin,GC-MS
SMP-00088,10.46,15116.0,3688.8,3714.3,0.0149,Salicylic Acid,GC-MS
SMP-00088,12.06,50006.0,9059.4,8949.1,0.0509,Chlorpheniramine,GC-MS
SMP-00089,1.26,10695.4,2657.8,2706.6,0.0109,Uracil,GC-MS
SMP-00089,2.78,43641.3,8261.2,8577.6,0.0425,Acetaminophen,GC-MS
SMP-00089,4.19,83060.4,13578.8,13955.2,0.0808,Caffeine,GC-MS
SMP-00089,5.58,19216.1,4045.3,4238.8,0.0191,Aspirin,GC-MS
SMP-00089,7.22,69747.8,11212.2,11496.7,0.0661,Benzoic Acid,GC-MS
SMP-00089,8.99,31584.1,6411.7,6692.8,0.0304,Phenacetin,GC-MS
SMP-00089,10.42,17298.7,4000.6,4010.9,0.0171,Salicylic Acid,GC-MS
SMP-00089,12.12,51655.5,8774.0,9094.8,0.0516,Chlorpheniramine,GC-MS
SMP-00090,1.22,12403.1,3171.1,3195.4,0.0127,Uracil,GC-MS
SMP-00090,2.8,44956.1,8614.3,8712.0,0.0447,Acetaminophen,GC-MS
SMP-00090,4.16,85165.4,13808.7,14331.8,0.0853,Caffeine,GC-MS
SMP-00090,5.55,26377.7,5655.2,5601.7,0.0264,Aspirin,GC-MS
SMP-00090,7.16,61666.2,9563.2,9680.0,0.0615,Benzoic Acid,GC-MS
SMP-00090,8.98,35217.3,7198.8,7426.4,0.0355,Phenacetin,GC-MS
SMP-00090,10.39,17044.9,4150.7,4116.7,0.0171,Salicylic Acid,GC-MS
SMP-00090,12.14,65262.4,11769.6,12207.9,0.0641,Chlorpheniramine,GC-MS
SMP-00091,1.24,12084.6,3041.8,3114.4,0.0119,Uracil,GC-MS
SMP-00091,2.79,52004.8,9890.6,10303.6,0.0521,Acetaminophen,GC-MS
SMP-00091,4.2,102039.5,16380.3,17418.6,0.0992,Caffeine,GC-MS
SMP-00091,5.56,22101.4,4932.4,5046.6,0.0221,Aspirin,GC-MS
SMP-00091,7.19,62417.3,10663.7,10912.9,0.0622,Benzoic Acid,GC-MS
SMP-00091,8.93,31882.1,6239.4,6452.3,0.0317,Phenacetin,GC-MS
SMP-00091,10.38,13733.9,3466.9,3481.2,0.014,Salicylic Acid,GC-MS
SMP-00091,12.12,57084.1,10325.0,10819.1,0.0571,Chlorpheniramine,GC-MS
SMP-00092,1.25,13048.6,3165.9,3293.1,0.0132,Uracil,GC-MS
SMP-00092,2.77,51764.8,10076.8,10561.5,0.0533,Acetaminophen,GC-MS
SMP-00092,4.09,100248.5,15599.3,15457.8,0.1023,Caffeine,GC-MS
SMP-00092,5.61,23273.5,5083.4,5308.0,0.0231,Aspirin,GC-MS
SMP-00092,7.23,72123.3,11317.8,11242.0,0.0707,Benzoic Acid,GC-MS
SMP-00092,8.96,35139.8,7260.7,7631.7,0.036,Phenacetin,GC-MS
SMP-00092,10.39,16874.6,3971.7,4076.0,0.0172,Salicylic Acid,GC-MS
SMP-00092,12.07,62760.9,11634.1,12082.5,0.0651,Chlorpheniramine,GC-MS
SMP-00093,1.24,12840.0,3376.1,3459.6,0.0128,Uracil,GC-MS
SMP-00093,2.82,49620.1,9707.1,9961.1,0.0514,Acetaminophen,GC-MS
SMP-00093,4.2,102393.5,15972.6,17053.8,0.1028,Caffeine,GC-MS
SMP-00093,5.57,22369.4,5059.9,5108.0,0.0221,Aspirin,GC-MS
SMP-00093,7.19,64343.1,10792.9,11158.2,0.066,Benzoic Acid,GC-MS
SMP-00093,8.96,27495.3,5791.5,5947.9,0.027,Phenacetin,GC-MS
SMP-00093,10.42,15592.4,3867.4,3946.2,0.0156,Salicylic Acid,GC-MS
SMP-00093,12.09,64316.6,11428.8,12167.3,0.0644,Chlorpheniramine,GC-MS
SMP-00094,1.23,9524.9,2330.1,2394.8,0.0095,Uracil,GC-MS
SMP-00094,2.79,52736.4,10566.0,10901.2,0.0529,Acetaminophen,GC-MS
SMP-00094,4.16,90282.8,14678.8,15344.3,0.0883,Caffeine,GC-MS
SMP-00094,5.65,20129.4,4491.7,4626.4,0.02,Aspirin,GC-MS
SMP-00094,7.18,57598.4,9943.5,10399.7,0.0567,Benzoic Acid,GC-MS
SMP-00094,8.94,27910.9,5913.9,5993.5,0.0281,Phenacetin,GC-MS
SMP-00094,10.38,14569.4,3632.7,3879.0,0.0148,Salicylic Acid,GC-MS
SMP-00094,12.08,50555.4,8779.5,8974.6,0.0503,Chlorpheniramine,GC-MS
SMP-00095,1.27,14484.5,3510.1,3562.9,0.0146,Uracil,GC-MS
SMP-00095,2.87,47888.5,9373.7,9451.6,0.048,Acetaminophen,GC-MS
SMP-00095,4.15,94555.3,15274.9,14982.5,0.0959,Caffeine,GC-MS
SMP-00095,5.62,23435.7,5246.6,5362.4,0.0232,Aspirin,GC-MS
SMP-00095,7.21,74886.7,12088.1,12041.3,0.0751,Benzoic Acid,GC-MS
SMP-00095,8.95,33289.8,6812.4,7055.9,0.0335,Phenacetin,GC-MS
SMP-00095,10.39,15746.8,3742.2,3971.8,0.0158,Salicylic Acid,GC-MS
SMP-00095,12.08,61458.1,11386.1,11561.2,0.0601,Chlorpheniramine,GC-MS
SMP-00096,1.3,11941.2,3129.9,3252.1,0.012,Uracil,GC-MS
SMP-00096,2.82,41254.5,8063.0,8092.0,0.0403,Acetaminophen,GC-MS
SMP-00096,4.14,84289.3,13769.1,14276.5,0.0846,Caffeine,GC-MS
SMP-00096,5.6,24277.7,5613.8,5807.8,0.0246,Aspirin,GC-MS
SMP-00096,7.11,54173.5,9250.5,9657.3,0.0532,Benzoic Acid,GC-MS
SMP-00096,8.97,33426.4,6379.2,6418.0,0.0334,Phenacetin,GC-MS
SMP-00096,10.39,15627.5,3960.6,4102.7,0.0159,Salicylic Acid,GC-MS
SMP-00096,12.14,54054.3,9835.7,10241.6,0.0545,Chlorpheniramine,GC-MS
SMP-00097,1.27,12681.7,3242.8,3425.0,0.0128,Uracil,GC-MS
SMP-00097,2.76,43895.2,8227.4,8549.1,0.0436,Acetaminophen,GC-MS
SMP-00097,4.18,90814.3,14664.0,15784.1,0.0915,Caffeine,GC-MS
SMP-00097,5.64,24091.7,5702.0,6079.4,0.0238,Aspirin,GC-MS
SMP-00097,7.16,68137.4,10930.7,11284.2,0.0685,Benzoic Acid,GC-MS
SMP-00097,8.94,36412.5,7144.3,7220.4,0.0364,Phenacetin,GC-MS
SMP-00097,10.36,17949.3,4393.7,4460.8,0.0178,Salicylic Acid,GC-MS
SMP-00097,12.1,49179.0,8958.7,9421.1,0.0482,Chlorpheniramine,GC-MS
SMP-00098,1.24,12468.6,3293.9,3309.2,0.0123,Uracil,GC-MS
SMP-00098,2.84,52350.6,10195.6,10523.8,0.052,Acetaminophen,GC-MS
SMP-00098,4.17,95155.8,15566.8,16013.4,0.096,Caffeine,GC-MS
SMP-00098,5.61,20698.5,4619.8,4859.2,0.0201,Aspirin,GC-MS
SMP-00098,7.24,64561.8,11199.8,11273.4,0.0646,Benzoic Acid,GC-MS
SMP-00098,8.99,32176.3,6020.1,6244.1,0.0319,Phenacetin,GC-MS
SMP-00098,10.4,12640.5,3228.1,3221.3,0.0126,Salicylic Acid,GC-MS
SMP-00098,12.11,61052.4,11014.2,11458.4,0.063,Chlorpheniramine,GC-MS
SMP-00099,1.2,49919.1,12758.0,11556.9,0.0507,Uracil,GC-MS
SMP-00099,2.83,46597.1,9333.0,9670.3,0.0483,Acetaminophen,GC-MS
SMP-00099,4.11,83680.3,13153.2,13373.6,0.0807,Caffeine,GC-MS
SMP-00099,5.64,21290.2,4691.2,4856.6,0.0213,Aspirin,GC-MS
SMP-00099,7.16,89797.1,15277.7,15852.8,0.0898,Benzoic Acid,GC-MS
SMP-00099,8.94,29766.5,6230.5,6485.0,0.0302,Phenacetin,GC-MS
SMP-00099,10.4,12123.0,3092.2,3298.0,0.0115,Salicylic Acid,GC-MS
SMP-00099,12.07,56713.0,10402.4,10658.5,0.0554,Chlorpheniramine,GC-MS
SMP-00100,1.22,11425.7,2860.0,2872.6,0.0114,Uracil,GC-MS
SMP-00100,2.79,45645.6,8934.5,9166.6,0.0458,Acetaminophen,GC-MS
SMP-00100,4.13,92228.6,14638.2,15490.8,0.0906,Caffeine,GC-MS
SMP-00100,5.62,24226.0,5459.9,5509.4,0.0241,Aspirin,GC-MS
SMP-00100,7.18,68080.2,11700.1,12249.7,0.0694,Benzoic Acid,GC-MS
SMP-00100,8.97,29754.7,6302.8,6631.0,0.0296,Phenacetin,GC-MS
SMP-00100,10.39,13912.5,3480.8,3560.0,0.0136,Salicylic Acid,GC-MS
SMP-00100,12.12,64253.9,11235.6,11206.7,0.0622,Chlorpheniramine,GC-MS
SMP-00101,1.28,12628.3,3224.1,3269.1,0.0126,Uracil,GC-MS
SMP-00101,2.78,44738.1,8618.9,8943.0,0.045,Acetaminophen,GC-MS
SMP-00101,4.12,87956.1,14159.5,14607.7,0.0916,Caffeine,GC-MS
SMP-00101,5.66,21353.0,4699.9,4720.9,0.0211,Aspirin,GC-MS
SMP-00101,7.19,69011.1,11431.1,11568.7,0.068,Benzoic Acid,GC-MS
SMP-00101,8.92,28694.2,5987.0,6206.4,0.0289,Phenacetin,GC-MS
SMP-00101,10.4,13512.7,3333.6,3476.0,0.0128,Salicylic Acid,GC-MS
SMP-00101,12.12,60845.2,10988.0,10996.7,0.0592,Chlorpheniramine,GC-MS
SMP-00102,1.25,14380.3,3867.3,4021.1,0.0143,Uracil,GC-MS
SMP-00102,2.84,48063.0,9289.3,9620.3,0.0489,Acetaminophen,GC-MS
SMP-00102,4.19,79815.2,12688.5,12777.0,0.0761,Caffeine,GC-MS
SMP-00102,5.61,19998.3,4287.2,4389.4,0.0202,Aspirin,GC-MS
SMP-00102,7.18,71458.1,11451.6,11759.7,0.0716,Benzoic Acid,GC-MS
SMP-00102,8.97,26591.8,5488.1,5821.1,0.0272,Phenacetin,GC-MS
SMP-00102,10.39,17551.0,4518.0,4655.8,0.0177,Salicylic Acid,GC-MS
SMP-00102,12.16,52532.5,10087.5,10355.1,0.0543,Chlorpheniramine,GC-MS
SMP-00103,1.27,10813.8,2944.4,2964.8,0.0099,Uracil,GC-MS
SMP-00103,2.77,56686.3,11250.3,11700.4,0.0565,Acetaminophen,GC-MS
SMP-00103,4.12,87511.7,14211.5,14855.9,0.0873,Caffeine,GC-MS
SMP-00103,5.58,25282.7,5497.6,5698.2,0.0254,Aspirin,GC-MS
SMP-00103,7.22,69589.8,11416.2,11892.0,0.0693,Benzoic Acid,GC-MS
SMP-00103,8.96,30907.7,6117.4,6313.5,0.0314,Phenacetin,GC-MS
SMP-00103,10.42,17235.7,4094.6,4259.9,0.0169,Salicylic Acid,GC-MS
SMP-00103,12.1,54229.7,9426.3,9879.1,0.0519,Chlorpheniramine,GC-MS
SMP-00104,1.25,13027.2,3504.0,3560.1,0.0134,Uracil,GC-MS
SMP-00104,2.81,47948.4,9776.2,9654.2,0.0474,Acetaminophen,GC-MS
SMP-00104,4.13,91086.8,14540.5,14993.2,0.0892,Caffeine,GC-MS
SMP-00104,5.57,23580.6,5206.4,5450.3,0.0237,Aspirin,GC-MS
SMP-00104,7.21,81789.4,13865.9,14587.0,0.0818,Benzoic Acid,GC-MS
SMP-00104,9.01,29933.5,6101.3,6297.1,0.0298,Phenacetin,GC-MS
SMP-00104,10.41,17134.3,4198.0,4480.0,0.0171,Salicylic Acid,GC-MS
SMP-00104,12.13,57017.7,10511.4,11308.2,0.0566,Chlorpheniramine,GC-MS
SMP-00105,1.29,65592.7,15007.0,14136.2,0.0656,Uracil,GC-MS
SMP-00105,2.79,43671.6,8574.3,8865.8,0.0435,Acetaminophen,GC-MS
SMP-00105,4.15,79493.1,13234.0,13640.3,0.0803,Caffeine,GC-MS
SMP-00105,5.57,20901.8,4509.3,4600.8,0.0197,Aspirin,GC-MS
SMP-00105,7.18,66794.6,11034.6,11065.5,0.0665,Benzoic Acid,GC-MS
SMP-00105,8.95,30418.4,6745.7,6939.1,0.0309,Phenacetin,GC-MS
SMP-00105,10.42,15611.6,3946.9,4039.4,0.0152,Salicylic Acid,GC-MS
SMP-00105,12.1,59939.7,10799.6,11048.3,0.0593,Chlorpheniramine,GC-MS
SMP-00106,1.24,11622.7,3043.6,3288.1,0.0116,Uracil,GC-MS
SMP-00106,2.84,43751.2,8967.8,8853.8,0.0431,Acetaminophen,GC-MS
SMP-00106,4.14,67635.9,11564.2,12297.7,0.0706,Caffeine,GC-MS
SMP-00106,5.55,24466.4,5431.0,5374.9,0.0241,Aspirin,GC-MS
SMP-00106,7.19,73201.6,11877.7,12414.4,0.0737,Benzoic Acid,GC-MS
SMP-00106,8.97,32663.7,6907.2,7083.0,0.0319,Phenacetin,GC-MS
SMP-00106,10.42,16531.7,4145.1,4143.7,0.0172,Salicylic Acid,GC-MS
SMP-00106,12.08,51867.0,9491.4,9865.3,0.0515,Chlorpheniramine,GC-MS
SMP-00107,1.26,10415.8,2584.7,2622.8,0.0105,Uracil,GC-MS
SMP-00107,2.85,45484.1,8497.4,8756.7,0.0428,Acetaminophen,GC-MS
SMP-00107,4.11,99536.4,17043.2,17341.8,0.0973,Caffeine,GC-MS
SMP-00107,5.61,22689.1,4958.2,5080.3,0.0224,Aspirin,GC-MS
SMP-00107,7.23,68292.5,11658.0,12072.1,0.0686,Benzoic Acid,GC-MS
SMP-00107,8.97,163035.5,34669.6,39525.7,0.1614,Phenacetin,GC-MS
SMP-00107,10.42,15033.6,3719.6,3938.6,0.015,Salicylic Acid,GC-MS
SMP-00107,12.12,57454.0,10679.1,10930.8,0.0575,Chlorpheniramine,GC-MS
SMP-00108,1.31,11846.8,3176.1,3234.2,0.0119,Uracil,GC-MS
SMP-00108,2.84,46750.8,9124.8,9472.5,0.0456,Acetaminophen,GC-MS
SMP-00108,4.16,77354.2,13240.3,13691.5,0.0805,Caffeine,GC-MS
SMP-00108,5.62,93674.8,22376.6,20111.7,0.0936,Aspirin,GC-MS
SMP-00108,7.23,68631.2,11530.7,12610.1,0.0688,Benzoic Acid,GC-MS
SMP-00108,8.99,31959.6,6883.2,6551.8,0.032,Phenacetin,GC-MS
SMP-00108,10.4,16496.1,3771.2,3919.9,0.0166,Salicylic Acid,GC-MS
SMP-00108,12.14,60039.5,10203.4,10296.0,0.059,Chlorpheniramine,GC-MS
SMP-00109,1.28,12051.1,3145.8,3239.3,0.0125,Uracil,GC-MS
SMP-00109,2.78,44409.3,8556.6,8870.8,0.0461,Acetaminophen,GC-MS
SMP-00109,4.18,83784.9,13859.2,14504.4,0.0857,Caffeine,GC-MS
SMP-00109,5.59,20269.3,4345.5,4312.5,0.0209,Aspirin,GC-MS
SMP-00109,7.23,66470.9,10717.7,11049.6,0.0647,Benzoic Acid,GC-MS
SMP-00109,8.93,34983.1,7305.2,7552.1,0.0349,Phenacetin,GC-MS
SMP-00109,10.38,17612.3,4157.9,4273.0,0.0174,Salicylic Acid,GC-MS
SMP-00109,12.09,55665.7,9720.3,10227.8,0.0561,Chlorpheniramine,GC-MS
SMP-00110,1.28,10706.6,3116.5,3347.2,0.0108,Uracil,GC-MS
SMP-00110,2.78,44017.0,8699.4,9100.1,0.0443,Acetaminophen,GC-MS
SMP-00110,4.12,85414.2,13514.9,13739.0,0.0856,Caffeine,GC-MS
SMP-00110,5.57,20433.6,4522.2,4606.8,0.0199,Aspirin,GC-MS
SMP-00110,7.21,62126.4,10438.7,11027.0,0.062,Benzoic Acid,GC-MS
SMP-00110,8.92,34856.6,6894.4,7080.4,0.033,Phenacetin,GC-MS
SMP-00110,10.41,14289.5,3353.7,3548.0,0.0142,Salicylic Acid,GC-MS
SMP-00110,12.08,60056.2,11273.5,11857.8,0.0599,Chlorpheniramine,GC-MS
SMP-00111,1.23,14060.7,3736.5,3919.3,0.0139,Uracil,GC-MS
SMP-00111,2.79,42190.6,8464.2,8821.1,0.042,Acetaminophen,GC-MS
SMP-00111,4.22,100741.4,16554.8,17018.4,0.1006,Caffeine,GC-MS
SMP-00111,5.59,23313.4,4983.2,5317.8,0.0236,Aspirin,GC-MS
SMP-00111,7.14,66737.2,11002.4,11509.3,0.0668,Benzoic Acid,GC-MS
SMP-00111,8.92,35371.0,7174.9,7351.9,0.0353,Phenacetin,GC-MS
SMP-00111,10.38,17834.9,4358.2,4461.4,0.018,Salicylic Acid,GC-MS
SMP-00111,12.1,53858.7,9988.5,10424.5,0.0565,Chlorpheniramine,GC-MS
SMP-00112,1.29,11812.6,2924.1,3143.5,0.0118,Uracil,GC-MS
SMP-00112,2.79,48420.0,9490.3,9832.6,0.0482,Acetaminophen,GC-MS
SMP-00112,4.17,84314.2,14384.2,15233.2,0.084,Caffeine,GC-MS
SMP-00112,5.61,20516.3,4673.0,4817.8,0.0213,Aspirin,GC-MS
SMP-00112,7.13,74451.0,12863.8,13540.9,0.0757,Benzoic Acid,GC-MS
SMP-00112,8.98,28473.2,6050.9,6329.3,0.0282,Phenacetin,GC-MS
SMP-00112,10.41,15073.2,3659.1,3758.4,0.0149,Salicylic Acid,GC-MS
SMP-00112,12.13,59521.4,10369.6,10542.7,0.0593,Chlorpheniramine,GC-MS
SMP-00113,1.28,10712.9,2563.9,2646.8,0.0111,Uracil,GC-MS
SMP-00113,2.78,36844.9,7531.8,7677.7,0.0375,Acetaminophen,GC-MS
SMP-00113,4.16,80453.1,13132.1,13414.4,0.0821,Caffeine,GC-MS
SMP-00113,5.65,23610.6,5157.8,5385.1,0.0229,Aspirin,GC-MS
SMP-00113,7.16,60776.7,9965.8,10201.9,0.0606,Benzoic Acid,GC-MS
SMP-00113,8.93,32103.0,6725.7,7089.3,0.0319,Phenacetin,GC-MS
SMP-00113,10.42,13076.9,3223.5,3332.1,0.0128,Salicylic Acid,GC-MS
SMP-00113,12.06,55044.1,9468.5,9837.4,0.0554,Chlorpheniramine,GC-MS
SMP-00114,1.26,12808.7,3254.7,3318.0,0.013,Uracil,GC-MS
SMP-00114,2.8,49307.1,9052.4,9230.9,0.0503,Acetaminophen,GC-MS
SMP-00114,4.15,86369.1,14361.4,14661.9,0.0852,Caffeine,GC-MS
SMP-00114,5.6,21756.3,4689.2,4832.8,0.0216,Aspirin,GC-MS
SMP-00114,7.29,69117.9,11695.5,12057.3,0.0678,Benzoic Acid,GC-MS
SMP-00114,8.94,32497.4,6479.6,6807.8,0.0328,Phenacetin,GC-MS
SMP-00114,10.39,16566.6,4014.7,4077.8,0.0171,Salicylic Acid,GC-MS
SMP-00114,12.15,44762.2,8312.8,8371.3,0.044,Chlorpheniramine,GC-MS
SMP-00115,1.28,12275.3,3147.7,3300.8,0.0122,Uracil,GC-MS
SMP-00115,2.86,44638.1,8455.9,8883.1,0.0439,Acetaminophen,GC-MS
SMP-00115,4.17,86343.7,13452.4,13849.0,0.0832,Caffeine,GC-MS
SMP-00115,5.56,24825.9,5515.7,5817.6,0.0245,Aspirin,GC-MS
SMP-00115,7.21,63563.9,10389.9,10810.2,0.0647,Benzoic Acid,GC-MS
SMP-00115,8.96,26915.4,5937.8,6236.0,0.0281,Phenacetin,GC-MS
SMP-00115,10.4,18578.3,4371.3,4595.6,0.0185,Salicylic Acid,GC-MS
SMP-00115,12.09,50390.9,9333.6,9318.8,0.05,Chlorpheniramine,GC-MS
SMP-00116,1.24,11820.4,3134.2,3167.5,0.0119,Uracil,GC-MS
SMP-00116,2.79,41834.2,7989.5,8503.2,0.0424,Acetaminophen,GC-MS
SMP-00116,4.16,106872.2,16925.7,17126.2,0.1057,Caffeine,GC-MS
SMP-00116,5.59,23607.5,5090.6,5123.3,0.0237,Aspirin,GC-MS
SMP-00116,7.17,58549.8,10525.7,10582.3,0.0582,Benzoic Acid,GC-MS
SMP-00116,8.97,29110.6,5973.8,6059.5,0.0301,Phenacetin,GC-MS
SMP-00116,10.43,16994.3,4183.9,4304.7,0.0169,Salicylic Acid,GC-MS
SMP-00116,12.1,54965.8,9530.6,9798.5,0.0529,Chlorpheniramine,GC-MS
SMP-00117,1.22,14234.7,3740.5,3898.0,0.0149,Uracil,GC-MS
SMP-00117,2.81,45435.6,8774.3,9238.2,0.0469,Acetaminophen,GC-MS
SMP-00117,4.19,85293.3,14841.6,15525.7,0.0829,Caffeine,GC-MS
SMP-00117,5.57,19222.2,4283.7,4455.5,0.019,Aspirin,GC-MS
SMP-00117,7.2,63513.3,11093.5,11448.4,0.0656,Benzoic Acid,GC-MS
SMP-00117,8.92,36156.7,7481.1,7964.1,0.0361,Phenacetin,GC-MS
SMP-00117,10.39,17212.0,3996.6,4236.1,0.0169,Salicylic Acid,GC-MS
SMP-00117,12.06,55159.6,10372.8,10603.6,0.0556,Chlorpheniramine,GC-MS
SMP-00118,1.2,13126.7,3394.8,3379.3,0.013,Uracil,GC-MS
SMP-00118,2.77,49177.7,9842.9,10063.1,0.0486,Acetaminophen,GC-MS
SMP-00118,4.1,90754.2,13826.5,14238.2,0.0907,Caffeine,GC-MS
SMP-00118,5.63,24036.0,5123.0,5296.1,0.0248,Aspirin,GC-MS
SMP-00118,7.18,72622.0,12389.5,12527.5,0.0724,Benzoic Acid,GC-MS
SMP-00118,8.92,26256.1,5185.9,5272.1,0.0257,Phenacetin,GC-MS
SMP-00118,10.44,19453.6,4645.3,4686.0,0.0192,Salicylic Acid,GC-MS
SMP-00118,12.04,47341.6,9064.4,9412.5,0.0486,Chlorpheniramine,GC-MS
SMP-00119,1.29,12109.7,3143.0,3287.1,0.0124,Uracil,GC-MS
SMP-00119,2.76,47239.4,8834.9,8958.6,0.0478,Acetaminophen,GC-MS
SMP-00119,4.12,97860.1,15798.5,15638.0,0.0999,Caffeine,GC-MS
SMP-00119,5.63,24396.6,5228.5,5341.1,0.0239,Aspirin,GC-MS
SMP-00119,7.22,68820.5,11373.8,11534.9,0.068,Benzoic Acid,GC-MS
SMP-00119,8.96,33475.1,6858.8,6967.8,0.0341,Phenacetin,GC-MS
SMP-00119,10.38,16148.7,3976.2,3997.2,0.0161,Salicylic Acid,GC-MS
SMP-00119,12.14,53383.4,9571.7,9863.6,0.0537,Chlorpheniramine,GC-MS
SMP-00120,1.27,12931.7,3439.6,3566.4,0.013,Uracil,GC-MS
SMP-00120,2.84,42868.7,8166.1,8337.0,0.0431,Acetaminophen,GC-MS
SMP-00120,4.13,77360.5,12802.6,13655.4,0.0777,Caffeine,GC-MS
SMP-00120,5.62,20851.6,4403.0,4370.6,0.0218,Aspirin,GC-MS
SMP-00120,7.21,66592.8,10849.2,11125.8,0.0669,Benzoic Acid,GC-MS
SMP-00120,8.92,33263.8,6680.9,6670.2,0.0332,Phenacetin,GC-MS
SMP-00120,10.34,17946.4,4570.7,4664.1,0.0178,Salicylic Acid,GC-MS
SMP-00120,12.15,54449.5,9721.5,10038.7,0.0538,Chlorpheniramine,GC-MS
SMP-00121,1.21,13632.8,3694.3,3820.4,0.0135,Uracil,GC-MS
SMP-00121,2.81,50437.2,10036.7,10079.9,0.0504,Acetaminophen,GC-MS
SMP-00121,4.13,87272.6,13708.8,14348.2,0.087,Caffeine,GC-MS
SMP-00121,5.56,20932.3,4814.9,4688.2,0.0206,Aspirin,GC-MS
SMP-00121,7.23,77495.0,12635.9,13290.5,0.0751,Benzoic Acid,GC-MS
SMP-00121,8.93,32947.4,6523.8,6926.5,0.0337,Phenacetin,GC-MS
SMP-00121,10.43,16274.4,3821.2,3949.5,0.0163,Salicylic Acid,GC-MS
SMP-00121,12.08,305112.3,49727.8,44708.4,0.3079,Chlorpheniramine,GC-MS
SMP-00122,1.25,13167.6,3391.8,3470.3,0.0134,Uracil,GC-MS
SMP-00122,2.74,43748.9,8288.2,8621.0,0.0428,Acetaminophen,GC-MS
SMP-00122,4.2,104652.3,18203.1,18623.4,0.1027,Caffeine,GC-MS
SMP-00122,5.57,24924.6,5481.1,5656.1,0.0238,Aspirin,GC-MS
SMP-00122,7.19,76407.9,12729.1,12755.6,0.077,Benzoic Acid,GC-MS
SMP-00122,8.95,28321.1,5948.6,6001.4,0.0286,Phenacetin,GC-MS
SMP-00122,10.41,17733.7,4304.5,4385.4,0.0179,Salicylic Acid,GC-MS
SMP-00122,12.13,52304.5,9472.0,9700.8,0.0532,Chlorpheniramine,GC-MS
SMP-00123,1.29,12317.4,3058.2,3262.4,0.0126,Uracil,GC-MS
SMP-00123,2.79,51780.3,9946.8,10499.0,0.0524,Acetaminophen,GC-MS
SMP-00123,4.11,102441.5,16336.3,16736.7,0.1013,Caffeine,GC-MS
SMP-00123,5.58,22532.5,4752.6,4945.8,0.0223,Aspirin,GC-MS
SMP-00123,7.19,60444.4,9804.9,10112.1,0.0589,Benzoic Acid,GC-MS
SMP-00123,8.98,34359.1,7023.7,7423.3,0.0341,Phenacetin,GC-MS
SMP-00123,10.4,101487.6,21282.8,26122.0,0.0986,Salicylic Acid,GC-MS
SMP-00123,12.08,56783.6,10288.1,10447.6,0.0583,Chlorpheniramine,GC-MS
SMP-00124,1.31,11144.6,2797.7,2841.3,0.011,Uracil,GC-MS
SMP-00124,2.83,48290.1,9470.4,9766.9,0.0486,Acetaminophen,GC-MS
SMP-00124,4.17,74694.3,11816.8,12263.5,0.0731,Caffeine,GC-MS
SMP-00124,5.61,23008.6,5023.9,5464.2,0.0228,Aspirin,GC-MS
SMP-00124,7.23,76557.7,13130.7,13282.4,0.0771,Benzoic Acid,GC-MS
SMP-00124,9.0,24141.5,4917.0,4969.9,0.0237,Phenacetin,GC-MS
SMP-00124,10.44,15681.8,3892.6,3957.9,0.0158,Salicylic Acid,GC-MS
SMP-00124,12.13,59860.9,10831.6,11259.5,0.0625,Chlorpheniramine,GC-MS
SMP-00125,1.23,12454.8,3018.8,3086.1,0.0126,Uracil,GC-MS
SMP-00125,2.86,42322.9,7913.6,8191.0,0.0426,Acetaminophen,GC-MS
SMP-00125,4.17,92302.5,14638.9,15482.1,0.0921,Caffeine,GC-MS
SMP-00125,5.59,24737.1,5344.8,5697.5,0.0245,Aspirin,GC-MS
SMP-00125,7.19,70050.8,11713.4,12155.7,0.0692,Benzoic Acid,GC-MS
SMP-00125,8.93,30920.0,6245.3,6375.7,0.0307,Phenacetin,GC-MS
SMP-00125,10.41,13236.7,3137.1,3119.5,0.0129,Salicylic Acid,GC-MS
SMP-00125,12.1,47268.4,8229.4,8308.5,0.0458,Chlorpheniramine,GC-MS
SMP-00126,1.28,11311.5,2992.8,3087.4,0.0113,Uracil,GC-MS
SMP-00126,2.8,51382.1,9363.5,9926.4,0.0513,Acetaminophen,GC-MS
SMP-00126,4.19,87103.3,14156.1,14543.3,0.087,Caffeine,GC-MS
SMP-00126,5.61,23806.6,5468.3,5719.0,0.0243,Aspirin,GC-MS
SMP-00126,7.22,68374.3,11653.0,11601.5,0.0684,Benzoic Acid,GC-MS
SMP-00126,9.0,34296.7,7072.9,7404.1,0.0338,Phenacetin,GC-MS
SMP-00126,10.41,14983.4,3624.9,3706.9,0.0151,Salicylic Acid,GC-MS
SMP-00126,12.12,61356.8,11048.0,11252.6,0.0616,Chlorpheniramine,GC-MS
SMP-00127,1.31,12801.9,3264.7,3412.1,0.0127,Uracil,GC-MS
SMP-00127,2.81,280644.3,50854.3,48772.6,0.2813,Acetaminophen,GC-MS
SMP-00127,4.2,91155.0,13838.0,14220.0,0.0895,Caffeine,GC-MS
SMP-00127,5.59,22553.6,5261.4,5494.7,0.023,Aspirin,GC-MS
SMP-00127,7.18,66991.0,11044.5,11385.4,0.0666,Benzoic Acid,GC-MS
SMP-00127,8.94,26470.3,5469.9,5719.0,0.027,Phenacetin,GC-MS
SMP-00127,10.38,15520.3,3686.0,3993.0,0.0152,Salicylic Acid,GC-MS
SMP-00127,12.11,51866.6,9400.9,9685.7,0.0522,Chlorpheniramine,GC-MS
SMP-00128,1.25,11380.7,2840.8,2900.8,0.0114,Uracil,GC-MS
SMP-00128,2.79,38327.0,7267.4,7536.5,0.0395,Acetaminophen,GC-MS
SMP-00128,4.14,75005.7,12016.8,12834.7,0.0738,Caffeine,GC-MS
SMP-00128,5.61,21498.4,4680.6,4891.1,0.0211,Aspirin,GC-MS
SMP-00128,7.23,59854.1,10172.5,10901.4,0.0615,Benzoic Acid,GC-MS
SMP-00128,8.89,33974.5,6827.9,6919.7,0.0329,Phenacetin,GC-MS
SMP-00128,10.36,17899.4,4297.8,4292.5,0.0182,Salicylic Acid,GC-MS
SMP-00128,12.11,199223.3,36585.5,34345.9,0.1898,Chlorpheniramine,GC-MS
SMP-00129,1.25,12154.5,3308.3,3414.6,0.0123,Uracil,GC-MS
SMP-00129,2.81,42532.4,8590.8,8858.9,0.0424,Acetaminophen,GC-MS
SMP-00129,4.19,76713.8,11972.8,12333.9,0.0802,Caffeine,GC-MS
SMP-00129,5.58,23810.2,5238.1,5322.4,0.0237,Aspirin,GC-MS
SMP-00129,7.14,66223.7,11236.8,11332.5,0.0653,Benzoic Acid,GC-MS
SMP-00129,8.93,30002.4,6056.6,6344.1,0.0293,Phenacetin,GC-MS
SMP-00129,10.4,15740.0,3874.4,3897.8,0.0162,Salicylic Acid,GC-MS
SMP-00129,12.06,54622.5,10132.9,10227.7,0.0544,Chlorpheniramine,GC-MS
SMP-00130,1.26,14955.3,3865.3,3899.9,0.0151,Uracil,GC-MS
SMP-00130,2.89,43478.0,8361.9,8668.9,0.0444,Acetaminophen,GC-MS
SMP-00130,4.15,103653.1,16696.1,16899.8,0.1041,Caffeine,GC-MS
SMP-00130,5.67,24438.8,5361.2,5339.9,0.0246,Aspirin,GC-MS
SMP-00130,7.17,67638.9,11464.0,12340.3,0.067,Benzoic Acid,GC-MS
SMP-00130,8.95,32258.9,6424.2,6426.4,0.0317,Phenacetin,GC-MS
SMP-00130,10.37,17212.0,4292.3,4431.7,0.0174,Salicylic Acid,GC-MS
SMP-00130,12.11,57114.7,9532.6,9658.1,0.0567,Chlorpheniramine,GC-MS
SMP-00131,1.18,13526.4,3466.3,3529.7,0.0141,Uracil,GC-MS
SMP-00131,2.76,40899.0,8200.8,8446.2,0.0396,Acetaminophen,GC-MS
SMP-00131,4.12,93313.7,15525.9,15841.9,0.0941,Caffeine,GC-MS
SMP-00131,5.54,25242.0,5555.2,5839.2,0.0254,Aspirin,GC-MS
SMP-00131,7.25,59186.0,9434.3,9615.2,0.0604,Benzoic Acid,GC-MS
SMP-00131,8.95,24028.9,5211.5,5607.0,0.0242,Phenacetin,GC-MS
SMP-00131,10.41,18216.1,4403.0,4587.9,0.0182,Salicylic Acid,GC-MS
SMP-00131,12.12,47486.4,8445.4,8693.7,0.0493,Chlorpheniramine,GC-MS
SMP-00132,1.19,14609.8,3794.2,3836.4,0.015,Uracil,GC-MS
SMP-00132,2.84,39878.8,7596.4,7832.6,0.0401,Acetaminophen,GC-MS
SMP-00132,4.11,80900.3,12564.2,13030.8,0.0799,Caffeine,GC-MS
SMP-00132,5.65,19891.5,4176.5,4268.6,0.0199,Aspirin,GC-MS
SMP-00132,7.21,73150.7,11943.5,12309.2,0.0751,Benzoic Acid,GC-MS
SMP-00132,8.96,31366.7,6455.1,6436.4,0.0313,Phenacetin,GC-MS
SMP-00132,10.39,14683.1,3622.4,3714.2,0.0142,Salicylic Acid,GC-MS
SMP-00132,12.11,47808.6,7639.1,7854.0,0.0469,Chlorpheniramine,GC-MS
SMP-00133,1.26,12065.8,3100.5,3267.8,0.0121,Uracil,GC-MS
SMP-00133,2.76,44920.9,8380.9,8874.5,0.0434,Acetaminophen,GC-MS
SMP-00133,4.14,80929.2,12541.3,12986.6,0.0807,Caffeine,GC-MS
SMP-00133,5.6,24797.0,5467.6,5655.9,0.0254,Aspirin,GC-MS
SMP-00133,7.2,62630.5,10702.4,10760.0,0.0634,Benzoic Acid,GC-MS
SMP-00133,8.93,32084.5,6504.1,6505.4,0.0328,Phenacetin,GC-MS
SMP-00133,10.39,14866.5,3703.4,3780.9,0.0155,Salicylic Acid,GC-MS
SMP-00133,12.13,52753.9,9291.6,9568.3,0.0531,Chlorpheniramine,GC-MS
SMP-00134,1.26,12463.2,3336.2,3493.7,0.0127,Uracil,GC-MS
SMP-00134,2.77,50403.9,10007.5,10409.6,0.0507,Acetaminophen,GC-MS
SMP-00134,4.13,91205.3,14603.8,15664.2,0.092,Caffeine,GC-MS
SMP-00134,5.63,21915.5,4629.6,4844.6,0.022,Aspirin,GC-MS
SMP-00134,7.22,71841.9,12188.7,12263.2,0.0723,Benzoic Acid,GC-MS
SMP-00134,8.97,31736.4,6562.7,6623.7,0.0319,Phenacetin,GC-MS
SMP-00134,10.32,16770.8,4086.6,4228.4,0.0167,Salicylic Acid,GC-MS
SMP-00134,12.08,56427.7,10611.7,10583.3,0.0563,Chlorpheniramine,GC-MS
SMP-00135,1.27,12745.4,3185.7,3247.5,0.0129,Uracil,GC-MS
SMP-00135,2.77,39998.4,7426.8,7593.9,0.0403,Acetaminophen,GC-MS
SMP-00135,4.21,85214.8,13641.8,13584.7,0.0837,Caffeine,GC-MS
SMP-00135,5.63,23178.6,5228.8,5503.5,0.0233,Aspirin,GC-MS
SMP-00135,7.22,79535.3,13408.6,13995.7,0.0808,Benzoic Acid,GC-MS
SMP-00135,8.96,34118.4,7051.6,7247.5,0.0332,Phenacetin,GC-MS
SMP-00135,10.38,14943.4,3651.3,3772.9,0.0152,Salicylic Acid,GC-MS
SMP-00135,12.11,53259.0,9483.1,9442.3,0.0533,Chlorpheniramine,GC-MS
SMP-00136,1.24,15736.8,4065.5,4063.7,0.0158,Uracil,GC-MS
SMP-00136,2.8,49661.6,10390.1,10747.2,0.0507,Acetaminophen,GC-MS
SMP-00136,4.19,79011.3,13301.7,13677.1,0.0802,Caffeine,GC-MS
SMP-00136,5.58,23473.8,5207.9,5428.5,0.0227,Aspirin,GC-MS
SMP-00136,7.22,55020.8,8755.1,8918.4,0.0519,Benzoic Acid,GC-MS
SMP-00136,9.0,34084.4,7177.6,7275.7,0.0347,Phenacetin,GC-MS
SMP-00136,10.37,16287.1,3721.3,3834.0,0.0162,Salicylic Acid,GC-MS
SMP-00136,12.08,50724.2,8876.5,9313.8,0.0498,Chlorpheniramine,GC-MS
SMP-00137,1.24,12619.8,3214.5,3257.2,0.0128,Uracil,GC-MS
SMP-00137,2.77,46796.5,9250.8,8946.2,0.0465,Acetaminophen,GC-MS
SMP-00137,4.15,85916.0,13587.6,13981.2,0.0853,Caffeine,GC-MS
SMP-00137,5.58,21426.8,4709.6,4879.6,0.0211,Aspirin,GC-MS
SMP-00137,7.19,61517.2,10226.6,10897.3,0.0625,Benzoic Acid,GC-MS
SMP-00137,8.99,26592.8,5737.2,5942.0,0.0263,Phenacetin,GC-MS
SMP-00137,10.39,16477.4,3839.7,4056.7,0.0165,Salicylic Acid,GC-MS
SMP-00137,12.11,53920.3,10162.9,10610.4,0.0525,Chlorpheniramine,GC-MS
SMP-00138,1.29,12376.8,3263.3,3282.0,0.0125,Uracil,GC-MS
SMP-00138,2.84,42353.8,7967.9,7900.4,0.0425,Acetaminophen,GC-MS
SMP-00138,4.15,89181.5,15023.5,15975.4,0.0888,Caffeine,GC-MS
SMP-00138,5.63,26452.5,5765.4,5840.8,0.0256,Aspirin,GC-MS
SMP-00138,7.22,67219.1,10580.8,11049.1,0.0664,Benzoic Acid,GC-MS
SMP-00138,9.0,30696.5,6179.4,6432.7,0.0301,Phenacetin,GC-MS
SMP-00138,10.35,16305.6,4162.0,4097.7,0.0164,Salicylic Acid,GC-MS
SMP-00138,12.05,38685.7,6412.1,6729.7,0.0371,Chlorpheniramine,GC-MS
SMP-00139,1.34,12299.9,3271.4,3341.2,0.0119,Uracil,GC-MS
SMP-00139,2.85,47744.9,9241.0,9617.1,0.048,Acetaminophen,GC-MS
SMP-00139,4.16,104192.3,16693.5,17352.2,0.1049,Caffeine,GC-MS
SMP-00139,5.59,22217.6,5006.8,5081.4,0.0217,Aspirin,GC-MS
SMP-00139,7.17,61348.8,10463.8,11052.6,0.0637,Benzoic Acid,GC-MS
SMP-00139,8.92,25834.3,5388.2,5438.2,0.0263,Phenacetin,GC-MS
SMP-00139,10.42,17216.7,4031.5,4029.9,0.0171,Salicylic Acid,GC-MS
SMP-00139,12.16,55802.9,10039.0,10113.1,0.0556,Chlorpheniramine,GC-MS
SMP-00140,1.25,11700.9,2943.4,3071.1,0.0116,Uracil,GC-MS
SMP-00140,2.84,42916.1,8134.5,8508.7,0.0423,Acetaminophen,GC-MS
SMP-00140,4.15,87451.6,14181.1,14666.1,0.0877,Caffeine,GC-MS
SMP-00140,5.68,21043.1,4510.1,4672.7,0.0206,Aspirin,GC-MS
SMP-00140,7.17,76667.9,13317.5,14095.8,0.0754,Benzoic Acid,GC-MS
SMP-00140,8.9,35560.4,7493.9,7892.7,0.0353,Phenacetin,GC-MS
SMP-00140,10.41,15371.5,3847.0,3897.0,0.0156,Salicylic Acid,GC-MS
SMP-00140,12.12,48205.9,8410.6,8585.0,0.0473,Chlorpheniramine,GC-MS
SMP-00141,1.28,12141.2,3327.7,3447.3,0.0126,Uracil,GC-MS
SMP-00141,2.81,48421.6,8913.3,9291.4,0.0479,Acetaminophen,GC-MS
SMP-00141,4.15,98853.8,16228.6,15892.5,0.0981,Caffeine,GC-MS
SMP-00141,5.59,23248.7,5016.1,5040.0,0.0234,Aspirin,GC-MS
SMP-00141,7.22,63845.4,11034.9,11439.3,0.065,Benzoic Acid,GC-MS
SMP-00141,8.93,32590.9,6718.8,6801.8,0.0305,Phenacetin,GC-MS
SMP-00141,10.36,17681.1,4342.5,4496.5,0.0176,Salicylic Acid,GC-MS
SMP-00141,12.16,53623.1,9542.4,9700.2,0.0554,Chlorpheniramine,GC-MS
SMP-00142,1.18,11537.5,3019.5,3184.2,0.012,Uracil,GC-MS
SMP-00142,2.8,47679.8,9008.0,9228.0,0.0474,Acetaminophen,GC-MS
SMP-00142,4.11,90128.5,13542.6,14165.7,0.0888,Caffeine,GC-MS
SMP-00142,5.6,21378.8,4748.5,4779.9,0.0212,Aspirin,GC-MS
SMP-00142,7.2,64739.7,10600.7,10949.9,0.066,Benzoic Acid,GC-MS
SMP-00142,8.95,26001.7,5348.4,5511.7,0.0265,Phenacetin,GC-MS
SMP-00142,10.33,16081.3,3958.7,4166.0,0.0158,Salicylic Acid,GC-MS
SMP-00142,12.14,45332.1,8619.2,9030.0,0.0472,Chlorpheniramine,GC-MS
SMP-00143,1.26,13574.3,3399.9,3513.5,0.0138,Uracil,GC-MS
SMP-00143,2.82,44207.2,8587.9,8797.3,0.044,Acetaminophen,GC-MS
SMP-00143,4.18,73067.4,11930.1,12036.6,0.0721,Caffeine,GC-MS
SMP-00143,5.55,21846.1,4815.4,4991.7,0.0218,Aspirin,GC-MS
SMP-00143,7.23,49750.2,8442.7,8902.6,0.0495,Benzoic Acid,GC-MS
SMP-00143,9.0,32594.3,6961.7,7026.7,0.0328,Phenacetin,GC-MS
SMP-00143,10.37,15017.3,3636.8,3573.6,0.0149,Salicylic Acid,GC-MS
SMP-00143,12.13,62330.0,11556.4,11520.4,0.0617,Chlorpheniramine,GC-MS
SMP-00144,1.26,13072.4,3580.4,3735.8,0.013,Uracil,GC-MS
SMP-00144,2.83,38738.8,7221.4,7884.0,0.0385,Acetaminophen,GC-MS
SMP-00144,4.15,77552.2,13050.1,13993.8,0.0795,Caffeine,GC-MS
SMP-00144,5.56,21108.3,4686.1,4738.7,0.0216,Aspirin,GC-MS
SMP-00144,7.17,77115.7,12694.3,12935.5,0.0775,Benzoic Acid,GC-MS
SMP-00144,8.96,30227.7,6259.9,6418.6,0.0301,Phenacetin,GC-MS
SMP-00144,10.43,15469.8,3696.2,3881.9,0.0149,Salicylic Acid,GC-MS
SMP-00144,12.09,53208.8,9273.5,9715.5,0.0515,Chlorpheniramine,GC-MS
SMP-00145,1.25,9622.8,2412.8,2551.3,0.0094,Uracil,GC-MS
SMP-00145,2.76,50673.7,9844.4,10236.3,0.0515,Acetaminophen,GC-MS
SMP-00145,4.14,95702.4,15328.8,16170.3,0.0969,Caffeine,GC-MS
SMP-00145,5.57,25184.9,5593.6,5512.4,0.0251,Aspirin,GC-MS
SMP-00145,7.15,75674.6,12564.4,12945.0,0.0757,Benzoic Acid,GC-MS
SMP-00145,8.95,29636.5,6106.8,6187.6,0.0288,Phenacetin,GC-MS
SMP-00145,10.39,16385.5,3977.5,3955.4,0.0164,Salicylic Acid,GC-MS
SMP-00145,12.1,50610.0,8921.8,8995.7,0.0498,Chlorpheniramine,GC-MS
SMP-00146,1.29,11467.0,2993.8,3166.4,0.0116,Uracil,GC-MS
SMP-00146,2.86,41749.8,7822.3,7927.2,0.0436,Acetaminophen,GC-MS
SMP-00146,4.12,71279.6,10960.9,11156.6,0.0723,Caffeine,GC-MS
SMP-00146,5.63,24655.5,5267.5,5250.6,0.0239,Aspirin,GC-MS
SMP-00146,7.24,64420.1,10420.6,10924.7,0.0642,Benzoic Acid,GC-MS
SMP-00146,8.94,34293.4,6831.8,7168.7,0.0339,Phenacetin,GC-MS
SMP-00146,10.38,15364.8,3819.4,4005.8,0.0154,Salicylic Acid,GC-MS
SMP-00146,12.08,51133.9,9563.1,9594.4,0.0499,Chlorpheniramine,GC-MS
SMP-00147,1.23,11580.1,2994.1,3116.0,0.0118,Uracil,GC-MS
SMP-00147,2.82,50247.2,9699.6,9872.5,0.0484,Acetaminophen,GC-MS
SMP-00147,4.19,81235.3,13113.0,14084.7,0.0806,Caffeine,GC-MS
SMP-00147,5.63,24001.3,5255.2,5442.1,0.0229,Aspirin,GC-MS
SMP-00147,7.23,71422.0,12219.3,12803.2,0.072,Benzoic Acid,GC-MS
SMP-00147,8.99,31476.3,6520.9,6538.2,0.0312,Phenacetin,GC-MS
SMP-00147,10.4,14456.4,3624.3,3763.9,0.0147,Salicylic Acid,GC-MS
SMP-00147,12.08,45050.3,8515.6,8946.1,0.0452,Chlorpheniramine,GC-MS
SMP-00148,1.21,13185.8,3416.9,3499.4,0.0131,Uracil,GC-MS
SMP-00148,2.82,46230.6,8727.7,8735.1,0.0453,Acetaminophen,GC-MS
SMP-00148,4.11,83823.3,14259.3,14720.9,0.0801,Caffeine,GC-MS
SMP-00148,5.59,26351.4,5721.4,5944.6,0.0265,Aspirin,GC-MS
SMP-00148,7.17,62662.7,10088.2,10429.4,0.0623,Benzoic Acid,GC-MS
SMP-00148,8.94,33897.9,6876.5,7079.7,0.0333,Phenacetin,GC-MS
SMP-00148,10.4,15315.9,3498.7,3488.8,0.0157,Salicylic Acid,GC-MS
SMP-00148,12.16,55376.9,10106.0,10581.0,0.0551,Chlorpheniramine,GC-MS
SMP-00149,1.24,12173.4,3066.2,3304.2,0.0119,Uracil,GC-MS
SMP-00149,2.85,45750.6,8916.3,9333.5,0.0474,Acetaminophen,GC-MS
SMP-00149,4.23,80878.0,12984.7,13380.2,0.0848,Caffeine,GC-MS
SMP-00149,5.61,26082.4,5711.9,5903.9,0.0259,Aspirin,GC-MS
SMP-00149,7.16,66417.5,10971.2,11307.8,0.066,Benzoic Acid,GC-MS
SMP-00149,8.95,21163.7,4470.2,4819.4,0.0215,Phenacetin,GC-MS
SMP-00149,10.39,16758.0,3988.8,4290.8,0.0165,Salicylic Acid,GC-MS
SMP-00149,12.08,45456.1,8324.2,8653.3,0.0459,Chlorpheniramine,GC-MS
SMP-00150,1.23,10855.3,2708.7,2695.6,0.0113,Uracil,GC-MS
SMP-00150,2.79,39807.2,7992.6,8195.7,0.0393,Acetaminophen,GC-MS
SMP-00150,4.18,95355.3,15242.8,15941.7,0.0967,Caffeine,GC-MS
SMP-00150,5.62,20849.7,4483.1,4602.1,0.0209,Aspirin,GC-MS
SMP-00150,7.18,66957.3,11113.9,11115.5,0.0651,Benzoic Acid,GC-MS
SMP-00150,9.01,32004.9,6935.3,7143.2,0.0327,Phenacetin,GC-MS
SMP-00150,10.38,15907.7,3814.4,4112.0,0.016,Salicylic Acid,GC-MS
SMP-00150,12.11,52666.6,9482.6,9550.8,0.0541,Chlorpheniramine,GC-MS
SMP-00151,1.25,15491.7,4003.7,4198.8,0.0155,Uracil,GC-MS
SMP-00151,2.81,51040.1,10241.3,10692.7,0.0504,Acetaminophen,GC-MS
SMP-00151,4.15,83546.2,13589.5,14053.8,0.0822,Caffeine,GC-MS
SMP-00151,5.6,23078.2,5092.3,5206.8,0.0226,Aspirin,GC-MS
SMP-00151,7.16,66210.1,11137.9,11208.3,0.0654,Benzoic Acid,GC-MS
SMP-00151,9.01,33575.1,6733.0,6948.2,0.0333,Phenacetin,GC-MS
SMP-00151,10.44,15617.2,3932.5,4097.1,0.0155,Salicylic Acid,GC-MS
SMP-00151,12.09,62575.5,10940.0,11274.3,0.0629,Chlorpheniramine,GC-MS
SMP-00152,1.22,13658.8,3581.4,3631.3,0.0137,Uracil,GC-MS
SMP-00152,2.79,48413.0,9288.0,9530.6,0.0474,Acetaminophen,GC-MS
SMP-00152,4.18,93245.3,15040.6,15183.3,0.0945,Caffeine,GC-MS
SMP-00152,5.59,25448.0,5488.8,5785.7,0.0256,Aspirin,GC-MS
SMP-00152,7.17,71436.0,11765.0,12306.1,0.0703,Benzoic Acid,GC-MS
SMP-00152,8.96,36511.5,7606.5,7898.1,0.0363,Phenacetin,GC-MS
SMP-00152,10.36,13978.3,3754.3,3939.6,0.014,Salicylic Acid,GC-MS
SMP-00152,12.08,55018.0,10146.1,10474.5,0.0545,Chlorpheniramine,GC-MS
SMP-00153,1.25,13754.7,3681.4,3784.2,0.0137,Uracil,GC-MS
SMP-00153,2.83,43703.3,8295.2,8709.6,0.0452,Acetaminophen,GC-MS
SMP-00153,4.13,81927.5,13189.2,13328.8,0.0835,Caffeine,GC-MS
SMP-00153,5.59,21135.0,4624.0,4745.6,0.0215,Aspirin,GC-MS
SMP-00153,7.19,64467.3,10960.2,10824.9,0.0648,Benzoic Acid,GC-MS
SMP-00153,8.97,30637.4,6314.2,6463.1,0.0304,Phenacetin,GC-MS
SMP-00153,10.42,17543.0,4421.9,4563.5,0.0173,Salicylic Acid,GC-MS
SMP-00153,12.07,53292.8,10082.3,10296.0,0.0522,Chlorpheniramine,GC-MS
SMP-00154,1.22,14103.1,3568.4,3838.3,0.0146,Uracil,GC-MS
SMP-00154,2.77,45046.5,8456.8,8622.3,0.0437,Acetaminophen,GC-MS
SMP-00154,4.19,86677.4,14192.9,14354.8,0.0857,Caffeine,GC-MS
SMP-00154,5.56,25670.1,6032.7,6194.1,0.0254,Aspirin,GC-MS
SMP-00154,7.19,60588.7,9827.5,10125.8,0.0598,Benzoic Acid,GC-MS
SMP-00154,9.0,33038.3,6282.2,6296.6,0.0323,Phenacetin,GC-MS
SMP-00154,10.35,15411.6,3734.4,3960.2,0.0156,Salicylic Acid,GC-MS
SMP-00154,12.12,60480.0,11067.5,11289.1,0.0606,Chlorpheniramine,GC-MS
SMP-00155,1.23,13710.6,3599.0,3666.5,0.0137,Uracil,GC-MS
SMP-00155,2.78,45840.4,8785.3,8943.7,0.0459,Acetaminophen,GC-MS
SMP-00155,4.12,81021.1,13194.2,13360.0,0.0799,Caffeine,GC-MS
SMP-00155,5.58,18969.7,4297.2,4593.6,0.0185,Aspirin,GC-MS
SMP-00155,7.19,67154.0,10872.7,11745.0,0.0659,Benzoic Acid,GC-MS
SMP-00155,8.98,27369.3,5952.0,6280.9,0.0264,Phenacetin,GC-MS
SMP-00155,10.35,18195.9,4302.3,4453.4,0.0183,Salicylic Acid,GC-MS
SMP-00155,12.09,54072.1,9407.5,9419.6,0.0533,Chlorpheniramine,GC-MS
SMP-00156,1.17,11794.6,2900.4,2979.3,0.0117,Uracil,GC-MS
SMP-00156,2.8,44195.5,8476.8,8672.3,0.0433,Acetaminophen,GC-MS
SMP-00156,4.13,94664.2,15025.9,15743.9,0.0948,Caffeine,GC-MS
SMP-00156,5.58,20835.6,4564.7,4584.4,0.0206,Aspirin,GC-MS
SMP-00156,7.24,69396.1,11328.7,11261.3,0.0674,Benzoic Acid,GC-MS
SMP-00156,8.98,32596.8,6594.0,6993.1,0.0324,Phenacetin,GC-MS
SMP-00156,10.4,17415.7,4194.4,4239.2,0.0177,Salicylic Acid,GC-MS
SMP-00156,12.08,57214.2,10172.6,10305.0,0.0579,Chlorpheniramine,GC-MS
SMP-00157,1.26,55356.3,12212.4,13991.2,0.0525,Uracil,GC-MS
SMP-00157,2.82,27842.7,5085.3,5112.3,0.0276,Acetaminophen,GC-MS
SMP-00157,4.12,96549.9,16122.4,16680.9,0.0942,Caffeine,GC-MS
SMP-00157,5.6,26635.0,5679.2,5622.6,0.0271,Aspirin,GC-MS
SMP-00157,7.2,66113.7,11303.2,11687.0,0.067,Benzoic Acid,GC-MS
SMP-00157,8.91,32677.5,6934.1,7054.6,0.0322,Phenacetin,GC-MS
SMP-00157,10.42,16084.0,3952.3,4040.1,0.0163,Salicylic Acid,GC-MS
SMP-00157,12.1,57048.7,10454.7,10810.8,0.056,Chlorpheniramine,GC-MS
SMP-00158,1.29,12223.9,3135.7,3247.9,0.0126,Uracil,GC-MS
SMP-00158,2.81,36765.4,7012.4,7185.6,0.037,Acetaminophen,GC-MS
SMP-00158,4.15,92818.2,15747.2,15874.7,0.0949,Caffeine,GC-MS
SMP-00158,5.66,24707.0,5500.8,5689.8,0.0241,Aspirin,GC-MS
SMP-00158,7.17,65936.6,11606.6,12094.3,0.0673,Benzoic Acid,GC-MS
SMP-00158,8.92,37969.4,7942.0,8212.3,0.0371,Phenacetin,GC-MS
SMP-00158,10.43,15568.4,3810.5,3977.4,0.0155,Salicylic Acid,GC-MS
SMP-00158,12.09,49343.4,8746.4,9303.9,0.0499,Chlorpheniramine,GC-MS
SMP-00159,1.26,12313.1,3160.2,3266.3,0.0124,Uracil,GC-MS
SMP-00159,2.83,45334.1,8678.7,8664.9,0.0459,Acetaminophen,GC-MS
SMP-00159,4.14,78842.2,13622.0,13866.0,0.0807,Caffeine,GC-MS
SMP-00159,5.6,23683.1,5059.0,5224.2,0.0232,Aspirin,GC-MS
SMP-00159,7.2,72067.8,12037.3,12412.0,0.0741,Benzoic Acid,GC-MS
SMP-00159,8.97,28764.0,5842.7,5739.5,0.028,Phenacetin,GC-MS
SMP-00159,10.38,16039.8,3929.9,4098.2,0.0167,Salicylic Acid,GC-MS
SMP-00159,12.09,56226.5,10643.7,11123.2,0.0578,Chlorpheniramine,GC-MS
SMP-00160,1.21,11093.8,2918.4,3045.9,0.0109,Uracil,GC-MS
SMP-00160,2.79,44588.5,8321.4,8563.6,0.045,Acetaminophen,GC-MS
SMP-00160,4.16,92871.4,14840.9,15449.5,0.0932,Caffeine,GC-MS
SMP-00160,5.62,24818.6,5562.5,5837.8,0.0258,Aspirin,GC-MS
SMP-00160,7.24,52648.7,8163.3,8436.5,0.0527,Benzoic Acid,GC-MS
SMP-00160,8.94,29334.8,6068.5,6327.1,0.0302,Phenacetin,GC-MS
SMP-00160,10.41,15052.3,3745.6,3901.8,0.015,Salicylic Acid,GC-MS
SMP-00160,12.12,62434.8,11137.3,11246.9,0.0625,Chlorpheniramine,GC-MS
SMP-00161,1.3,12066.9,2985.4,3112.6,0.0121,Uracil,GC-MS
SMP-00161,2.76,45986.7,8686.1,8755.8,0.0453,Acetaminophen,GC-MS
SMP-00161,4.15,97025.8,15790.0,15899.1,0.0994,Caffeine,GC-MS
SMP-00161,5.59,28335.2,6139.9,6468.8,0.0289,Aspirin,GC-MS
SMP-00161,7.27,73875.5,12269.1,12518.2,0.0731,Benzoic Acid,GC-MS
SMP-00161,8.93,33537.2,7116.0,7169.7,0.0325,Phenacetin,GC-MS
SMP-00161,10.4,20019.8,5035.3,5119.6,0.0195,Salicylic Acid,GC-MS
SMP-00161,12.05,54189.2,9443.4,9712.4,0.0545,Chlorpheniramine,GC-MS
SMP-00162,1.24,11133.4,2923.4,2991.0,0.0111,Uracil,GC-MS
SMP-00162,2.84,44635.5,7994.0,8094.0,0.0447,Acetaminophen,GC-MS
SMP-00162,4.12,79845.1,12370.5,12561.3,0.0788,Caffeine,GC-MS
SMP-00162,5.61,23076.4,4896.7,5042.5,0.0234,Aspirin,GC-MS
SMP-00162,7.21,71043.4,12247.6,12610.2,0.0708,Benzoic Acid,GC-MS
SMP-00162,8.91,35474.5,7348.6,7727.8,0.0351,Phenacetin,GC-MS
SMP-00162,10.35,15296.8,3722.1,3868.8,0.0154,Salicylic Acid,GC-MS
SMP-00162,12.11,50657.6,9570.0,10004.6,0.0523,Chlorpheniramine,GC-MS
SMP-00163,1.27,11049.5,2932.4,3057.5,0.0109,Uracil,GC-MS
SMP-00163,2.8,47305.3,9410.0,9813.2,0.046,Acetaminophen,GC-MS
SMP-00163,4.16,94614.4,16175.9,16449.6,0.0962,Caffeine,GC-MS
SMP-00163,5.59,21715.3,4857.9,4979.9,0.0218,Aspirin,GC-MS
SMP-00163,7.28,69249.1,11207.9,11397.3,0.0706,Benzoic Acid,GC-MS
SMP-00163,8.94,36891.3,7980.5,8332.9,0.0375,Phenacetin,GC-MS
SMP-00163,10.43,15136.4,3798.4,3863.0,0.0151,Salicylic Acid,GC-MS
SMP-00163,12.12,48476.0,8686.3,9342.3,0.0479,Chlorpheniramine,GC-MS
SMP-00164,1.29,11185.3,2916.4,2937.9,0.0109,Uracil,GC-MS
SMP-00164,2.83,44705.3,8490.1,9208.1,0.0441,Acetaminophen,GC-MS
SMP-00164,4.08,93717.2,15213.9,16281.8,0.0958,Caffeine,GC-MS
SMP-00164,5.57,23360.6,5290.9,5532.0,0.0237,Aspirin,GC-MS
SMP-00164,7.19,75952.5,12486.2,13205.6,0.0768,Benzoic Acid,GC-MS
SMP-00164,8.92,31437.4,6713.3,6985.0,0.0319,Phenacetin,GC-MS
SMP-00164,10.4,11611.5,2826.5,2842.2,0.0118,Salicylic Acid,GC-MS
SMP-00164,12.1,55306.9,10190.6,10410.8,0.0564,Chlorpheniramine,GC-MS
SMP-00165,1.23,13626.9,3359.6,3457.3,0.0136,Uracil,GC-MS
SMP-00165,2.82,57667.1,11170.7,11590.1,0.0578,Acetaminophen,GC-MS
SMP-00165,4.19,74849.1,12243.2,12915.1,0.0738,Caffeine,GC-MS
SMP-00165,5.57,23209.4,5128.3,5333.8,0.0227,Aspirin,GC-MS
SMP-00165,7.21,72606.0,11817.7,12247.6,0.0719,Benzoic Acid,GC-MS
SMP-00165,8.95,30525.0,6419.5,6728.2,0.0309,Phenacetin,GC-MS
SMP-00165,10.4,16098.9,3893.5,3979.9,0.0166,Salicylic Acid,GC-MS
SMP-00165,12.07,62973.3,11519.8,11698.9,0.0637,Chlorpheniramine,GC-MS
SMP-00166,1.28,12714.8,3373.5,3432.2,0.0125,Uracil,GC-MS
SMP-00166,2.8,45929.3,9001.4,8990.7,0.046,Acetaminophen,GC-MS
SMP-00166,4.13,104088.8,16812.1,17569.0,0.1073,Caffeine,GC-MS
SMP-00166,5.6,26398.3,5957.5,6148.0,0.0261,Aspirin,GC-MS
SMP-00166,7.16,63243.7,10339.3,10405.1,0.0634,Benzoic Acid,GC-MS
SMP-00166,8.99,28355.5,5492.4,5583.6,0.0276,Phenacetin,GC-MS
SMP-00166,10.39,13115.8,3346.4,3428.2,0.0127,Salicylic Acid,GC-MS
SMP-00166,12.08,60909.2,10964.9,10889.6,0.0608,Chlorpheniramine,GC-MS
SMP-00167,1.36,10526.3,2746.5,2898.6,0.0107,Uracil,GC-MS
SMP-00167,2.8,43097.2,8645.0,8659.6,0.0423,Acetaminophen,GC-MS
SMP-00167,4.14,112935.7,17979.3,18706.9,0.1101,Caffeine,GC-MS
SMP-00167,5.58,20223.9,4499.8,4564.2,0.0205,Aspirin,GC-MS
SMP-00167,7.2,78922.0,12800.9,13060.8,0.0772,Benzoic Acid,GC-MS
SMP-00167,8.94,35321.0,7295.8,7422.3,0.0352,Phenacetin,GC-MS
SMP-00167,10.4,14009.8,3409.6,3533.6,0.0139,Salicylic Acid,GC-MS
SMP-00167,12.06,59218.0,10572.8,11156.6,0.0603,Chlorpheniramine,GC-MS
SMP-00168,1.23,13133.7,3496.0,3558.3,0.0131,Uracil,GC-MS
SMP-00168,2.82,45968.2,8818.8,9291.8,0.0464,Acetaminophen,GC-MS
SMP-00168,4.15,84461.1,13942.2,14397.8,0.0841,Caffeine,GC-MS
SMP-00168,5.58,18550.3,4011.4,4172.9,0.0184,Aspirin,GC-MS
SMP-00168,7.16,65157.9,10862.5,11256.8,0.0638,Benzoic Acid,GC-MS
SMP-00168,9.0,34955.1,7142.6,7295.7,0.0348,Phenacetin,GC-MS
SMP-00168,10.4,15901.1,3825.6,3722.9,0.016,Salicylic Acid,GC-MS
SMP-00168,12.1,52267.9,9215.6,9338.1,0.0499,Chlorpheniramine,GC-MS
SMP-00169,1.23,12826.4,3168.8,3291.3,0.0128,Uracil,GC-MS
SMP-00169,2.83,45612.0,8934.2,9139.2,0.0452,Acetaminophen,GC-MS
SMP-00169,4.16,75414.4,11318.2,11748.5,0.0773,Caffeine,GC-MS
SMP-00169,5.59,25536.6,5588.2,5878.8,0.0257,Aspirin,GC-MS
SMP-00169,7.21,76283.2,12808.7,12760.9,0.0769,Benzoic Acid,GC-MS
SMP-00169,8.92,35758.6,7368.6,7549.4,0.0365,Phenacetin,GC-MS
SMP-00169,10.41,12704.6,3071.5,3168.9,0.0126,Salicylic Acid,GC-MS
SMP-00169,12.06,47678.8,8901.2,8978.0,0.0486,Chlorpheniramine,GC-MS
SMP-00170,1.28,10766.5,2787.6,2882.1,0.0111,Uracil,GC-MS
SMP-00170,2.79,42692.2,8422.8,8891.7,0.0434,Acetaminophen,GC-MS
SMP-00170,4.2,86381.6,14331.2,14998.0,0.0916,Caffeine,GC-MS
SMP-00170,5.58,24540.2,5724.1,5874.4,0.0237,Aspirin,GC-MS
SMP-00170,7.23,66964.4,11236.3,11474.5,0.0649,Benzoic Acid,GC-MS
SMP-00170,8.95,30132.6,6386.0,6667.5,0.0298,Phenacetin,GC-MS
SMP-00170,10.35,17957.0,4355.2,4554.8,0.0175,Salicylic Acid,GC-MS
SMP-00170,12.11,48716.4,8736.1,9177.2,0.0494,Chlorpheniramine,GC-MS
SMP-00171,1.23,13257.6,3399.8,3487.6,0.0132,Uracil,GC-MS
SMP-00171,2.76,54493.8,10057.0,10464.1,0.0544,Acetaminophen,GC-MS
SMP-00171,4.12,87267.3,14062.8,14476.9,0.0872,Caffeine,GC-MS
SMP-00171,5.61,24636.8,5462.0,5724.4,0.0245,Aspirin,GC-MS
SMP-00171,7.22,234933.8,31728.8,38442.8,0.24,Benzoic Acid,GC-MS
SMP-00171,8.95,33676.1,6811.4,6866.3,0.0341,Phenacetin,GC-MS
SMP-00171,10.39,16207.0,3810.4,3946.4,0.0164,Salicylic Acid,GC-MS
SMP-00171,12.13,50429.5,8834.5,8751.8,0.0504,Chlorpheniramine,GC-MS
SMP-00172,1.24,13965.4,3551.7,3624.3,0.014,Uracil,GC-MS
SMP-00172,2.82,42048.2,7960.2,8148.4,0.0416,Acetaminophen,GC-MS
SMP-00172,4.16,103167.2,17107.5,16997.8,0.1015,Caffeine,GC-MS
SMP-00172,5.56,25858.4,5753.6,6140.5,0.026,Aspirin,GC-MS
SMP-00172,7.21,72509.4,11993.1,12582.2,0.0741,Benzoic Acid,GC-MS
SMP-00172,8.99,24856.4,5100.1,5307.8,0.0252,Phenacetin,GC-MS
SMP-00172,10.33,16583.6,3957.7,4045.0,0.0166,Salicylic Acid,GC-MS
SMP-00172,12.13,54567.7,9810.7,9918.0,0.0542,Chlorpheniramine,GC-MS
SMP-00173,1.23,12844.3,3240.3,3386.4,0.0134,Uracil,GC-MS
SMP-00173,2.85,46234.4,8790.1,9199.7,0.047,Acetaminophen,GC-MS
SMP-00173,4.16,92147.7,14765.9,15095.4,0.0942,Caffeine,GC-MS
SMP-00173,5.58,21566.3,4694.3,4785.4,0.0213,Aspirin,GC-MS
SMP-00173,7.19,54662.4,9445.2,9794.7,0.0549,Benzoic Acid,GC-MS
SMP-00173,8.96,30724.9,6545.9,6644.7,0.0313,Phenacetin,GC-MS
SMP-00173,10.39,16568.3,3982.4,4110.6,0.0166,Salicylic Acid,GC-MS
SMP-00173,12.1,58375.8,10368.5,10490.1,0.06,Chlorpheniramine,GC-MS
SMP-00174,1.26,13154.0,3335.4,3482.9,0.0131,Uracil,GC-MS
SMP-00174,2.83,53082.3,10146.3,10217.0,0.0528,Acetaminophen,GC-MS
SMP-00174,4.17,88558.3,14305.8,14862.1,0.0858,Caffeine,GC-MS
SMP-00174,5.64,23385.8,5128.2,5389.4,0.0244,Aspirin,GC-MS
SMP-00174,7.26,67945.3,10859.7,11209.3,0.0684,Benzoic Acid,GC-MS
SMP-00174,8.98,29416.3,6189.0,6358.9,0.0293,Phenacetin,GC-MS
SMP-00174,10.4,13950.1,3426.1,3510.0,0.0136,Salicylic Acid,GC-MS
SMP-00174,12.13,57825.7,9962.0,10215.0,0.0594,Chlorpheniramine,GC-MS
SMP-00175,1.33,12538.8,3248.4,3383.5,0.0126,Uracil,GC-MS
SMP-00175,2.78,52977.6,10156.2,10162.0,0.0533,Acetaminophen,GC-MS
SMP-00175,4.16,75883.8,12104.9,12355.5,0.0764,Caffeine,GC-MS
SMP-00175,5.55,19239.5,4288.2,4443.4,0.0193,Aspirin,GC-MS
SMP-00175,7.14,60271.9,10300.3,10897.8,0.0601,Benzoic Acid,GC-MS
SMP-00175,8.96,30222.1,5904.6,6062.0,0.0314,Phenacetin,GC-MS
SMP-00175,10.4,16511.9,3936.4,4023.6,0.0162,Salicylic Acid,GC-MS
SMP-00175,12.13,48143.8,8379.8,8523.3,0.0476,Chlorpheniramine,GC-MS
SMP-00176,1.23,12046.8,3204.9,3303.5,0.0118,Uracil,GC-MS
SMP-00176,2.78,45836.2,8565.6,8594.7,0.0467,Acetaminophen,GC-MS
SMP-00176,4.2,92997.5,14949.0,15454.4,0.0932,Caffeine,GC-MS
SMP-00176,5.57,21504.8,4694.1,4864.6,0.0217,Aspirin,GC-MS
SMP-00176,7.18,51148.5,8117.2,8191.8,0.0522,Benzoic Acid,GC-MS
SMP-00176,8.96,29661.7,5611.2,5716.7,0.0297,Phenacetin,GC-MS
SMP-00176,10.42,15742.4,3829.5,4085.1,0.0156,Salicylic Acid,GC-MS
SMP-00176,12.13,45983.5,7626.5,7717.8,0.0441,Chlorpheniramine,GC-MS
SMP-00177,1.23,14386.8,3640.5,3915.0,0.0147,Uracil,GC-MS
SMP-00177,2.84,48624.9,9064.9,9300.4,0.0483,Acetaminophen,GC-MS
SMP-00177,4.15,89058.5,14118.4,14317.6,0.0863,Caffeine,GC-MS
SMP-00177,5.6,25373.0,5728.3,5913.9,0.0252,Aspirin,GC-MS
SMP-00177,7.22,61629.6,9798.9,10034.8,0.0629,Benzoic Acid,GC-MS
SMP-00177,8.94,28418.7,5754.7,6008.2,0.0271,Phenacetin,GC-MS
SMP-00177,10.39,16275.7,3783.1,3835.1,0.0162,Salicylic Acid,GC-MS
SMP-00177,12.05,55732.9,10153.6,10449.3,0.0551,Chlorpheniramine,GC-MS
SMP-00178,1.25,14118.5,3648.5,3728.9,0.0144,Uracil,GC-MS
SMP-00178,2.8,40965.4,7711.3,8137.2,0.0423,Acetaminophen,GC-MS
SMP-00178,4.14,104241.2,17081.1,17472.9,0.1011,Caffeine,GC-MS
SMP-00178,5.58,20815.8,4680.0,4655.4,0.0208,Aspirin,GC-MS
SMP-00178,7.25,65544.5,10669.7,10856.4,0.0658,Benzoic Acid,GC-MS
SMP-00178,8.95,29194.7,5889.4,6179.0,0.0294,Phenacetin,GC-MS
SMP-00178,10.43,17658.1,4326.0,4459.6,0.018,Salicylic Acid,GC-MS
SMP-00178,12.07,65196.1,11443.1,11765.3,0.0662,Chlorpheniramine,GC-MS
SMP-00179,1.29,9687.7,2635.2,2692.5,0.01,Uracil,GC-MS
SMP-00179,2.79,41538.0,8077.4,8296.2,0.0407,Acetaminophen,GC-MS
SMP-00179,4.15,89968.5,14729.6,14953.0,0.0911,Caffeine,GC-MS
SMP-00179,5.58,23609.8,5222.4,5442.5,0.0228,Aspirin,GC-MS
SMP-00179,7.22,68092.6,11421.9,11609.1,0.0664,Benzoic Acid,GC-MS
SMP-00179,8.94,104410.0,19439.0,19825.3,0.1012,Phenacetin,GC-MS
SMP-00179,10.41,17928.5,4457.3,4607.0,0.018,Salicylic Acid,GC-MS
SMP-00179,12.09,44594.5,8119.0,8134.9,0.0442,Chlorpheniramine,GC-MS
SMP-00180,1.23,10492.9,2710.0,2792.5,0.0104,Uracil,GC-MS
SMP-00180,2.78,41114.5,7782.6,7804.0,0.0422,Acetaminophen,GC-MS
SMP-00180,4.17,89096.9,13877.4,14542.6,0.088,Caffeine,GC-MS
SMP-00180,5.61,20882.7,4523.2,4825.4,0.0203,Aspirin,GC-MS
SMP-00180,7.18,302890.6,42846.8,52314.4,0.2993,Benzoic Acid,GC-MS
SMP-00180,8.97,32148.0,6629.9,6823.1,0.0328,Phenacetin,GC-MS
SMP-00180,10.36,17346.8,4085.2,4200.0,0.0177,Salicylic Acid,GC-MS
SMP-00180,12.08,55696.7,10254.9,10554.1,0.0564,Chlorpheniramine,GC-MS
SMP-00181,1.3,11403.7,2980.0,3053.6,0.0113,Uracil,GC-MS
SMP-00181,2.77,44818.9,8874.8,9434.6,0.0431,Acetaminophen,GC-MS
SMP-00181,4.14,79874.8,12628.7,12824.3,0.0806,Caffeine,GC-MS
SMP-00181,5.65,24665.1,5523.9,5686.2,0.025,Aspirin,GC-MS
SMP-00181,7.23,68218.5,10827.4,10888.7,0.0691,Benzoic Acid,GC-MS
SMP-00181,8.95,31959.9,6535.7,6650.2,0.0315,Phenacetin,GC-MS
SMP-00181,10.41,17363.7,4255.2,4197.4,0.0167,Salicylic Acid,GC-MS
SMP-00181,12.15,56190.0,10336.2,10388.0,0.0568,Chlorpheniramine,GC-MS
SMP-00182,1.27,12552.0,3175.8,3386.6,0.0129,Uracil,GC-MS
SMP-00182,2.81,44702.9,8442.7,8758.2,0.0452,Acetaminophen,GC-MS
SMP-00182,4.11,93658.9,15203.7,15395.5,0.0947,Caffeine,GC-MS
SMP-00182,5.63,24477.1,5286.7,5463.4,0.0246,Aspirin,GC-MS
SMP-00182,7.26,66290.2,11257.8,11926.5,0.0661,Benzoic Acid,GC-MS
SMP-00182,8.97,26535.4,5516.9,5637.8,0.0267,Phenacetin,GC-MS
SMP-00182,10.43,15401.6,3841.8,4017.0,0.0158,Salicylic Acid,GC-MS
SMP-00182,12.07,57959.5,10292.5,10993.8,0.0566,Chlorpheniramine,GC-MS
SMP-00183,1.24,11542.5,2864.9,2917.0,0.0114,Uracil,GC-MS
SMP-00183,2.83,45404.5,8894.2,9107.4,0.0419,Acetaminophen,GC-MS
SMP-00183,4.17,91708.3,15443.9,16236.5,0.0936,Caffeine,GC-MS
SMP-00183,5.61,23681.3,5338.1,5582.6,0.0235,Aspirin,GC-MS
SMP-00183,7.2,70385.3,11696.2,11928.7,0.0706,Benzoic Acid,GC-MS
SMP-00183,8.91,27787.8,5659.0,5905.1,0.0276,Phenacetin,GC-MS
SMP-00183,10.41,13756.7,3335.9,3455.2,0.0144,Salicylic Acid,GC-MS
SMP-00183,12.1,51827.9,9572.2,9782.7,0.0496,Chlorpheniramine,GC-MS
SMP-00184,1.26,13560.3,3277.0,3299.5,0.0133,Uracil,GC-MS
SMP-00184,2.85,46530.6,8975.7,9301.9,0.0474,Acetaminophen,GC-MS
SMP-00184,4.18,317663.2,52245.8,44555.5,0.3239,Caffeine,GC-MS
SMP-00184,5.56,23587.6,5215.1,5372.1,0.0239,Aspirin,GC-MS
SMP-00184,7.18,69671.0,11981.4,12048.0,0.0704,Benzoic Acid,GC-MS
SMP-00184,8.99,33308.7,6543.0,6728.7,0.0345,Phenacetin,GC-MS
SMP-00184,10.4,16991.1,4009.3,4023.9,0.0171,Salicylic Acid,GC-MS
SMP-00184,12.11,56029.6,10188.5,10387.3,0.0563,Chlorpheniramine,GC-MS
SMP-00185,1.29,12812.0,3191.0,3298.3,0.0129,Uracil,GC-MS
SMP-00185,2.81,45724.4,9381.8,9616.2,0.0466,Acetaminophen,GC-MS
SMP-00185,4.08,94947.2,15177.0,15476.6,0.0957,Caffeine,GC-MS
SMP-00185,5.56,88783.9,18985.6,20820.9,0.0896,Aspirin,GC-MS
SMP-00185,7.23,69525.9,11537.4,11979.1,0.0714,Benzoic Acid,GC-MS
SMP-00185,8.9,31945.8,6471.5,6649.0,0.0326,Phenacetin,GC-MS
SMP-00185,10.36,16485.7,3959.7,4164.3,0.0162,Salicylic Acid,GC-MS
SMP-00185,12.09,57931.6,10464.3,10887.0,0.0574,Chlorpheniramine,GC-MS
SMP-00186,1.25,13292.1,3566.9,3660.9,0.0134,Uracil,GC-MS
SMP-00186,2.76,49543.7,9804.6,10084.4,0.0508,Acetaminophen,GC-MS
SMP-00186,4.11,88570.5,14032.0,14120.9,0.0929,Caffeine,GC-MS
SMP-00186,5.6,22131.9,4964.1,5056.6,0.0212,Aspirin,GC-MS
SMP-00186,7.21,63815.7,10491.3,10679.6,0.0652,Benzoic Acid,GC-MS
SMP-00186,8.95,29681.0,5982.0,6142.8,0.0298,Phenacetin,GC-MS
SMP-00186,10.42,16297.8,4002.3,4285.2,0.0158,Salicylic Acid,GC-MS
SMP-00186,12.06,53111.2,9807.6,10067.9,0.0512,Chlorpheniramine,GC-MS
SMP-00187,1.22,11953.7,3009.0,2999.5,0.0121,Uracil,GC-MS
SMP-00187,2.8,43230.5,8859.3,9147.8,0.0444,Acetaminophen,GC-MS
SMP-00187,4.13,95236.5,15319.0,15657.3,0.0946,Caffeine,GC-MS
SMP-00187,5.6,20694.1,4546.2,4857.0,0.0206,Aspirin,GC-MS
SMP-00187,7.22,58314.8,8734.0,9084.6,0.0572,Benzoic Acid,GC-MS
SMP-00187,8.97,26881.5,5422.4,5657.5,0.0263,Phenacetin,GC-MS
SMP-00187,10.41,15282.2,3693.3,3767.1,0.0153,Salicylic Acid,GC-MS
SMP-00187,12.08,59352.1,10449.6,10711.9,0.0618,Chlorpheniramine,GC-MS
SMP-00188,1.26,11403.8,2705.3,2871.5,0.0115,Uracil,GC-MS
SMP-00188,2.81,46212.0,9110.0,9439.8,0.0481,Acetaminophen,GC-MS
SMP-00188,4.15,82929.9,13764.1,13933.1,0.0818,Caffeine,GC-MS
SMP-00188,5.56,20130.4,4715.0,4840.0,0.0202,Aspirin,GC-MS
SMP-00188,7.24,79406.5,12908.7,13289.1,0.0791,Benzoic Acid,GC-MS
SMP-00188,8.99,32008.8,6498.6,6751.7,0.0319,Phenacetin,GC-MS
SMP-00188,10.32,16364.1,3973.6,4117.7,0.0164,Salicylic Acid,GC-MS
SMP-00188,12.05,59248.0,10894.7,11153.2,0.0592,Chlorpheniramine,GC-MS
SMP-00189,1.22,12309.9,3132.9,3142.4,0.0121,Uracil,GC-MS
SMP-00189,2.79,38107.3,7408.2,7858.2,0.0361,Acetaminophen,GC-MS
SMP-00189,4.15,84484.7,12844.6,13208.2,0.0841,Caffeine,GC-MS
SMP-00189,5.61,25371.0,5679.6,5665.0,0.0249,Aspirin,GC-MS
SMP-00189,7.24,65677.3,11120.2,11442.3,0.0652,Benzoic Acid,GC-MS
SMP-00189,8.97,35951.8,7236.0,7274.1,0.0357,Phenacetin,GC-MS
SMP-00189,10.39,14804.9,3731.6,3876.5,0.0149,Salicylic Acid,GC-MS
SMP-00189,12.13,53313.3,9579.4,9791.7,0.0533,Chlorpheniramine,GC-MS
SMP-00190,1.25,15263.9,3897.0,3952.9,0.0155,Uracil,GC-MS
SMP-00190,2.78,36939.4,7250.1,7524.0,0.0376,Acetaminophen,GC-MS
SMP-00190,4.2,106171.2,17183.1,18078.3,0.1058,Caffeine,GC-MS
SMP-00190,5.58,20676.9,4677.6,4850.8,0.0209,Aspirin,GC-MS
SMP-00190,7.26,67359.3,11447.8,11583.4,0.0661,Benzoic Acid,GC-MS
SMP-00190,8.98,34394.6,7261.8,7697.0,0.0346,Phenacetin,GC-MS
SMP-00190,10.37,15698.5,3693.4,3740.9,0.0151,Salicylic Acid,GC-MS
SMP-00190,12.06,47115.1,8391.7,8695.0,0.0457,Chlorpheniramine,GC-MS
SMP-00191,1.18,13359.8,3534.4,3601.2,0.0133,Uracil,GC-MS
SMP-00191,2.85,50282.8,9557.5,9504.5,0.0517,Acetaminophen,GC-MS
SMP-00191,4.18,92381.7,14632.7,14689.8,0.0929,Caffeine,GC-MS
SMP-00191,5.56,20915.0,4497.0,4733.9,0.0205,Aspirin,GC-MS
SMP-00191,7.18,60918.9,10657.8,10340.1,0.0599,Benzoic Acid,GC-MS
SMP-00191,8.96,26947.6,5550.4,5796.0,0.0264,Phenacetin,GC-MS
SMP-00191,10.44,18362.1,4570.6,4712.1,0.0185,Salicylic Acid,GC-MS
SMP-00191,12.12,47467.6,8818.0,9067.9,0.0459,Chlorpheniramine,GC-MS
SMP-00192,1.26,12902.2,3309.3,3373.4,0.0131,Uracil,GC-MS
SMP-00192,2.8,45126.2,8571.3,9033.6,0.0448,Acetaminophen,GC-MS
SMP-00192,4.12,104154.2,17286.0,17769.6,0.1074,Caffeine,GC-MS
SMP-00192,5.6,22257.2,4857.0,5043.9,0.0214,Aspirin,GC-MS
SMP-00192,7.24,75537.4,12173.6,12771.7,0.0711,Benzoic Acid,GC-MS
SMP-00192,9.0,28493.8,5894.2,6078.0,0.0287,Phenacetin,GC-MS
SMP-00192,10.4,17776.1,4322.2,4293.9,0.0175,Salicylic Acid,GC-MS
SMP-00192,12.08,48555.0,9021.0,9386.6,0.0497,Chlorpheniramine,GC-MS
SMP-00193,1.28,11239.7,2948.9,2963.3,0.0117,Uracil,GC-MS
SMP-00193,2.79,46899.3,9036.5,9053.3,0.0472,Acetaminophen,GC-MS
SMP-00193,4.11,81831.4,12993.8,13281.7,0.0833,Caffeine,GC-MS
SMP-00193,5.55,25799.5,5810.9,5909.0,0.026,Aspirin,GC-MS
SMP-00193,7.14,61959.6,10665.8,10852.5,0.0614,Benzoic Acid,GC-MS
SMP-00193,8.92,32310.9,6860.0,7229.0,0.033,Phenacetin,GC-MS
SMP-00193,10.39,16492.9,3996.4,4150.6,0.0166,Salicylic Acid,GC-MS
SMP-00193,12.11,50809.5,9387.6,9629.2,0.0502,Chlorpheniramine,GC-MS
SMP-00194,1.25,12869.4,3393.2,3528.1,0.0132,Uracil,GC-MS
SMP-00194,2.83,160536.9,29140.1,28643.9,0.1606,Acetaminophen,GC-MS
SMP-00194,4.1,90814.6,14464.2,14541.5,0.0918,Caffeine,GC-MS
SMP-00194,5.64,23511.5,5089.3,5126.5,0.0231,Aspirin,GC-MS
SMP-00194,7.24,70565.3,12088.2,12341.2,0.0713,Benzoic Acid,GC-MS
SMP-00194,8.88,28020.9,5402.3,5606.7,0.0278,Phenacetin,GC-MS
SMP-00194,10.34,18333.1,4647.4,4938.7,0.0181,Salicylic Acid,GC-MS
SMP-00194,12.07,45523.1,7820.2,8006.6,0.045,Chlorpheniramine,GC-MS
SMP-00195,1.23,12573.3,3065.7,3079.8,0.0122,Uracil,GC-MS
SMP-00195,2.84,45589.9,8876.0,9294.4,0.045,Acetaminophen,GC-MS
SMP-00195,4.13,104306.2,17248.7,17637.9,0.1059,Caffeine,GC-MS
SMP-00195,5.63,23602.3,5474.5,5698.0,0.0242,Aspirin,GC-MS
SMP-00195,7.21,68125.6,11100.7,11898.5,0.0683,Benzoic Acid,GC-MS
SMP-00195,8.9,22741.6,4740.0,4854.5,0.0226,Phenacetin,GC-MS
SMP-00195,10.4,12284.6,3154.9,3311.4,0.012,Salicylic Acid,GC-MS
SMP-00195,12.05,53275.1,9820.9,10064.9,0.0541,Chlorpheniramine,GC-MS
SMP-00196,1.21,12992.9,3321.2,3358.3,0.013,Uracil,GC-MS
SMP-00196,2.82,43702.8,8272.6,8365.0,0.0448,Acetaminophen,GC-MS
SMP-00196,4.12,99154.4,15741.7,16004.8,0.0972,Caffeine,GC-MS
SMP-00196,5.63,25860.4,5623.0,5743.9,0.026,Aspirin,GC-MS
SMP-00196,7.28,72146.2,11922.8,12497.7,0.0722,Benzoic Acid,GC-MS
SMP-00196,8.95,28837.0,5363.7,5526.3,0.0283,Phenacetin,GC-MS
SMP-00196,10.41,13798.8,3475.6,3569.2,0.0134,Salicylic Acid,GC-MS
SMP-00196,12.06,47795.2,8347.1,8216.6,0.0478,Chlorpheniramine,GC-MS
SMP-00197,1.23,9571.6,2458.9,2617.6,0.0097,Uracil,GC-MS
SMP-00197,2.77,43850.5,8302.6,8310.5,0.0445,Acetaminophen,GC-MS
SMP-00197,4.1,94993.5,15478.6,15986.5,0.0967,Caffeine,GC-MS
SMP-00197,5.59,24335.1,4994.1,5162.5,0.0244,Aspirin,GC-MS
SMP-00197,7.18,59979.9,10561.5,10619.9,0.0585,Benzoic Acid,GC-MS
SMP-00197,8.98,28894.7,5693.6,6171.8,0.0297,Phenacetin,GC-MS
SMP-00197,10.35,15512.6,3609.3,3683.1,0.0151,Salicylic Acid,GC-MS
SMP-00197,12.06,66249.6,12208.0,12279.5,0.0671,Chlorpheniramine,GC-MS
SMP-00198,1.25,14403.1,3813.1,3958.2,0.0147,Uracil,GC-MS
SMP-00198,2.77,45947.2,9036.2,9378.6,0.0467,Acetaminophen,GC-MS
SMP-00198,4.18,87626.2,14190.4,14838.1,0.0873,Caffeine,GC-MS
SMP-00198,5.57,24643.4,5639.0,5979.8,0.0241,Aspirin,GC-MS
SMP-00198,7.19,69595.5,11620.2,11555.7,0.0692,Benzoic Acid,GC-MS
SMP-00198,8.92,31591.7,6287.1,6324.9,0.0319,Phenacetin,GC-MS
SMP-00198,10.36,15636.9,3807.9,3857.3,0.0159,Salicylic Acid,GC-MS
SMP-00198,12.08,57755.1,9812.2,9905.8,0.0577,Chlorpheniramine,GC-MS
SMP-00199,1.2,12911.8,3299.6,3300.3,0.0128,Uracil,GC-MS
SMP-00199,2.81,42726.1,7937.1,8001.8,0.0421,Acetaminophen,GC-MS
SMP-00199,4.16,79378.8,13236.0,13807.3,0.0778,Caffeine,GC-MS
SMP-00199,5.59,25529.3,5745.8,6129.0,0.0259,Aspirin,GC-MS
SMP-00199,7.16,62297.3,10472.4,10814.3,0.0628,Benzoic Acid,GC-MS
SMP-00199,8.99,30292.8,6194.3,6309.2,0.0301,Phenacetin,GC-MS
SMP-00199,10.36,15393.6,3823.7,3949.6,0.0153,Salicylic Acid,GC-MS
SMP-00199,12.06,57241.1,10562.7,11265.2,0.0569,Chlorpheniramine,GC-MS
SMP-00200,1.23,13172.0,3097.7,3160.6,0.0129,Uracil,GC-MS
SMP-00200,2.8,44895.9,8625.6,8783.3,0.044,Acetaminophen,GC-MS
SMP-00200,4.15,82591.2,13916.4,14273.0,0.083,Caffeine,GC-MS
SMP-00200,5.6,25991.8,5749.8,6062.3,0.0261,Aspirin,GC-MS
SMP-00200,7.17,83539.2,13629.1,13874.7,0.0804,Benzoic Acid,GC-MS
SMP-00200,8.98,32919.6,6749.3,7255.4,0.033,Phenacetin,GC-MS
SMP-00200,10.42,18340.8,4421.2,4642.9,0.0182,Salicylic Acid,GC-MS
SMP-00200,12.12,65479.8,11555.6,11984.4,0.0649,Chlorpheniramine,GC-MS
SMP-00201,1.24,11136.6,2673.4,2726.1,0.0113,Uracil,GC-MS
SMP-00201,2.79,46085.6,8623.8,8998.5,0.0462,Acetaminophen,GC-MS
SMP-00201,4.17,82976.2,13105.9,13591.4,0.0832,Caffeine,GC-MS
SMP-00201,5.58,21589.5,4493.8,4634.4,0.0214,Aspirin,GC-MS
SMP-00201,7.22,57142.5,9552.5,9588.8,0.0574,Benzoic Acid,GC-MS
SMP-00201,8.91,35118.2,7327.8,7747.8,0.035,Phenacetin,GC-MS
SMP-00201,10.36,16816.3,4178.3,4296.6,0.0165,Salicylic Acid,GC-MS
SMP-00201,12.08,53631.3,9651.0,9956.0,0.0523,Chlorpheniramine,GC-MS
SMP-00202,1.24,9659.4,2416.6,2475.3,0.0099,Uracil,GC-MS
SMP-00202,2.8,52449.8,9936.0,9789.0,0.0512,Acetaminophen,GC-MS
SMP-00202,4.15,97650.6,15953.7,16398.0,0.099,Caffeine,GC-MS
SMP-00202,5.58,23233.3,5052.8,5408.4,0.0222,Aspirin,GC-MS
SMP-00202,7.26,62149.5,9690.5,9879.0,0.0598,Benzoic Acid,GC-MS
SMP-00202,8.98,35389.9,7506.8,7887.5,0.0347,Phenacetin,GC-MS
SMP-00202,10.35,16156.6,3803.8,3927.1,0.0158,Salicylic Acid,GC-MS
SMP-00202,12.12,56502.0,9819.5,10149.4,0.0581,Chlorpheniramine,GC-MS
SMP-00203,1.29,15461.2,4072.9,4038.9,0.0155,Uracil,GC-MS
SMP-00203,2.79,42240.8,7926.9,8092.2,0.0431,Acetaminophen,GC-MS
SMP-00203,4.18,93892.4,15206.8,15775.4,0.0904,Caffeine,GC-MS
SMP-00203,5.6,22225.1,4894.8,5053.5,0.0223,Aspirin,GC-MS
SMP-00203,7.22,70605.8,11735.6,11997.1,0.0725,Benzoic Acid,GC-MS
SMP-00203,8.98,28792.6,5570.0,5520.7,0.0288,Phenacetin,GC-MS
SMP-00203,10.36,16355.9,4006.5,4053.9,0.0161,Salicylic Acid,GC-MS
SMP-00203,12.09,56901.7,10407.6,10576.0,0.0577,Chlorpheniramine,GC-MS
SMP-00204,1.22,11559.8,3079.0,3202.8,0.0115,Uracil,GC-MS
SMP-00204,2.77,37069.2,7336.4,7676.1,0.0374,Acetaminophen,GC-MS
SMP-00204,4.1,81174.2,13639.0,14075.1,0.0833,Caffeine,GC-MS
SMP-00204,5.57,22863.4,5197.0,5338.9,0.0233,Aspirin,GC-MS
SMP-00204,7.23,53435.5,9006.7,9145.7,0.054,Benzoic Acid,GC-MS
SMP-00204,8.97,33758.2,7004.7,7221.1,0.0337,Phenacetin,GC-MS
SMP-00204,10.39,16422.7,4036.1,4257.0,0.0164,Salicylic Acid,GC-MS
SMP-00204,12.09,59743.8,10187.2,10660.4,0.0603,Chlorpheniramine,GC-MS
SMP-00205,1.29,11852.3,3047.0,3157.0,0.0121,Uracil,GC-MS
SMP-00205,2.76,39544.5,7948.2,8171.2,0.0387,Acetaminophen,GC-MS
SMP-00205,4.13,95661.8,15103.3,16197.1,0.0936,Caffeine,GC-MS
SMP-00205,5.61,23100.5,5290.9,5356.6,0.0231,Aspirin,GC-MS
SMP-00205,7.17,75863.0,12662.0,13011.1,0.0753,Benzoic Acid,GC-MS
SMP-00205,8.95,31721.9,6174.7,6295.3,0.0319,Phenacetin,GC-MS
SMP-00205,10.37,12329.2,2951.9,3062.8,0.0121,Salicylic Acid,GC-MS
SMP-00205,12.11,49774.3,8881.9,9213.8,0.0514,Chlorpheniramine,GC-MS
SMP-00206,1.31,11209.9,2876.1,2896.2,0.0113,Uracil,GC-MS
SMP-00206,2.82,46445.8,9171.4,9722.4,0.0453,Acetaminophen,GC-MS
SMP-00206,4.17,88555.0,15100.7,15446.5,0.0866,Caffeine,GC-MS
SMP-00206,5.54,20568.9,4533.8,4742.9,0.0204,Aspirin,GC-MS
SMP-00206,7.23,63310.1,9642.1,9506.1,0.0615,Benzoic Acid,GC-MS
SMP-00206,8.96,35262.5,7067.5,7189.9,0.0343,Phenacetin,GC-MS
SMP-00206,10.32,13291.7,3096.0,3216.7,0.0129,Salicylic Acid,GC-MS
SMP-00206,12.05,46107.8,7806.8,8104.2,0.0453,Chlorpheniramine,GC-MS
SMP-00207,1.26,12869.1,3251.0,3507.3,0.0128,Uracil,GC-MS
SMP-00207,2.82,41514.8,7995.6,8139.6,0.0427,Acetaminophen,GC-MS
SMP-00207,4.13,94264.6,15696.5,15764.7,0.0932,Caffeine,GC-MS
SMP-00207,5.57,23533.6,5289.6,5503.0,0.024,Aspirin,GC-MS
SMP-00207,7.26,70344.5,11319.0,11422.0,0.07,Benzoic Acid,GC-MS
SMP-00207,8.88,37457.9,7494.9,7709.6,0.0378,Phenacetin,GC-MS
SMP-00207,10.37,17293.7,4031.8,4205.3,0.017,Salicylic Acid,GC-MS
SMP-00207,12.09,44103.4,8007.5,8296.3,0.0411,Chlorpheniramine,GC-MS
SMP-00208,1.25,12145.1,2998.1,3161.1,0.0122,Uracil,GC-MS
SMP-00208,2.8,48901.5,9617.2,10040.7,0.0475,Acetaminophen,GC-MS
SMP-00208,4.17,83877.2,14229.3,15552.8,0.0846,Caffeine,GC-MS
SMP-00208,5.62,23857.4,5315.7,5309.1,0.0237,Aspirin,GC-MS
SMP-00208,7.2,72826.6,12674.0,12699.6,0.0734,Benzoic Acid,GC-MS
SMP-00208,8.93,31413.4,6338.4,6425.2,0.0315,Phenacetin,GC-MS
SMP-00208,10.38,19319.7,4606.7,4695.6,0.0192,Salicylic Acid,GC-MS
SMP-00208,12.08,61232.7,10905.6,11065.4,0.0601,Chlorpheniramine,GC-MS
SMP-00209,1.25,9207.5,2242.5,2321.0,0.0092,Uracil,GC-MS
SMP-00209,2.84,51376.7,9967.8,10393.0,0.0503,Acetaminophen,GC-MS
SMP-00209,4.17,73615.9,12010.9,12509.8,0.0729,Caffeine,GC-MS
SMP-00209,5.61,23472.2,5265.5,5140.6,0.024,Aspirin,GC-MS
SMP-00209,7.21,68338.2,11093.0,11449.5,0.0694,Benzoic Acid,GC-MS
SMP-00209,8.95,32294.9,6571.7,6574.6,0.0324,Phenacetin,GC-MS
SMP-00209,10.38,14149.9,3487.4,3635.1,0.0141,Salicylic Acid,GC-MS
SMP-00209,12.11,55789.8,9920.8,10022.2,0.0577,Chlorpheniramine,GC-MS
SMP-00210,1.29,12336.5,3149.7,3385.5,0.0123,Uracil,GC-MS
SMP-00210,2.74,45665.5,8697.2,8755.4,0.0463,Acetaminophen,GC-MS
SMP-00210,4.17,97053.2,15792.2,16343.2,0.0962,Caffeine,GC-MS
SMP-00210,5.63,25429.5,5356.9,5585.9,0.0254,Aspirin,GC-MS
SMP-00210,7.17,77681.2,13252.4,13332.4,0.0774,Benzoic Acid,GC-MS
SMP-00210,8.92,36698.6,7662.5,7719.7,0.0364,Phenacetin,GC-MS
SMP-00210,10.41,12726.9,3134.5,3135.3,0.013,Salicylic Acid,GC-MS
SMP-00210,12.08,48886.5,8752.1,9324.5,0.0506,Chlorpheniramine,GC-MS
SMP-00211,1.31,12690.7,3328.5,3457.3,0.0126,Uracil,GC-MS
SMP-00211,2.83,42016.3,7575.8,8049.6,0.041,Acetaminophen,GC-MS
SMP-00211,4.14,78841.6,12570.5,12484.4,0.0785,Caffeine,GC-MS
SMP-00211,5.6,17021.9,3628.9,3789.0,0.0172,Aspirin,GC-MS
SMP-00211,7.24,68613.9,11160.7,11016.1,0.067,Benzoic Acid,GC-MS
SMP-00211,8.98,32957.5,6781.1,6951.4,0.0336,Phenacetin,GC-MS
SMP-00211,10.39,13916.3,3575.8,3595.1,0.0142,Salicylic Acid,GC-MS
SMP-00211,12.16,57175.7,10138.7,10391.1,0.0564,Chlorpheniramine,GC-MS
SMP-00212,1.26,14198.1,3602.7,3619.1,0.0141,Uracil,GC-MS
SMP-00212,2.88,50708.5,9914.9,9881.0,0.0501,Acetaminophen,GC-MS
SMP-00212,4.13,80786.5,12510.0,12900.1,0.0818,Caffeine,GC-MS
SMP-00212,5.65,19833.4,4280.1,4382.5,0.0199,Aspirin,GC-MS
SMP-00212,7.21,71697.3,11345.6,11905.1,0.0708,Benzoic Acid,GC-MS
SMP-00212,8.93,34140.1,6860.0,7137.5,0.0347,Phenacetin,GC-MS
SMP-00212,10.42,14181.0,3482.2,3606.8,0.0142,Salicylic Acid,GC-MS
SMP-00212,12.11,55197.3,10129.3,10221.0,0.0568,Chlorpheniramine,GC-MS
SMP-00213,1.29,13144.0,3478.9,3744.6,0.0135,Uracil,GC-MS
SMP-00213,2.81,48776.8,9632.6,9918.6,0.0481,Acetaminophen,GC-MS
SMP-00213,4.11,100804.5,16587.8,16945.5,0.1018,Caffeine,GC-MS
SMP-00213,5.59,22072.0,4759.2,5058.1,0.0219,Aspirin,GC-MS
SMP-00213,7.2,73206.5,11988.7,12144.5,0.074,Benzoic Acid,GC-MS
SMP-00213,8.94,36566.9,7624.0,7970.1,0.0375,Phenacetin,GC-MS
SMP-00213,10.43,17630.1,4313.8,4380.6,0.0175,Salicylic Acid,GC-MS
SMP-00213,12.12,55231.5,10001.3,9973.1,0.0551,Chlorpheniramine,GC-MS
SMP-00214,1.31,14350.0,3664.2,3771.9,0.0146,Uracil,GC-MS
SMP-00214,2.77,49804.3,9600.9,10043.8,0.0489,Acetaminophen,GC-MS
SMP-00214,4.19,103625.4,16518.0,17081.1,0.1029,Caffeine,GC-MS
SMP-00214,5.61,20826.0,4281.9,4571.2,0.0211,Aspirin,GC-MS
SMP-00214,7.18,67010.0,11661.5,11977.3,0.067,Benzoic Acid,GC-MS
SMP-00214,8.92,32611.4,7049.9,7377.2,0.0329,Phenacetin,GC-MS
SMP-00214,10.41,17058.1,4131.1,4424.7,0.0171,Salicylic Acid,GC-MS
SMP-00214,12.15,61440.4,11329.9,11538.8,0.0618,Chlorpheniramine,GC-MS
SMP-00215,1.24,11274.9,3073.8,3161.8,0.0112,Uracil,GC-MS
SMP-00215,2.76,43356.8,8579.1,8934.9,0.0435,Acetaminophen,GC-MS
SMP-00215,4.18,92433.7,15373.7,16096.9,0.09,Caffeine,GC-MS
SMP-00215,5.62,17977.0,4126.0,4217.2,0.0185,Aspirin,GC-MS
SMP-00215,7.2,60998.2,10176.0,10263.7,0.061,Benzoic Acid,GC-MS
SMP-00215,9.0,28856.4,5646.6,5794.8,0.0289,Phenacetin,GC-MS
SMP-00215,10.35,12432.3,2919.5,2996.7,0.0125,Salicylic Acid,GC-MS
SMP-00215,12.1,52469.4,9452.7,9580.1,0.0513,Chlorpheniramine,GC-MS
SMP-00216,1.24,9363.6,2315.0,2414.0,0.0093,Uracil,GC-MS
SMP-00216,2.82,39747.7,7574.6,7927.1,0.0402,Acetaminophen,GC-MS
SMP-00216,4.13,85719.2,13080.6,13484.4,0.0851,Caffeine,GC-MS
SMP-00216,5.57,25904.1,5725.7,5983.3,0.0256,Aspirin,GC-MS
SMP-00216,7.23,70132.9,11651.0,12059.5,0.0708,Benzoic Acid,GC-MS
SMP-00216,8.93,31219.2,6577.2,6830.3,0.0306,Phenacetin,GC-MS
SMP-00216,10.39,14628.0,3465.1,3549.6,0.0146,Salicylic Acid,GC-MS
SMP-00216,12.11,60579.6,11010.4,11185.2,0.0603,Chlorpheniramine,GC-MS
SMP-00217,1.24,12721.5,3271.8,3304.4,0.0127,Uracil,GC-MS
SMP-00217,2.78,50463.2,9261.7,9454.4,0.0499,Acetaminophen,GC-MS
SMP-00217,4.18,94525.3,15556.5,16413.8,0.0915,Caffeine,GC-MS
SMP-00217,5.64,26784.3,5968.3,6092.5,0.0261,Aspirin,GC-MS
SMP-00217,7.22,68660.2,11682.4,12183.0,0.0684,Benzoic Acid,GC-MS
SMP-00217,8.88,29540.4,5863.7,5910.3,0.0297,Phenacetin,GC-MS
SMP-00217,10.43,14030.3,3386.5,3440.0,0.0141,Salicylic Acid,GC-MS
SMP-00217,12.06,52310.1,9654.7,10268.0,0.0528,Chlorpheniramine,GC-MS
SMP-00218,1.26,14357.3,3582.8,3716.4,0.0146,Uracil,GC-MS
SMP-00218,2.79,47635.0,9438.1,9832.6,0.0477,Acetaminophen,GC-MS
SMP-00218,4.14,83388.0,13813.7,14007.9,0.0806,Caffeine,GC-MS
SMP-00218,5.58,24607.5,5431.9,5854.6,0.0243,Aspirin,GC-MS
SMP-00218,7.12,78676.0,12959.4,13215.4,0.0767,Benzoic Acid,GC-MS
SMP-00218,8.95,106151.9,23090.6,18607.6,0.1072,Phenacetin,GC-MS
SMP-00218,10.41,15238.1,3703.9,3922.9,0.0149,Salicylic Acid,GC-MS
SMP-00218,12.08,56358.5,10371.7,10517.6,0.057,Chlorpheniramine,GC-MS
SMP-00219,1.2,11749.6,3078.1,3219.5,0.0118,Uracil,GC-MS
SMP-00219,2.78,46844.5,9629.2,9999.3,0.0472,Acetaminophen,GC-MS
SMP-00219,4.15,77095.3,12358.7,12449.7,0.0787,Caffeine,GC-MS
SMP-00219,5.58,20242.6,4617.6,4674.0,0.0202,Aspirin,GC-MS
SMP-00219,7.16,268453.2,44305.3,36219.6,0.2657,Benzoic Acid,GC-MS
SMP-00219,8.93,29959.4,6253.3,6253.8,0.0306,Phenacetin,GC-MS
SMP-00219,10.38,17378.8,4152.5,4239.7,0.0177,Salicylic Acid,GC-MS
SMP-00219,12.08,42959.2,7658.7,7884.3,0.0419,Chlorpheniramine,GC-MS
SMP-00220,1.24,12071.8,3191.4,3300.2,0.0124,Uracil,GC-MS
SMP-00220,2.8,47622.3,9329.5,9696.3,0.0492,Acetaminophen,GC-MS
SMP-00220,4.14,95543.4,15297.2,15730.9,0.0926,Caffeine,GC-MS
SMP-00220,5.65,18428.9,4008.3,4158.3,0.0179,Aspirin,GC-MS
SMP-00220,7.21,64965.6,10501.9,10936.3,0.0649,Benzoic Acid,GC-MS
SMP-00220,8.93,31867.2,6661.8,6801.4,0.0312,Phenacetin,GC-MS
SMP-00220,10.36,17181.7,4252.3,4324.2,0.0176,Salicylic Acid,GC-MS
SMP-00220,12.1,50675.9,8869.0,8915.4,0.0519,Chlorpheniramine,GC-MS
SMP-00221,1.24,12981.6,3244.9,3356.5,0.0132,Uracil,GC-MS
SMP-00221,2.83,45070.4,8492.8,8815.2,0.0448,Acetaminophen,GC-MS
SMP-00221,4.11,105906.3,16271.7,16664.2,0.1043,Caffeine,GC-MS
SMP-00221,5.61,20140.3,4468.3,4565.0,0.0204,Aspirin,GC-MS
SMP-00221,7.18,59046.0,9254.5,9619.1,0.061,Benzoic Acid,GC-MS
SMP-00221,8.96,76172.4,11871.3,15360.6,0.0765,Phenacetin,GC-MS
SMP-00221,10.41,14989.5,3499.4,3704.3,0.0154,Salicylic Acid,GC-MS
SMP-00221,12.12,58964.8,10519.7,10804.8,0.0596,Chlorpheniramine,GC-MS
SMP-00222,1.26,12945.5,3441.9,3562.3,0.0132,Uracil,GC-MS
SMP-00222,2.8,51731.5,10028.8,9931.6,0.0528,Acetaminophen,GC-MS
SMP-00222,4.12,94721.3,15400.3,16357.9,0.0942,Caffeine,GC-MS
SMP-00222,5.6,24339.0,5590.1,5556.1,0.025,Aspirin,GC-MS
SMP-00222,7.21,80777.2,13498.6,13788.0,0.0817,Benzoic Acid,GC-MS
SMP-00222,8.96,32717.0,6797.1,6830.5,0.0318,Phenacetin,GC-MS
SMP-00222,10.39,13691.4,3172.5,3283.1,0.0142,Salicylic Acid,GC-MS
SMP-00222,12.08,55178.1,10216.7,10172.7,0.0542,Chlorpheniramine,GC-MS
SMP-00223,1.25,10535.6,2560.8,2581.1,0.011,Uracil,GC-MS
SMP-00223,2.79,45216.9,8313.1,8778.4,0.0452,Acetaminophen,GC-MS
SMP-00223,4.19,92487.5,15364.9,15461.9,0.0916,Caffeine,GC-MS
SMP-00223,5.63,21010.2,4636.8,4863.9,0.0213,Aspirin,GC-MS
SMP-00223,7.18,67406.0,11572.2,11690.0,0.0659,Benzoic Acid,GC-MS
SMP-00223,8.89,29781.9,5905.4,6193.5,0.0301,Phenacetin,GC-MS
SMP-00223,10.38,16975.7,4188.3,4257.4,0.0168,Salicylic Acid,GC-MS
SMP-00223,12.08,60677.8,11174.2,11636.5,0.0601,Chlorpheniramine,GC-MS
SMP-00224,1.29,12337.3,3098.4,3248.5,0.0124,Uracil,GC-MS
SMP-00224,2.78,44391.2,9052.9,9193.0,0.0445,Acetaminophen,GC-MS
SMP-00224,4.13,82927.2,13908.6,14308.0,0.082,Caffeine,GC-MS
SMP-00224,5.59,23279.6,5125.2,5283.3,0.023,Aspirin,GC-MS
SMP-00224,7.23,57349.1,9396.1,9656.7,0.0572,Benzoic Acid,GC-MS
SMP-00224,8.96,25136.5,5052.5,5377.3,0.0242,Phenacetin,GC-MS
SMP-00224,10.4,14993.8,3548.4,3761.7,0.0151,Salicylic Acid,GC-MS
SMP-00224,12.12,57235.7,10427.7,10634.8,0.0566,Chlorpheniramine,GC-MS
SMP-00225,1.24,10578.7,2717.3,2836.8,0.011,Uracil,GC-MS
SMP-00225,2.77,49380.1,9718.9,9976.7,0.0495,Acetaminophen,GC-MS
SMP-00225,4.13,470264.7,70331.1,76301.8,0.4749,Caffeine,GC-MS
SMP-00225,5.56,23932.8,5200.9,5351.7,0.0246,Aspirin,GC-MS
SMP-00225,7.18,60076.7,9564.5,9799.7,0.0587,Benzoic Acid,GC-MS
SMP-00225,8.91,26664.3,5543.9,5771.2,0.0262,Phenacetin,GC-MS
SMP-00225,10.36,18213.8,4383.4,4508.6,0.0185,Salicylic Acid,GC-MS
SMP-00225,12.11,54503.3,10593.5,11059.1,0.0556,Chlorpheniramine,GC-MS
SMP-00226,1.25,11903.9,3011.0,3066.8,0.0122,Uracil,GC-MS
SMP-00226,2.84,40797.0,7828.2,8166.3,0.0416,Acetaminophen,GC-MS
SMP-00226,4.08,526341.9,73860.2,85365.9,0.5229,Caffeine,GC-MS
SMP-00226,5.58,27580.0,6183.4,6130.1,0.0273,Aspirin,GC-MS
SMP-00226,7.25,58900.2,9912.5,10359.5,0.0584,Benzoic Acid,GC-MS
SMP-00226,8.91,30656.5,6041.9,6342.6,0.0305,Phenacetin,GC-MS
SMP-00226,10.34,16566.7,4108.6,4266.4,0.0167,Salicylic Acid,GC-MS
SMP-00226,12.13,51570.1,9026.3,9356.5,0.0518,Chlorpheniramine,GC-MS
SMP-00227,1.25,12048.5,3189.7,3233.9,0.0124,Uracil,GC-MS
SMP-00227,2.81,41431.4,8024.0,8250.5,0.0414,Acetaminophen,GC-MS
SMP-00227,4.21,82759.4,13827.0,14218.5,0.0813,Caffeine,GC-MS
SMP-00227,5.56,23053.4,5030.1,5286.6,0.023,Aspirin,GC-MS
SMP-00227,7.16,60701.1,10114.8,10275.3,0.0614,Benzoic Acid,GC-MS
SMP-00227,8.96,33513.8,7138.3,7603.8,0.0339,Phenacetin,GC-MS
SMP-00227,10.38,16129.8,4018.2,4309.6,0.0157,Salicylic Acid,GC-MS
SMP-00227,12.03,46884.8,8747.0,8935.8,0.0454,Chlorpheniramine,GC-MS
SMP-00228,1.22,10063.8,2463.1,2528.7,0.0102,Uracil,GC-MS
SMP-00228,2.84,44771.8,8667.4,8748.5,0.0457,Acetaminophen,GC-MS
SMP-00228,4.11,86567.1,14846.5,15680.2,0.0872,Caffeine,GC-MS
SMP-00228,5.58,22172.3,4767.7,4880.5,0.0219,Aspirin,GC-MS
SMP-00228,7.18,68972.1,11121.7,11540.0,0.0685,Benzoic Acid,GC-MS
SMP-00228,9.0,33126.5,7214.9,7458.4,0.0328,Phenacetin,GC-MS
SMP-00228,10.39,13145.1,3157.5,3224.8,0.013,Salicylic Acid,GC-MS
SMP-00228,12.1,47738.0,8488.4,8571.4,0.047,Chlorpheniramine,GC-MS
SMP-00229,1.26,13846.6,3660.7,3778.8,0.0138,Uracil,GC-MS
SMP-00229,2.77,44809.1,8508.2,8704.3,0.0448,Acetaminophen,GC-MS
SMP-00229,4.11,82771.3,13698.8,13890.4,0.0825,Caffeine,GC-MS
SMP-00229,5.61,19340.0,4095.1,4371.1,0.0195,Aspirin,GC-MS
SMP-00229,7.18,61616.2,10532.9,10941.8,0.0625,Benzoic Acid,GC-MS
SMP-00229,8.96,28129.4,5348.3,5498.6,0.0287,Phenacetin,GC-MS
SMP-00229,10.42,16473.4,3929.0,3944.3,0.0166,Salicylic Acid,GC-MS
SMP-00229,12.1,56725.2,9850.9,10321.7,0.0564,Chlorpheniramine,GC-MS
SMP-00230,1.23,11543.7,3086.4,3231.6,0.0117,Uracil,GC-MS
SMP-00230,2.83,46489.3,9407.8,9900.9,0.0445,Acetaminophen,GC-MS
SMP-00230,4.2,105286.3,17522.8,17209.8,0.106,Caffeine,GC-MS
SMP-00230,5.66,22524.2,5043.8,5407.8,0.0236,Aspirin,GC-MS
SMP-00230,7.18,61318.5,9717.0,10090.6,0.0626,Benzoic Acid,GC-MS
SMP-00230,8.97,29041.4,6246.7,6659.5,0.0291,Phenacetin,GC-MS
SMP-00230,10.42,19035.0,4627.4,4865.9,0.0185,Salicylic Acid,GC-MS
SMP-00230,12.14,47950.8,8539.1,8733.9,0.0484,Chlorpheniramine,GC-MS
SMP-00231,1.21,12239.1,3165.6,3321.5,0.0122,Uracil,GC-MS
SMP-00231,2.76,41347.6,7594.7,7664.0,0.0407,Acetaminophen,GC-MS
SMP-00231,4.16,97890.9,15738.3,15870.8,0.097,Caffeine,GC-MS
SMP-00231,5.6,26631.4,5782.2,5868.5,0.0267,Aspirin,GC-MS
SMP-00231,7.2,59981.7,9692.1,9681.7,0.0585,Benzoic Acid,GC-MS
SMP-00231,8.92,31693.9,6170.3,6516.9,0.0306,Phenacetin,GC-MS
SMP-00231,10.39,14924.3,3560.0,3518.9,0.0146,Salicylic Acid,GC-MS
SMP-00231,12.08,50903.8,9112.2,9782.8,0.0509,Chlorpheniramine,GC-MS
SMP-00232,1.23,13115.0,3315.5,3522.8,0.0134,Uracil,GC-MS
SMP-00232,2.79,52840.9,10217.2,10488.2,0.0525,Acetaminophen,GC-MS
SMP-00232,4.15,94254.3,15421.6,16228.9,0.094,Caffeine,GC-MS
SMP-00232,5.6,24096.4,5374.4,5502.4,0.0237,Aspirin,GC-MS
SMP-00232,7.21,63639.3,10954.6,11018.0,0.0648,Benzoic Acid,GC-MS
SMP-00232,8.96,31584.1,6494.4,6575.9,0.0328,Phenacetin,GC-MS
SMP-00232,10.34,14209.3,3349.0,3534.2,0.0145,Salicylic Acid,GC-MS
SMP-00232,12.07,48939.8,8714.8,8789.7,0.0496,Chlorpheniramine,GC-MS
SMP-00233,1.23,12917.4,3233.1,3269.7,0.0131,Uracil,GC-MS
SMP-00233,2.79,47571.5,9568.2,9519.5,0.0477,Acetaminophen,GC-MS
SMP-00233,4.13,89944.5,15120.6,15489.2,0.0898,Caffeine,GC-MS
SMP-00233,5.6,20382.5,4720.0,4808.8,0.0202,Aspirin,GC-MS
SMP-00233,7.2,75406.5,12137.1,12706.2,0.0757,Benzoic Acid,GC-MS
SMP-00233,8.95,33197.1,6771.9,7080.3,0.0335,Phenacetin,GC-MS
SMP-00233,10.44,12641.3,2978.9,3022.8,0.0126,Salicylic Acid,GC-MS
SMP-00233,12.12,61910.9,10923.7,11167.5,0.062,Chlorpheniramine,GC-MS
SMP-00234,1.24,12769.6,3198.9,3266.4,0.0129,Uracil,GC-MS
SMP-00234,2.75,52427.2,10181.6,10698.4,0.0505,Acetaminophen,GC-MS
SMP-00234,4.17,105878.9,16973.5,17383.7,0.1028,Caffeine,GC-MS
SMP-00234,5.63,22337.9,5190.2,5377.4,0.0226,Aspirin,GC-MS
SMP-00234,7.23,67710.4,11406.4,11651.5,0.0704,Benzoic Acid,GC-MS
SMP-00234,8.91,24933.5,5020.8,5237.9,0.0248,Phenacetin,GC-MS
SMP-00234,10.36,14146.5,3390.9,3568.6,0.0144,Salicylic Acid,GC-MS
SMP-00234,12.06,42779.8,7617.8,7886.0,0.0426,Chlorpheniramine,GC-MS
SMP-00235,1.22,15889.5,3988.7,4182.7,0.0159,Uracil,GC-MS
SMP-00235,2.75,39511.2,7734.9,8089.0,0.0399,Acetaminophen,GC-MS
SMP-00235,4.14,79347.9,13120.1,13625.9,0.0841,Caffeine,GC-MS
SMP-00235,5.58,20451.3,4467.1,4712.2,0.0203,Aspirin,GC-MS
SMP-00235,7.18,70070.1,11923.0,11860.7,0.0686,Benzoic Acid,GC-MS
SMP-00235,8.98,38014.4,7615.2,7706.2,0.0385,Phenacetin,GC-MS
SMP-00235,10.41,15121.4,3727.8,3891.5,0.0146,Salicylic Acid,GC-MS
SMP-00235,12.11,38360.8,6833.3,6998.3,0.0387,Chlorpheniramine,GC-MS
SMP-00236,1.25,12166.7,3030.7,3128.0,0.0122,Uracil,GC-MS
SMP-00236,2.79,39289.1,7589.2,7634.0,0.0403,Acetaminophen,GC-MS
SMP-00236,4.11,106720.5,17721.8,18563.1,0.1065,Caffeine,GC-MS
SMP-00236,5.64,27749.9,6033.8,6248.2,0.0266,Aspirin,GC-MS
SMP-00236,7.18,70038.6,11092.6,11278.9,0.0717,Benzoic Acid,GC-MS
SMP-00236,8.96,34233.7,7161.2,7306.3,0.0352,Phenacetin,GC-MS
SMP-00236,10.43,15986.8,3883.3,4066.1,0.016,Salicylic Acid,GC-MS
SMP-00236,12.14,49476.8,9209.4,9655.5,0.0478,Chlorpheniramine,GC-MS
SMP-00237,1.27,14926.0,3768.2,3954.0,0.0148,Uracil,GC-MS
SMP-00237,2.79,55845.3,11119.6,11224.5,0.0563,Acetaminophen,GC-MS
SMP-00237,4.17,69395.3,11353.9,11688.8,0.0681,Caffeine,GC-MS
SMP-00237,5.57,27955.9,6175.6,6328.6,0.0277,Aspirin,GC-MS
SMP-00237,7.19,55596.0,9589.7,9890.2,0.0565,Benzoic Acid,GC-MS
SMP-00237,8.98,35037.6,7576.2,7881.1,0.035,Phenacetin,GC-MS
SMP-00237,10.36,17110.3,4260.9,4309.6,0.0171,Salicylic Acid,GC-MS
SMP-00237,12.06,50309.3,9462.8,9939.6,0.0493,Chlorpheniramine,GC-MS
SMP-00238,1.28,10462.2,2603.2,2747.5,0.0108,Uracil,GC-MS
SMP-00238,2.79,46270.8,9012.6,9437.5,0.0474,Acetaminophen,GC-MS
SMP-00238,4.12,92741.5,15259.8,16052.0,0.0884,Caffeine,GC-MS
SMP-00238,5.65,23632.1,5416.3,5646.0,0.0236,Aspirin,GC-MS
SMP-00238,7.25,73705.8,12554.2,12728.0,0.0728,Benzoic Acid,GC-MS
SMP-00238,8.93,32684.2,6501.7,6658.0,0.0329,Phenacetin,GC-MS
SMP-00238,10.44,17280.5,4349.6,4348.3,0.018,Salicylic Acid,GC-MS
SMP-00238,12.15,55949.2,10132.9,10250.9,0.0542,Chlorpheniramine,GC-MS
SMP-00239,1.23,12975.3,3213.6,3329.8,0.0134,Uracil,GC-MS
SMP-00239,2.79,42764.3,8749.6,9394.3,0.0437,Acetaminophen,GC-MS
SMP-00239,4.18,89344.3,14211.2,14668.5,0.089,Caffeine,GC-MS
SMP-00239,5.63,24318.7,5325.9,5610.7,0.0248,Aspirin,GC-MS
SMP-00239,7.18,53224.8,9038.8,9500.8,0.051,Benzoic Acid,GC-MS
SMP-00239,8.98,28461.5,5827.3,6237.6,0.0285,Phenacetin,GC-MS
SMP-00239,10.37,15628.5,3761.8,3875.3,0.0157,Salicylic Acid,GC-MS
SMP-00239,12.06,49114.3,9150.3,9511.2,0.0471,Chlorpheniramine,GC-MS
SMP-00240,1.26,13262.4,3514.7,3556.4,0.0134,Uracil,GC-MS
SMP-00240,2.8,36134.8,7014.4,7458.7,0.0364,Acetaminophen,GC-MS
SMP-00240,4.15,98162.1,15758.2,15580.3,0.0981,Caffeine,GC-MS
SMP-00240,5.64,18453.0,4174.1,4336.5,0.0195,Aspirin,GC-MS
SMP-00240,7.18,67119.6,10935.9,10795.0,0.0679,Benzoic Acid,GC-MS
SMP-00240,8.95,29962.7,6077.0,6314.7,0.0289,Phenacetin,GC-MS
SMP-00240,10.38,15772.1,4045.0,4152.3,0.0162,Salicylic Acid,GC-MS
SMP-00240,12.04,45395.5,8064.5,8253.2,0.0467,Chlorpheniramine,GC-MS
SMP-00241,1.22,12275.0,3082.7,3215.4,0.0122,Uracil,GC-MS
SMP-00241,2.8,44602.9,8792.4,8712.3,0.0442,Acetaminophen,GC-MS
SMP-00241,4.18,85625.8,13587.4,14333.0,0.0858,Caffeine,GC-MS
SMP-00241,5.56,21772.2,4917.3,5039.4,0.0221,Aspirin,GC-MS
SMP-00241,7.1,72353.3,12369.5,12627.7,0.0735,Benzoic Acid,GC-MS
SMP-00241,8.96,29381.9,5958.4,6077.7,0.0295,Phenacetin,GC-MS
SMP-00241,10.42,13886.2,3340.1,3476.3,0.0141,Salicylic Acid,GC-MS
SMP-00241,12.1,50258.1,9078.7,9448.7,0.0508,Chlorpheniramine,GC-MS
SMP-00242,1.29,12088.9,3146.0,3284.5,0.012,Uracil,GC-MS
SMP-00242,2.79,46535.6,8804.4,9274.8,0.0488,Acetaminophen,GC-MS
SMP-00242,4.21,84387.8,13967.6,14332.0,0.0834,Caffeine,GC-MS
SMP-00242,5.61,21844.8,4847.8,5003.1,0.0231,Aspirin,GC-MS
SMP-00242,7.17,81568.6,13713.8,13531.0,0.0812,Benzoic Acid,GC-MS
SMP-00242,8.95,28774.8,5690.9,5713.6,0.0291,Phenacetin,GC-MS
SMP-00242,10.35,17242.2,4308.8,4434.1,0.017,Salicylic Acid,GC-MS
SMP-00242,12.03,50208.1,9710.5,10066.1,0.05,Chlorpheniramine,GC-MS
SMP-00243,1.26,9497.0,2550.9,2575.8,0.0096,Uracil,GC-MS
SMP-00243,2.77,47712.1,9219.6,9533.5,0.047,Acetaminophen,GC-MS
SMP-00243,4.12,82934.6,13675.0,13995.9,0.0838,Caffeine,GC-MS
SMP-00243,5.53,20625.9,4745.2,4726.5,0.0206,Aspirin,GC-MS
SMP-00243,7.22,58523.1,9416.0,9853.5,0.0565,Benzoic Acid,GC-MS
SMP-00243,8.97,26385.4,5429.1,5611.0,0.0272,Phenacetin,GC-MS
SMP-00243,10.41,15527.1,3511.4,3652.6,0.0153,Salicylic Acid,GC-MS
SMP-00243,12.13,60846.4,11268.9,11851.1,0.0617,Chlorpheniramine,GC-MS
SMP-00244,1.3,12244.8,3207.6,3305.1,0.0121,Uracil,GC-MS
SMP-00244,2.78,52249.9,10575.1,10945.1,0.0522,Acetaminophen,GC-MS
SMP-00244,4.17,80992.5,13231.0,13264.4,0.0833,Caffeine,GC-MS
SMP-00244,5.64,21444.2,4867.5,5037.3,0.0209,Aspirin,GC-MS
SMP-00244,7.22,70468.0,11679.6,11630.2,0.071,Benzoic Acid,GC-MS
SMP-00244,8.97,32522.4,6433.2,6739.1,0.0325,Phenacetin,GC-MS
SMP-00244,10.43,18347.4,4637.2,4706.7,0.0183,Salicylic Acid,GC-MS
SMP-00244,12.01,49755.1,9306.3,9449.4,0.0502,Chlorpheniramine,GC-MS
SMP-00245,1.29,10215.8,2663.8,2791.5,0.0103,Uracil,GC-MS
SMP-00245,2.8,40204.4,8123.3,8395.6,0.0395,Acetaminophen,GC-MS
SMP-00245,4.14,95656.2,15824.1,16726.7,0.0948,Caffeine,GC-MS
SMP-00245,5.59,25232.9,5842.0,6059.7,0.0255,Aspirin,GC-MS
SMP-00245,7.23,75197.6,12440.3,12828.0,0.0754,Benzoic Acid,GC-MS
SMP-00245,8.98,39847.7,8504.5,8919.5,0.0393,Phenacetin,GC-MS
SMP-00245,10.45,17669.2,4239.5,4307.4,0.0172,Salicylic Acid,GC-MS
SMP-00245,12.13,53537.8,9918.2,10269.9,0.0532,Chlorpheniramine,GC-MS
SMP-00246,1.23,11973.9,3145.5,3196.3,0.0118,Uracil,GC-MS
SMP-00246,2.85,46564.7,9111.8,9481.7,0.0477,Acetaminophen,GC-MS
SMP-00246,4.22,80746.9,13996.4,14806.2,0.0818,Caffeine,GC-MS
SMP-00246,5.58,23410.0,5049.9,5279.1,0.0232,Aspirin,GC-MS
SMP-00246,7.22,67384.9,11264.3,11446.2,0.0683,Benzoic Acid,GC-MS
SMP-00246,8.99,193622.2,33700.4,40444.0,0.1897,Phenacetin,GC-MS
SMP-00246,10.4,13235.7,3271.4,3475.7,0.0131,Salicylic Acid,GC-MS
SMP-00246,12.11,53323.0,9064.4,8995.2,0.0517,Chlorpheniramine,GC-MS
SMP-00247,1.25,11884.5,3197.0,3372.4,0.0118,Uracil,GC-MS
SMP-00247,2.76,49786.8,9192.1,9500.8,0.0505,Acetaminophen,GC-MS
SMP-00247,4.18,84383.2,13297.7,13699.5,0.0831,Caffeine,GC-MS
SMP-00247,5.64,24361.8,5207.8,5316.7,0.0241,Aspirin,GC-MS
SMP-00247,7.18,69005.0,11748.2,12456.9,0.0659,Benzoic Acid,GC-MS
SMP-00247,8.88,30906.8,6534.2,6943.8,0.0309,Phenacetin,GC-MS
SMP-00247,10.44,15238.2,3498.3,3601.1,0.015,Salicylic Acid,GC-MS
SMP-00247,12.14,48210.7,8538.8,8725.7,0.0463,Chlorpheniramine,GC-MS
SMP-00248,1.28,13623.6,3493.9,3542.1,0.0139,Uracil,GC-MS
SMP-00248,2.83,49019.7,9355.3,9696.5,0.0497,Acetaminophen,GC-MS
SMP-00248,4.19,512913.3,89206.7,76060.7,0.4915,Caffeine,GC-MS
SMP-00248,5.59,23218.0,5139.2,5282.0,0.023,Aspirin,GC-MS
SMP-00248,7.16,60752.5,9830.7,9969.8,0.0593,Benzoic Acid,GC-MS
SMP-00248,8.89,28126.7,5752.1,6038.5,0.0278,Phenacetin,GC-MS
SMP-00248,10.38,14590.4,3356.3,3508.7,0.0142,Salicylic Acid,GC-MS
SMP-00248,12.11,304244.6,59054.1,60652.8,0.2981,Chlorpheniramine,GC-MS
SMP-00249,1.26,12444.4,3406.7,3476.8,0.0128,Uracil,GC-MS
SMP-00249,2.8,49997.9,9494.5,9510.5,0.0506,Acetaminophen,GC-MS
SMP-00249,4.21,84330.7,13699.0,14401.7,0.0847,Caffeine,GC-MS
SMP-00249,5.63,22602.3,5017.2,5237.5,0.0235,Aspirin,GC-MS
SMP-00249,7.23,53956.1,9322.9,9659.9,0.0533,Benzoic Acid,GC-MS
SMP-00249,8.97,31327.3,6597.6,6790.1,0.0315,Phenacetin,GC-MS
SMP-00249,10.42,16187.7,3911.5,4208.0,0.0158,Salicylic Acid,GC-MS
SMP-00249,12.09,65613.6,11710.9,12367.7,0.0661,Chlorpheniramine,GC-MS
SMP-00250,1.23,12707.7,3455.9,3588.0,0.0125,Uracil,GC-MS
SMP-00250,2.81,47402.8,9183.4,9595.3,0.0468,Acetaminophen,GC-MS
SMP-00250,4.17,82908.4,13826.4,14423.2,0.0829,Caffeine,GC-MS
SMP-00250,5.59,22450.0,5226.6,5417.9,0.0225,Aspirin,GC-MS
SMP-00250,7.19,67408.1,10766.8,11183.0,0.0677,Benzoic Acid,GC-MS
SMP-00250,8.94,26482.1,4939.2,5077.3,0.0258,Phenacetin,GC-MS
SMP-00250,10.41,12619.5,2997.2,3129.9,0.013,Salicylic Acid,GC-MS
SMP-00250,12.06,46540.4,8444.3,8780.5,0.0473,Chlorpheniramine,GC-MS
SMP-00251,1.27,13983.5,3586.2,3812.8,0.0138,Uracil,GC-MS
SMP-00251,2.77,44560.0,8888.6,9211.6,0.0453,Acetaminophen,GC-MS
SMP-00251,4.18,83522.4,13576.2,14176.3,0.0812,Caffeine,GC-MS
SMP-00251,5.61,21769.5,4770.0,5030.1,0.021,Aspirin,GC-MS
SMP-00251,7.18,57797.2,9046.0,9096.2,0.0583,Benzoic Acid,GC-MS
SMP-00251,8.95,32948.7,6789.4,7052.2,0.0325,Phenacetin,GC-MS
SMP-00251,10.41,14020.4,3283.1,3479.1,0.0143,Salicylic Acid,GC-MS
SMP-00251,12.11,59600.6,10222.7,10846.1,0.0605,Chlorpheniramine,GC-MS
SMP-00252,1.23,74503.6,20008.7,16733.7,0.0763,Uracil,GC-MS
SMP-00252,2.79,43941.1,8910.0,9007.8,0.0436,Acetaminophen,GC-MS
SMP-00252,4.18,103921.2,17346.1,18116.9,0.1019,Caffeine,GC-MS
SMP-00252,5.55,24276.4,5329.3,5483.5,0.0242,Aspirin,GC-MS
SMP-00252,7.18,68092.6,11150.3,11414.2,0.0708,Benzoic Acid,GC-MS
SMP-00252,8.93,27354.8,5480.8,5531.0,0.0281,Phenacetin,GC-MS
SMP-00252,10.46,14454.7,3599.7,3581.3,0.0147,Salicylic Acid,GC-MS
SMP-00252,12.07,47119.6,8939.9,9236.9,0.0469,Chlorpheniramine,GC-MS
SMP-00253,1.29,45560.1,11535.8,10174.6,0.0463,Uracil,GC-MS
SMP-00253,2.84,51197.6,9961.3,10653.8,0.0513,Acetaminophen,GC-MS
SMP-00253,4.16,89886.3,15271.8,15856.8,0.0903,Caffeine,GC-MS
SMP-00253,5.62,22515.8,4842.4,5124.6,0.0225,Aspirin,GC-MS
SMP-00253,7.17,77843.8,13027.1,13322.2,0.0761,Benzoic Acid,GC-MS
SMP-00253,8.96,34160.7,7249.1,7787.1,0.035,Phenacetin,GC-MS
SMP-00253,10.36,14226.2,3268.3,3268.3,0.0146,Salicylic Acid,GC-MS
SMP-00253,12.12,59543.4,10797.2,11065.8,0.0588,Chlorpheniramine,GC-MS
SMP-00254,1.25,12458.9,3195.9,3242.0,0.0122,Uracil,GC-MS
SMP-00254,2.76,45708.0,8394.4,8458.8,0.0452,Acetaminophen,GC-MS
SMP-00254,4.17,79664.0,12335.9,12891.1,0.0811,Caffeine,GC-MS
SMP-00254,5.62,24248.3,5204.3,5424.0,0.0242,Aspirin,GC-MS
SMP-00254,7.22,60392.1,9194.2,10054.9,0.0594,Benzoic Acid,GC-MS
SMP-00254,8.92,34167.9,7051.7,7561.6,0.0347,Phenacetin,GC-MS
SMP-00254,10.41,17959.2,4348.0,4479.8,0.0179,Salicylic Acid,GC-MS
SMP-00254,12.11,52852.4,9013.3,9221.8,0.053,Chlorpheniramine,GC-MS
SMP-00255,1.28,12634.4,3141.5,3203.0,0.0126,Uracil,GC-MS
SMP-00255,2.82,46907.1,9091.6,9208.1,0.0467,Acetaminophen,GC-MS
SMP-00255,4.17,84454.3,14603.8,15332.2,0.0851,Caffeine,GC-MS
SMP-00255,5.62,18306.6,4229.0,4342.9,0.0175,Aspirin,GC-MS
SMP-00255,7.2,76135.3,12793.8,13398.4,0.0748,Benzoic Acid,GC-MS
SMP-00255,8.95,34596.9,6988.1,7160.8,0.0336,Phenacetin,GC-MS
SMP-00255,10.32,15235.8,3613.7,3712.0,0.0149,Salicylic Acid,GC-MS
SMP-00255,12.06,54140.8,9746.9,10076.1,0.0553,Chlorpheniramine,GC-MS
SMP-00256,1.27,15387.7,4099.1,4119.5,0.0156,Uracil,GC-MS
SMP-00256,2.77,48719.1,9151.0,9648.8,0.0496,Acetaminophen,GC-MS
SMP-00256,4.16,90918.6,14790.7,15027.2,0.0907,Caffeine,GC-MS
SMP-00256,5.61,21154.9,4739.7,4931.4,0.0215,Aspirin,GC-MS
SMP-00256,7.24,52779.3,9139.2,9732.7,0.0535,Benzoic Acid,GC-MS
SMP-00256,8.96,29674.5,5573.2,5727.8,0.0282,Phenacetin,GC-MS
SMP-00256,10.42,16342.4,4024.2,4119.0,0.0168,Salicylic Acid,GC-MS
SMP-00256,12.11,52465.0,9323.9,9628.4,0.0524,Chlorpheniramine,GC-MS
SMP-00257,1.3,14254.0,3638.9,3678.3,0.0144,Uracil,GC-MS
SMP-00257,2.75,44720.1,9147.2,9204.3,0.0444,Acetaminophen,GC-MS
SMP-00257,4.2,96885.4,15822.7,16390.2,0.0947,Caffeine,GC-MS
SMP-00257,5.6,25747.6,5639.3,5804.5,0.0262,Aspirin,GC-MS
SMP-00257,7.14,70604.1,11408.9,11802.5,0.0696,Benzoic Acid,GC-MS
SMP-00257,8.93,27789.9,5635.0,5767.0,0.0286,Phenacetin,GC-MS
SMP-00257,10.36,17565.8,4413.7,4579.2,0.0169,Salicylic Acid,GC-MS
SMP-00257,12.13,53880.9,9715.1,10059.3,0.0543,Chlorpheniramine,GC-MS
SMP-00258,1.32,12887.2,3460.3,3504.0,0.0132,Uracil,GC-MS
SMP-00258,2.72,48722.9,9235.6,9256.0,0.0474,Acetaminophen,GC-MS
SMP-00258,4.07,102930.7,16389.2,17513.3,0.1026,Caffeine,GC-MS
SMP-00258,5.65,20693.7,4628.7,4825.2,0.0203,Aspirin,GC-MS
SMP-00258,7.24,55773.1,9161.6,9508.2,0.0568,Benzoic Acid,GC-MS
SMP-00258,8.98,34063.6,6985.4,7233.4,0.0335,Phenacetin,GC-MS
SMP-00258,10.39,17758.9,4489.4,4608.5,0.0176,Salicylic Acid,GC-MS
SMP-00258,12.09,51674.9,9458.6,9920.0,0.052,Chlorpheniramine,GC-MS
SMP-00259,1.22,13998.2,3644.9,3806.3,0.0138,Uracil,GC-MS
SMP-00259,2.8,44868.4,8691.2,8935.8,0.0458,Acetaminophen,GC-MS
SMP-00259,4.14,85544.3,13855.9,14710.1,0.0836,Caffeine,GC-MS
SMP-00259,5.6,21075.0,4636.6,4799.9,0.0214,Aspirin,GC-MS
SMP-00259,7.18,72568.2,12766.3,13031.6,0.0722,Benzoic Acid,GC-MS
SMP-00259,8.96,31513.9,6848.6,6999.1,0.0318,Phenacetin,GC-MS
SMP-00259,10.41,18661.6,4500.1,4578.2,0.0182,Salicylic Acid,GC-MS
SMP-00259,12.09,54759.1,9820.7,10100.6,0.0538,Chlorpheniramine,GC-MS
SMP-00260,1.25,14331.0,3518.1,3558.9,0.0144,Uracil,GC-MS
SMP-00260,2.82,48339.7,9445.2,9746.3,0.0487,Acetaminophen,GC-MS
SMP-00260,4.2,98253.1,14840.7,15598.1,0.0996,Caffeine,GC-MS
SMP-00260,5.58,24302.5,5158.2,5288.8,0.0243,Aspirin,GC-MS
SMP-00260,7.16,73231.4,12245.2,12773.1,0.0725,Benzoic Acid,GC-MS
SMP-00260,8.98,29182.5,5830.8,5810.8,0.0298,Phenacetin,GC-MS
SMP-00260,10.38,16468.2,4003.5,4211.0,0.0164,Salicylic Acid,GC-MS
SMP-00260,12.1,58573.3,11400.8,12007.9,0.059,Chlorpheniramine,GC-MS
SMP-00261,1.26,11753.8,3173.2,3174.2,0.012,Uracil,GC-MS
SMP-00261,2.78,51490.1,10152.6,10718.5,0.0517,Acetaminophen,GC-MS
SMP-00261,4.15,73718.9,12018.6,12326.0,0.074,Caffeine,GC-MS
SMP-00261,5.62,21261.6,4322.5,4472.1,0.0214,Aspirin,GC-MS
SMP-00261,7.18,67873.5,11474.3,11930.9,0.0672,Benzoic Acid,GC-MS
SMP-00261,8.93,30341.0,6318.6,6352.7,0.0305,Phenacetin,GC-MS
SMP-00261,10.35,18460.4,4538.9,4655.4,0.0181,Salicylic Acid,GC-MS
SMP-00261,12.09,43673.7,8163.8,8685.4,0.0452,Chlorpheniramine,GC-MS
SMP-00262,1.27,12495.8,3105.9,3292.4,0.0121,Uracil,GC-MS
SMP-00262,2.8,49525.3,9961.9,10018.8,0.0498,Acetaminophen,GC-MS
SMP-00262,4.13,80251.5,13839.8,14233.8,0.0816,Caffeine,GC-MS
SMP-00262,5.63,21149.3,4762.4,4885.1,0.0221,Aspirin,GC-MS
SMP-00262,7.24,69368.8,11479.1,12180.3,0.0683,Benzoic Acid,GC-MS
SMP-00262,8.94,29407.7,5975.1,6072.4,0.0295,Phenacetin,GC-MS
SMP-00262,10.48,13735.0,3265.3,3346.3,0.0146,Salicylic Acid,GC-MS
SMP-00262,12.07,60693.6,10895.7,10825.6,0.0622,Chlorpheniramine,GC-MS
SMP-00263,1.21,15209.7,3857.4,4016.5,0.0154,Uracil,GC-MS
SMP-00263,2.78,44680.8,8507.9,8748.3,0.044,Acetaminophen,GC-MS
SMP-00263,4.22,94121.4,16032.2,16452.1,0.0918,Caffeine,GC-MS
SMP-00263,5.6,21051.4,4589.7,4795.5,0.0217,Aspirin,GC-MS
SMP-00263,7.23,56771.4,9363.9,9505.1,0.0574,Benzoic Acid,GC-MS
SMP-00263,8.93,29550.9,6487.7,6626.8,0.0292,Phenacetin,GC-MS
SMP-00263,10.44,15615.9,3940.9,4055.5,0.0157,Salicylic Acid,GC-MS
SMP-00263,12.11,64642.8,12054.8,12584.7,0.0627,Chlorpheniramine,GC-MS
SMP-00264,1.27,14057.7,3689.4,3817.6,0.0139,Uracil,GC-MS
SMP-00264,2.77,48086.2,9182.1,9486.9,0.049,Acetaminophen,GC-MS
SMP-00264,4.11,89684.0,15195.2,15364.0,0.0898,Caffeine,GC-MS
SMP-00264,5.59,25301.4,5473.3,5493.2,0.0262,Aspirin,GC-MS
SMP-00264,7.15,69457.3,12114.9,12527.5,0.0682,Benzoic Acid,GC-MS
SMP-00264,8.91,31016.3,6469.8,6647.6,0.0313,Phenacetin,GC-MS
SMP-00264,10.42,17284.2,4091.0,4064.6,0.0173,Salicylic Acid,GC-MS
SMP-00264,12.12,40828.7,7212.8,7440.0,0.0419,Chlorpheniramine,GC-MS
SMP-00265,1.33,12144.4,3150.2,3288.5,0.0127,Uracil,GC-MS
SMP-00265,2.8,52187.8,10219.8,10586.1,0.0525,Acetaminophen,GC-MS
SMP-00265,4.15,96606.1,15899.3,16993.5,0.0953,Caffeine,GC-MS
SMP-00265,5.61,24123.4,5391.7,5419.4,0.0245,Aspirin,GC-MS
SMP-00265,7.18,58341.7,9663.9,9998.6,0.0585,Benzoic Acid,GC-MS
SMP-00265,9.02,29404.4,5534.8,5650.3,0.03,Phenacetin,GC-MS
SMP-00265,10.33,16092.4,3715.9,3953.8,0.0159,Salicylic Acid,GC-MS
SMP-00265,12.14,41373.7,7412.1,7501.9,0.0394,Chlorpheniramine,GC-MS
SMP-00266,1.29,10786.5,2863.7,3049.3,0.0111,Uracil,GC-MS
SMP-00266,2.77,45655.2,8863.1,9096.8,0.0439,Acetaminophen,GC-MS
SMP-00266,4.14,76662.4,12449.4,13057.3,0.0786,Caffeine,GC-MS
SMP-00266,5.63,27333.0,6285.2,6375.9,0.0272,Aspirin,GC-MS
SMP-00266,7.19,73010.4,12775.8,13543.2,0.0718,Benzoic Acid,GC-MS
SMP-00266,8.96,26432.7,5431.8,5488.8,0.0274,Phenacetin,GC-MS
SMP-00266,10.4,16227.6,3961.4,4016.7,0.016,Salicylic Acid,GC-MS
SMP-00266,12.12,53967.6,9708.9,9964.2,0.0535,Chlorpheniramine,GC-MS
SMP-00267,1.25,13051.9,3266.9,3383.0,0.013,Uracil,GC-MS
SMP-00267,2.79,44786.0,8701.6,8849.3,0.0442,Acetaminophen,GC-MS
SMP-00267,4.14,89336.3,14224.8,14994.3,0.0891,Caffeine,GC-MS
SMP-00267,5.53,23663.3,5303.0,5549.8,0.0239,Aspirin,GC-MS
SMP-00267,7.2,63420.0,10858.3,10791.1,0.0633,Benzoic Acid,GC-MS
SMP-00267,8.95,28999.3,5912.6,6136.3,0.029,Phenacetin,GC-MS
SMP-00267,10.43,14727.9,3592.9,3726.2,0.0146,Salicylic Acid,GC-MS
SMP-00267,12.05,49675.2,8958.3,9247.1,0.0484,Chlorpheniramine,GC-MS
SMP-00268,1.17,13194.8,3473.9,3544.0,0.0135,Uracil,GC-MS
SMP-00268,2.76,49746.9,9778.1,10013.2,0.0501,Acetaminophen,GC-MS
SMP-00268,4.11,81911.0,13006.4,13955.7,0.0809,Caffeine,GC-MS
SMP-00268,5.59,22280.8,4937.3,5182.1,0.0216,Aspirin,GC-MS
SMP-00268,7.18,64494.3,10439.8,10839.7,0.0629,Benzoic Acid,GC-MS
SMP-00268,8.99,30312.6,6282.2,6454.4,0.0306,Phenacetin,GC-MS
SMP-00268,10.44,15949.1,3792.9,3864.4,0.0157,Salicylic Acid,GC-MS
SMP-00268,12.12,62351.8,11300.6,11492.2,0.0632,Chlorpheniramine,GC-MS
SMP-00269,1.23,13052.6,3409.6,3396.5,0.0132,Uracil,GC-MS
SMP-00269,2.82,43432.4,8357.0,8567.1,0.0434,Acetaminophen,GC-MS
SMP-00269,4.17,97217.3,16023.1,16553.7,0.0985,Caffeine,GC-MS
SMP-00269,5.63,24155.0,5681.6,5796.3,0.0242,Aspirin,GC-MS
SMP-00269,7.16,74614.7,12737.0,12718.3,0.0743,Benzoic Acid,GC-MS
SMP-00269,8.93,29984.8,6453.2,6584.0,0.0307,Phenacetin,GC-MS
SMP-00269,10.42,16634.6,4170.6,4344.8,0.0164,Salicylic Acid,GC-MS
SMP-00269,12.07,55239.9,9677.2,10316.2,0.0526,Chlorpheniramine,GC-MS
SMP-00270,1.28,14480.8,3576.1,3722.9,0.0145,Uracil,GC-MS
SMP-00270,2.79,53188.2,10545.0,10978.7,0.0534,Acetaminophen,GC-MS
SMP-00270,4.22,94656.7,15339.0,15836.3,0.0954,Caffeine,GC-MS
SMP-00270,5.6,22055.3,4998.3,5167.8,0.0225,Aspirin,GC-MS
SMP-00270,7.15,77214.6,13102.6,13520.0,0.0785,Benzoic Acid,GC-MS
SMP-00270,8.9,31204.7,6324.3,6673.2,0.0316,Phenacetin,GC-MS
SMP-00270,10.38,16105.4,3837.3,3977.2,0.0164,Salicylic Acid,GC-MS
SMP-00270,12.13,56560.5,10077.5,10449.3,0.0585,Chlorpheniramine,GC-MS
SMP-00271,1.29,10517.5,2734.4,2898.4,0.0104,Uracil,GC-MS
SMP-00271,2.79,48317.6,9487.0,9639.2,0.0488,Acetaminophen,GC-MS
SMP-00271,4.11,96730.4,15345.8,16133.0,0.0954,Caffeine,GC-MS
SMP-00271,5.6,25897.2,5553.2,5659.8,0.0261,Aspirin,GC-MS
SMP-00271,7.21,77046.9,12520.6,13020.9,0.0773,Benzoic Acid,GC-MS
SMP-00271,8.91,31149.0,6181.9,6518.3,0.0319,Phenacetin,GC-MS
SMP-00271,10.42,15774.8,3647.2,3674.0,0.0156,Salicylic Acid,GC-MS
SMP-00271,12.09,49591.5,8806.0,8575.5,0.0507,Chlorpheniramine,GC-MS
SMP-00272,1.21,11298.2,2917.7,3029.0,0.0109,Uracil,GC-MS
SMP-00272,2.85,46720.6,8937.4,9285.1,0.0467,Acetaminophen,GC-MS
SMP-00272,4.14,80861.8,13289.5,13319.7,0.0806,Caffeine,GC-MS
SMP-00272,5.65,25624.6,5603.3,5918.7,0.0261,Aspirin,GC-MS
SMP-00272,7.15,73529.7,12016.1,12492.3,0.0747,Benzoic Acid,GC-MS
SMP-00272,8.95,28243.6,5882.1,5867.9,0.0283,Phenacetin,GC-MS
SMP-00272,10.41,15363.7,3631.9,3744.6,0.0154,Salicylic Acid,GC-MS
SMP-00272,12.07,50462.5,8893.9,9631.2,0.0491,Chlorpheniramine,GC-MS
SMP-00273,1.19,14490.5,3803.2,3840.0,0.0145,Uracil,GC-MS
SMP-00273,2.82,50833.0,10101.3,10336.8,0.0506,Acetaminophen,GC-MS
SMP-00273,4.12,332077.1,47757.4,51443.4,0.3325,Caffeine,GC-MS
SMP-00273,5.61,19020.9,4187.4,4317.0,0.0187,Aspirin,GC-MS
SMP-00273,7.2,59380.7,9861.1,10012.9,0.057,Benzoic Acid,GC-MS
SMP-00273,8.93,30037.0,6155.3,6499.6,0.0304,Phenacetin,GC-MS
SMP-00273,10.42,15746.7,3837.1,3961.8,0.0158,Salicylic Acid,GC-MS
SMP-00273,12.08,62350.0,11378.5,11959.9,0.0634,Chlorpheniramine,GC-MS
SMP-00274,1.26,12679.1,3193.2,3160.1,0.0131,Uracil,GC-MS
SMP-00274,2.74,52343.2,10165.8,10619.2,0.052,Acetaminophen,GC-MS
SMP-00274,4.1,95012.8,15564.2,16183.8,0.0962,Caffeine,GC-MS
SMP-00274,5.6,20111.4,4675.5,4711.7,0.0192,Aspirin,GC-MS
SMP-00274,7.18,65280.2,11191.1,11212.8,0.0651,Benzoic Acid,GC-MS
SMP-00274,8.93,31859.0,6114.8,6240.5,0.0316,Phenacetin,GC-MS
SMP-00274,10.39,16015.8,4051.4,4163.5,0.0165,Salicylic Acid,GC-MS
SMP-00274,12.07,53730.5,10000.9,10340.5,0.0536,Chlorpheniramine,GC-MS
SMP-00275,1.28,14025.2,3575.7,3588.6,0.0137,Uracil,GC-MS
SMP-00275,2.71,44941.4,8673.2,9028.3,0.046,Acetaminophen,GC-MS
SMP-00275,4.11,83766.7,14080.8,14420.9,0.0831,Caffeine,GC-MS
SMP-00275,5.59,22327.4,5000.4,5100.3,0.0219,Aspirin,GC-MS
SMP-00275,7.25,78955.8,12265.6,12852.1,0.0766,Benzoic Acid,GC-MS
SMP-00275,8.96,34068.7,6890.7,6820.6,0.0338,Phenacetin,GC-MS
SMP-00275,10.37,17121.4,4054.9,4094.1,0.0168,Salicylic Acid,GC-MS
SMP-00275,12.1,51431.6,9474.1,9820.2,0.0499,Chlorpheniramine,GC-MS
SMP-00276,1.22,12145.4,3151.8,3275.0,0.0124,Uracil,GC-MS
SMP-00276,2.77,48588.4,9771.9,10174.8,0.0489,Acetaminophen,GC-MS
SMP-00276,4.19,100867.1,16773.4,17394.5,0.1024,Caffeine,GC-MS
SMP-00276,5.62,20581.3,4672.5,4821.0,0.0206,Aspirin,GC-MS
SMP-00276,7.21,72918.7,12118.8,12346.9,0.0727,Benzoic Acid,GC-MS
SMP-00276,8.94,34090.0,7485.8,7698.7,0.0329,Phenacetin,GC-MS
SMP-00276,10.38,14048.4,3476.7,3650.4,0.014,Salicylic Acid,GC-MS
SMP-00276,12.13,51857.2,9231.7,9769.0,0.0515,Chlorpheniramine,GC-MS
SMP-00277,1.27,12975.0,3312.9,3375.9,0.0132,Uracil,GC-MS
SMP-00277,2.81,38235.0,7414.5,7476.8,0.0386,Acetaminophen,GC-MS
SMP-00277,4.17,94254.0,15777.9,16272.9,0.0987,Caffeine,GC-MS
SMP-00277,5.63,23249.6,5175.5,5252.5,0.0231,Aspirin,GC-MS
SMP-00277,7.17,63938.5,10403.6,10769.5,0.0626,Benzoic Acid,GC-MS
SMP-00277,8.94,34949.6,7093.0,7415.5,0.0359,Phenacetin,GC-MS
SMP-00277,10.38,15040.2,3639.1,3703.3,0.0151,Salicylic Acid,GC-MS
SMP-00277,12.1,52808.1,9404.8,9791.9,0.0532,Chlorpheniramine,GC-MS
SMP-00278,1.21,11260.5,2774.4,2818.8,0.0109,Uracil,GC-MS
SMP-00278,2.84,47943.2,9256.9,9790.8,0.0487,Acetaminophen,GC-MS
SMP-00278,4.11,91080.1,15473.8,16179.2,0.0903,Caffeine,GC-MS
SMP-00278,5.59,23049.5,4891.7,5076.1,0.0232,Aspirin,GC-MS
SMP-00278,7.16,76041.3,12733.9,12634.7,0.0748,Benzoic Acid,GC-MS
SMP-00278,8.95,31388.4,6875.2,7022.7,0.0302,Phenacetin,GC-MS
SMP-00278,10.41,16034.2,3944.9,4039.3,0.0158,Salicylic Acid,GC-MS
SMP-00278,12.15,43484.2,8095.9,8085.7,0.0409,Chlorpheniramine,GC-MS
SMP-00279,1.3,14238.0,3665.5,3769.6,0.0143,Uracil,GC-MS
SMP-00279,2.81,43107.2,8469.6,8833.4,0.0429,Acetaminophen,GC-MS
SMP-00279,4.12,93822.9,15356.7,15831.7,0.0947,Caffeine,GC-MS
SMP-00279,5.58,21182.9,4554.1,4597.1,0.0216,Aspirin,GC-MS
SMP-00279,7.21,66945.3,10832.1,11061.5,0.0684,Benzoic Acid,GC-MS
SMP-00279,8.94,31448.8,6596.4,6751.5,0.0317,Phenacetin,GC-MS
SMP-00279,10.39,16682.8,4180.2,4190.1,0.0168,Salicylic Acid,GC-MS
SMP-00279,12.08,50937.1,9381.3,9500.8,0.0512,Chlorpheniramine,GC-MS
SMP-00280,1.22,10775.6,2730.9,2860.3,0.0108,Uracil,GC-MS
SMP-00280,2.84,35840.8,7206.1,7355.6,0.0366,Acetaminophen,GC-MS
SMP-00280,4.16,83319.6,13915.8,14388.6,0.0859,Caffeine,GC-MS
SMP-00280,5.53,26218.5,5956.7,6212.6,0.0254,Aspirin,GC-MS
SMP-00280,7.17,68565.5,11398.0,11673.0,0.068,Benzoic Acid,GC-MS
SMP-00280,8.97,30713.5,6434.1,6760.7,0.0307,Phenacetin,GC-MS
SMP-00280,10.39,16490.9,4011.5,4108.5,0.0165,Salicylic Acid,GC-MS
SMP-00280,12.12,56535.2,10124.0,10259.9,0.0572,Chlorpheniramine,GC-MS
SMP-00281,1.23,11941.3,2810.0,2986.8,0.0122,Uracil,GC-MS
SMP-00281,2.8,47188.1,8962.1,9360.6,0.0454,Acetaminophen,GC-MS
SMP-00281,4.18,93835.3,15012.6,15871.5,0.0936,Caffeine,GC-MS
SMP-00281,5.59,20050.2,4436.1,4595.9,0.0204,Aspirin,GC-MS
SMP-00281,7.19,66525.5,11054.3,11493.4,0.0677,Benzoic Acid,GC-MS
SMP-00281,8.92,30026.6,6365.6,6440.4,0.0302,Phenacetin,GC-MS
SMP-00281,10.38,16302.0,3905.1,4029.2,0.016,Salicylic Acid,GC-MS
SMP-00281,12.11,47311.2,8840.3,9054.7,0.0497,Chlorpheniramine,GC-MS
SMP-00282,1.26,11970.0,3083.1,3166.8,0.0118,Uracil,GC-MS
SMP-00282,2.8,49555.2,9352.5,9580.3,0.0504,Acetaminophen,GC-MS
SMP-00282,4.09,92724.4,15723.6,15623.9,0.0892,Caffeine,GC-MS
SMP-00282,5.54,26179.9,5557.4,5826.0,0.0264,Aspirin,GC-MS
SMP-00282,7.25,67006.3,11251.2,11547.8,0.0662,Benzoic Acid,GC-MS
SMP-00282,8.96,31898.5,6304.7,6495.3,0.0311,Phenacetin,GC-MS
SMP-00282,10.38,16340.1,4012.4,4127.0,0.016,Salicylic Acid,GC-MS
SMP-00282,12.06,52275.0,9462.4,9881.6,0.0511,Chlorpheniramine,GC-MS
SMP-00283,1.26,12347.0,3111.8,3281.1,0.0121,Uracil,GC-MS
SMP-00283,2.81,49159.1,9665.8,10018.1,0.0494,Acetaminophen,GC-MS
SMP-00283,4.13,72426.4,10974.0,11249.7,0.0679,Caffeine,GC-MS
SMP-00283,5.57,20618.8,4511.1,4675.7,0.0206,Aspirin,GC-MS
SMP-00283,7.16,64747.7,10924.5,11572.4,0.0653,Benzoic Acid,GC-MS
SMP-00283,8.97,32164.8,6902.6,7086.3,0.0322,Phenacetin,GC-MS
SMP-00283,10.39,12583.3,2853.6,2999.6,0.0124,Salicylic Acid,GC-MS
SMP-00283,12.09,40270.7,7488.9,7751.0,0.04,Chlorpheniramine,GC-MS
SMP-00284,1.27,13283.6,3468.3,3565.5,0.0137,Uracil,GC-MS
SMP-00284,2.78,49723.2,9686.6,9879.1,0.051,Acetaminophen,GC-MS
SMP-00284,4.17,98339.1,15413.3,15567.2,0.0999,Caffeine,GC-MS
SMP-00284,5.56,22784.1,4588.6,4797.9,0.0229,Aspirin,GC-MS
SMP-00284,7.14,76583.1,12544.1,13072.7,0.0779,Benzoic Acid,GC-MS
SMP-00284,8.94,31831.2,6298.5,6511.0,0.0327,Phenacetin,GC-MS
SMP-00284,10.36,14479.6,3394.5,3608.3,0.0146,Salicylic Acid,GC-MS
SMP-00284,12.14,56695.2,10431.2,10581.3,0.0566,Chlorpheniramine,GC-MS
SMP-00285,1.19,11685.5,3227.8,3242.6,0.0113,Uracil,GC-MS
SMP-00285,2.77,52239.0,10350.3,10443.5,0.0524,Acetaminophen,GC-MS
SMP-00285,4.11,82024.7,13251.2,14066.2,0.0791,Caffeine,GC-MS
SMP-00285,5.6,25247.2,5475.0,5799.9,0.0254,Aspirin,GC-MS
SMP-00285,7.21,51529.5,8925.7,9353.7,0.0519,Benzoic Acid,GC-MS
SMP-00285,8.93,37499.1,8064.0,8470.3,0.0375,Phenacetin,GC-MS
SMP-00285,10.35,16519.7,4141.7,4318.4,0.0167,Salicylic Acid,GC-MS
SMP-00285,12.13,52174.7,9768.7,10021.1,0.0537,Chlorpheniramine,GC-MS
SMP-00286,1.25,12225.6,3002.2,3038.2,0.0125,Uracil,GC-MS
SMP-00286,2.79,43624.6,8618.1,9058.0,0.0462,Acetaminophen,GC-MS
SMP-00286,4.15,89109.3,14097.8,14485.6,0.0899,Caffeine,GC-MS
SMP-00286,5.6,23075.8,5028.1,5232.1,0.0229,Aspirin,GC-MS
SMP-00286,7.21,68324.3,11529.5,12005.6,0.0679,Benzoic Acid,GC-MS
SMP-00286,8.96,30598.2,6512.2,6721.4,0.0306,Phenacetin,GC-MS
SMP-00286,10.43,15464.7,3537.9,3736.0,0.0151,Salicylic Acid,GC-MS
SMP-00286,12.15,56102.4,10082.2,10407.4,0.0547,Chlorpheniramine,GC-MS
SMP-00287,1.25,12966.6,3307.7,3398.8,0.0134,Uracil,GC-MS
SMP-00287,2.78,45103.3,8478.8,8545.9,0.0438,Acetaminophen,GC-MS
SMP-00287,4.16,101688.7,16087.2,16687.3,0.1008,Caffeine,GC-MS
SMP-00287,5.58,85134.6,15483.9,18152.1,0.0841,Aspirin,GC-MS
SMP-00287,7.19,74615.8,12718.1,12633.1,0.0738,Benzoic Acid,GC-MS
SMP-00287,8.91,31153.3,6432.5,6373.7,0.0306,Phenacetin,GC-MS
SMP-00287,10.36,15488.3,3852.3,3948.8,0.0151,Salicylic Acid,GC-MS
SMP-00287,12.13,62811.7,11062.2,11107.9,0.0631,Chlorpheniramine,GC-MS
SMP-00288,1.19,10536.3,2677.8,2799.9,0.0104,Uracil,GC-MS
SMP-00288,2.83,53173.2,10087.2,10510.2,0.0525,Acetaminophen,GC-MS
SMP-00288,4.12,85526.8,12964.9,13296.0,0.085,Caffeine,GC-MS
SMP-00288,5.59,21264.9,4696.6,4804.6,0.0213,Aspirin,GC-MS
SMP-00288,7.2,70375.9,11922.4,12275.0,0.0716,Benzoic Acid,GC-MS
SMP-00288,8.97,35681.1,7214.7,7558.0,0.0361,Phenacetin,GC-MS
SMP-00288,10.39,16820.2,4131.5,4230.4,0.0162,Salicylic Acid,GC-MS
SMP-00288,12.09,58687.8,10639.8,10553.3,0.0572,Chlorpheniramine,GC-MS
SMP-00289,1.27,12275.8,3074.8,3168.5,0.0122,Uracil,GC-MS
SMP-00289,2.76,39136.1,7175.9,7371.2,0.0386,Acetaminophen,GC-MS
SMP-00289,4.1,94139.6,15276.6,16375.0,0.0926,Caffeine,GC-MS
SMP-00289,5.6,25169.6,5695.3,5936.8,0.0263,Aspirin,GC-MS
SMP-00289,7.2,66810.5,10628.0,11080.6,0.0688,Benzoic Acid,GC-MS
SMP-00289,8.98,34738.6,7138.5,7228.7,0.0352,Phenacetin,GC-MS
SMP-00289,10.36,16369.9,4035.4,4208.0,0.0164,Salicylic Acid,GC-MS
SMP-00289,12.07,48390.4,8321.1,8303.6,0.0501,Chlorpheniramine,GC-MS
SMP-00290,1.22,13042.3,3398.2,3539.2,0.013,Uracil,GC-MS
SMP-00290,2.81,43735.4,8634.3,8862.6,0.0447,Acetaminophen,GC-MS
SMP-00290,4.13,317190.0,46271.8,44057.8,0.3175,Caffeine,GC-MS
SMP-00290,5.65,21303.9,4954.8,5194.8,0.0213,Aspirin,GC-MS
SMP-00290,7.22,62016.2,9657.3,10173.0,0.0592,Benzoic Acid,GC-MS
SMP-00290,8.97,26279.6,5399.2,5484.2,0.0276,Phenacetin,GC-MS
SMP-00290,10.35,16740.0,4089.0,4319.7,0.0175,Salicylic Acid,GC-MS
SMP-00290,12.03,52874.1,9676.2,10187.9,0.0519,Chlorpheniramine,GC-MS
SMP-00291,1.25,11501.8,2906.5,3006.5,0.0119,Uracil,GC-MS
SMP-00291,2.79,52924.0,10373.3,10623.3,0.0525,Acetaminophen,GC-MS
SMP-00291,4.15,81347.0,12631.2,13062.3,0.0844,Caffeine,GC-MS
SMP-00291,5.61,22149.5,4537.9,4725.8,0.0224,Aspirin,GC-MS
SMP-00291,7.15,61752.6,10251.7,10437.6,0.0592,Benzoic Acid,GC-MS
SMP-00291,8.92,34807.9,7135.0,7538.4,0.0346,Phenacetin,GC-MS
SMP-00291,10.4,14727.4,3586.6,3596.5,0.0152,Salicylic Acid,GC-MS
SMP-00291,12.08,61638.0,10971.8,11322.0,0.0629,Chlorpheniramine,GC-MS
SMP-00292,1.24,11830.7,3030.7,3164.3,0.0115,Uracil,GC-MS
SMP-00292,2.77,42322.5,8736.2,8744.2,0.042,Acetaminophen,GC-MS
SMP-00292,4.18,86515.9,13437.1,14017.6,0.0856,Caffeine,GC-MS
SMP-00292,5.61,20085.2,4476.1,4623.8,0.0196,Aspirin,GC-MS
SMP-00292,7.23,78339.8,12376.4,12626.7,0.0784,Benzoic Acid,GC-MS
SMP-00292,8.95,31458.1,6405.1,6564.6,0.0322,Phenacetin,GC-MS
SMP-00292,10.44,15822.8,3886.7,4103.1,0.0161,Salicylic Acid,GC-MS
SMP-00292,12.12,49170.0,9404.9,9604.0,0.0485,Chlorpheniramine,GC-MS
SMP-00293,1.28,12128.8,3256.7,3297.0,0.0126,Uracil,GC-MS
SMP-00293,2.84,54690.0,10853.1,10822.6,0.054,Acetaminophen,GC-MS
SMP-00293,4.11,93113.1,14795.0,15184.1,0.0907,Caffeine,GC-MS
SMP-00293,5.58,22537.0,4983.6,5226.7,0.0221,Aspirin,GC-MS
SMP-00293,7.25,77315.2,12609.3,13176.8,0.0778,Benzoic Acid,GC-MS
SMP-00293,8.94,29339.8,6205.7,6213.4,0.0297,Phenacetin,GC-MS
SMP-00293,10.37,14767.6,3674.9,3748.8,0.0153,Salicylic Acid,GC-MS
SMP-00293,12.07,51922.4,9598.9,9966.9,0.0518,Chlorpheniramine,GC-MS
SMP-00294,1.23,11267.3,2901.0,2984.3,0.0113,Uracil,GC-MS
SMP-00294,2.82,40965.9,7933.7,8298.0,0.0407,Acetaminophen,GC-MS
SMP-00294,4.15,83042.5,13844.6,14307.0,0.0814,Caffeine,GC-MS
SMP-00294,5.66,23071.6,5072.8,5120.5,0.0233,Aspirin,GC-MS
SMP-00294,7.23,68022.1,11643.0,12087.6,0.0693,Benzoic Acid,GC-MS
SMP-00294,8.93,31773.6,6653.0,6790.0,0.033,Phenacetin,GC-MS
SMP-00294,10.43,16634.8,3949.9,4069.4,0.0167,Salicylic Acid,GC-MS
SMP-00294,12.14,53998.3,10161.0,10533.8,0.0538,Chlorpheniramine,GC-MS
SMP-00295,1.26,11634.8,2948.5,3047.1,0.0112,Uracil,GC-MS
SMP-00295,2.8,41530.8,7840.0,8158.7,0.0413,Acetaminophen,GC-MS
SMP-00295,4.13,80896.0,13411.9,13822.9,0.0822,Caffeine,GC-MS
SMP-00295,5.65,18245.3,4136.1,4390.9,0.018,Aspirin,GC-MS
SMP-00295,7.19,226741.5,37167.9,33340.5,0.2313,Benzoic Acid,GC-MS
SMP-00295,8.97,23641.4,5003.1,5082.5,0.0236,Phenacetin,GC-MS
SMP-00295,10.39,16592.5,4210.3,4406.1,0.0166,Salicylic Acid,GC-MS
SMP-00295,12.14,55029.8,10203.8,10367.4,0.0562,Chlorpheniramine,GC-MS
SMP-00296,1.27,13560.1,3416.5,3540.2,0.0133,Uracil,GC-MS
SMP-00296,2.79,50609.6,9743.3,9665.4,0.0506,Acetaminophen,GC-MS
SMP-00296,4.12,95127.7,14914.6,15636.9,0.0945,Caffeine,GC-MS
SMP-00296,5.61,23003.4,5050.3,5257.4,0.0224,Aspirin,GC-MS
SMP-00296,7.19,68173.9,11644.8,12020.5,0.0669,Benzoic Acid,GC-MS
SMP-00296,8.98,29550.0,5798.8,5863.8,0.029,Phenacetin,GC-MS
SMP-00296,10.38,19711.0,4833.5,5014.2,0.0198,Salicylic Acid,GC-MS
SMP-00296,12.09,57774.7,10600.4,11071.6,0.0588,Chlorpheniramine,GC-MS
SMP-00297,1.29,11445.2,3130.5,3238.1,0.0119,Uracil,GC-MS
SMP-00297,2.8,39983.4,7625.8,7671.1,0.0396,Acetaminophen,GC-MS
SMP-00297,4.13,331476.2,49487.5,45366.9,0.3283,Caffeine,GC-MS
SMP-00297,5.57,22854.3,5318.2,5450.4,0.0236,Aspirin,GC-MS
SMP-00297,7.2,63616.4,10825.9,10995.0,0.0648,Benzoic Acid,GC-MS
SMP-00297,8.96,29578.5,5881.6,6122.0,0.0296,Phenacetin,GC-MS
SMP-00297,10.46,14154.2,3569.3,3807.3,0.014,Salicylic Acid,GC-MS
SMP-00297,12.12,53131.9,9513.3,10041.6,0.0533,Chlorpheniramine,GC-MS
SMP-00298,1.3,13522.6,3488.7,3505.9,0.0137,Uracil,GC-MS
SMP-00298,2.8,46258.4,9508.0,9607.0,0.0469,Acetaminophen,GC-MS
SMP-00298,4.17,68850.9,11354.9,11926.6,0.0671,Caffeine,GC-MS
SMP-00298,5.58,22557.4,4804.4,4936.9,0.0222,Aspirin,GC-MS
SMP-00298,7.2,69053.2,11181.2,11758.7,0.0685,Benzoic Acid,GC-MS
SMP-00298,9.01,29168.4,6266.6,6363.4,0.0291,Phenacetin,GC-MS
SMP-00298,10.4,17114.6,4367.8,4634.0,0.0173,Salicylic Acid,GC-MS
SMP-00298,12.09,55471.1,9825.3,10145.0,0.0562,Chlorpheniramine,GC-MS
SMP-00299,1.28,10510.0,2603.9,2635.5,0.0103,Uracil,GC-MS
SMP-00299,2.77,42842.9,8131.1,8678.8,0.0433,Acetaminophen,GC-MS
SMP-00299,4.16,73055.0,12284.6,13078.2,0.0751,Caffeine,GC-MS
SMP-00299,5.55,19889.3,4329.8,4337.5,0.0201,Aspirin,GC-MS
SMP-00299,7.24,78681.0,13414.5,13983.7,0.078,Benzoic Acid,GC-MS
SMP-00299,8.99,29495.4,5897.5,5947.0,0.0284,Phenacetin,GC-MS
SMP-00299,10.42,16510.4,3869.4,3937.4,0.0161,Salicylic Acid,GC-MS
SMP-00299,12.12,52347.0,8754.5,9050.2,0.0539,Chlorpheniramine,GC-MS
SMP-00300,1.24,14400.2,3654.5,3824.8,0.014,Uracil,GC-MS
SMP-00300,2.78,40910.8,7566.6,7869.0,0.0397,Acetaminophen,GC-MS
SMP-00300,4.15,91651.0,14233.6,14800.9,0.0897,Caffeine,GC-MS
SMP-00300,5.6,19685.3,4329.7,4374.0,0.0194,Aspirin,GC-MS
SMP-00300,7.25,60213.3,10413.9,10526.5,0.0603,Benzoic Acid,GC-MS
SMP-00300,8.96,29399.1,6083.6,6280.9,0.0287,Phenacetin,GC-MS
SMP-00300,10.47,67489.6,16820.3,13731.0,0.0673,Salicylic Acid,GC-MS
SMP-00300,12.15,58897.4,10541.4,11197.9,0.0593,Chlorpheniramine,GC-MS
SMP-00301,1.21,12954.9,3342.7,3300.5,0.0129,Uracil,GC-MS
SMP-00301,2.8,45915.0,8365.1,8626.7,0.0472,Acetaminophen,GC-MS
SMP-00301,4.18,90276.1,14928.1,15500.0,0.0911,Caffeine,GC-MS
SMP-00301,5.57,24351.8,5528.2,5802.2,0.0243,Aspirin,GC-MS
SMP-00301,7.19,63290.1,11125.3,11281.4,0.062,Benzoic Acid,GC-MS
SMP-00301,8.92,36276.5,7689.5,7773.7,0.0363,Phenacetin,GC-MS
SMP-00301,10.37,77166.1,18934.5,16297.2,0.0793,Salicylic Acid,GC-MS
SMP-00301,12.09,48870.6,8523.2,8789.5,0.0472,Chlorpheniramine,GC-MS
SMP-00302,1.25,12831.9,3208.9,3223.7,0.013,Uracil,GC-MS
SMP-00302,2.79,49924.4,9410.9,9825.3,0.0514,Acetaminophen,GC-MS
SMP-00302,4.19,74808.4,11999.3,12337.3,0.0728,Caffeine,GC-MS
SMP-00302,5.56,21184.0,4623.4,4645.1,0.0205,Aspirin,GC-MS
SMP-00302,7.21,78222.3,12481.3,12745.3,0.0769,Benzoic Acid,GC-MS
SMP-00302,8.94,39259.8,7827.1,8006.2,0.0388,Phenacetin,GC-MS
SMP-00302,10.44,16619.6,4015.4,4123.1,0.0164,Salicylic Acid,GC-MS
SMP-00302,12.09,55711.7,10528.8,10852.6,0.0538,Chlorpheniramine,GC-MS
SMP-00303,1.27,11650.1,2887.4,3046.5,0.0117,Uracil,GC-MS
SMP-00303,2.8,46778.6,9305.6,9527.1,0.048,Acetaminophen,GC-MS
SMP-00303,4.2,101232.5,16019.6,16530.9,0.1019,Caffeine,GC-MS
SMP-00303,5.59,23520.6,5341.2,5520.2,0.0236,Aspirin,GC-MS
SMP-00303,7.25,76039.1,12590.2,12908.2,0.0752,Benzoic Acid,GC-MS
SMP-00303,8.95,22950.5,4801.1,4807.2,0.0229,Phenacetin,GC-MS
SMP-00303,10.4,13169.5,3318.0,3468.2,0.0131,Salicylic Acid,GC-MS
SMP-00303,12.11,57171.9,10452.8,10848.8,0.0585,Chlorpheniramine,GC-MS
SMP-00304,1.27,9241.2,2349.1,2388.0,0.0095,Uracil,GC-MS
SMP-00304,2.76,53067.1,10496.3,10703.0,0.0517,Acetaminophen,GC-MS
SMP-00304,4.14,96805.7,16064.5,16608.1,0.0946,Caffeine,GC-MS
SMP-00304,5.6,21639.3,4433.8,4844.6,0.0209,Aspirin,GC-MS
SMP-00304,7.26,66137.1,10854.7,11129.2,0.0646,Benzoic Acid,GC-MS
SMP-00304,8.93,148492.5,31447.7,31335.8,0.1479,Phenacetin,GC-MS
SMP-00304,10.36,14467.8,3541.1,3517.4,0.0149,Salicylic Acid,GC-MS
SMP-00304,12.09,52748.0,8824.2,8916.5,0.0531,Chlorpheniramine,GC-MS
SMP-00305,1.28,13538.0,3661.9,3724.5,0.0138,Uracil,GC-MS
SMP-00305,2.81,44291.1,8484.6,8587.0,0.0454,Acetaminophen,GC-MS
SMP-00305,4.12,84049.9,14216.9,14516.7,0.0839,Caffeine,GC-MS
SMP-00305,5.55,25244.3,5672.9,5944.4,0.0258,Aspirin,GC-MS
SMP-00305,7.18,73222.8,11778.0,12238.8,0.0739,Benzoic Acid,GC-MS
SMP-00305,9.02,31136.3,6476.1,6699.9,0.0308,Phenacetin,GC-MS
SMP-00305,10.35,17032.2,4085.9,4250.7,0.0166,Salicylic Acid,GC-MS
SMP-00305,12.06,52059.1,8957.1,8891.9,0.0524,Chlorpheniramine,GC-MS
SMP-00306,1.23,9218.3,2478.6,2614.8,0.009,Uracil,GC-MS
SMP-00306,2.8,41272.1,7874.4,7764.1,0.0419,Acetaminophen,GC-MS
SMP-00306,4.16,97657.1,15991.6,16157.9,0.0944,Caffeine,GC-MS
SMP-00306,5.6,27582.4,6164.7,6447.9,0.0272,Aspirin,GC-MS
SMP-00306,7.17,73983.9,12330.9,12689.1,0.0773,Benzoic Acid,GC-MS
SMP-00306,8.92,30858.5,6131.9,6179.7,0.0313,Phenacetin,GC-MS
SMP-00306,10.36,15718.2,3681.8,3860.7,0.0156,Salicylic Acid,GC-MS
SMP-00306,12.12,55590.6,10633.4,11046.1,0.0541,Chlorpheniramine,GC-MS
SMP-00307,1.26,13030.4,3407.3,3470.0,0.0133,Uracil,GC-MS
SMP-00307,2.76,49828.3,9646.7,9822.2,0.0497,Acetaminophen,GC-MS
SMP-00307,4.12,81432.8,13981.5,14877.9,0.0823,Caffeine,GC-MS
SMP-00307,5.59,20227.2,4606.6,4775.8,0.0202,Aspirin,GC-MS
SMP-00307,7.16,74647.2,12740.5,12551.8,0.076,Benzoic Acid,GC-MS
SMP-00307,8.96,33720.3,7151.9,7363.0,0.0335,Phenacetin,GC-MS
SMP-00307,10.41,14919.0,3452.7,3571.2,0.0149,Salicylic Acid,GC-MS
SMP-00307,12.06,54287.5,10095.8,10438.0,0.0536,Chlorpheniramine,GC-MS
SMP-00308,1.23,13333.1,3280.5,3351.1,0.0139,Uracil,GC-MS
SMP-00308,2.77,41989.3,8178.5,8398.4,0.042,Acetaminophen,GC-MS
SMP-00308,4.2,87826.6,13571.6,14286.5,0.0867,Caffeine,GC-MS
SMP-00308,5.6,23125.7,4994.2,5128.9,0.023,Aspirin,GC-MS
SMP-00308,7.18,81288.5,13629.0,14151.3,0.0811,Benzoic Acid,GC-MS
SMP-00308,8.97,30173.9,6459.8,6701.6,0.0301,Phenacetin,GC-MS
SMP-00308,10.43,16954.5,4179.7,4271.7,0.0171,Salicylic Acid,GC-MS
SMP-00308,12.07,59876.2,10604.0,10890.8,0.0611,Chlorpheniramine,GC-MS
SMP-00309,1.34,12762.1,3178.6,3246.2,0.0128,Uracil,GC-MS
SMP-00309,2.84,45402.2,8952.2,9343.4,0.0435,Acetaminophen,GC-MS
SMP-00309,4.13,92684.5,14487.5,15259.7,0.0901,Caffeine,GC-MS
SMP-00309,5.59,23771.8,5195.2,5178.5,0.0232,Aspirin,GC-MS
SMP-00309,7.26,63372.2,10545.5,10828.8,0.0663,Benzoic Acid,GC-MS
SMP-00309,8.98,32208.9,6629.5,6769.3,0.0326,Phenacetin,GC-MS
SMP-00309,10.42,15929.3,3884.4,4028.9,0.0162,Salicylic Acid,GC-MS
SMP-00309,12.14,50805.9,8956.0,9076.0,0.0496,Chlorpheniramine,GC-MS
SMP-00310,1.23,13298.7,3259.4,3315.2,0.0134,Uracil,GC-MS
SMP-00310,2.78,35446.3,6909.6,7290.8,0.0369,Acetaminophen,GC-MS
SMP-00310,4.19,90814.6,15333.6,15753.8,0.0911,Caffeine,GC-MS
SMP-00310,5.57,29037.5,6465.7,6585.2,0.0291,Aspirin,GC-MS
SMP-00310,7.15,74809.2,11715.8,12300.5,0.0746,Benzoic Acid,GC-MS
SMP-00310,8.93,30548.3,6213.1,6274.2,0.0311,Phenacetin,GC-MS
SMP-00310,10.38,14134.7,3384.5,3413.2,0.0138,Salicylic Acid,GC-MS
SMP-00310,12.12,67122.2,12346.7,12675.9,0.0686,Chlorpheniramine,GC-MS
SMP-00311,1.19,12898.1,3313.8,3423.2,0.0127,Uracil,GC-MS
SMP-00311,2.83,37707.6,7442.4,7691.6,0.039,Acetaminophen,GC-MS
SMP-00311,4.09,89319.7,14680.6,15157.2,0.0896,Caffeine,GC-MS
SMP-00311,5.59,21665.8,4906.9,4987.2,0.0221,Aspirin,GC-MS
SMP-00311,7.19,68208.3,11449.2,11988.2,0.072,Benzoic Acid,GC-MS
SMP-00311,8.95,31331.1,6489.5,6717.0,0.0307,Phenacetin,GC-MS
SMP-00311,10.4,14784.5,3743.9,3866.8,0.015,Salicylic Acid,GC-MS
SMP-00311,12.15,51181.1,8907.3,9436.8,0.0519,Chlorpheniramine,GC-MS
SMP-00312,1.25,13262.5,3379.5,3547.1,0.0135,Uracil,GC-MS
SMP-00312,2.77,44582.0,8362.2,8631.9,0.0456,Acetaminophen,GC-MS
SMP-00312,4.16,88386.9,14771.4,15118.1,0.0873,Caffeine,GC-MS
SMP-00312,5.6,23065.0,4677.9,4705.1,0.024,Aspirin,GC-MS
SMP-00312,7.16,57884.9,9257.8,9599.2,0.0593,Benzoic Acid,GC-MS
SMP-00312,8.98,33203.3,6590.2,6864.4,0.0341,Phenacetin,GC-MS
SMP-00312,10.43,14027.8,3467.6,3635.8,0.0134,Salicylic Acid,GC-MS
SMP-00312,12.04,58594.8,10938.6,11016.3,0.061,Chlorpheniramine,GC-MS
SMP-00313,1.26,12320.2,3216.6,3406.0,0.0123,Uracil,GC-MS
SMP-00313,2.76,155220.4,26195.3,29337.2,0.1558,Acetaminophen,GC-MS
SMP-00313,4.16,89922.6,14333.4,14753.1,0.0904,Caffeine,GC-MS
SMP-00313,5.56,18892.4,4180.1,4232.2,0.0187,Aspirin,GC-MS
SMP-00313,7.23,73559.6,11718.6,12090.5,0.0744,Benzoic Acid,GC-MS
SMP-00313,8.92,27718.0,5444.3,5716.9,0.0277,Phenacetin,GC-MS
SMP-00313,10.43,13629.0,3361.0,3381.6,0.0138,Salicylic Acid,GC-MS
SMP-00313,12.16,53981.3,9862.0,9727.9,0.0554,Chlorpheniramine,GC-MS
SMP-00314,1.24,11300.2,2893.8,2976.2,0.0111,Uracil,GC-MS
SMP-00314,2.8,40971.6,8195.0,8597.3,0.0428,Acetaminophen,GC-MS
SMP-00314,4.15,97798.5,15827.5,16272.2,0.0997,Caffeine,GC-MS
SMP-00314,5.59,23288.1,5218.7,5221.9,0.0233,Aspirin,GC-MS
SMP-00314,7.21,74924.3,12609.5,13234.2,0.0746,Benzoic Acid,GC-MS
SMP-00314,8.99,30639.7,6169.7,6371.6,0.0302,Phenacetin,GC-MS
SMP-00314,10.43,16275.6,3777.7,3857.9,0.0161,Salicylic Acid,GC-MS
SMP-00314,12.05,59633.8,10844.8,11065.9,0.0613,Chlorpheniramine,GC-MS
SMP-00315,1.27,12637.6,3170.5,3224.9,0.0124,Uracil,GC-MS
SMP-00315,2.81,44714.0,9059.1,9096.2,0.0443,Acetaminophen,GC-MS
SMP-00315,4.18,72923.4,12096.8,12163.9,0.07,Caffeine,GC-MS
SMP-00315,5.61,20510.0,4303.3,4330.6,0.0205,Aspirin,GC-MS
SMP-00315,7.2,72211.1,11868.7,12390.7,0.0751,Benzoic Acid,GC-MS
SMP-00315,8.96,27441.0,5841.7,5802.5,0.0276,Phenacetin,GC-MS
SMP-00315,10.43,15934.3,3946.2,4128.7,0.0151,Salicylic Acid,GC-MS
SMP-00315,12.09,50002.4,8588.1,8618.0,0.0509,Chlorpheniramine,GC-MS
SMP-00316,1.17,11806.4,3113.1,3150.0,0.0119,Uracil,GC-MS
SMP-00316,2.84,44942.4,9150.3,9449.7,0.0466,Acetaminophen,GC-MS
SMP-00316,4.18,100104.9,16437.0,16755.0,0.0999,Caffeine,GC-MS
SMP-00316,5.59,21053.9,4761.6,4872.3,0.0208,Aspirin,GC-MS
SMP-00316,7.23,70320.9,11728.3,11971.7,0.0708,Benzoic Acid,GC-MS
SMP-00316,8.95,29975.3,6592.1,6695.1,0.029,Phenacetin,GC-MS
SMP-00316,10.43,15094.0,3581.8,3690.8,0.015,Salicylic Acid,GC-MS
SMP-00316,12.12,57076.5,9774.6,10003.0,0.0551,Chlorpheniramine,GC-MS
SMP-00317,1.22,13799.5,3676.2,3820.1,0.0138,Uracil,GC-MS
SMP-00317,2.81,42662.7,7943.1,7972.7,0.0418,Acetaminophen,GC-MS
SMP-00317,4.11,101833.9,16195.1,16407.2,0.1031,Caffeine,GC-MS
SMP-00317,5.61,20430.8,4556.0,4456.7,0.0202,Aspirin,GC-MS
SMP-00317,7.18,60222.5,9863.4,10424.6,0.0628,Benzoic Acid,GC-MS
SMP-00317,8.96,28351.5,5484.4,5651.8,0.0292,Phenacetin,GC-MS
SMP-00317,10.36,14583.5,3436.5,3519.2,0.0146,Salicylic Acid,GC-MS
SMP-00317,12.1,59993.6,10673.7,11075.8,0.0597,Chlorpheniramine,GC-MS
SMP-00318,1.23,13332.4,3501.5,3514.7,0.0134,Uracil,GC-MS
SMP-00318,2.77,49549.1,9529.9,9875.0,0.0487,Acetaminophen,GC-MS
SMP-00318,4.12,94928.7,16106.6,16373.8,0.094,Caffeine,GC-MS
SMP-00318,5.59,21271.0,4910.7,4979.1,0.0215,Aspirin,GC-MS
SMP-00318,7.21,72978.7,12288.3,12290.9,0.0709,Benzoic Acid,GC-MS
SMP-00318,8.96,29638.8,6163.3,6281.7,0.0286,Phenacetin,GC-MS
SMP-00318,10.42,15317.9,3528.0,3722.8,0.0157,Salicylic Acid,GC-MS
SMP-00318,12.11,49756.9,9535.1,9851.0,0.0504,Chlorpheniramine,GC-MS
SMP-00319,1.19,12860.5,3371.5,3464.3,0.0129,Uracil,GC-MS
SMP-00319,2.8,198518.9,31995.0,34379.2,0.1943,Acetaminophen,GC-MS
SMP-00319,4.16,91147.2,14847.3,15142.3,0.0889,Caffeine,GC-MS
SMP-00319,5.58,23844.3,5371.1,5564.6,0.0244,Aspirin,GC-MS
SMP-00319,7.2,71557.2,11415.5,11686.2,0.0714,Benzoic Acid,GC-MS
SMP-00319,8.98,32654.1,6483.2,6737.3,0.0328,Phenacetin,GC-MS
SMP-00319,10.35,15226.4,3696.9,3763.5,0.0151,Salicylic Acid,GC-MS
SMP-00319,12.16,55824.5,9872.1,10202.6,0.055,Chlorpheniramine,GC-MS
SMP-00320,1.26,13415.6,3311.7,3442.7,0.0137,Uracil,GC-MS
SMP-00320,2.91,50989.3,10006.5,10161.7,0.052,Acetaminophen,GC-MS
SMP-00320,4.17,75839.7,11928.0,12254.5,0.0761,Caffeine,GC-MS
SMP-00320,5.59,23691.1,4879.6,5017.3,0.0241,Aspirin,GC-MS
SMP-00320,7.15,69627.3,11973.0,11931.4,0.0694,Benzoic Acid,GC-MS
SMP-00320,8.98,33361.9,6739.7,7067.2,0.0343,Phenacetin,GC-MS
SMP-00320,10.39,15759.6,3738.0,3905.5,0.0157,Salicylic Acid,GC-MS
SMP-00320,12.12,55406.5,10397.8,10562.8,0.0542,Chlorpheniramine,GC-MS
SMP-00321,1.2,12120.8,3106.8,3229.2,0.0125,Uracil,GC-MS
SMP-00321,2.84,47581.6,9164.5,9325.2,0.0483,Acetaminophen,GC-MS
SMP-00321,4.15,89505.8,15855.4,16984.5,0.0898,Caffeine,GC-MS
SMP-00321,5.58,22794.1,5030.8,5266.2,0.022,Aspirin,GC-MS
SMP-00321,7.16,51989.8,8886.2,9274.9,0.0547,Benzoic Acid,GC-MS
SMP-00321,8.93,35649.4,7169.8,7084.2,0.0349,Phenacetin,GC-MS
SMP-00321,10.42,12102.7,3092.3,3086.2,0.0119,Salicylic Acid,GC-MS
SMP-00321,12.06,48660.2,8972.6,9169.2,0.0485,Chlorpheniramine,GC-MS
SMP-00322,1.26,12237.1,3192.8,3252.4,0.0124,Uracil,GC-MS
SMP-00322,2.78,44243.2,9021.1,9340.2,0.043,Acetaminophen,GC-MS
SMP-00322,4.14,106975.6,17420.5,18175.3,0.1064,Caffeine,GC-MS
SMP-00322,5.62,23773.5,5551.0,5665.5,0.0234,Aspirin,GC-MS
SMP-00322,7.19,64316.5,10527.9,11135.2,0.0623,Benzoic Acid,GC-MS
SMP-00322,8.9,30441.9,6416.9,6635.5,0.0298,Phenacetin,GC-MS
SMP-00322,10.4,16165.0,4029.1,4050.5,0.0163,Salicylic Acid,GC-MS
SMP-00322,12.05,54727.0,10105.0,10370.1,0.0538,Chlorpheniramine,GC-MS
SMP-00323,1.29,11206.9,3006.4,3090.2,0.011,Uracil,GC-MS
SMP-00323,2.87,43770.8,8635.3,9349.3,0.0446,Acetaminophen,GC-MS
SMP-00323,4.17,80885.3,12963.3,13108.4,0.0834,Caffeine,GC-MS
SMP-00323,5.56,28110.7,6539.8,6705.4,0.0289,Aspirin,GC-MS
SMP-00323,7.2,58632.9,9392.2,9450.5,0.0584,Benzoic Acid,GC-MS
SMP-00323,8.91,30118.4,6019.2,6292.5,0.0302,Phenacetin,GC-MS
SMP-00323,10.37,14996.3,3530.7,3585.1,0.0146,Salicylic Acid,GC-MS
SMP-00323,12.19,56876.5,9936.7,10122.8,0.0548,Chlorpheniramine,GC-MS
SMP-00324,1.27,12470.5,3215.1,3248.5,0.0125,Uracil,GC-MS
SMP-00324,2.85,53521.3,10707.8,10901.9,0.0541,Acetaminophen,GC-MS
SMP-00324,4.18,83296.9,13017.0,13535.8,0.0822,Caffeine,GC-MS
SMP-00324,5.58,27358.8,6232.8,6319.3,0.0276,Aspirin,GC-MS
SMP-00324,7.18,66278.7,10757.5,11269.0,0.0628,Benzoic Acid,GC-MS
SMP-00324,8.97,155997.8,30230.3,30346.2,0.1546,Phenacetin,GC-MS
SMP-00324,10.38,16783.9,4292.2,4593.0,0.0168,Salicylic Acid,GC-MS
SMP-00324,12.1,52560.6,9683.1,10277.1,0.053,Chlorpheniramine,GC-MS
SMP-00325,1.24,12373.9,3116.1,3149.2,0.0126,Uracil,GC-MS
SMP-00325,2.8,45375.3,9277.3,9423.7,0.046,Acetaminophen,GC-MS
SMP-00325,4.13,71753.4,11035.3,11214.0,0.0716,Caffeine,GC-MS
SMP-00325,5.61,19073.2,4281.1,4569.9,0.0184,Aspirin,GC-MS
SMP-00325,7.13,70961.2,11874.9,12356.3,0.0693,Benzoic Acid,GC-MS
SMP-00325,8.88,28857.8,6289.6,6675.3,0.0284,Phenacetin,GC-MS
SMP-00325,10.42,14384.9,3255.0,3435.8,0.014,Salicylic Acid,GC-MS
SMP-00325,12.08,51652.8,9078.4,9351.6,0.054,Chlorpheniramine,GC-MS
SMP-00326,1.26,10269.9,2703.6,2958.3,0.0101,Uracil,GC-MS
SMP-00326,2.78,52841.8,10505.7,10830.7,0.0536,Acetaminophen,GC-MS
SMP-00326,4.12,97379.3,15873.5,16789.7,0.0969,Caffeine,GC-MS
SMP-00326,5.55,25227.6,5660.0,5829.1,0.0255,Aspirin,GC-MS
SMP-00326,7.21,81309.3,13763.2,14213.3,0.0802,Benzoic Acid,GC-MS
SMP-00326,8.98,34093.6,6863.5,7191.6,0.0338,Phenacetin,GC-MS
SMP-00326,10.47,15629.9,3913.0,4100.7,0.0158,Salicylic Acid,GC-MS
SMP-00326,12.11,57744.0,10025.2,9961.1,0.0594,Chlorpheniramine,GC-MS
SMP-00327,1.27,11883.6,3196.3,3253.0,0.0122,Uracil,GC-MS
SMP-00327,2.81,50348.4,10059.0,10417.4,0.0517,Acetaminophen,GC-MS
SMP-00327,4.13,76060.0,12217.0,12396.3,0.0753,Caffeine,GC-MS
SMP-00327,5.62,23149.4,5168.0,5196.2,0.0238,Aspirin,GC-MS
SMP-00327,7.14,60446.8,10168.7,10541.3,0.0593,Benzoic Acid,GC-MS
SMP-00327,8.98,30944.1,6624.3,6856.0,0.0307,Phenacetin,GC-MS
SMP-00327,10.38,15645.8,3739.5,3816.6,0.0157,Salicylic Acid,GC-MS
SMP-00327,12.14,62288.3,11654.9,11826.8,0.0629,Chlorpheniramine,GC-MS
SMP-00328,1.19,11652.2,3018.7,3114.2,0.0117,Uracil,GC-MS
SMP-00328,2.75,53073.5,10317.2,10379.1,0.0512,Acetaminophen,GC-MS
SMP-00328,4.13,87127.5,13944.1,14218.3,0.0868,Caffeine,GC-MS
SMP-00328,5.64,25138.9,5641.2,5767.2,0.0249,Aspirin,GC-MS
SMP-00328,7.18,66541.9,11201.6,11636.5,0.0679,Benzoic Acid,GC-MS
SMP-00328,8.94,28215.7,5854.0,5832.0,0.0289,Phenacetin,GC-MS
SMP-00328,10.42,12652.4,2960.3,2993.3,0.012,Salicylic Acid,GC-MS
SMP-00328,12.07,44833.3,8379.1,8690.4,0.0448,Chlorpheniramine,GC-MS
SMP-00329,1.23,12008.3,3044.1,3185.8,0.0124,Uracil,GC-MS
SMP-00329,2.77,49061.9,9263.5,9764.8,0.0487,Acetaminophen,GC-MS
SMP-00329,4.2,104628.7,16304.5,16918.8,0.1021,Caffeine,GC-MS
SMP-00329,5.55,22717.6,5027.6,5108.4,0.022,Aspirin,GC-MS
SMP-00329,7.17,58370.2,9679.8,9965.5,0.0591,Benzoic Acid,GC-MS
SMP-00329,8.96,23608.2,4657.6,4937.2,0.024,Phenacetin,GC-MS
SMP-00329,10.46,17700.1,4225.2,4460.7,0.0176,Salicylic Acid,GC-MS
SMP-00329,12.07,47967.9,8580.9,8615.4,0.0493,Chlorpheniramine,GC-MS
SMP-00330,1.22,11904.2,3050.7,3059.1,0.0119,Uracil,GC-MS
SMP-00330,2.82,51174.9,9311.3,9629.1,0.0511,Acetaminophen,GC-MS
SMP-00330,4.15,81570.1,12883.9,13032.4,0.0871,Caffeine,GC-MS
SMP-00330,5.62,21583.3,4863.6,5034.3,0.0219,Aspirin,GC-MS
SMP-00330,7.23,65411.5,10825.0,11434.6,0.0635,Benzoic Acid,GC-MS
SMP-00330,8.98,25226.5,5361.2,5703.5,0.0256,Phenacetin,GC-MS
SMP-00330,10.41,14645.6,3551.7,3655.0,0.0147,Salicylic Acid,GC-MS
SMP-00330,12.11,59047.9,10445.0,10652.6,0.0589,Chlorpheniramine,GC-MS
SMP-00331,1.27,12203.2,3287.0,3355.0,0.0119,Uracil,GC-MS
SMP-00331,2.86,47593.7,9582.9,9787.3,0.0474,Acetaminophen,GC-MS
SMP-00331,4.12,81074.4,13290.1,13415.2,0.0785,Caffeine,GC-MS
SMP-00331,5.59,27782.4,6011.9,6184.0,0.0281,Aspirin,GC-MS
SMP-00331,7.19,61519.9,9842.6,10100.7,0.0612,Benzoic Acid,GC-MS
SMP-00331,8.97,25570.7,4813.0,5069.7,0.0274,Phenacetin,GC-MS
SMP-00331,10.4,15104.7,3789.8,3797.5,0.0152,Salicylic Acid,GC-MS
SMP-00331,12.17,56489.7,9888.6,9946.8,0.0578,Chlorpheniramine,GC-MS
SMP-00332,1.26,16221.9,4175.0,4338.9,0.0161,Uracil,GC-MS
SMP-00332,2.79,48997.2,9841.8,10187.6,0.0483,Acetaminophen,GC-MS
SMP-00332,4.12,99878.7,16193.5,16468.0,0.101,Caffeine,GC-MS
SMP-00332,5.66,22756.6,5311.2,5478.7,0.0229,Aspirin,GC-MS
SMP-00332,7.18,63800.6,10823.3,10856.9,0.0634,Benzoic Acid,GC-MS
SMP-00332,8.92,29657.8,6231.4,6409.9,0.0296,Phenacetin,GC-MS
SMP-00332,10.38,15696.8,3735.0,3818.2,0.0157,Salicylic Acid,GC-MS
SMP-00332,12.08,47674.7,8441.8,8457.0,0.0507,Chlorpheniramine,GC-MS
SMP-00333,1.26,12170.2,3204.4,3241.1,0.012,Uracil,GC-MS
SMP-00333,2.81,49588.5,9633.4,10114.7,0.0501,Acetaminophen,GC-MS
SMP-00333,4.19,91616.4,15688.3,16479.1,0.0932,Caffeine,GC-MS
SMP-00333,5.62,26175.8,5715.1,5864.8,0.0266,Aspirin,GC-MS
SMP-00333,7.16,65295.3,11015.8,11417.0,0.0666,Benzoic Acid,GC-MS
SMP-00333,8.93,21426.0,4198.6,4335.7,0.0224,Phenacetin,GC-MS
SMP-00333,10.39,16646.7,4108.8,4160.8,0.0165,Salicylic Acid,GC-MS
SMP-00333,12.16,53084.5,9562.5,9813.2,0.053,Chlorpheniramine,GC-MS
SMP-00334,1.25,13596.1,3477.7,3576.0,0.0137,Uracil,GC-MS
SMP-00334,2.77,42317.7,8217.1,8532.4,0.0419,Acetaminophen,GC-MS
SMP-00334,4.15,95731.7,15622.4,15854.3,0.0971,Caffeine,GC-MS
SMP-00334,5.61,21980.6,4982.6,5159.8,0.0226,Aspirin,GC-MS
SMP-00334,7.17,67841.4,11584.6,11608.3,0.0659,Benzoic Acid,GC-MS
SMP-00334,8.96,29078.4,5767.0,5787.5,0.0294,Phenacetin,GC-MS
SMP-00334,10.4,18169.2,4482.6,4668.3,0.0176,Salicylic Acid,GC-MS
SMP-00334,12.17,56296.9,10245.5,10531.8,0.0558,Chlorpheniramine,GC-MS
SMP-00335,1.28,12877.9,3371.4,3605.3,0.0128,Uracil,GC-MS
SMP-00335,2.77,42848.7,8928.4,9200.0,0.0415,Acetaminophen,GC-MS
SMP-00335,4.14,574142.2,82485.7,100562.6,0.5661,Caffeine,GC-MS
SMP-00335,5.56,19805.7,4451.7,4428.3,0.0194,Aspirin,GC-MS
SMP-00335,7.15,68925.7,11355.9,11858.6,0.0686,Benzoic Acid,GC-MS
SMP-00335,8.96,31933.7,6727.0,7169.6,0.0329,Phenacetin,GC-MS
SMP-00335,10.43,15842.8,4015.6,3974.6,0.0159,Salicylic Acid,GC-MS
SMP-00335,12.07,48968.4,8807.2,8838.0,0.0473,Chlorpheniramine,GC-MS
SMP-00336,1.27,12326.6,3132.9,3252.0,0.0128,Uracil,GC-MS
SMP-00336,2.81,44399.1,8604.1,8678.1,0.046,Acetaminophen,GC-MS
SMP-00336,4.13,85569.3,13851.0,14605.7,0.0861,Caffeine,GC-MS
SMP-00336,5.56,23653.0,5447.5,5583.3,0.0235,Aspirin,GC-MS
SMP-00336,7.19,75788.5,12638.2,13238.0,0.0758,Benzoic Acid,GC-MS
SMP-00336,8.98,29482.4,6073.8,6505.8,0.0301,Phenacetin,GC-MS
SMP-00336,10.39,14511.3,3525.0,3661.6,0.0146,Salicylic Acid,GC-MS
SMP-00336,12.1,57824.7,10203.0,10246.6,0.0573,Chlorpheniramine,GC-MS
SMP-00337,1.23,12119.1,3106.2,3226.5,0.0123,Uracil,GC-MS
SMP-00337,2.81,43667.8,7949.8,8161.5,0.0439,Acetaminophen,GC-MS
SMP-00337,4.16,74571.5,12174.2,12472.3,0.0758,Caffeine,GC-MS
SMP-00337,5.58,20958.1,4760.4,4931.7,0.0218,Aspirin,GC-MS
SMP-00337,7.19,70419.8,11779.8,12101.9,0.0729,Benzoic Acid,GC-MS
SMP-00337,8.96,28436.5,5560.5,5648.5,0.0285,Phenacetin,GC-MS
SMP-00337,10.39,15059.9,3693.9,3781.4,0.0153,Salicylic Acid,GC-MS
SMP-00337,12.09,50117.7,8678.8,8984.9,0.0506,Chlorpheniramine,GC-MS
SMP-00338,1.2,13354.1,3366.9,3348.1,0.0132,Uracil,GC-MS
SMP-00338,2.78,50827.4,9493.9,9805.0,0.0504,Acetaminophen,GC-MS
SMP-00338,4.15,68106.1,11031.1,11567.1,0.0671,Caffeine,GC-MS
SMP-00338,5.61,24306.7,5514.9,5670.1,0.0244,Aspirin,GC-MS
SMP-00338,7.21,68678.6,11419.0,11902.9,0.0683,Benzoic Acid,GC-MS
SMP-00338,8.88,31947.3,6568.2,6690.6,0.032,Phenacetin,GC-MS
SMP-00338,10.38,15112.9,3556.4,3715.4,0.0153,Salicylic Acid,GC-MS
SMP-00338,12.1,56216.7,9994.3,10158.9,0.0571,Chlorpheniramine,GC-MS
SMP-00339,1.28,12507.9,3195.3,3425.5,0.0131,Uracil,GC-MS
SMP-00339,2.76,46820.5,9128.4,9288.6,0.0449,Acetaminophen,GC-MS
SMP-00339,4.17,91390.3,15546.3,17233.9,0.0896,Caffeine,GC-MS
SMP-00339,5.61,21976.4,5006.5,5131.1,0.0222,Aspirin,GC-MS
SMP-00339,7.16,76655.5,12788.1,12943.7,0.0789,Benzoic Acid,GC-MS
SMP-00339,8.91,35462.7,7099.8,7295.1,0.0356,Phenacetin,GC-MS
SMP-00339,10.43,16931.0,4091.7,4269.2,0.0171,Salicylic Acid,GC-MS
SMP-00339,12.09,64918.2,11429.7,11778.5,0.0644,Chlorpheniramine,GC-MS
SMP-00340,1.26,10273.3,2471.2,2460.7,0.0103,Uracil,GC-MS
SMP-00340,2.78,44519.0,8764.0,9009.7,0.0472,Acetaminophen,GC-MS
SMP-00340,4.12,101883.8,17070.9,17880.2,0.099,Caffeine,GC-MS
SMP-00340,5.61,26566.6,5738.7,5990.7,0.0264,Aspirin,GC-MS
SMP-00340,7.2,67377.9,11512.9,11902.6,0.0676,Benzoic Acid,GC-MS
SMP-00340,8.91,32510.8,6059.6,6240.1,0.0324,Phenacetin,GC-MS
SMP-00340,10.39,17171.8,4306.6,4341.0,0.0173,Salicylic Acid,GC-MS
SMP-00340,12.07,51378.4,9276.0,9457.6,0.0521,Chlorpheniramine,GC-MS
SMP-00341,1.21,12277.2,3029.6,3067.5,0.0124,Uracil,GC-MS
SMP-00341,2.79,55664.0,11235.4,11272.9,0.0565,Acetaminophen,GC-MS
SMP-00341,4.16,84015.7,13373.4,13937.1,0.0854,Caffeine,GC-MS
SMP-00341,5.59,20315.3,4392.6,4637.2,0.0205,Aspirin,GC-MS
SMP-00341,7.17,64760.6,10896.8,11355.5,0.0623,Benzoic Acid,GC-MS
SMP-00341,8.96,29241.8,5854.9,6068.8,0.0294,Phenacetin,GC-MS
SMP-00341,10.4,16288.4,4085.3,4141.9,0.0161,Salicylic Acid,GC-MS
SMP-00341,12.1,53591.6,10495.1,10371.1,0.051,Chlorpheniramine,GC-MS
SMP-00342,1.24,13486.4,3412.9,3628.3,0.0138,Uracil,GC-MS
SMP-00342,2.8,49414.4,8931.3,9362.4,0.0499,Acetaminophen,GC-MS
SMP-00342,4.17,84920.8,14332.1,14508.0,0.0833,Caffeine,GC-MS
SMP-00342,5.65,22226.5,5003.6,5214.1,0.0224,Aspirin,GC-MS
SMP-00342,7.24,61768.9,10265.2,10610.4,0.0577,Benzoic Acid,GC-MS
SMP-00342,9.0,31627.3,6402.7,6699.7,0.0317,Phenacetin,GC-MS
SMP-00342,10.42,19490.8,4607.1,4773.6,0.019,Salicylic Acid,GC-MS
SMP-00342,12.08,63080.5,11664.2,12114.7,0.0635,Chlorpheniramine,GC-MS
SMP-00343,1.22,11406.2,2922.3,2901.6,0.0116,Uracil,GC-MS
SMP-00343,2.79,51575.2,10010.4,10322.1,0.0504,Acetaminophen,GC-MS
SMP-00343,4.13,103229.5,16894.8,17487.7,0.1046,Caffeine,GC-MS
SMP-00343,5.63,19822.1,4140.4,4201.5,0.0195,Aspirin,GC-MS
SMP-00343,7.18,73819.9,12321.6,13051.4,0.0746,Benzoic Acid,GC-MS
SMP-00343,8.96,28865.8,5935.4,6264.9,0.029,Phenacetin,GC-MS
SMP-00343,10.39,13966.3,3457.0,3527.0,0.014,Salicylic Acid,GC-MS
SMP-00343,12.12,57306.1,10051.2,10435.0,0.0586,Chlorpheniramine,GC-MS
SMP-00344,1.22,11831.0,3063.0,3045.6,0.0117,Uracil,GC-MS
SMP-00344,2.84,43273.1,8352.0,8537.2,0.0421,Acetaminophen,GC-MS
SMP-00344,4.16,87765.3,14378.2,14498.3,0.0854,Caffeine,GC-MS
SMP-00344,5.52,22121.2,4741.4,4821.8,0.0221,Aspirin,GC-MS
SMP-00344,7.17,62290.5,10374.8,10380.0,0.063,Benzoic Acid,GC-MS
SMP-00344,8.94,29896.0,6216.7,6476.1,0.0302,Phenacetin,GC-MS
SMP-00344,10.42,13903.4,3530.7,3649.4,0.0137,Salicylic Acid,GC-MS
SMP-00344,12.12,59567.5,10425.2,10320.3,0.0584,Chlorpheniramine,GC-MS
SMP-00345,1.26,12766.9,3260.9,3296.6,0.0128,Uracil,GC-MS
SMP-00345,2.84,41612.1,8569.0,8923.4,0.0418,Acetaminophen,GC-MS
SMP-00345,4.15,97474.6,15423.0,15701.3,0.0977,Caffeine,GC-MS
SMP-00345,5.62,24576.9,5460.7,5701.8,0.0244,Aspirin,GC-MS
SMP-00345,7.16,70281.5,11767.9,12062.7,0.0687,Benzoic Acid,GC-MS
SMP-00345,8.94,26378.3,5555.6,5776.6,0.026,Phenacetin,GC-MS
SMP-00345,10.38,102533.4,23088.0,26077.6,0.1018,Salicylic Acid,GC-MS
SMP-00345,12.09,56224.0,10074.8,10292.8,0.0558,Chlorpheniramine,GC-MS
SMP-00346,1.24,10156.4,2677.0,2741.2,0.0103,Uracil,GC-MS
SMP-00346,2.8,45696.2,8467.3,8665.3,0.0449,Acetaminophen,GC-MS
SMP-00346,4.08,84659.7,14130.2,14680.6,0.0874,Caffeine,GC-MS
SMP-00346,5.6,20392.3,4310.1,4168.4,0.0201,Aspirin,GC-MS
SMP-00346,7.21,70011.2,11619.5,11735.4,0.0701,Benzoic Acid,GC-MS
SMP-00346,8.93,27499.3,5844.9,6043.9,0.0277,Phenacetin,GC-MS
SMP-00346,10.37,18670.6,4458.8,4638.4,0.0183,Salicylic Acid,GC-MS
SMP-00346,12.1,49289.7,9521.3,9919.6,0.0505,Chlorpheniramine,GC-MS
SMP-00347,1.23,50373.5,14339.7,11370.3,0.0511,Uracil,GC-MS
SMP-00347,2.85,49215.0,9076.4,9338.8,0.0487,Acetaminophen,GC-MS
SMP-00347,4.17,78660.4,12157.9,12248.6,0.0786,Caffeine,GC-MS
SMP-00347,5.59,22225.3,4706.3,4774.1,0.022,Aspirin,GC-MS
SMP-00347,7.19,63934.7,10927.6,11244.6,0.0644,Benzoic Acid,GC-MS
SMP-00347,8.94,32092.1,6412.4,6622.9,0.032,Phenacetin,GC-MS
SMP-00347,10.36,16825.7,3858.6,4149.2,0.0163,Salicylic Acid,GC-MS
SMP-00347,12.12,60274.7,11348.8,11814.7,0.0596,Chlorpheniramine,GC-MS
SMP-00348,1.24,13454.3,3511.6,3636.1,0.014,Uracil,GC-MS
SMP-00348,2.76,48125.0,9462.3,9936.4,0.0481,Acetaminophen,GC-MS
SMP-00348,4.11,102131.1,16630.4,17240.8,0.1035,Caffeine,GC-MS
SMP-00348,5.6,24068.2,5417.6,5450.2,0.0235,Aspirin,GC-MS
SMP-00348,7.18,68104.9,11422.6,11489.4,0.0677,Benzoic Acid,GC-MS
SMP-00348,8.95,30468.3,5807.4,6027.4,0.0309,Phenacetin,GC-MS
SMP-00348,10.39,15336.0,3553.8,3599.5,0.0153,Salicylic Acid,GC-MS
SMP-00348,12.1,54649.7,9411.0,9254.4,0.0568,Chlorpheniramine,GC-MS
SMP-00349,1.24,13046.6,3496.5,3554.7,0.0132,Uracil,GC-MS
SMP-00349,2.82,42878.9,8737.0,9032.8,0.0428,Acetaminophen,GC-MS
SMP-00349,4.15,91095.0,14278.4,14555.1,0.0948,Caffeine,GC-MS
SMP-00349,5.61,23760.7,5098.6,5312.4,0.0242,Aspirin,GC-MS
SMP-00349,7.22,66287.4,11419.1,11666.0,0.0684,Benzoic Acid,GC-MS
SMP-00349,9.0,30458.6,6483.9,6405.5,0.0317,Phenacetin,GC-MS
SMP-00349,10.4,13527.6,3384.1,3491.9,0.0135,Salicylic Acid,GC-MS
SMP-00349,12.08,55592.7,9259.3,9724.9,0.0566,Chlorpheniramine,GC-MS
SMP-00350,1.23,13075.4,3313.8,3322.0,0.0127,Uracil,GC-MS
SMP-00350,2.78,43423.5,8360.2,8506.1,0.0421,Acetaminophen,GC-MS
SMP-00350,4.16,89620.4,14103.5,14396.6,0.0907,Caffeine,GC-MS
SMP-00350,5.62,23593.0,5176.4,5324.4,0.0243,Aspirin,GC-MS
SMP-00350,7.14,60606.1,9987.8,10427.8,0.0628,Benzoic Acid,GC-MS
SMP-00350,8.95,26922.5,5429.3,5680.5,0.0279,Phenacetin,GC-MS
SMP-00350,10.42,16935.2,4001.9,4046.9,0.0174,Salicylic Acid,GC-MS
SMP-00350,12.04,47027.2,8595.4,8774.6,0.0453,Chlorpheniramine,GC-MS
SMP-00351,1.21,14046.6,3458.7,3511.7,0.0141,Uracil,GC-MS
SMP-00351,2.77,41422.8,8082.8,8135.7,0.0407,Acetaminophen,GC-MS
SMP-00351,4.17,96841.4,15012.9,15383.7,0.0952,Caffeine,GC-MS
SMP-00351,5.6,22687.7,4821.4,4890.2,0.023,Aspirin,GC-MS
SMP-00351,7.21,81536.5,14186.4,14150.6,0.0797,Benzoic Acid,GC-MS
SMP-00351,8.92,30125.1,6132.7,6221.8,0.0305,Phenacetin,GC-MS
SMP-00351,10.41,15430.8,3787.1,3907.8,0.0153,Salicylic Acid,GC-MS
SMP-00351,12.09,55015.8,10220.8,10558.7,0.0566,Chlorpheniramine,GC-MS
SMP-00352,1.26,12290.3,3069.3,3054.8,0.0122,Uracil,GC-MS
SMP-00352,2.85,44631.2,8455.1,8713.3,0.0444,Acetaminophen,GC-MS
SMP-00352,4.12,95362.0,15745.5,16244.8,0.0989,Caffeine,GC-MS
SMP-00352,5.61,22891.3,5160.3,5231.5,0.0223,Aspirin,GC-MS
SMP-00352,7.2,67247.9,10929.8,11235.6,0.0657,Benzoic Acid,GC-MS
SMP-00352,8.97,36236.2,7638.5,7903.4,0.0364,Phenacetin,GC-MS
SMP-00352,10.39,16690.8,4150.7,4182.0,0.0163,Salicylic Acid,GC-MS
SMP-00352,12.09,59108.7,10991.5,11403.7,0.0607,Chlorpheniramine,GC-MS
SMP-00353,1.26,12879.2,3328.9,3471.0,0.0131,Uracil,GC-MS
SMP-00353,2.76,39503.5,7562.5,7725.7,0.0408,Acetaminophen,GC-MS
SMP-00353,4.18,90082.3,13701.3,13916.6,0.0872,Caffeine,GC-MS
SMP-00353,5.64,23322.5,5000.8,5183.8,0.0236,Aspirin,GC-MS
SMP-00353,7.22,71634.0,11564.8,11520.5,0.0732,Benzoic Acid,GC-MS
SMP-00353,8.97,31305.8,6165.8,6417.7,0.03,Phenacetin,GC-MS
SMP-00353,10.37,13186.9,3210.8,3321.0,0.0135,Salicylic Acid,GC-MS
SMP-00353,12.13,54278.9,9334.5,9712.4,0.0554,Chlorpheniramine,GC-MS
SMP-00354,1.21,12984.5,3381.5,3410.6,0.0127,Uracil,GC-MS
SMP-00354,2.75,35535.0,7058.6,7335.0,0.0345,Acetaminophen,GC-MS
SMP-00354,4.15,83176.0,13300.8,13144.5,0.0854,Caffeine,GC-MS
SMP-00354,5.63,26775.3,5916.7,5858.8,0.0261,Aspirin,GC-MS
SMP-00354,7.21,59886.6,10248.7,10614.7,0.06,Benzoic Acid,GC-MS
SMP-00354,8.97,30143.6,6099.4,6045.2,0.0297,Phenacetin,GC-MS
SMP-00354,10.42,16777.0,3907.7,4030.4,0.0169,Salicylic Acid,GC-MS
SMP-00354,12.08,52670.4,9685.4,9383.3,0.0519,Chlorpheniramine,GC-MS
SMP-00355,1.28,12685.7,3217.2,3320.3,0.0128,Uracil,GC-MS
SMP-00355,2.86,51437.1,10260.5,10822.5,0.051,Acetaminophen,GC-MS
SMP-00355,4.14,101889.5,15598.5,16721.6,0.1015,Caffeine,GC-MS
SMP-00355,5.59,26512.7,5880.6,6111.7,0.0254,Aspirin,GC-MS
SMP-00355,7.2,58189.0,9803.2,10093.5,0.0593,Benzoic Acid,GC-MS
SMP-00355,8.93,32136.2,6686.2,6725.9,0.0322,Phenacetin,GC-MS
SMP-00355,10.34,15521.7,3775.0,4023.9,0.0159,Salicylic Acid,GC-MS
SMP-00355,12.1,56664.5,10003.1,10607.0,0.0575,Chlorpheniramine,GC-MS
SMP-00356,1.25,11207.0,2803.1,2806.0,0.0113,Uracil,GC-MS
SMP-00356,2.79,52160.8,10442.2,10944.9,0.0523,Acetaminophen,GC-MS
SMP-00356,4.16,89906.7,14401.9,14464.5,0.0873,Caffeine,GC-MS
SMP-00356,5.61,27524.5,5972.1,6404.0,0.0267,Aspirin,GC-MS
SMP-00356,7.22,75191.1,12787.5,13012.6,0.0768,Benzoic Acid,GC-MS
SMP-00356,8.92,31781.0,6716.2,7020.6,0.0319,Phenacetin,GC-MS
SMP-00356,10.4,18119.7,4203.3,4289.8,0.0181,Salicylic Acid,GC-MS
SMP-00356,12.09,43942.4,8280.9,8517.9,0.0439,Chlorpheniramine,GC-MS
SMP-00357,1.25,13520.2,3493.0,3683.5,0.0139,Uracil,GC-MS
SMP-00357,2.81,43131.8,8639.4,9136.9,0.043,Acetaminophen,GC-MS
SMP-00357,4.12,86332.7,13936.3,14709.5,0.0877,Caffeine,GC-MS
SMP-00357,5.54,23700.5,5315.1,5378.1,0.024,Aspirin,GC-MS
SMP-00357,7.14,61576.1,10114.3,10478.7,0.0663,Benzoic Acid,GC-MS
SMP-00357,8.95,29256.3,5882.8,5933.6,0.0298,Phenacetin,GC-MS
SMP-00357,10.44,16013.3,3973.7,4165.5,0.0161,Salicylic Acid,GC-MS
SMP-00357,12.07,59383.4,11051.0,11242.5,0.0577,Chlorpheniramine,GC-MS
SMP-00358,1.24,12023.8,2981.4,3140.2,0.0121,Uracil,GC-MS
SMP-00358,2.79,48227.8,9800.4,9565.5,0.0481,Acetaminophen,GC-MS
SMP-00358,4.16,92076.3,15043.9,15375.8,0.0917,Caffeine,GC-MS
SMP-00358,5.64,23723.0,5130.5,5446.9,0.0244,Aspirin,GC-MS
SMP-00358,7.22,69814.3,11330.8,11694.9,0.0713,Benzoic Acid,GC-MS
SMP-00358,8.95,27831.8,5448.2,5616.6,0.0276,Phenacetin,GC-MS
SMP-00358,10.36,18982.6,4739.9,4947.9,0.0194,Salicylic Acid,GC-MS
SMP-00358,12.11,52459.7,9134.2,9291.1,0.0529,Chlorpheniramine,GC-MS
SMP-00359,1.28,14684.1,3853.3,3944.9,0.0144,Uracil,GC-MS
SMP-00359,2.81,46232.5,9099.5,9406.3,0.0457,Acetaminophen,GC-MS
SMP-00359,4.13,84653.0,14085.5,14684.0,0.0837,Caffeine,GC-MS
SMP-00359,5.64,25750.9,5665.4,5871.7,0.0256,Aspirin,GC-MS
SMP-00359,7.23,68050.5,10905.0,11522.6,0.0679,Benzoic Acid,GC-MS
SMP-00359,8.91,28939.0,5864.3,5992.7,0.0281,Phenacetin,GC-MS
SMP-00359,10.43,17474.6,4130.6,4275.1,0.0172,Salicylic Acid,GC-MS
SMP-00359,12.1,45957.9,8057.1,8362.4,0.0443,Chlorpheniramine,GC-MS
SMP-00360,1.24,12943.2,3279.6,3391.8,0.0131,Uracil,GC-MS
SMP-00360,2.75,43670.5,8389.3,8349.1,0.0425,Acetaminophen,GC-MS
SMP-00360,4.19,79580.3,13697.6,14313.0,0.0834,Caffeine,GC-MS
SMP-00360,5.67,22096.7,4804.0,5137.4,0.0217,Aspirin,GC-MS
SMP-00360,7.24,72686.2,12165.4,12105.9,0.0729,Benzoic Acid,GC-MS
SMP-00360,8.96,29327.2,5939.9,6094.1,0.0305,Phenacetin,GC-MS
SMP-00360,10.4,16886.2,4028.5,4032.8,0.0169,Salicylic Acid,GC-MS
SMP-00360,12.14,49111.4,8761.0,8898.7,0.0494,Chlorpheniramine,GC-MS
SMP-00361,1.29,15059.3,3957.0,4122.4,0.0146,Uracil,GC-MS
SMP-00361,2.81,44457.4,8460.0,9026.5,0.045,Acetaminophen,GC-MS
SMP-00361,4.12,107136.4,18317.3,18935.5,0.1079,Caffeine,GC-MS
SMP-00361,5.6,22277.1,4913.1,5110.6,0.0223,Aspirin,GC-MS
SMP-00361,7.18,51286.1,8343.5,8745.1,0.0525,Benzoic Acid,GC-MS
SMP-00361,8.98,29711.5,6017.5,6203.3,0.0289,Phenacetin,GC-MS
SMP-00361,10.41,18133.4,4359.3,4291.3,0.018,Salicylic Acid,GC-MS
SMP-00361,12.12,42303.3,7519.9,7930.2,0.0413,Chlorpheniramine,GC-MS
SMP-00362,1.24,13855.4,3611.0,3889.9,0.0139,Uracil,GC-MS
SMP-00362,2.79,44260.9,9015.6,8989.1,0.0445,Acetaminophen,GC-MS
SMP-00362,4.19,75505.7,11301.6,11511.8,0.0711,Caffeine,GC-MS
SMP-00362,5.6,21999.1,4884.6,5040.8,0.0218,Aspirin,GC-MS
SMP-00362,7.25,363802.7,52701.8,60011.9,0.3626,Benzoic Acid,GC-MS
SMP-00362,8.95,31267.5,6488.5,6662.8,0.032,Phenacetin,GC-MS
SMP-00362,10.4,15636.6,3811.2,3921.3,0.0157,Salicylic Acid,GC-MS
SMP-00362,12.09,55011.8,9862.0,10362.2,0.0547,Chlorpheniramine,GC-MS
SMP-00363,1.26,13772.2,3411.5,3597.9,0.0139,Uracil,GC-MS
SMP-00363,2.8,47978.6,9493.1,10064.6,0.0484,Acetaminophen,GC-MS
SMP-00363,4.19,93965.6,14891.3,15330.7,0.0933,Caffeine,GC-MS
SMP-00363,5.63,23043.8,4965.4,5113.3,0.0236,Aspirin,GC-MS
SMP-00363,7.21,75253.3,11969.6,12598.4,0.0751,Benzoic Acid,GC-MS
SMP-00363,8.93,30600.5,6105.2,6433.9,0.0304,Phenacetin,GC-MS
SMP-00363,10.35,15821.9,3910.4,3915.0,0.0152,Salicylic Acid,GC-MS
SMP-00363,12.08,57505.6,9752.0,10050.8,0.057,Chlorpheniramine,GC-MS
SMP-00364,1.22,12949.0,3296.7,3391.1,0.0134,Uracil,GC-MS
SMP-00364,2.78,57146.9,11053.9,11419.9,0.0569,Acetaminophen,GC-MS
SMP-00364,4.15,78609.8,11628.6,11940.4,0.0766,Caffeine,GC-MS
SMP-00364,5.57,21934.9,4693.6,4839.2,0.0221,Aspirin,GC-MS
SMP-00364,7.18,69391.5,11582.6,11864.4,0.071,Benzoic Acid,GC-MS
SMP-00364,8.98,37521.5,7857.7,8152.7,0.0375,Phenacetin,GC-MS
SMP-00364,10.39,17045.4,4150.6,4315.3,0.0177,Salicylic Acid,GC-MS
SMP-00364,12.16,57655.9,10598.2,10549.8,0.057,Chlorpheniramine,GC-MS
SMP-00365,1.22,12714.9,3380.6,3475.1,0.0127,Uracil,GC-MS
SMP-00365,2.78,55996.8,10652.3,11362.9,0.0556,Acetaminophen,GC-MS
SMP-00365,4.21,86206.5,13921.2,14133.8,0.0861,Caffeine,GC-MS
SMP-00365,5.62,24195.2,5312.1,5335.1,0.0235,Aspirin,GC-MS
SMP-00365,7.22,65200.7,10300.2,10631.5,0.0672,Benzoic Acid,GC-MS
SMP-00365,8.93,31667.0,6562.1,6844.0,0.0311,Phenacetin,GC-MS
SMP-00365,10.47,15981.5,3941.7,3938.1,0.016,Salicylic Acid,GC-MS
SMP-00365,12.12,53487.5,9751.3,10204.7,0.0511,Chlorpheniramine,GC-MS
SMP-00366,1.27,13220.7,3263.6,3351.3,0.0131,Uracil,GC-MS
SMP-00366,2.79,55327.9,11021.7,11376.7,0.0529,Acetaminophen,GC-MS
SMP-00366,4.2,81632.8,13205.9,13571.1,0.0821,Caffeine,GC-MS
SMP-00366,5.59,24282.7,5279.7,5462.0,0.0249,Aspirin,GC-MS
SMP-00366,7.21,74566.7,12327.9,12999.1,0.0755,Benzoic Acid,GC-MS
SMP-00366,8.98,34404.2,6672.7,6907.0,0.0345,Phenacetin,GC-MS
SMP-00366,10.39,12944.6,3005.9,3197.9,0.0134,Salicylic Acid,GC-MS
SMP-00366,12.08,55710.8,9832.1,9866.5,0.0564,Chlorpheniramine,GC-MS
SMP-00367,1.22,10960.3,2790.5,2775.1,0.0106,Uracil,GC-MS
SMP-00367,2.82,35023.5,6599.2,6969.5,0.0352,Acetaminophen,GC-MS
SMP-00367,4.19,78393.2,13455.1,13322.1,0.0764,Caffeine,GC-MS
SMP-00367,5.6,23032.2,4951.8,5295.5,0.0232,Aspirin,GC-MS
SMP-00367,7.19,72642.4,12129.5,12300.3,0.0711,Benzoic Acid,GC-MS
SMP-00367,8.94,29144.4,6163.8,6156.7,0.0289,Phenacetin,GC-MS
SMP-00367,10.37,15813.8,3872.5,4152.0,0.0163,Salicylic Acid,GC-MS
SMP-00367,12.1,51218.8,9418.3,9606.0,0.0528,Chlorpheniramine,GC-MS
SMP-00368,1.28,14721.3,3628.0,3763.2,0.0145,Uracil,GC-MS
SMP-00368,2.8,47030.2,9078.6,9179.5,0.0471,Acetaminophen,GC-MS
SMP-00368,4.16,79678.7,12541.2,13257.6,0.0809,Caffeine,GC-MS
SMP-00368,5.58,18943.3,4290.6,4248.7,0.0178,Aspirin,GC-MS
SMP-00368,7.18,67000.2,11314.6,11385.1,0.0647,Benzoic Acid,GC-MS
SMP-00368,8.92,31478.7,6516.7,6991.5,0.0309,Phenacetin,GC-MS
SMP-00368,10.39,54076.1,11641.1,15005.8,0.0531,Salicylic Acid,GC-MS
SMP-00368,12.12,58277.4,11009.5,11275.4,0.0589,Chlorpheniramine,GC-MS
SMP-00369,1.28,12717.6,3427.3,3588.1,0.013,Uracil,GC-MS
SMP-00369,2.8,51554.0,9701.3,9926.9,0.0515,Acetaminophen,GC-MS
SMP-00369,4.13,87222.0,13858.3,14682.5,0.0887,Caffeine,GC-MS
SMP-00369,5.66,21491.8,4794.8,5019.4,0.0212,Aspirin,GC-MS
SMP-00369,7.2,65315.5,10935.3,11677.5,0.0636,Benzoic Acid,GC-MS
SMP-00369,8.98,30389.0,6437.4,6541.3,0.0305,Phenacetin,GC-MS
SMP-00369,10.37,14442.0,3604.8,3709.1,0.0142,Salicylic Acid,GC-MS
SMP-00369,12.12,49986.9,8972.2,9010.2,0.0484,Chlorpheniramine,GC-MS
SMP-00370,1.24,13115.2,3159.6,3241.6,0.0131,Uracil,GC-MS
SMP-00370,2.76,58733.0,10979.7,11220.0,0.0593,Acetaminophen,GC-MS
SMP-00370,4.15,81466.8,12520.8,13102.9,0.0836,Caffeine,GC-MS
SMP-00370,5.61,152796.8,27666.0,29857.5,0.1538,Aspirin,GC-MS
SMP-00370,7.22,250630.5,41514.7,42483.6,0.2458,Benzoic Acid,GC-MS
SMP-00370,8.95,27049.4,5671.8,6030.5,0.0277,Phenacetin,GC-MS
SMP-00370,10.38,14731.2,3611.3,3660.3,0.0144,Salicylic Acid,GC-MS
SMP-00370,12.11,60325.2,10890.1,11162.7,0.0584,Chlorpheniramine,GC-MS
SMP-00371,1.33,12714.6,3065.3,3300.1,0.0129,Uracil,GC-MS
SMP-00371,2.81,45736.6,9442.2,9724.0,0.0439,Acetaminophen,GC-MS
SMP-00371,4.16,93791.3,15696.9,15539.2,0.0945,Caffeine,GC-MS
SMP-00371,5.57,21945.3,5141.7,5236.2,0.0218,Aspirin,GC-MS
SMP-00371,7.23,59865.6,10239.4,10666.4,0.0596,Benzoic Acid,GC-MS
SMP-00371,8.99,32976.0,6440.2,6992.6,0.0334,Phenacetin,GC-MS
SMP-00371,10.41,17310.7,4347.3,4465.4,0.0174,Salicylic Acid,GC-MS
SMP-00371,12.12,52305.8,9395.2,9578.4,0.0517,Chlorpheniramine,GC-MS
SMP-00372,1.23,14410.4,3690.7,3768.0,0.0147,Uracil,GC-MS
SMP-00372,2.83,45869.2,8586.0,8860.7,0.0448,Acetaminophen,GC-MS
SMP-00372,4.2,588961.3,82749.8,110782.8,0.5789,Caffeine,GC-MS
SMP-00372,5.62,21752.3,4942.5,4981.3,0.0217,Aspirin,GC-MS
SMP-00372,7.18,78131.5,13085.9,13127.9,0.0767,Benzoic Acid,GC-MS
SMP-00372,8.92,30859.5,6192.7,6598.0,0.0306,Phenacetin,GC-MS
SMP-00372,10.42,17263.9,4298.5,4389.1,0.0169,Salicylic Acid,GC-MS
SMP-00372,12.15,60420.8,10923.0,11154.3,0.0612,Chlorpheniramine,GC-MS
SMP-00373,1.29,13594.7,3550.1,3588.0,0.0136,Uracil,GC-MS
SMP-00373,2.82,46923.4,9172.6,9298.7,0.0462,Acetaminophen,GC-MS
SMP-00373,4.14,94427.9,14717.5,15467.2,0.0937,Caffeine,GC-MS
SMP-00373,5.66,23940.5,5371.6,5417.1,0.0234,Aspirin,GC-MS
SMP-00373,7.2,49704.1,8414.9,8488.1,0.0498,Benzoic Acid,GC-MS
SMP-00373,8.95,34349.1,6981.4,7209.4,0.0349,Phenacetin,GC-MS
SMP-00373,10.42,15791.3,3790.8,3806.1,0.0163,Salicylic Acid,GC-MS
SMP-00373,12.11,54893.3,9796.2,9506.7,0.0547,Chlorpheniramine,GC-MS
SMP-00374,1.24,12050.1,2891.9,2929.1,0.0125,Uracil,GC-MS
SMP-00374,2.82,39471.4,7854.6,8223.5,0.0392,Acetaminophen,GC-MS
SMP-00374,4.15,84156.6,12959.4,13105.8,0.0838,Caffeine,GC-MS
SMP-00374,5.61,17726.1,3889.6,4065.6,0.017,Aspirin,GC-MS
SMP-00374,7.27,68662.3,11481.1,12105.5,0.0701,Benzoic Acid,GC-MS
SMP-00374,8.94,37114.2,7146.5,7627.3,0.036,Phenacetin,GC-MS
SMP-00374,10.39,18491.9,4659.9,4757.9,0.0189,Salicylic Acid,GC-MS
SMP-00374,12.11,51541.1,9537.2,9782.4,0.053,Chlorpheniramine,GC-MS
SMP-00375,1.23,13977.4,3507.4,3572.7,0.014,Uracil,GC-MS
SMP-00375,2.77,47974.1,8762.0,8850.6,0.0481,Acetaminophen,GC-MS
SMP-00375,4.22,85550.7,14169.1,14688.6,0.084,Caffeine,GC-MS
SMP-00375,5.61,20930.1,4733.0,4915.0,0.0217,Aspirin,GC-MS
SMP-00375,7.19,81762.7,13912.3,14328.9,0.0815,Benzoic Acid,GC-MS
SMP-00375,8.95,34318.4,6949.1,7107.3,0.0329,Phenacetin,GC-MS
SMP-00375,10.39,15068.3,3628.4,3692.1,0.0147,Salicylic Acid,GC-MS
SMP-00375,12.06,174087.4,26016.9,30794.5,0.1713,Chlorpheniramine,GC-MS
SMP-00376,1.23,13723.2,3394.0,3490.6,0.0133,Uracil,GC-MS
SMP-00376,2.8,46788.3,8617.5,8776.4,0.0466,Acetaminophen,GC-MS
SMP-00376,4.22,77895.2,12414.7,12727.1,0.0766,Caffeine,GC-MS
SMP-00376,5.58,22419.2,4780.3,5017.0,0.0222,Aspirin,GC-MS
SMP-00376,7.16,71951.5,12258.2,12857.7,0.0716,Benzoic Acid,GC-MS
SMP-00376,8.94,30218.6,6234.9,6306.4,0.0306,Phenacetin,GC-MS
SMP-00376,10.38,16170.8,3952.1,4037.2,0.0168,Salicylic Acid,GC-MS
SMP-00376,12.11,50302.5,9143.0,9225.1,0.0503,Chlorpheniramine,GC-MS
SMP-00377,1.27,12085.1,3052.6,3140.9,0.0124,Uracil,GC-MS
SMP-00377,2.81,42497.9,8193.4,8389.2,0.0422,Acetaminophen,GC-MS
SMP-00377,4.2,91510.8,13938.3,14684.1,0.0914,Caffeine,GC-MS
SMP-00377,5.52,22801.1,4990.3,5095.1,0.0221,Aspirin,GC-MS
SMP-00377,7.24,53941.5,8936.5,9224.4,0.0539,Benzoic Acid,GC-MS
SMP-00377,8.94,28797.3,5933.0,6191.2,0.0284,Phenacetin,GC-MS
SMP-00377,10.37,17049.1,4189.3,4353.1,0.0169,Salicylic Acid,GC-MS
SMP-00377,12.08,56577.5,10638.3,10658.4,0.0563,Chlorpheniramine,GC-MS
SMP-00378,1.2,10677.0,2849.1,2780.4,0.0107,Uracil,GC-MS
SMP-00378,2.8,50776.4,10152.0,10210.3,0.0517,Acetaminophen,GC-MS
SMP-00378,4.15,85611.9,13899.5,14488.3,0.0851,Caffeine,GC-MS
SMP-00378,5.59,25367.8,5610.8,5804.5,0.0256,Aspirin,GC-MS
SMP-00378,7.26,58190.6,10177.4,10547.3,0.0564,Benzoic Acid,GC-MS
SMP-00378,8.95,25574.7,5261.3,5492.5,0.0262,Phenacetin,GC-MS
SMP-00378,10.4,15625.6,3836.3,3979.3,0.0152,Salicylic Acid,GC-MS
SMP-00378,12.16,55153.5,10403.7,10956.2,0.0554,Chlorpheniramine,GC-MS
SMP-00379,1.25,12751.4,3242.6,3256.0,0.0127,Uracil,GC-MS
SMP-00379,2.81,48530.4,9640.6,9829.2,0.0476,Acetaminophen,GC-MS
SMP-00379,4.16,89088.6,14793.8,15030.1,0.0892,Caffeine,GC-MS
SMP-00379,5.62,20871.3,4580.7,4762.2,0.0208,Aspirin,GC-MS
SMP-00379,7.17,63299.2,10482.4,10907.8,0.0619,Benzoic Acid,GC-MS
SMP-00379,8.91,27505.3,5704.7,5856.4,0.0265,Phenacetin,GC-MS
SMP-00379,10.42,16376.7,3907.1,4111.5,0.0163,Salicylic Acid,GC-MS
SMP-00379,12.08,54461.9,9886.4,9975.6,0.0552,Chlorpheniramine,GC-MS
SMP-00380,1.24,13589.3,3498.0,3634.8,0.0137,Uracil,GC-MS
SMP-00380,2.8,50394.3,10019.9,10241.7,0.049,Acetaminophen,GC-MS
SMP-00380,4.13,95137.0,15726.6,15877.2,0.0938,Caffeine,GC-MS
SMP-00380,5.64,19433.1,4308.9,4555.4,0.0199,Aspirin,GC-MS
SMP-00380,7.21,69520.6,11439.5,12009.5,0.0684,Benzoic Acid,GC-MS
SMP-00380,8.98,31226.4,6444.9,6658.8,0.0302,Phenacetin,GC-MS
SMP-00380,10.37,16960.2,4280.4,4421.7,0.0174,Salicylic Acid,GC-MS
SMP-00380,12.09,58370.6,10702.9,11051.2,0.0592,Chlorpheniramine,GC-MS
SMP-00381,1.24,12015.9,3024.9,3093.3,0.0121,Uracil,GC-MS
SMP-00381,2.83,36870.2,7202.2,7494.0,0.0377,Acetaminophen,GC-MS
SMP-00381,4.16,98615.1,15804.8,16201.0,0.1003,Caffeine,GC-MS
SMP-00381,5.6,25176.2,5763.2,5950.2,0.0254,Aspirin,GC-MS
SMP-00381,7.19,69265.0,11498.1,11927.9,0.0696,Benzoic Acid,GC-MS
SMP-00381,8.94,31144.6,6352.4,6700.3,0.0314,Phenacetin,GC-MS
SMP-00381,10.42,16515.7,3886.4,4038.0,0.017,Salicylic Acid,GC-MS
SMP-00381,12.13,60457.2,10789.1,11266.1,0.0602,Chlorpheniramine,GC-MS
SMP-00382,1.28,14350.0,3684.7,3879.5,0.0141,Uracil,GC-MS
SMP-00382,2.78,54381.0,9891.1,10323.3,0.0541,Acetaminophen,GC-MS
SMP-00382,4.12,76505.8,12164.3,12494.4,0.0782,Caffeine,GC-MS
SMP-00382,5.63,24835.1,5727.5,5871.8,0.025,Aspirin,GC-MS
SMP-00382,7.18,73481.4,12329.8,12339.3,0.072,Benzoic Acid,GC-MS
SMP-00382,9.03,31217.6,5968.4,5908.5,0.0318,Phenacetin,GC-MS
SMP-00382,10.37,18160.1,4279.6,4412.6,0.0182,Salicylic Acid,GC-MS
SMP-00382,12.09,53507.8,9293.7,9508.4,0.0538,Chlorpheniramine,GC-MS
SMP-00383,1.23,11178.0,3048.7,3153.4,0.0116,Uracil,GC-MS
SMP-00383,2.84,42848.8,8041.5,8230.4,0.0431,Acetaminophen,GC-MS
SMP-00383,4.14,80081.3,12804.3,13373.2,0.0764,Caffeine,GC-MS
SMP-00383,5.65,24494.0,5532.2,5806.5,0.0244,Aspirin,GC-MS
SMP-00383,7.18,66988.2,11198.0,11828.3,0.0658,Benzoic Acid,GC-MS
SMP-00383,8.95,32117.9,6591.9,6633.4,0.0315,Phenacetin,GC-MS
SMP-00383,10.42,17209.4,4199.8,4251.0,0.0173,Salicylic Acid,GC-MS
SMP-00383,12.1,59328.6,10391.9,10548.9,0.0597,Chlorpheniramine,GC-MS
SMP-00384,1.25,12611.8,3206.5,3315.9,0.0126,Uracil,GC-MS
SMP-00384,2.83,46951.6,9295.6,9686.4,0.0476,Acetaminophen,GC-MS
SMP-00384,4.17,90408.2,14013.7,14469.5,0.0891,Caffeine,GC-MS
SMP-00384,5.61,17324.3,3792.8,3836.5,0.0172,Aspirin,GC-MS
SMP-00384,7.2,72288.8,12640.1,12818.8,0.071,Benzoic Acid,GC-MS
SMP-00384,9.0,26043.8,5411.7,5554.7,0.0263,Phenacetin,GC-MS
SMP-00384,10.38,14619.5,3455.5,3500.3,0.0145,Salicylic Acid,GC-MS
SMP-00384,12.13,61218.0,11275.0,11909.4,0.0604,Chlorpheniramine,GC-MS
SMP-00385,1.2,14969.1,3706.4,3783.1,0.0154,Uracil,GC-MS
SMP-00385,2.85,178959.5,33891.7,32547.3,0.1715,Acetaminophen,GC-MS
SMP-00385,4.17,97495.8,15847.5,16797.5,0.0994,Caffeine,GC-MS
SMP-00385,5.7,23301.3,5002.3,5204.0,0.0226,Aspirin,GC-MS
SMP-00385,7.17,82012.0,13995.4,13964.5,0.082,Benzoic Acid,GC-MS
SMP-00385,8.92,32273.1,6786.7,6983.6,0.0332,Phenacetin,GC-MS
SMP-00385,10.41,16584.8,3930.3,4117.1,0.0168,Salicylic Acid,GC-MS
SMP-00385,12.07,55554.1,10149.7,10518.1,0.0553,Chlorpheniramine,GC-MS
SMP-00386,1.24,10710.2,2745.8,2818.2,0.0108,Uracil,GC-MS
SMP-00386,2.8,40985.1,7623.8,7682.6,0.0406,Acetaminophen,GC-MS
SMP-00386,4.15,87746.8,15658.5,15858.9,0.0814,Caffeine,GC-MS
SMP-00386,5.59,25900.1,5679.4,5863.5,0.0263,Aspirin,GC-MS
SMP-00386,7.17,66733.2,11132.7,11302.6,0.0652,Benzoic Acid,GC-MS
SMP-00386,8.97,28392.1,5548.5,5539.5,0.0295,Phenacetin,GC-MS
SMP-00386,10.37,17324.4,4311.0,4458.0,0.0174,Salicylic Acid,GC-MS
SMP-00386,12.09,54436.1,9843.2,9986.0,0.0547,Chlorpheniramine,GC-MS
SMP-00387,1.33,10633.1,2726.5,2804.0,0.0103,Uracil,GC-MS
SMP-00387,2.75,51738.7,9660.4,10069.8,0.0518,Acetaminophen,GC-MS
SMP-00387,4.12,83996.6,13812.3,14390.7,0.083,Caffeine,GC-MS
SMP-00387,5.58,24309.9,5150.2,5340.2,0.0247,Aspirin,GC-MS
SMP-00387,7.18,72166.2,12577.8,13235.3,0.0739,Benzoic Acid,GC-MS
SMP-00387,8.93,27003.5,5293.2,5313.8,0.0269,Phenacetin,GC-MS
SMP-00387,10.37,13052.8,3291.8,3481.5,0.013,Salicylic Acid,GC-MS
SMP-00387,12.13,64505.1,11674.7,11919.3,0.0656,Chlorpheniramine,GC-MS
SMP-00388,1.19,11057.7,2930.1,3043.6,0.0108,Uracil,GC-MS
SMP-00388,2.85,38552.7,7454.5,7328.4,0.0388,Acetaminophen,GC-MS
SMP-00388,4.15,89667.8,14201.7,14533.4,0.0881,Caffeine,GC-MS
SMP-00388,5.61,25433.2,5736.1,5812.1,0.0256,Aspirin,GC-MS
SMP-00388,7.19,66043.8,10556.2,11354.4,0.0654,Benzoic Acid,GC-MS
SMP-00388,8.95,35403.7,7113.2,7234.4,0.0341,Phenacetin,GC-MS
SMP-00388,10.43,15024.5,3770.0,3976.7,0.015,Salicylic Acid,GC-MS
SMP-00388,12.1,44509.1,8426.4,8766.9,0.0461,Chlorpheniramine,GC-MS
SMP-00389,1.25,12638.7,3196.1,3237.2,0.0134,Uracil,GC-MS
SMP-00389,2.83,45552.8,8796.6,9086.6,0.0457,Acetaminophen,GC-MS
SMP-00389,4.13,102417.9,17054.5,17128.7,0.1023,Caffeine,GC-MS
SMP-00389,5.55,21134.7,4732.0,4742.7,0.0216,Aspirin,GC-MS
SMP-00389,7.19,47418.2,7766.6,7675.0,0.046,Benzoic Acid,GC-MS
SMP-00389,8.95,33657.3,6970.3,7320.8,0.0334,Phenacetin,GC-MS
SMP-00389,10.43,17181.9,4244.7,4396.4,0.0174,Salicylic Acid,GC-MS
SMP-00389,12.1,63935.0,11282.1,11825.6,0.0644,Chlorpheniramine,GC-MS
SMP-00390,1.22,12348.5,3258.5,3298.6,0.0124,Uracil,GC-MS
SMP-00390,2.79,45002.5,9194.6,9560.4,0.0453,Acetaminophen,GC-MS
SMP-00390,4.2,70891.3,10925.6,10987.1,0.0707,Caffeine,GC-MS
SMP-00390,5.63,17319.8,3792.5,3885.1,0.018,Aspirin,GC-MS
SMP-00390,7.16,55224.2,8905.8,9326.2,0.0558,Benzoic Acid,GC-MS
SMP-00390,8.96,31402.5,6478.9,6814.6,0.0311,Phenacetin,GC-MS
SMP-00390,10.46,14471.1,3631.4,3640.6,0.0142,Salicylic Acid,GC-MS
SMP-00390,12.13,47730.0,8537.9,8826.8,0.0489,Chlorpheniramine,GC-MS
SMP-00391,1.2,13028.1,3272.7,3499.0,0.013,Uracil,GC-MS
SMP-00391,2.86,43822.0,8308.8,8671.4,0.0448,Acetaminophen,GC-MS
SMP-00391,4.19,428609.7,60092.1,64357.1,0.4333,Caffeine,GC-MS
SMP-00391,5.62,19913.8,4248.6,4303.3,0.0196,Aspirin,GC-MS
SMP-00391,7.21,80652.2,13074.8,13752.2,0.0807,Benzoic Acid,GC-MS
SMP-00391,8.96,26161.7,5553.4,5817.0,0.026,Phenacetin,GC-MS
SMP-00391,10.38,17386.8,4173.4,4282.8,0.0172,Salicylic Acid,GC-MS
SMP-00391,12.11,61913.9,10849.5,11406.1,0.0648,Chlorpheniramine,GC-MS
SMP-00392,1.28,13520.0,3404.8,3498.5,0.0136,Uracil,GC-MS
SMP-00392,2.87,47048.3,9268.2,9957.0,0.0474,Acetaminophen,GC-MS
SMP-00392,4.16,99351.7,16106.3,16822.3,0.0972,Caffeine,GC-MS
SMP-00392,5.62,24458.4,5494.4,5754.5,0.0241,Aspirin,GC-MS
SMP-00392,7.14,75749.6,12399.6,12792.5,0.0759,Benzoic Acid,GC-MS
SMP-00392,8.96,34031.0,7007.4,7160.5,0.0342,Phenacetin,GC-MS
SMP-00392,10.44,17670.3,4307.7,4502.2,0.0176,Salicylic Acid,GC-MS
SMP-00392,12.12,56399.7,9870.5,9769.7,0.0557,Chlorpheniramine,GC-MS
SMP-00393,1.24,13830.7,3482.3,3654.3,0.0135,Uracil,GC-MS
SMP-00393,2.78,44748.3,8813.7,9141.2,0.0455,Acetaminophen,GC-MS
SMP-00393,4.14,90127.7,15127.8,15223.0,0.0908,Caffeine,GC-MS
SMP-00393,5.65,19813.1,4642.4,4711.0,0.0195,Aspirin,GC-MS
SMP-00393,7.18,59054.8,10071.6,9999.8,0.0574,Benzoic Acid,GC-MS
SMP-00393,8.94,31421.7,6346.2,6546.9,0.0305,Phenacetin,GC-MS
SMP-00393,10.42,12325.4,3017.1,3156.9,0.0125,Salicylic Acid,GC-MS
SMP-00393,12.11,44995.6,7529.8,7972.7,0.0466,Chlorpheniramine,GC-MS
SMP-00394,1.27,13166.2,3240.4,3298.6,0.0134,Uracil,GC-MS
SMP-00394,2.82,45942.2,8557.0,8850.4,0.0461,Acetaminophen,GC-MS
SMP-00394,4.14,88592.9,14860.1,15236.6,0.0903,Caffeine,GC-MS
SMP-00394,5.62,24769.8,5539.1,5876.2,0.0248,Aspirin,GC-MS
SMP-00394,7.21,70394.7,12315.1,12580.8,0.0717,Benzoic Acid,GC-MS
SMP-00394,8.92,37994.7,7852.1,8239.7,0.0383,Phenacetin,GC-MS
SMP-00394,10.47,14324.4,3367.0,3514.0,0.0142,Salicylic Acid,GC-MS
SMP-00394,12.1,47252.9,8260.8,8538.0,0.047,Chlorpheniramine,GC-MS
SMP-00395,1.24,12502.8,3226.5,3414.4,0.0126,Uracil,GC-MS
SMP-00395,2.84,41065.7,7819.0,8078.3,0.0401,Acetaminophen,GC-MS
SMP-00395,4.15,98926.5,15999.5,16912.9,0.0958,Caffeine,GC-MS
SMP-00395,5.6,23824.8,5132.8,5158.2,0.0235,Aspirin,GC-MS
SMP-00395,7.14,76098.4,12312.5,11942.3,0.0771,Benzoic Acid,GC-MS
SMP-00395,8.98,36498.3,7506.6,7640.7,0.0362,Phenacetin,GC-MS
SMP-00395,10.41,13853.8,3433.4,3523.5,0.0135,Salicylic Acid,GC-MS
SMP-00395,12.15,47563.9,8734.5,8885.4,0.047,Chlorpheniramine,GC-MS
SMP-00396,1.25,12028.9,3121.7,3224.2,0.0124,Uracil,GC-MS
SMP-00396,2.76,41377.1,8108.7,8210.9,0.0411,Acetaminophen,GC-MS
SMP-00396,4.13,91529.6,14503.2,15288.9,0.0907,Caffeine,GC-MS
SMP-00396,5.56,20645.5,4481.8,4650.0,0.0201,Aspirin,GC-MS
SMP-00396,7.2,55488.7,9142.3,9547.1,0.0541,Benzoic Acid,GC-MS
SMP-00396,8.89,35503.1,7117.9,7411.7,0.0361,Phenacetin,GC-MS
SMP-00396,10.4,16722.0,4082.7,3932.7,0.0173,Salicylic Acid,GC-MS
SMP-00396,12.11,56813.5,10429.7,11124.1,0.0566,Chlorpheniramine,GC-MS
SMP-00397,1.24,12894.0,3338.6,3411.7,0.0132,Uracil,GC-MS
SMP-00397,2.82,41312.4,8195.8,8265.8,0.041,Acetaminophen,GC-MS
SMP-00397,4.14,109800.8,17875.4,18424.5,0.1101,Caffeine,GC-MS
SMP-00397,5.58,22964.5,4987.1,5121.6,0.0229,Aspirin,GC-MS
SMP-00397,7.21,70342.0,11649.3,11702.7,0.0709,Benzoic Acid,GC-MS
SMP-00397,8.94,30493.4,6166.0,6351.5,0.0311,Phenacetin,GC-MS
SMP-00397,10.39,16480.8,3780.6,3742.8,0.0164,Salicylic Acid,GC-MS
SMP-00397,12.16,56917.5,9685.3,9964.9,0.0578,Chlorpheniramine,GC-MS
SMP-00398,1.22,12706.7,3258.3,3370.8,0.0121,Uracil,GC-MS
SMP-00398,2.77,45846.7,8744.2,9179.7,0.0454,Acetaminophen,GC-MS
SMP-00398,4.2,99638.5,16101.3,16271.7,0.0977,Caffeine,GC-MS
SMP-00398,5.61,25217.0,5582.4,5544.6,0.026,Aspirin,GC-MS
SMP-00398,7.18,57432.0,9741.1,9882.4,0.056,Benzoic Acid,GC-MS
SMP-00398,8.99,33156.8,6972.7,7125.0,0.0323,Phenacetin,GC-MS
SMP-00398,10.44,16189.6,3833.8,3941.7,0.0162,Salicylic Acid,GC-MS
SMP-00398,12.07,54763.4,9982.0,9834.1,0.0551,Chlorpheniramine,GC-MS
SMP-00399,1.23,13108.2,3380.7,3533.7,0.0129,Uracil,GC-MS
SMP-00399,2.74,37888.6,7355.6,7668.9,0.0381,Acetaminophen,GC-MS
SMP-00399,4.18,99793.5,16437.2,17125.1,0.1017,Caffeine,GC-MS
SMP-00399,5.6,23452.7,5021.4,5281.6,0.0223,Aspirin,GC-MS
SMP-00399,7.22,63033.7,10381.4,10688.8,0.0641,Benzoic Acid,GC-MS
SMP-00399,8.97,32226.0,6664.3,6960.8,0.0316,Phenacetin,GC-MS
SMP-00399,10.37,13029.8,3191.5,3255.9,0.0132,Salicylic Acid,GC-MS
SMP-00399,12.06,46856.9,8465.9,8757.0,0.0462,Chlorpheniramine,GC-MS
SMP-00400,1.28,10932.3,3002.4,3191.9,0.0111,Uracil,GC-MS
SMP-00400,2.84,45780.8,8793.9,8679.1,0.0464,Acetaminophen,GC-MS
SMP-00400,4.13,81597.1,13902.9,14515.0,0.0812,Caffeine,GC-MS
SMP-00400,5.6,22265.6,4958.8,5198.0,0.0227,Aspirin,GC-MS
SMP-00400,7.2,68688.2,11349.2,11486.4,0.0705,Benzoic Acid,GC-MS
SMP-00400,8.93,33399.7,6780.4,7072.5,0.0332,Phenacetin,GC-MS
SMP-00400,10.41,16177.3,3946.4,4116.0,0.0159,Salicylic Acid,GC-MS
SMP-00400,12.13,63289.4,11567.0,11393.0,0.0625,Chlorpheniramine,GC-MS
SMP-00401,1.29,12707.6,3308.0,3476.7,0.0131,Uracil,GC-MS
SMP-00401,2.82,45541.3,9309.2,9246.6,0.0446,Acetaminophen,GC-MS
SMP-00401,4.22,99047.9,15103.2,16133.2,0.1001,Caffeine,GC-MS
SMP-00401,5.61,21998.6,4890.4,5031.1,0.0224,Aspirin,GC-MS
SMP-00401,7.29,66660.7,11096.7,11105.0,0.0674,Benzoic Acid,GC-MS
SMP-00401,8.94,37610.8,7579.6,7867.2,0.0373,Phenacetin,GC-MS
SMP-00401,10.37,16448.9,3860.8,4020.0,0.0165,Salicylic Acid,GC-MS
SMP-00401,12.14,54700.5,10473.0,10914.8,0.0549,Chlorpheniramine,GC-MS
SMP-00402,1.19,10382.6,2643.9,2651.1,0.0102,Uracil,GC-MS
SMP-00402,2.74,47973.1,9734.3,10051.8,0.0472,Acetaminophen,GC-MS
SMP-00402,4.16,97125.0,16048.0,16315.0,0.0948,Caffeine,GC-MS
SMP-00402,5.59,22976.7,5142.0,5235.4,0.0226,Aspirin,GC-MS
SMP-00402,7.22,76539.5,13212.1,14190.6,0.0765,Benzoic Acid,GC-MS
SMP-00402,8.95,32422.4,6639.8,6640.4,0.0325,Phenacetin,GC-MS
SMP-00402,10.42,14788.8,3666.7,3788.5,0.0145,Salicylic Acid,GC-MS
SMP-00402,12.08,50836.8,9325.9,9703.2,0.0505,Chlorpheniramine,GC-MS
SMP-00403,1.25,13651.6,3499.2,3625.6,0.014,Uracil,GC-MS
SMP-00403,2.83,45577.4,9099.6,9551.4,0.0458,Acetaminophen,GC-MS
SMP-00403,4.16,88571.5,14166.2,14378.7,0.0881,Caffeine,GC-MS
SMP-00403,5.61,26350.7,5589.9,5614.1,0.0262,Aspirin,GC-MS
SMP-00403,7.23,304642.4,54900.4,52397.7,0.3052,Benzoic Acid,GC-MS
SMP-00403,8.95,31526.6,6471.8,6799.5,0.0322,Phenacetin,GC-MS
SMP-00403,10.38,17650.4,4225.5,4353.3,0.018,Salicylic Acid,GC-MS
SMP-00403,12.13,59191.4,10186.6,10366.6,0.0599,Chlorpheniramine,GC-MS
SMP-00404,1.23,12390.5,3346.0,3428.5,0.0123,Uracil,GC-MS
SMP-00404,2.8,43350.5,8711.2,9138.9,0.0425,Acetaminophen,GC-MS
SMP-00404,4.15,96826.0,16541.3,17328.2,0.0968,Caffeine,GC-MS
SMP-00404,5.65,18333.2,4022.5,4205.8,0.0173,Aspirin,GC-MS
SMP-00404,7.24,64656.5,11037.9,11038.7,0.0649,Benzoic Acid,GC-MS
SMP-00404,8.98,31383.7,6536.3,6613.5,0.0307,Phenacetin,GC-MS
SMP-00404,10.41,18289.6,4583.4,4768.5,0.018,Salicylic Acid,GC-MS
SMP-00404,12.04,49984.0,9025.0,9300.9,0.0496,Chlorpheniramine,GC-MS
SMP-00405,1.22,11038.9,2893.8,3100.6,0.0113,Uracil,GC-MS
SMP-00405,2.79,47002.1,9523.9,9470.3,0.0469,Acetaminophen,GC-MS
SMP-00405,4.14,385349.6,58654.0,59194.7,0.3913,Caffeine,GC-MS
SMP-00405,5.61,21457.4,4571.9,4738.3,0.0211,Aspirin,GC-MS
SMP-00405,7.16,68710.1,11421.4,11838.9,0.0672,Benzoic Acid,GC-MS
SMP-00405,9.01,22146.1,4743.9,4942.6,0.0209,Phenacetin,GC-MS
SMP-00405,10.39,15997.0,3847.5,3985.4,0.0158,Salicylic Acid,GC-MS
SMP-00405,12.14,47079.8,8243.0,8484.7,0.0469,Chlorpheniramine,GC-MS
SMP-00406,1.25,11551.2,2958.9,2968.9,0.0116,Uracil,GC-MS
SMP-00406,2.8,35384.5,6778.9,6915.9,0.036,Acetaminophen,GC-MS
SMP-00406,4.17,90321.0,14591.6,15033.3,0.0925,Caffeine,GC-MS
SMP-00406,5.59,22156.7,5047.1,5303.1,0.0228,Aspirin,GC-MS
SMP-00406,7.2,56386.5,9521.7,9982.6,0.055,Benzoic Acid,GC-MS
SMP-00406,8.97,30930.3,6148.9,6522.7,0.031,Phenacetin,GC-MS
SMP-00406,10.41,15669.2,3710.2,3763.5,0.0155,Salicylic Acid,GC-MS
SMP-00406,12.14,62110.5,11415.7,11784.3,0.063,Chlorpheniramine,GC-MS
SMP-00407,1.26,12048.9,3000.3,3228.9,0.0125,Uracil,GC-MS
SMP-00407,2.79,41454.2,8244.8,8481.5,0.0422,Acetaminophen,GC-MS
SMP-00407,4.09,74562.2,11810.7,12566.2,0.0754,Caffeine,GC-MS
SMP-00407,5.6,21155.8,5125.7,5302.1,0.0208,Aspirin,GC-MS
SMP-00407,7.24,71162.0,12072.5,12680.9,0.0713,Benzoic Acid,GC-MS
SMP-00407,8.93,29439.2,6200.9,6475.7,0.0301,Phenacetin,GC-MS
SMP-00407,10.33,13686.6,3168.8,3353.9,0.0141,Salicylic Acid,GC-MS
SMP-00407,12.12,45580.0,8293.1,8352.6,0.0441,Chlorpheniramine,GC-MS
SMP-00408,1.25,14024.8,3702.0,3863.9,0.0137,Uracil,GC-MS
SMP-00408,2.83,37758.8,7336.1,7586.0,0.0383,Acetaminophen,GC-MS
SMP-00408,4.16,71102.0,10987.4,11413.0,0.0733,Caffeine,GC-MS
SMP-00408,5.58,121894.4,21464.6,24381.3,0.1211,Aspirin,GC-MS
SMP-00408,7.23,74550.1,12587.0,12799.7,0.0729,Benzoic Acid,GC-MS
SMP-00408,8.94,30715.4,6293.8,6800.1,0.0317,Phenacetin,GC-MS
SMP-00408,10.36,14479.8,3581.0,3644.5,0.0145,Salicylic Acid,GC-MS
SMP-00408,12.11,55805.7,10271.3,10655.2,0.0567,Chlorpheniramine,GC-MS
SMP-00409,1.24,10272.1,2495.6,2545.0,0.0102,Uracil,GC-MS
SMP-00409,2.8,42167.2,8612.8,8788.7,0.0421,Acetaminophen,GC-MS
SMP-00409,4.18,90179.5,14186.3,14283.8,0.0918,Caffeine,GC-MS
SMP-00409,5.63,24380.9,5553.8,5751.1,0.0241,Aspirin,GC-MS
SMP-00409,7.18,59089.1,10065.8,10051.8,0.059,Benzoic Acid,GC-MS
SMP-00409,8.96,28558.3,5613.2,5866.8,0.0286,Phenacetin,GC-MS
SMP-00409,10.36,13566.6,3194.4,3323.1,0.0134,Salicylic Acid,GC-MS
SMP-00409,12.03,52864.7,9640.7,9476.0,0.0539,Chlorpheniramine,GC-MS
SMP-00410,1.29,12252.8,3100.1,3230.1,0.0121,Uracil,GC-MS
SMP-00410,2.83,35929.0,6691.7,6705.3,0.0348,Acetaminophen,GC-MS
SMP-00410,4.12,94221.2,14917.8,15201.5,0.096,Caffeine,GC-MS
SMP-00410,5.57,25179.5,5313.4,5721.5,0.0251,Aspirin,GC-MS
SMP-00410,7.25,64712.1,10632.3,10867.5,0.0634,Benzoic Acid,GC-MS
SMP-00410,8.9,27451.6,5468.4,5471.9,0.0267,Phenacetin,GC-MS
SMP-00410,10.41,16593.5,3889.8,3940.3,0.0166,Salicylic Acid,GC-MS
SMP-00410,12.08,61629.9,10984.8,11378.9,0.0635,Chlorpheniramine,GC-MS
SMP-00411,1.28,11287.0,2820.6,2923.4,0.0115,Uracil,GC-MS
SMP-00411,2.8,41574.7,7501.4,7570.9,0.0433,Acetaminophen,GC-MS
SMP-00411,4.17,73312.6,11155.8,11352.7,0.0726,Caffeine,GC-MS
SMP-00411,5.62,26657.7,5574.6,5730.2,0.0272,Aspirin,GC-MS
SMP-00411,7.19,66934.0,11253.6,11337.5,0.0668,Benzoic Acid,GC-MS
SMP-00411,8.93,29981.9,6295.1,6478.3,0.0302,Phenacetin,GC-MS
SMP-00411,10.4,16400.5,3770.2,3914.2,0.0158,Salicylic Acid,GC-MS
SMP-00411,12.1,56855.8,10318.2,11007.7,0.0561,Chlorpheniramine,GC-MS
SMP-00412,1.27,12680.7,3328.2,3394.5,0.0126,Uracil,GC-MS
SMP-00412,2.78,49365.1,9532.9,9613.1,0.0482,Acetaminophen,GC-MS
SMP-00412,4.14,101021.3,16510.8,17193.7,0.1004,Caffeine,GC-MS
SMP-00412,5.58,23002.4,4962.8,4965.4,0.0239,Aspirin,GC-MS
SMP-00412,7.2,80270.0,13520.4,14258.7,0.0802,Benzoic Acid,GC-MS
SMP-00412,8.97,30717.2,6078.7,6233.1,0.0317,Phenacetin,GC-MS
SMP-00412,10.41,17726.6,4265.3,4530.2,0.0176,Salicylic Acid,GC-MS
SMP-00412,12.09,53543.7,9830.2,9739.9,0.0549,Chlorpheniramine,GC-MS
SMP-00413,1.25,10513.2,2841.7,2967.1,0.0108,Uracil,GC-MS
SMP-00413,2.81,41896.5,8558.2,8789.9,0.0407,Acetaminophen,GC-MS
SMP-00413,4.16,93953.1,14939.5,15210.5,0.0944,Caffeine,GC-MS
SMP-00413,5.58,26342.9,5684.5,5852.8,0.0257,Aspirin,GC-MS
SMP-00413,7.24,69064.7,10700.1,11246.4,0.0699,Benzoic Acid,GC-MS
SMP-00413,9.02,36472.1,7310.6,7303.3,0.0367,Phenacetin,GC-MS
SMP-00413,10.38,14131.8,3535.3,3703.9,0.0143,Salicylic Acid,GC-MS
SMP-00413,12.07,63233.3,11479.7,11889.0,0.0631,Chlorpheniramine,GC-MS
SMP-00414,1.27,12806.7,3294.4,3403.4,0.0124,Uracil,GC-MS
SMP-00414,2.78,49461.9,9505.4,10011.7,0.0489,Acetaminophen,GC-MS
SMP-00414,4.14,80604.8,13853.7,14246.8,0.0782,Caffeine,GC-MS
SMP-00414,5.6,23072.4,5162.2,5243.6,0.0232,Aspirin,GC-MS
SMP-00414,7.17,61534.0,10618.3,11130.8,0.0621,Benzoic Acid,GC-MS
SMP-00414,8.93,31614.8,6404.2,6564.0,0.0304,Phenacetin,GC-MS
SMP-00414,10.4,15240.1,3797.9,4055.3,0.0154,Salicylic Acid,GC-MS
SMP-00414,12.11,49843.8,8617.9,8876.6,0.0495,Chlorpheniramine,GC-MS
SMP-00415,1.24,16466.0,4212.1,4427.9,0.0162,Uracil,GC-MS
SMP-00415,2.81,49616.0,9823.8,10057.3,0.05,Acetaminophen,GC-MS
SMP-00415,4.16,94568.0,15748.2,16434.3,0.0961,Caffeine,GC-MS
SMP-00415,5.59,19676.3,4427.2,4756.2,0.0196,Aspirin,GC-MS
SMP-00415,7.18,67261.8,11020.9,11282.0,0.0668,Benzoic Acid,GC-MS
SMP-00415,8.96,36019.2,7445.4,7909.9,0.0373,Phenacetin,GC-MS
SMP-00415,10.44,15967.3,3876.0,4086.7,0.0161,Salicylic Acid,GC-MS
SMP-00415,12.1,57176.0,10590.8,10862.7,0.0587,Chlorpheniramine,GC-MS
SMP-00416,1.24,13673.2,3468.3,3614.7,0.014,Uracil,GC-MS
SMP-00416,2.75,34047.3,6077.8,6463.8,0.0334,Acetaminophen,GC-MS
SMP-00416,4.19,84766.9,14199.8,14740.8,0.0831,Caffeine,GC-MS
SMP-00416,5.6,23711.5,5159.7,5410.8,0.0241,Aspirin,GC-MS
SMP-00416,7.18,60333.0,9518.6,9892.0,0.0592,Benzoic Acid,GC-MS
SMP-00416,8.93,34935.4,7413.0,7811.9,0.0351,Phenacetin,GC-MS
SMP-00416,10.38,16584.9,3783.7,4160.3,0.0166,Salicylic Acid,GC-MS
SMP-00416,12.1,65282.3,11314.1,11346.3,0.0665,Chlorpheniramine,GC-MS
SMP-00417,1.25,10692.1,2857.9,2986.4,0.0104,Uracil,GC-MS
SMP-00417,2.79,52718.7,10319.1,10090.4,0.0506,Acetaminophen,GC-MS
SMP-00417,4.18,95906.7,16124.9,16976.4,0.0954,Caffeine,GC-MS
SMP-00417,5.6,19283.1,4444.6,4491.9,0.0193,Aspirin,GC-MS
SMP-00417,7.19,71575.4,12121.7,12727.1,0.0708,Benzoic Acid,GC-MS
SMP-00417,8.87,39978.1,8027.4,8171.9,0.0402,Phenacetin,GC-MS
SMP-00417,10.39,15376.9,3658.3,3660.7,0.0154,Salicylic Acid,GC-MS
SMP-00417,12.13,51837.7,9142.1,9239.6,0.0535,Chlorpheniramine,GC-MS
SMP-00418,1.26,11514.2,3002.6,3104.7,0.0119,Uracil,GC-MS
SMP-00418,2.79,45838.0,8639.7,8777.8,0.0453,Acetaminophen,GC-MS
SMP-00418,4.16,79089.3,13231.6,13706.5,0.0774,Caffeine,GC-MS
SMP-00418,5.57,25740.4,5764.9,6086.4,0.0245,Aspirin,GC-MS
SMP-00418,7.18,72523.3,12196.9,12638.5,0.0721,Benzoic Acid,GC-MS
SMP-00418,8.96,29336.2,5807.5,5909.5,0.0298,Phenacetin,GC-MS
SMP-00418,10.39,15790.0,3805.4,3917.1,0.0161,Salicylic Acid,GC-MS
SMP-00418,12.04,56592.7,10040.1,10191.9,0.0578,Chlorpheniramine,GC-MS
SMP-00419,1.27,11274.8,2889.3,2990.9,0.0114,Uracil,GC-MS
SMP-00419,2.82,45057.1,8408.9,8916.0,0.0447,Acetaminophen,GC-MS
SMP-00419,4.07,82816.0,13438.3,13610.9,0.0845,Caffeine,GC-MS
SMP-00419,5.62,25075.8,5517.0,5640.7,0.0259,Aspirin,GC-MS
SMP-00419,7.22,76150.9,12485.9,12705.5,0.0765,Benzoic Acid,GC-MS
SMP-00419,8.96,30009.1,6309.2,6291.7,0.031,Phenacetin,GC-MS
SMP-00419,10.41,17969.9,4474.4,4562.9,0.018,Salicylic Acid,GC-MS
SMP-00419,12.13,243882.9,40702.1,46944.7,0.2431,Chlorpheniramine,GC-MS
SMP-00420,1.28,11189.0,2862.3,2984.0,0.0113,Uracil,GC-MS
SMP-00420,2.8,46388.5,9096.1,9145.5,0.0473,Acetaminophen,GC-MS
SMP-00420,4.2,87807.1,14811.7,15054.7,0.0848,Caffeine,GC-MS
SMP-00420,5.57,24578.4,5292.1,5536.3,0.0257,Aspirin,GC-MS
SMP-00420,7.15,78043.0,12857.1,12847.5,0.0775,Benzoic Acid,GC-MS
SMP-00420,8.86,26063.9,5533.6,5689.9,0.0264,Phenacetin,GC-MS
SMP-00420,10.4,14985.9,3739.3,3927.3,0.015,Salicylic Acid,GC-MS
SMP-00420,12.08,47444.5,8955.6,9143.2,0.0476,Chlorpheniramine,GC-MS
SMP-00421,1.29,14429.5,3570.6,3670.5,0.0143,Uracil,GC-MS
SMP-00421,2.82,46568.0,9041.0,9279.4,0.0451,Acetaminophen,GC-MS
SMP-00421,4.21,89710.2,13977.3,14636.2,0.0934,Caffeine,GC-MS
SMP-00421,5.63,22017.6,4838.8,5169.5,0.0218,Aspirin,GC-MS
SMP-00421,7.21,79400.2,12910.5,13178.4,0.0792,Benzoic Acid,GC-MS
SMP-00421,8.87,32849.3,6840.4,6799.3,0.0329,Phenacetin,GC-MS
SMP-00421,10.4,14555.4,3572.1,3645.4,0.0147,Salicylic Acid,GC-MS
SMP-00421,12.12,66862.3,11924.0,12320.8,0.0665,Chlorpheniramine,GC-MS
SMP-00422,1.21,12401.4,3244.1,3343.9,0.0123,Uracil,GC-MS
SMP-00422,2.81,47614.1,9508.0,10024.5,0.0486,Acetaminophen,GC-MS
SMP-00422,4.13,91155.1,15228.5,15625.6,0.0914,Caffeine,GC-MS
SMP-00422,5.58,25239.4,5581.8,5746.8,0.0256,Aspirin,GC-MS
SMP-00422,7.21,60366.8,9635.4,10081.2,0.0601,Benzoic Acid,GC-MS
SMP-00422,8.95,31114.3,6255.4,6368.2,0.0311,Phenacetin,GC-MS
SMP-00422,10.42,14549.9,3530.5,3605.8,0.0146,Salicylic Acid,GC-MS
SMP-00422,12.1,57983.2,10193.1,10440.9,0.0581,Chlorpheniramine,GC-MS
SMP-00423,1.26,12611.4,3362.1,3375.2,0.0125,Uracil,GC-MS
SMP-00423,2.81,48807.4,10082.3,10341.3,0.049,Acetaminophen,GC-MS
SMP-00423,4.15,99698.4,15466.2,15950.5,0.0994,Caffeine,GC-MS
SMP-00423,5.59,25790.1,5743.9,5798.0,0.0253,Aspirin,GC-MS
SMP-00423,7.19,76160.0,12357.4,12882.7,0.0785,Benzoic Acid,GC-MS
SMP-00423,8.9,30359.1,5789.7,5869.9,0.0311,Phenacetin,GC-MS
SMP-00423,10.39,14332.1,3286.6,3461.0,0.0139,Salicylic Acid,GC-MS
SMP-00423,12.14,55626.4,9824.4,10123.8,0.0563,Chlorpheniramine,GC-MS
SMP-00424,1.24,12201.6,3213.3,3260.9,0.013,Uracil,GC-MS
SMP-00424,2.76,39022.9,7724.2,7926.9,0.038,Acetaminophen,GC-MS
SMP-00424,4.18,108777.5,17942.4,18201.8,0.1051,Caffeine,GC-MS
SMP-00424,5.64,26948.9,6140.7,6484.1,0.0269,Aspirin,GC-MS
SMP-00424,7.2,78277.5,12849.7,13573.4,0.0763,Benzoic Acid,GC-MS
SMP-00424,8.96,35945.0,7341.3,7414.3,0.0363,Phenacetin,GC-MS
SMP-00424,10.39,15542.3,3977.4,3986.2,0.0157,Salicylic Acid,GC-MS
SMP-00424,12.1,48478.9,8714.9,8906.3,0.0499,Chlorpheniramine,GC-MS
SMP-00425,1.23,13087.3,3508.4,3557.3,0.0131,Uracil,GC-MS
SMP-00425,2.76,51231.9,9714.6,9834.1,0.0509,Acetaminophen,GC-MS
SMP-00425,4.14,80932.4,13090.6,13452.1,0.0821,Caffeine,GC-MS
SMP-00425,5.6,26726.2,5950.3,5994.3,0.026,Aspirin,GC-MS
SMP-00425,7.19,57811.0,9647.2,10568.6,0.0565,Benzoic Acid,GC-MS
SMP-00425,8.95,31536.5,6316.4,6546.5,0.0319,Phenacetin,GC-MS
SMP-00425,10.36,15462.5,3572.2,3653.9,0.016,Salicylic Acid,GC-MS
SMP-00425,12.07,53893.7,10266.2,10983.9,0.0544,Chlorpheniramine,GC-MS
SMP-00426,1.21,13401.2,3428.7,3566.1,0.0132,Uracil,GC-MS
SMP-00426,2.82,53220.0,10886.1,11424.9,0.0537,Acetaminophen,GC-MS
SMP-00426,4.11,86604.8,13413.9,14067.6,0.0869,Caffeine,GC-MS
SMP-00426,5.6,24255.6,5489.6,5565.0,0.0243,Aspirin,GC-MS
SMP-00426,7.26,63421.9,10301.0,10535.7,0.0649,Benzoic Acid,GC-MS
SMP-00426,9.01,31333.3,6311.4,6623.8,0.0307,Phenacetin,GC-MS
SMP-00426,10.4,14195.9,3491.7,3517.3,0.0146,Salicylic Acid,GC-MS
SMP-00426,12.08,46245.3,8229.4,8465.3,0.0457,Chlorpheniramine,GC-MS
SMP-00427,1.26,14838.5,3926.5,4004.5,0.0149,Uracil,GC-MS
SMP-00427,2.78,48071.9,9397.7,9586.2,0.0472,Acetaminophen,GC-MS
SMP-00427,4.16,92062.7,14092.8,14622.0,0.0949,Caffeine,GC-MS
SMP-00427,5.58,21298.8,4860.2,5031.4,0.0216,Aspirin,GC-MS
SMP-00427,7.15,64738.5,10673.5,10721.1,0.0668,Benzoic Acid,GC-MS
SMP-00427,8.92,30668.2,6467.5,6714.9,0.0298,Phenacetin,GC-MS
SMP-00427,10.38,15423.9,3797.2,3900.3,0.0155,Salicylic Acid,GC-MS
SMP-00427,12.08,52381.1,9832.0,10086.0,0.0524,Chlorpheniramine,GC-MS
SMP-00428,1.2,11425.1,2776.3,2869.8,0.0113,Uracil,GC-MS
SMP-00428,2.8,49259.1,9381.6,9828.2,0.0487,Acetaminophen,GC-MS
SMP-00428,4.17,85325.4,14421.3,15191.5,0.0844,Caffeine,GC-MS
SMP-00428,5.57,20069.7,4476.5,4650.4,0.0212,Aspirin,GC-MS
SMP-00428,7.2,70517.9,11928.4,12193.8,0.0693,Benzoic Acid,GC-MS
SMP-00428,8.96,29448.2,6197.8,6483.6,0.0295,Phenacetin,GC-MS
SMP-00428,10.39,17181.8,4137.6,4116.8,0.0172,Salicylic Acid,GC-MS
SMP-00428,12.13,62368.5,11172.0,11465.8,0.0616,Chlorpheniramine,GC-MS
SMP-00429,1.29,13045.2,3394.9,3522.2,0.0134,Uracil,GC-MS
SMP-00429,2.8,51393.0,9844.4,10088.4,0.0515,Acetaminophen,GC-MS
SMP-00429,4.17,81750.0,13396.3,14301.4,0.0814,Caffeine,GC-MS
SMP-00429,5.63,25164.1,5610.4,5736.3,0.0248,Aspirin,GC-MS
SMP-00429,7.17,67356.3,11434.1,11850.9,0.0659,Benzoic Acid,GC-MS
SMP-00429,8.95,25911.6,5087.8,5093.1,0.0262,Phenacetin,GC-MS
SMP-00429,10.4,14290.5,3396.6,3501.8,0.0148,Salicylic Acid,GC-MS
SMP-00429,12.08,59611.7,10563.1,10945.9,0.0579,Chlorpheniramine,GC-MS
SMP-00430,1.25,11037.3,2823.1,2808.2,0.0108,Uracil,GC-MS
SMP-00430,2.78,44893.3,8980.6,9218.4,0.0444,Acetaminophen,GC-MS
SMP-00430,4.11,93092.8,15099.7,15719.1,0.0932,Caffeine,GC-MS
SMP-00430,5.58,23176.0,5063.8,5230.5,0.0225,Aspirin,GC-MS
SMP-00430,7.2,62443.0,10453.2,10791.0,0.0633,Benzoic Acid,GC-MS
SMP-00430,8.98,28370.1,6127.0,6305.8,0.0291,Phenacetin,GC-MS
SMP-00430,10.42,15886.5,3800.5,3797.5,0.0159,Salicylic Acid,GC-MS
SMP-00430,12.16,46669.8,8212.0,8672.2,0.0472,Chlorpheniramine,GC-MS
SMP-00431,1.25,11838.7,2976.4,3065.9,0.0115,Uracil,GC-MS
SMP-00431,2.8,41255.1,8218.7,8554.5,0.0405,Acetaminophen,GC-MS
SMP-00431,4.12,110194.1,17638.5,17944.6,0.1089,Caffeine,GC-MS
SMP-00431,5.61,23479.3,5400.5,5753.9,0.024,Aspirin,GC-MS
SMP-00431,7.21,59716.4,9734.3,9968.7,0.0606,Benzoic Acid,GC-MS
SMP-00431,9.0,30014.3,6259.2,6765.4,0.0303,Phenacetin,GC-MS
SMP-00431,10.42,15863.3,3980.4,4173.0,0.0162,Salicylic Acid,GC-MS
SMP-00431,12.12,56494.8,9826.4,9768.4,0.057,Chlorpheniramine,GC-MS
SMP-00432,1.26,14266.5,3620.8,3801.8,0.0143,Uracil,GC-MS
SMP-00432,2.76,42437.0,8261.9,8864.0,0.0437,Acetaminophen,GC-MS
SMP-00432,4.17,99163.3,16376.5,17170.8,0.0987,Caffeine,GC-MS
SMP-00432,5.65,22873.9,5122.7,5086.4,0.0219,Aspirin,GC-MS
SMP-00432,7.19,69449.4,11698.9,11792.6,0.0686,Benzoic Acid,GC-MS
SMP-00432,8.93,27194.7,5593.7,5569.4,0.0278,Phenacetin,GC-MS
SMP-00432,10.43,14661.5,3565.6,3783.0,0.0145,Salicylic Acid,GC-MS
SMP-00432,12.08,353153.7,60414.5,71145.3,0.3568,Chlorpheniramine,GC-MS
SMP-00433,1.26,12957.5,3322.6,3400.4,0.0133,Uracil,GC-MS
SMP-00433,2.79,44398.3,8740.6,8989.3,0.0449,Acetaminophen,GC-MS
SMP-00433,4.15,86098.8,13317.6,13453.9,0.0841,Caffeine,GC-MS
SMP-00433,5.55,22335.6,5109.0,5370.5,0.022,Aspirin,GC-MS
SMP-00433,7.18,72092.9,12421.2,12537.2,0.0707,Benzoic Acid,GC-MS
SMP-00433,8.97,24811.6,4728.4,4840.9,0.0253,Phenacetin,GC-MS
SMP-00433,10.43,12368.7,3063.4,3204.8,0.0122,Salicylic Acid,GC-MS
SMP-00433,12.06,48101.5,8878.6,9314.4,0.0487,Chlorpheniramine,GC-MS
SMP-00434,1.28,13194.3,3281.8,3431.5,0.0135,Uracil,GC-MS
SMP-00434,2.78,50521.4,10083.3,10248.2,0.0497,Acetaminophen,GC-MS
SMP-00434,4.16,100461.4,17092.9,16763.7,0.0961,Caffeine,GC-MS
SMP-00434,5.58,24113.2,5324.2,5227.8,0.0237,Aspirin,GC-MS
SMP-00434,7.19,69410.2,11690.8,12167.2,0.0687,Benzoic Acid,GC-MS
SMP-00434,8.95,30981.5,6491.0,6639.4,0.0311,Phenacetin,GC-MS
SMP-00434,10.38,14379.0,3476.4,3702.6,0.0144,Salicylic Acid,GC-MS
SMP-00434,12.12,54799.5,10388.9,10435.0,0.0553,Chlorpheniramine,GC-MS
SMP-00435,1.26,12738.9,3427.3,3585.6,0.0124,Uracil,GC-MS
SMP-00435,2.74,43879.3,8292.1,8351.0,0.0439,Acetaminophen,GC-MS
SMP-00435,4.18,84776.4,14049.2,14452.2,0.084,Caffeine,GC-MS
SMP-00435,5.58,22260.2,4913.1,5080.1,0.0228,Aspirin,GC-MS
SMP-00435,7.17,62489.3,10491.4,10968.5,0.0639,Benzoic Acid,GC-MS
SMP-00435,8.94,29541.4,6003.0,6069.1,0.0297,Phenacetin,GC-MS
SMP-00435,10.41,13382.6,3388.4,3502.6,0.0132,Salicylic Acid,GC-MS
SMP-00435,12.12,55210.2,10045.6,10490.3,0.0546,Chlorpheniramine,GC-MS
SMP-00436,1.22,11927.9,3185.3,3300.4,0.0119,Uracil,GC-MS
SMP-00436,2.81,47608.9,9538.7,10028.2,0.048,Acetaminophen,GC-MS
SMP-00436,4.18,95054.6,14973.0,15575.3,0.0932,Caffeine,GC-MS
SMP-00436,5.56,19780.2,4343.4,4445.0,0.0199,Aspirin,GC-MS
SMP-00436,7.17,66789.5,10292.7,10706.8,0.0666,Benzoic Acid,GC-MS
SMP-00436,8.96,32801.8,7134.2,7261.3,0.0333,Phenacetin,GC-MS
SMP-00436,10.36,15954.2,3901.3,4111.7,0.0162,Salicylic Acid,GC-MS
SMP-00436,12.08,45656.6,8265.4,8439.5,0.0452,Chlorpheniramine,GC-MS
SMP-00437,1.29,10764.5,2738.9,2771.4,0.0105,Uracil,GC-MS
SMP-00437,2.78,47674.6,9179.6,9544.6,0.0486,Acetaminophen,GC-MS
SMP-00437,4.21,104352.6,16332.0,17027.5,0.1066,Caffeine,GC-MS
SMP-00437,5.6,26375.5,6070.6,6096.8,0.0263,Aspirin,GC-MS
SMP-00437,7.19,74691.0,12276.9,12681.9,0.0742,Benzoic Acid,GC-MS
SMP-00437,8.91,34558.1,7213.6,7437.5,0.0346,Phenacetin,GC-MS
SMP-00437,10.46,16568.4,4241.7,4473.4,0.0165,Salicylic Acid,GC-MS
SMP-00437,12.11,55480.7,9819.0,10236.7,0.055,Chlorpheniramine,GC-MS
SMP-00438,1.24,12684.3,3175.4,3275.0,0.0133,Uracil,GC-MS
SMP-00438,2.79,117342.2,21999.9,20490.8,0.1109,Acetaminophen,GC-MS
SMP-00438,4.21,82971.1,13697.7,13751.4,0.0842,Caffeine,GC-MS
SMP-00438,5.63,23018.8,4877.0,5024.4,0.024,Aspirin,GC-MS
SMP-00438,7.22,64448.9,11233.0,11665.3,0.0643,Benzoic Acid,GC-MS
SMP-00438,8.95,28537.6,5858.0,6118.5,0.0281,Phenacetin,GC-MS
SMP-00438,10.4,14545.8,3368.8,3354.1,0.0145,Salicylic Acid,GC-MS
SMP-00438,12.09,41963.1,7642.0,7738.7,0.0411,Chlorpheniramine,GC-MS
SMP-00439,1.27,13724.3,3500.8,3560.5,0.0134,Uracil,GC-MS
SMP-00439,2.87,37972.0,7911.2,8272.2,0.0383,Acetaminophen,GC-MS
SMP-00439,4.13,101881.6,16885.7,16590.6,0.1027,Caffeine,GC-MS
SMP-00439,5.62,21670.9,4813.4,4989.1,0.021,Aspirin,GC-MS
SMP-00439,7.18,72357.4,12474.4,13479.5,0.0728,Benzoic Acid,GC-MS
SMP-00439,8.95,27953.1,5856.0,6006.6,0.0278,Phenacetin,GC-MS
SMP-00439,10.38,14967.5,3540.9,3639.5,0.0152,Salicylic Acid,GC-MS
SMP-00439,12.07,52923.7,9443.5,9813.6,0.0507,Chlorpheniramine,GC-MS
SMP-00440,1.28,11554.4,3083.3,3067.9,0.0116,Uracil,GC-MS
SMP-00440,2.78,45713.0,8445.9,8951.9,0.0454,Acetaminophen,GC-MS
SMP-00440,4.12,82655.8,13316.2,13229.0,0.0834,Caffeine,GC-MS
SMP-00440,5.63,21360.8,4675.4,4725.3,0.0221,Aspirin,GC-MS
SMP-00440,7.18,71139.9,12202.6,12122.0,0.0698,Benzoic Acid,GC-MS
SMP-00440,8.92,30327.6,6244.9,6253.7,0.0309,Phenacetin,GC-MS
SMP-00440,10.34,13137.1,3329.0,3250.8,0.013,Salicylic Acid,GC-MS
SMP-00440,12.08,57532.9,10323.3,10534.5,0.0582,Chlorpheniramine,GC-MS
SMP-00441,1.27,11529.3,3201.7,3417.2,0.0116,Uracil,GC-MS
SMP-00441,2.78,47335.2,8980.9,9171.8,0.0469,Acetaminophen,GC-MS
SMP-00441,4.17,89340.5,14074.4,15004.7,0.0905,Caffeine,GC-MS
SMP-00441,5.57,24896.3,5476.4,5783.8,0.0253,Aspirin,GC-MS
SMP-00441,7.22,62404.6,10237.7,10255.5,0.0638,Benzoic Acid,GC-MS
SMP-00441,8.92,33984.6,7135.7,7287.5,0.0343,Phenacetin,GC-MS
SMP-00441,10.38,14988.2,3430.2,3606.9,0.0149,Salicylic Acid,GC-MS
SMP-00441,12.09,58749.7,10455.0,10914.0,0.0579,Chlorpheniramine,GC-MS
SMP-00442,1.28,11169.8,2768.9,2842.7,0.0112,Uracil,GC-MS
SMP-00442,2.78,52109.2,10113.1,10537.8,0.0528,Acetaminophen,GC-MS
SMP-00442,4.12,108040.6,17215.4,17890.8,0.1084,Caffeine,GC-MS
SMP-00442,5.6,23852.9,5191.8,5168.2,0.0232,Aspirin,GC-MS
SMP-00442,7.22,66076.1,10368.4,10970.3,0.0659,Benzoic Acid,GC-MS
SMP-00442,8.93,33448.9,7073.5,7242.4,0.0329,Phenacetin,GC-MS
SMP-00442,10.42,17677.8,4274.1,4351.9,0.0179,Salicylic Acid,GC-MS
SMP-00442,12.07,54264.5,9432.0,9386.7,0.0541,Chlorpheniramine,GC-MS
SMP-00443,1.27,10438.2,2829.4,2814.1,0.0107,Uracil,GC-MS
SMP-00443,2.82,48813.3,9282.9,9158.4,0.0475,Acetaminophen,GC-MS
SMP-00443,4.16,97588.9,15389.5,15692.7,0.0959,Caffeine,GC-MS
SMP-00443,5.59,21479.2,4769.1,4954.5,0.0207,Aspirin,GC-MS
SMP-00443,7.17,71994.6,12349.3,12830.9,0.0723,Benzoic Acid,GC-MS
SMP-00443,9.0,31788.8,6832.7,6933.9,0.0313,Phenacetin,GC-MS
SMP-00443,10.42,16375.9,4059.9,4151.2,0.0167,Salicylic Acid,GC-MS
SMP-00443,12.1,57414.5,10456.1,10558.8,0.057,Chlorpheniramine,GC-MS
SMP-00444,1.21,13262.4,3503.5,3682.9,0.0132,Uracil,GC-MS
SMP-00444,2.8,49322.7,9735.3,10076.2,0.0496,Acetaminophen,GC-MS
SMP-00444,4.13,101042.2,17069.7,17383.8,0.1018,Caffeine,GC-MS
SMP-00444,5.62,23398.4,5066.1,5016.9,0.0223,Aspirin,GC-MS
SMP-00444,7.22,67642.7,11005.9,11355.7,0.0674,Benzoic Acid,GC-MS
SMP-00444,8.95,30364.9,6618.6,6858.6,0.0314,Phenacetin,GC-MS
SMP-00444,10.37,15599.3,3628.8,3761.9,0.0157,Salicylic Acid,GC-MS
SMP-00444,12.1,46742.7,8640.5,9200.9,0.0467,Chlorpheniramine,GC-MS
SMP-00445,1.27,13661.0,3520.7,3741.7,0.014,Uracil,GC-MS
SMP-00445,2.79,52469.5,9829.5,10129.4,0.0527,Acetaminophen,GC-MS
SMP-00445,4.11,81317.6,12173.1,12489.9,0.0802,Caffeine,GC-MS
SMP-00445,5.65,21654.8,4614.4,4461.1,0.0216,Aspirin,GC-MS
SMP-00445,7.2,69990.9,11113.9,11296.6,0.0686,Benzoic Acid,GC-MS
SMP-00445,8.95,35565.8,7204.7,7487.8,0.0351,Phenacetin,GC-MS
SMP-00445,10.37,13554.4,3416.0,3584.4,0.0138,Salicylic Acid,GC-MS
SMP-00445,12.1,50768.1,9686.6,9838.9,0.05,Chlorpheniramine,GC-MS
SMP-00446,1.24,14055.7,3608.7,3688.1,0.0144,Uracil,GC-MS
SMP-00446,2.86,40187.5,7659.1,7859.0,0.0391,Acetaminophen,GC-MS
SMP-00446,4.17,90380.8,15041.0,15701.9,0.0891,Caffeine,GC-MS
SMP-00446,5.6,23467.5,4888.5,5038.5,0.0236,Aspirin,GC-MS
SMP-00446,7.18,77109.1,13367.3,14031.9,0.0771,Benzoic Acid,GC-MS
SMP-00446,8.97,31747.6,6361.8,6624.8,0.0314,Phenacetin,GC-MS
SMP-00446,10.42,16184.7,3801.4,3873.9,0.0162,Salicylic Acid,GC-MS
SMP-00446,12.16,59156.8,10876.1,11240.2,0.0577,Chlorpheniramine,GC-MS
SMP-00447,1.21,12428.4,3266.8,3416.1,0.0128,Uracil,GC-MS
SMP-00447,2.85,45537.6,8823.7,8967.6,0.046,Acetaminophen,GC-MS
SMP-00447,4.15,81128.1,12814.8,13530.3,0.0838,Caffeine,GC-MS
SMP-00447,5.58,22770.7,5068.1,5292.6,0.0219,Aspirin,GC-MS
SMP-00447,7.24,73626.7,12484.8,12757.5,0.0723,Benzoic Acid,GC-MS
SMP-00447,8.95,31277.7,6448.6,6617.1,0.0337,Phenacetin,GC-MS
SMP-00447,10.38,16006.3,3828.8,3774.3,0.016,Salicylic Acid,GC-MS
SMP-00447,12.09,55010.6,9935.6,10316.3,0.056,Chlorpheniramine,GC-MS
SMP-00448,1.24,11920.9,3196.8,3301.3,0.0118,Uracil,GC-MS
SMP-00448,2.78,46443.5,8800.7,8950.1,0.047,Acetaminophen,GC-MS
SMP-00448,4.16,86076.6,14007.5,13854.0,0.0846,Caffeine,GC-MS
SMP-00448,5.64,24903.4,5472.3,5499.5,0.0247,Aspirin,GC-MS
SMP-00448,7.2,59926.7,10094.9,10728.1,0.059,Benzoic Acid,GC-MS
SMP-00448,8.92,30784.9,6050.7,6217.4,0.031,Phenacetin,GC-MS
SMP-00448,10.42,16494.0,3950.9,4026.0,0.0163,Salicylic Acid,GC-MS
SMP-00448,12.15,53596.6,10038.8,10552.0,0.0524,Chlorpheniramine,GC-MS
SMP-00449,1.32,13191.1,3301.2,3492.6,0.0129,Uracil,GC-MS
SMP-00449,2.8,46207.0,8964.0,9152.1,0.0453,Acetaminophen,GC-MS
SMP-00449,4.14,95457.4,16172.7,16455.4,0.0948,Caffeine,GC-MS
SMP-00449,5.61,25503.5,5746.0,5897.2,0.026,Aspirin,GC-MS
SMP-00449,7.19,79708.1,12782.6,13620.1,0.0802,Benzoic Acid,GC-MS
SMP-00449,8.96,35217.0,6946.2,7226.4,0.0361,Phenacetin,GC-MS
SMP-00449,10.4,15626.2,3809.8,3980.0,0.0155,Salicylic Acid,GC-MS
SMP-00449,12.11,59274.3,10968.3,10967.4,0.0585,Chlorpheniramine,GC-MS
SMP-00450,1.22,11961.2,2974.4,3063.7,0.0118,Uracil,GC-MS
SMP-00450,2.79,46163.9,8960.3,9012.8,0.0467,Acetaminophen,GC-MS
SMP-00450,4.12,98897.7,15439.0,16015.5,0.1003,Caffeine,GC-MS
SMP-00450,5.54,23799.1,5226.2,5536.2,0.0237,Aspirin,GC-MS
SMP-00450,7.17,79161.0,13201.6,13590.9,0.0784,Benzoic Acid,GC-MS
SMP-00450,8.89,30491.4,6158.9,6374.9,0.03,Phenacetin,GC-MS
SMP-00450,10.36,16920.8,4180.5,4155.9,0.017,Salicylic Acid,GC-MS
SMP-00450,12.09,50749.9,9206.8,9339.9,0.0518,Chlorpheniramine,GC-MS
SMP-00451,1.27,11440.7,2821.1,2896.8,0.0113,Uracil,GC-MS
SMP-00451,2.82,41572.2,8451.4,8747.9,0.0414,Acetaminophen,GC-MS
SMP-00451,4.17,86117.8,13890.8,14220.8,0.0856,Caffeine,GC-MS
SMP-00451,5.62,20928.6,4722.5,4853.2,0.0219,Aspirin,GC-MS
SMP-00451,7.15,61577.0,10302.6,10239.2,0.0593,Benzoic Acid,GC-MS
SMP-00451,8.98,33035.5,6984.8,7144.1,0.0321,Phenacetin,GC-MS
SMP-00451,10.4,15174.7,3628.1,3750.8,0.015,Salicylic Acid,GC-MS
SMP-00451,12.09,57254.1,10481.5,11066.6,0.0591,Chlorpheniramine,GC-MS
SMP-00452,1.25,14112.8,3534.2,3692.8,0.0141,Uracil,GC-MS
SMP-00452,2.8,47891.0,9623.9,10153.7,0.0487,Acetaminophen,GC-MS
SMP-00452,4.19,85601.1,14653.1,15089.6,0.0896,Caffeine,GC-MS
SMP-00452,5.59,23850.3,4957.8,5096.1,0.0237,Aspirin,GC-MS
SMP-00452,7.22,80089.7,13028.8,13226.4,0.0821,Benzoic Acid,GC-MS
SMP-00452,8.93,33225.1,7247.7,7776.8,0.0326,Phenacetin,GC-MS
SMP-00452,10.41,13732.0,3422.2,3585.9,0.0139,Salicylic Acid,GC-MS
SMP-00452,12.05,57823.4,10419.1,10842.3,0.0606,Chlorpheniramine,GC-MS
SMP-00453,1.27,12617.1,3375.2,3553.0,0.0129,Uracil,GC-MS
SMP-00453,2.77,43787.1,8040.1,8259.3,0.0438,Acetaminophen,GC-MS
SMP-00453,4.14,90330.6,15512.2,15890.2,0.094,Caffeine,GC-MS
SMP-00453,5.64,25915.1,5779.6,5860.5,0.0266,Aspirin,GC-MS
SMP-00453,7.2,67812.2,11263.0,11497.9,0.0688,Benzoic Acid,GC-MS
SMP-00453,8.9,26043.1,5504.7,5630.2,0.0263,Phenacetin,GC-MS
SMP-00453,10.42,13371.7,3195.9,3309.0,0.0135,Salicylic Acid,GC-MS
SMP-00453,12.05,46181.0,8300.5,8585.6,0.0464,Chlorpheniramine,GC-MS
SMP-00454,1.25,9744.3,2350.3,2509.4,0.0099,Uracil,GC-MS
SMP-00454,2.83,46998.5,8906.1,8785.7,0.0477,Acetaminophen,GC-MS
SMP-00454,4.15,94119.0,15541.5,16307.8,0.0931,Caffeine,GC-MS
SMP-00454,5.54,27287.9,6084.2,6488.3,0.0272,Aspirin,GC-MS
SMP-00454,7.15,70644.7,11936.1,12616.8,0.0714,Benzoic Acid,GC-MS
SMP-00454,8.95,32084.8,6456.5,6669.0,0.0314,Phenacetin,GC-MS
SMP-00454,10.42,16953.2,3962.9,3960.2,0.0169,Salicylic Acid,GC-MS
SMP-00454,12.14,54645.5,10134.6,10232.5,0.0541,Chlorpheniramine,GC-MS
SMP-00455,1.24,11102.5,2902.7,2959.8,0.0112,Uracil,GC-MS
SMP-00455,2.76,53560.6,10861.7,11196.1,0.0523,Acetaminophen,GC-MS
SMP-00455,4.16,95417.9,15363.2,16650.0,0.0933,Caffeine,GC-MS
SMP-00455,5.63,24663.0,5407.7,5545.8,0.0251,Aspirin,GC-MS
SMP-00455,7.2,61042.4,9932.3,10335.4,0.0593,Benzoic Acid,GC-MS
SMP-00455,8.96,24109.6,5052.4,5226.0,0.025,Phenacetin,GC-MS
SMP-00455,10.5,17029.9,4240.1,4400.2,0.0172,Salicylic Acid,GC-MS
SMP-00455,12.14,51598.7,9131.7,9734.6,0.051,Chlorpheniramine,GC-MS
SMP-00456,1.22,11030.4,2756.7,2806.7,0.0108,Uracil,GC-MS
SMP-00456,2.76,33491.9,5901.6,6136.9,0.0341,Acetaminophen,GC-MS
SMP-00456,4.15,82651.3,14008.0,14260.8,0.0856,Caffeine,GC-MS
SMP-00456,5.6,24226.6,5215.0,5604.5,0.0239,Aspirin,GC-MS
SMP-00456,7.17,62203.0,10070.6,10510.5,0.0621,Benzoic Acid,GC-MS
SMP-00456,8.96,28433.3,5537.2,5542.9,0.0285,Phenacetin,GC-MS
SMP-00456,10.32,16833.4,4222.5,4312.4,0.0174,Salicylic Acid,GC-MS
SMP-00456,12.11,49386.7,8780.3,9174.7,0.0506,Chlorpheniramine,GC-MS
SMP-00457,1.27,10186.6,2650.7,2654.6,0.0094,Uracil,GC-MS
SMP-00457,2.8,45869.8,8860.1,8945.7,0.046,Acetaminophen,GC-MS
SMP-00457,4.21,74978.7,12251.3,12874.8,0.076,Caffeine,GC-MS
SMP-00457,5.59,25990.2,5849.6,5867.6,0.0264,Aspirin,GC-MS
SMP-00457,7.16,80985.0,14094.1,14668.5,0.0806,Benzoic Acid,GC-MS
SMP-00457,8.93,27404.7,5566.1,5691.9,0.0282,Phenacetin,GC-MS
SMP-00457,10.48,14162.8,3517.8,3656.1,0.0141,Salicylic Acid,GC-MS
SMP-00457,12.07,54133.6,10367.5,10721.6,0.0538,Chlorpheniramine,GC-MS
SMP-00458,1.23,11490.9,2864.6,2870.4,0.0117,Uracil,GC-MS
SMP-00458,2.8,49082.7,9796.6,10074.2,0.0497,Acetaminophen,GC-MS
SMP-00458,4.13,88212.4,14256.0,15619.4,0.088,Caffeine,GC-MS
SMP-00458,5.58,21122.0,4500.8,4753.9,0.0214,Aspirin,GC-MS
SMP-00458,7.2,66145.2,10999.1,11331.2,0.0639,Benzoic Acid,GC-MS
SMP-00458,8.92,26994.3,5667.3,5904.0,0.0264,Phenacetin,GC-MS
SMP-00458,10.42,17029.6,3975.6,4002.9,0.0168,Salicylic Acid,GC-MS
SMP-00458,12.13,50524.1,9502.1,9519.8,0.0509,Chlorpheniramine,GC-MS
SMP-00459,1.26,14218.7,3733.6,3924.0,0.0145,Uracil,GC-MS
SMP-00459,2.8,44431.4,8634.6,8577.7,0.0441,Acetaminophen,GC-MS
SMP-00459,4.18,92584.6,15783.3,16534.3,0.0931,Caffeine,GC-MS
SMP-00459,5.6,24352.7,5385.7,5614.3,0.0252,Aspirin,GC-MS
SMP-00459,7.18,71434.1,11646.8,11693.5,0.0716,Benzoic Acid,GC-MS
SMP-00459,8.93,31089.6,6259.9,6383.3,0.0305,Phenacetin,GC-MS
SMP-00459,10.41,15276.0,3543.0,3655.3,0.0154,Salicylic Acid,GC-MS
SMP-00459,12.14,54386.5,9909.6,10143.3,0.0542,Chlorpheniramine,GC-MS
SMP-00460,1.22,11055.6,2762.1,2787.6,0.0115,Uracil,GC-MS
SMP-00460,2.77,43924.4,8651.1,9190.3,0.044,Acetaminophen,GC-MS
SMP-00460,4.11,99678.6,16479.6,17924.0,0.102,Caffeine,GC-MS
SMP-00460,5.64,19164.5,4567.7,4743.2,0.0189,Aspirin,GC-MS
SMP-00460,7.18,58927.2,9776.0,9886.9,0.0574,Benzoic Acid,GC-MS
SMP-00460,8.97,31859.6,6806.1,7100.4,0.032,Phenacetin,GC-MS
SMP-00460,10.4,15255.1,3467.0,3472.9,0.0152,Salicylic Acid,GC-MS
SMP-00460,12.09,61361.3,11230.0,11471.7,0.0609,Chlorpheniramine,GC-MS
SMP-00461,1.33,12844.0,3240.0,3282.9,0.0128,Uracil,GC-MS
SMP-00461,2.79,37171.9,7423.9,7597.7,0.0369,Acetaminophen,GC-MS
SMP-00461,4.16,86967.2,13980.9,14314.4,0.0873,Caffeine,GC-MS
SMP-00461,5.58,22629.4,5168.8,5434.4,0.0233,Aspirin,GC-MS
SMP-00461,7.22,68140.0,11645.8,12037.4,0.0692,Benzoic Acid,GC-MS
SMP-00461,8.98,32650.5,6596.5,6677.0,0.032,Phenacetin,GC-MS
SMP-00461,10.38,17054.1,4086.6,4337.6,0.0173,Salicylic Acid,GC-MS
SMP-00461,12.13,55705.1,9783.5,10411.6,0.0564,Chlorpheniramine,GC-MS
SMP-00462,1.29,12947.0,3428.4,3484.6,0.0132,Uracil,GC-MS
SMP-00462,2.84,38985.4,7847.2,8104.3,0.039,Acetaminophen,GC-MS
SMP-00462,4.17,80566.7,13413.5,13482.3,0.0794,Caffeine,GC-MS
SMP-00462,5.59,25216.9,5422.3,5714.3,0.0258,Aspirin,GC-MS
SMP-00462,7.17,66606.5,10888.9,11597.3,0.065,Benzoic Acid,GC-MS
SMP-00462,8.98,28361.9,5600.3,5667.6,0.0283,Phenacetin,GC-MS
SMP-00462,10.41,14933.8,3479.1,3637.3,0.0146,Salicylic Acid,GC-MS
SMP-00462,12.1,59773.6,10506.4,10953.3,0.0615,Chlorpheniramine,GC-MS
SMP-00463,1.21,13576.8,3519.8,3560.3,0.0134,Uracil,GC-MS
SMP-00463,2.81,34184.9,6972.9,7361.2,0.0348,Acetaminophen,GC-MS
SMP-00463,4.08,92252.1,14971.8,15293.7,0.094,Caffeine,GC-MS
SMP-00463,5.56,22973.0,5080.6,5231.2,0.0237,Aspirin,GC-MS
SMP-00463,7.18,61926.1,10410.9,10907.7,0.0638,Benzoic Acid,GC-MS
SMP-00463,8.94,32631.3,6911.8,7262.4,0.0308,Phenacetin,GC-MS
SMP-00463,10.37,17656.1,4186.3,4406.6,0.0178,Salicylic Acid,GC-MS
SMP-00463,12.09,54973.7,9924.6,10291.1,0.054,Chlorpheniramine,GC-MS
SMP-00464,1.2,12224.6,3226.1,3428.9,0.012,Uracil,GC-MS
SMP-00464,2.83,46363.9,8811.1,8907.7,0.0463,Acetaminophen,GC-MS
SMP-00464,4.17,77069.6,12991.9,13181.9,0.074,Caffeine,GC-MS
SMP-00464,5.55,19654.1,4116.9,4170.2,0.0194,Aspirin,GC-MS
SMP-00464,7.17,64176.3,11023.3,10973.7,0.0641,Benzoic Acid,GC-MS
SMP-00464,8.9,31854.9,6356.2,6463.0,0.0319,Phenacetin,GC-MS
SMP-00464,10.38,16531.9,4083.7,4179.1,0.0165,Salicylic Acid,GC-MS
SMP-00464,12.1,59035.6,10529.9,10825.0,0.061,Chlorpheniramine,GC-MS
SMP-00465,1.25,11930.0,3117.5,3222.8,0.0119,Uracil,GC-MS
SMP-00465,2.79,48073.6,9666.4,9900.3,0.048,Acetaminophen,GC-MS
SMP-00465,4.14,82954.1,13443.0,13789.6,0.0857,Caffeine,GC-MS
SMP-00465,5.54,25479.2,5563.4,5717.4,0.0251,Aspirin,GC-MS
SMP-00465,7.21,59691.9,9480.5,9777.2,0.0574,Benzoic Acid,GC-MS
SMP-00465,8.95,35483.1,7119.1,7402.7,0.0351,Phenacetin,GC-MS
SMP-00465,10.43,15155.3,3797.9,3947.4,0.0155,Salicylic Acid,GC-MS
SMP-00465,12.09,60541.6,11131.8,11692.1,0.0612,Chlorpheniramine,GC-MS
SMP-00466,1.26,13919.2,3401.2,3537.5,0.0139,Uracil,GC-MS
SMP-00466,2.82,52782.5,10216.0,10649.7,0.0509,Acetaminophen,GC-MS
SMP-00466,4.18,80192.0,13003.8,13506.9,0.0806,Caffeine,GC-MS
SMP-00466,5.58,22318.8,4924.6,5231.5,0.0224,Aspirin,GC-MS
SMP-00466,7.2,73261.0,12004.7,11997.9,0.0739,Benzoic Acid,GC-MS
SMP-00466,8.94,28660.9,5632.5,5790.0,0.0285,Phenacetin,GC-MS
SMP-00466,10.39,17846.2,4340.0,4494.5,0.0179,Salicylic Acid,GC-MS
SMP-00466,12.11,52534.2,9706.4,9945.9,0.0512,Chlorpheniramine,GC-MS
SMP-00467,1.26,12031.1,3097.4,3162.7,0.0119,Uracil,GC-MS
SMP-00467,2.8,40751.2,7986.2,8363.1,0.0419,Acetaminophen,GC-MS
SMP-00467,4.13,90027.2,14557.3,14906.8,0.0916,Caffeine,GC-MS
SMP-00467,5.59,23849.2,4887.9,4994.2,0.0236,Aspirin,GC-MS
SMP-00467,7.2,65219.7,11065.3,11269.5,0.0657,Benzoic Acid,GC-MS
SMP-00467,8.95,31991.1,6862.3,6899.0,0.0311,Phenacetin,GC-MS
SMP-00467,10.43,14174.7,3585.3,3790.1,0.0143,Salicylic Acid,GC-MS
SMP-00467,12.11,49633.5,9261.9,9246.9,0.0505,Chlorpheniramine,GC-MS
SMP-00468,1.25,13906.4,3561.0,3667.0,0.0138,Uracil,GC-MS
SMP-00468,2.81,49034.1,9599.5,9597.4,0.048,Acetaminophen,GC-MS
SMP-00468,4.14,83052.2,13032.6,13257.0,0.0824,Caffeine,GC-MS
SMP-00468,5.58,21827.8,4859.1,5226.6,0.0222,Aspirin,GC-MS
SMP-00468,7.2,59453.2,10263.5,9991.8,0.0587,Benzoic Acid,GC-MS
SMP-00468,8.96,35751.9,7149.6,7390.3,0.0357,Phenacetin,GC-MS
SMP-00468,10.34,14960.9,3592.8,3676.0,0.0153,Salicylic Acid,GC-MS
SMP-00468,12.16,50471.6,8923.4,9385.5,0.0506,Chlorpheniramine,GC-MS
SMP-00469,1.26,12412.0,3239.3,3408.5,0.0124,Uracil,GC-MS
SMP-00469,2.84,47186.5,9083.7,9322.4,0.0461,Acetaminophen,GC-MS
SMP-00469,4.13,93526.5,15081.2,15422.5,0.0927,Caffeine,GC-MS
SMP-00469,5.61,24753.3,5546.2,5645.8,0.025,Aspirin,GC-MS
SMP-00469,7.21,60957.9,10242.3,10638.1,0.061,Benzoic Acid,GC-MS
SMP-00469,8.97,35886.5,7677.8,8135.9,0.0349,Phenacetin,GC-MS
SMP-00469,10.39,16074.6,3876.0,3874.5,0.0156,Salicylic Acid,GC-MS
SMP-00469,12.14,55880.9,9846.8,10386.3,0.0555,Chlorpheniramine,GC-MS
SMP-00470,1.32,14141.7,3593.8,3637.2,0.0142,Uracil,GC-MS
SMP-00470,2.82,46126.4,9272.6,9541.9,0.047,Acetaminophen,GC-MS
SMP-00470,4.15,91221.0,14639.8,14191.7,0.091,Caffeine,GC-MS
SMP-00470,5.57,23130.4,5077.1,5176.6,0.0234,Aspirin,GC-MS
SMP-00470,7.27,69269.9,10985.8,11604.7,0.0695,Benzoic Acid,GC-MS
SMP-00470,8.97,29013.9,5661.3,5661.0,0.0293,Phenacetin,GC-MS
SMP-00470,10.43,15721.9,3556.7,3674.8,0.0154,Salicylic Acid,GC-MS
SMP-00470,12.12,60724.8,10739.6,11251.3,0.0617,Chlorpheniramine,GC-MS
SMP-00471,1.29,13810.9,3674.8,3768.4,0.0139,Uracil,GC-MS
SMP-00471,2.83,51985.6,10182.4,10858.8,0.0538,Acetaminophen,GC-MS
SMP-00471,4.13,83890.5,13358.9,13762.7,0.0859,Caffeine,GC-MS
SMP-00471,5.63,22905.5,5216.1,5273.1,0.023,Aspirin,GC-MS
SMP-00471,7.17,66879.4,11490.1,11572.0,0.0693,Benzoic Acid,GC-MS
SMP-00471,8.95,34042.0,6899.0,7093.1,0.0352,Phenacetin,GC-MS
SMP-00471,10.4,15493.7,3897.3,3889.4,0.0151,Salicylic Acid,GC-MS
SMP-00471,12.11,58453.9,10347.1,10817.9,0.0583,Chlorpheniramine,GC-MS
SMP-00472,1.21,13563.4,3377.8,3517.8,0.0136,Uracil,GC-MS
SMP-00472,2.8,49483.9,9737.5,10130.7,0.0487,Acetaminophen,GC-MS
SMP-00472,4.16,80181.8,13414.7,13490.4,0.0784,Caffeine,GC-MS
SMP-00472,5.57,21365.0,4780.6,4832.6,0.0215,Aspirin,GC-MS
SMP-00472,7.19,66587.7,11096.0,11333.0,0.0639,Benzoic Acid,GC-MS
SMP-00472,8.97,31416.9,6788.6,6992.8,0.0319,Phenacetin,GC-MS
SMP-00472,10.38,16979.8,4301.0,4459.9,0.017,Salicylic Acid,GC-MS
SMP-00472,12.1,57859.2,10109.8,10188.4,0.0586,Chlorpheniramine,GC-MS
SMP-00473,1.28,11105.7,2965.1,3052.2,0.0111,Uracil,GC-MS
SMP-00473,2.74,45001.2,8463.1,8752.9,0.0442,Acetaminophen,GC-MS
SMP-00473,4.19,71711.2,11294.3,11642.2,0.0746,Caffeine,GC-MS
SMP-00473,5.57,24761.7,5522.1,5574.6,0.0241,Aspirin,GC-MS
SMP-00473,7.18,66409.7,11421.6,11696.9,0.0663,Benzoic Acid,GC-MS
SMP-00473,8.91,32921.5,6981.2,7469.7,0.0333,Phenacetin,GC-MS
SMP-00473,10.4,12839.6,3300.3,3382.3,0.0127,Salicylic Acid,GC-MS
SMP-00473,12.04,54157.2,9651.1,10067.9,0.0536,Chlorpheniramine,GC-MS
SMP-00474,1.24,10024.9,2562.6,2580.4,0.0101,Uracil,GC-MS
SMP-00474,2.8,42625.2,8175.3,8009.5,0.0421,Acetaminophen,GC-MS
SMP-00474,4.14,96451.6,15288.3,15713.6,0.0989,Caffeine,GC-MS
SMP-00474,5.51,19734.2,4346.7,4453.8,0.0194,Aspirin,GC-MS
SMP-00474,7.19,54657.0,8817.2,9051.4,0.0547,Benzoic Acid,GC-MS
SMP-00474,8.97,30187.3,5553.3,5595.5,0.0307,Phenacetin,GC-MS
SMP-00474,10.39,15006.6,3572.3,3736.0,0.0148,Salicylic Acid,GC-MS
SMP-00474,12.09,48670.4,8975.4,8917.3,0.0499,Chlorpheniramine,GC-MS
SMP-00475,1.26,14330.1,3681.3,3819.3,0.0142,Uracil,GC-MS
SMP-00475,2.8,44120.0,8711.0,8779.0,0.0443,Acetaminophen,GC-MS
SMP-00475,4.18,106040.9,16837.1,16814.9,0.1065,Caffeine,GC-MS
SMP-00475,5.6,24448.4,4884.1,5046.5,0.0249,Aspirin,GC-MS
SMP-00475,7.15,71726.6,11830.7,12155.2,0.0723,Benzoic Acid,GC-MS
SMP-00475,8.96,26094.9,5223.4,5432.7,0.0271,Phenacetin,GC-MS
SMP-00475,10.37,18151.1,4502.7,4683.3,0.0181,Salicylic Acid,GC-MS
SMP-00475,12.13,52337.5,9493.9,9740.7,0.0535,Chlorpheniramine,GC-MS
SMP-00476,1.22,12436.2,3220.4,3322.7,0.0126,Uracil,GC-MS
SMP-00476,2.78,51307.5,10254.3,10464.2,0.0504,Acetaminophen,GC-MS
SMP-00476,4.17,83438.6,12789.6,13367.0,0.0836,Caffeine,GC-MS
SMP-00476,5.57,25632.5,5680.2,5938.0,0.0255,Aspirin,GC-MS
SMP-00476,7.22,65628.7,10657.4,10986.5,0.0665,Benzoic Acid,GC-MS
SMP-00476,8.99,29438.6,6186.1,6309.7,0.0294,Phenacetin,GC-MS
SMP-00476,10.37,16658.3,4104.9,4057.1,0.0173,Salicylic Acid,GC-MS
SMP-00476,12.03,58399.6,10755.7,11465.7,0.0585,Chlorpheniramine,GC-MS
SMP-00477,1.25,13173.2,3380.1,3534.9,0.0134,Uracil,GC-MS
SMP-00477,2.77,42520.8,8014.2,8450.8,0.0421,Acetaminophen,GC-MS
SMP-00477,4.14,91104.3,15206.1,15523.0,0.0897,Caffeine,GC-MS
SMP-00477,5.6,18702.8,4192.3,4467.5,0.0185,Aspirin,GC-MS
SMP-00477,7.21,58646.6,9180.6,9375.2,0.0582,Benzoic Acid,GC-MS
SMP-00477,8.97,27381.5,5466.2,5601.6,0.0278,Phenacetin,GC-MS
SMP-00477,10.43,15068.8,3459.4,3672.3,0.015,Salicylic Acid,GC-MS
SMP-00477,12.11,62942.6,11581.9,11988.1,0.0638,Chlorpheniramine,GC-MS
SMP-00478,1.28,12035.2,3258.1,3280.5,0.0123,Uracil,GC-MS
SMP-00478,2.78,49165.7,9178.8,9630.4,0.0503,Acetaminophen,GC-MS
SMP-00478,4.17,76394.5,11825.6,11947.0,0.0786,Caffeine,GC-MS
SMP-00478,5.54,25247.7,5425.5,5634.1,0.0254,Aspirin,GC-MS
SMP-00478,7.24,60728.0,10812.1,10736.1,0.0623,Benzoic Acid,GC-MS
SMP-00478,8.98,28867.5,5887.9,5975.4,0.0294,Phenacetin,GC-MS
SMP-00478,10.39,13672.9,3252.3,3332.9,0.0136,Salicylic Acid,GC-MS
SMP-00478,12.07,58530.5,10665.4,10897.9,0.058,Chlorpheniramine,GC-MS
SMP-00479,1.23,11367.2,2996.1,3088.3,0.0116,Uracil,GC-MS
SMP-00479,2.79,52919.8,10367.9,10367.5,0.053,Acetaminophen,GC-MS
SMP-00479,4.11,95596.2,15942.5,16555.4,0.0943,Caffeine,GC-MS
SMP-00479,5.62,21895.4,4667.8,4756.3,0.0221,Aspirin,GC-MS
SMP-00479,7.18,76113.4,12713.9,13314.6,0.0756,Benzoic Acid,GC-MS
SMP-00479,8.94,29945.1,6153.8,6223.6,0.0295,Phenacetin,GC-MS
SMP-00479,10.4,14776.3,3670.6,3857.3,0.015,Salicylic Acid,GC-MS
SMP-00479,12.08,59006.8,10741.2,10787.5,0.0576,Chlorpheniramine,GC-MS
SMP-00480,1.25,11601.6,3081.9,3153.6,0.0117,Uracil,GC-MS
SMP-00480,2.82,39676.8,7553.9,7894.6,0.0394,Acetaminophen,GC-MS
SMP-00480,4.16,84430.4,13616.2,14175.4,0.0856,Caffeine,GC-MS
SMP-00480,5.62,26030.9,5561.7,5759.5,0.0272,Aspirin,GC-MS
SMP-00480,7.19,60818.1,10521.4,10988.2,0.0602,Benzoic Acid,GC-MS
SMP-00480,8.96,27581.8,5865.7,5934.1,0.0275,Phenacetin,GC-MS
SMP-00480,10.4,19035.2,4840.7,4991.5,0.0187,Salicylic Acid,GC-MS
SMP-00480,12.1,60070.8,10839.9,11095.6,0.0604,Chlorpheniramine,GC-MS
SMP-00481,1.27,14617.9,3708.1,3774.3,0.0148,Uracil,GC-MS
SMP-00481,2.78,47497.5,9220.2,9701.6,0.0478,Acetaminophen,GC-MS
SMP-00481,4.15,117164.7,18856.6,19403.0,0.1182,Caffeine,GC-MS
SMP-00481,5.6,22558.6,4993.0,5263.5,0.0218,Aspirin,GC-MS
SMP-00481,7.19,67512.2,11495.0,12498.4,0.07,Benzoic Acid,GC-MS
SMP-00481,8.91,28426.2,5875.7,6386.2,0.0285,Phenacetin,GC-MS
SMP-00481,10.37,16895.4,4241.7,4457.5,0.0166,Salicylic Acid,GC-MS
SMP-00481,12.15,61394.5,11258.3,11602.4,0.0632,Chlorpheniramine,GC-MS
SMP-00482,1.27,13166.6,3368.0,3596.7,0.0131,Uracil,GC-MS
SMP-00482,2.77,41934.9,8097.1,8488.6,0.043,Acetaminophen,GC-MS
SMP-00482,4.17,88577.5,14184.2,14649.2,0.0892,Caffeine,GC-MS
SMP-00482,5.59,24699.9,5287.4,5672.3,0.0249,Aspirin,GC-MS
SMP-00482,7.15,74998.3,13408.7,13917.2,0.0773,Benzoic Acid,GC-MS
SMP-00482,8.97,28917.9,6164.8,6337.5,0.0291,Phenacetin,GC-MS
SMP-00482,10.41,16748.2,4123.7,4095.9,0.0168,Salicylic Acid,GC-MS
SMP-00482,12.1,48689.3,8547.3,8733.0,0.0494,Chlorpheniramine,GC-MS
SMP-00483,1.3,13325.3,3327.1,3372.3,0.0133,Uracil,GC-MS
SMP-00483,2.81,42893.0,8240.8,8512.3,0.0414,Acetaminophen,GC-MS
SMP-00483,4.17,97610.4,16343.2,16830.0,0.1005,Caffeine,GC-MS
SMP-00483,5.62,25271.6,5490.7,5810.9,0.0253,Aspirin,GC-MS
SMP-00483,7.2,69430.3,11827.6,11992.3,0.0702,Benzoic Acid,GC-MS
SMP-00483,8.91,27861.9,5623.9,5643.4,0.0289,Phenacetin,GC-MS
SMP-00483,10.48,13752.3,3337.6,3435.8,0.0131,Salicylic Acid,GC-MS
SMP-00483,12.14,53035.0,9407.6,9689.9,0.0533,Chlorpheniramine,GC-MS
SMP-00484,1.26,11896.2,2883.8,3038.7,0.012,Uracil,GC-MS
SMP-00484,2.78,45502.3,9173.4,9309.0,0.0457,Acetaminophen,GC-MS
SMP-00484,4.13,88186.3,14489.3,15168.4,0.0892,Caffeine,GC-MS
SMP-00484,5.64,24409.3,5246.1,5393.0,0.0237,Aspirin,GC-MS
SMP-00484,7.24,77890.6,13073.3,13491.6,0.0761,Benzoic Acid,GC-MS
SMP-00484,8.99,26627.9,5744.4,6086.5,0.0262,Phenacetin,GC-MS
SMP-00484,10.38,15278.3,3651.1,3749.7,0.0158,Salicylic Acid,GC-MS
SMP-00484,12.07,63904.5,11156.9,11844.2,0.0644,Chlorpheniramine,GC-MS
SMP-00485,1.27,13195.7,3396.8,3571.6,0.0137,Uracil,GC-MS
SMP-00485,2.78,57598.9,11296.7,11193.1,0.0579,Acetaminophen,GC-MS
SMP-00485,4.13,96744.0,15736.9,16444.7,0.0999,Caffeine,GC-MS
SMP-00485,5.61,22184.7,4955.6,4897.4,0.0222,Aspirin,GC-MS
SMP-00485,7.16,71051.3,12117.7,12721.4,0.0705,Benzoic Acid,GC-MS
SMP-00485,8.95,29195.6,5927.3,5992.5,0.0291,Phenacetin,GC-MS
SMP-00485,10.46,16030.0,3905.6,4047.0,0.0158,Salicylic Acid,GC-MS
SMP-00485,12.08,45047.9,8241.5,8345.9,0.0438,Chlorpheniramine,GC-MS
SMP-00486,1.23,12838.6,3278.4,3391.6,0.0128,Uracil,GC-MS
SMP-00486,2.81,45861.2,8752.1,9294.0,0.0453,Acetaminophen,GC-MS
SMP-00486,4.08,78544.8,12518.1,12869.5,0.0754,Caffeine,GC-MS
SMP-00486,5.56,25980.2,5816.5,5889.7,0.0259,Aspirin,GC-MS
SMP-00486,7.23,68438.9,10936.0,10984.9,0.0679,Benzoic Acid,GC-MS
SMP-00486,8.89,34149.2,7247.1,7393.8,0.0338,Phenacetin,GC-MS
SMP-00486,10.47,15728.5,3783.7,3894.7,0.0157,Salicylic Acid,GC-MS
SMP-00486,12.11,57947.9,10783.5,11152.9,0.059,Chlorpheniramine,GC-MS
SMP-00487,1.25,13981.1,3711.5,3713.8,0.0141,Uracil,GC-MS
SMP-00487,2.84,45953.5,8981.0,9191.3,0.0457,Acetaminophen,GC-MS
SMP-00487,4.17,78643.8,13050.8,13526.5,0.0799,Caffeine,GC-MS
SMP-00487,5.62,25046.4,5332.7,5574.5,0.0259,Aspirin,GC-MS
SMP-00487,7.15,64982.8,10901.7,11230.7,0.0653,Benzoic Acid,GC-MS
SMP-00487,8.98,33426.9,6687.2,7121.7,0.0335,Phenacetin,GC-MS
SMP-00487,10.37,17700.2,4217.0,4333.4,0.0181,Salicylic Acid,GC-MS
SMP-00487,12.05,50678.1,9299.3,9493.3,0.0504,Chlorpheniramine,GC-MS
SMP-00488,1.23,14365.1,3617.3,3585.4,0.0146,Uracil,GC-MS
SMP-00488,2.79,43879.3,8473.8,8902.2,0.044,Acetaminophen,GC-MS
SMP-00488,4.1,85829.9,13850.8,14274.6,0.0867,Caffeine,GC-MS
SMP-00488,5.62,23472.4,5255.3,5522.9,0.0238,Aspirin,GC-MS
SMP-00488,7.2,57775.5,9986.3,10204.1,0.0577,Benzoic Acid,GC-MS
SMP-00488,8.96,30226.3,6354.0,6514.8,0.0298,Phenacetin,GC-MS
SMP-00488,10.36,15817.8,3956.6,4143.1,0.0166,Salicylic Acid,GC-MS
SMP-00488,12.09,54622.1,9709.4,10107.0,0.0541,Chlorpheniramine,GC-MS
SMP-00489,1.15,12963.2,3329.8,3446.5,0.0126,Uracil,GC-MS
SMP-00489,2.74,41113.5,8183.5,8086.5,0.041,Acetaminophen,GC-MS
SMP-00489,4.11,98077.9,15770.6,16645.1,0.101,Caffeine,GC-MS
SMP-00489,5.6,25612.2,5849.3,6029.9,0.0259,Aspirin,GC-MS
SMP-00489,7.22,61123.5,10509.9,10463.3,0.0608,Benzoic Acid,GC-MS
SMP-00489,8.96,29443.0,6054.4,6237.0,0.0292,Phenacetin,GC-MS
SMP-00489,10.44,14627.3,3530.3,3668.8,0.015,Salicylic Acid,GC-MS
SMP-00489,12.07,55677.7,10417.7,10591.5,0.0567,Chlorpheniramine,GC-MS
SMP-00490,1.27,11669.7,3027.0,3200.5,0.0117,Uracil,GC-MS
SMP-00490,2.8,41809.2,8054.1,8117.9,0.0416,Acetaminophen,GC-MS
SMP-00490,4.15,93045.7,14873.2,15375.3,0.0902,Caffeine,GC-MS
SMP-00490,5.64,28537.1,6078.0,6328.8,0.0291,Aspirin,GC-MS
SMP-00490,7.22,69046.1,11395.0,12132.2,0.0697,Benzoic Acid,GC-MS
SMP-00490,8.96,25608.8,5326.7,5353.3,0.0256,Phenacetin,GC-MS
SMP-00490,10.39,15508.1,4090.5,4318.8,0.0157,Salicylic Acid,GC-MS
SMP-00490,12.13,52447.2,9956.4,10310.6,0.0508,Chlorpheniramine,GC-MS
SMP-00491,1.3,13174.5,3519.0,3732.5,0.0139,Uracil,GC-MS
SMP-00491,2.8,50831.1,10124.9,10381.9,0.0512,Acetaminophen,GC-MS
SMP-00491,4.18,74415.9,11739.6,12176.6,0.0717,Caffeine,GC-MS
SMP-00491,5.6,23002.5,5064.4,5121.2,0.0229,Aspirin,GC-MS
SMP-00491,7.18,70432.3,12168.8,12638.7,0.0702,Benzoic Acid,GC-MS
SMP-00491,8.9,30073.5,6049.2,6238.7,0.0305,Phenacetin,GC-MS
SMP-00491,10.41,16979.6,4346.9,4414.8,0.0174,Salicylic Acid,GC-MS
SMP-00491,12.08,58578.2,10535.0,11191.7,0.0597,Chlorpheniramine,GC-MS
SMP-00492,1.25,11363.2,2805.8,2835.1,0.0115,Uracil,GC-MS
SMP-00492,2.85,51222.4,10048.6,10042.4,0.05,Acetaminophen,GC-MS
SMP-00492,4.16,100884.9,16202.1,16640.2,0.1015,Caffeine,GC-MS
SMP-00492,5.61,24622.7,5582.7,6020.9,0.0253,Aspirin,GC-MS
SMP-00492,7.18,66781.0,11012.2,11312.3,0.0669,Benzoic Acid,GC-MS
SMP-00492,9.01,31182.1,6315.4,6418.4,0.0323,Phenacetin,GC-MS
SMP-00492,10.39,17197.8,4298.6,4394.4,0.0171,Salicylic Acid,GC-MS
SMP-00492,12.14,60057.0,10994.1,11702.7,0.0619,Chlorpheniramine,GC-MS
SMP-00493,1.24,13939.6,3461.4,3599.4,0.0141,Uracil,GC-MS
SMP-00493,2.8,50606.1,10053.4,10386.6,0.0499,Acetaminophen,GC-MS
SMP-00493,4.14,89519.0,14619.7,14459.9,0.089,Caffeine,GC-MS
SMP-00493,5.58,20571.2,4571.6,4818.9,0.02,Aspirin,GC-MS
SMP-00493,7.21,64492.8,10759.0,11285.0,0.0637,Benzoic Acid,GC-MS
SMP-00493,8.96,32487.3,6961.1,7227.0,0.033,Phenacetin,GC-MS
SMP-00493,10.35,14096.6,3299.9,3408.0,0.0141,Salicylic Acid,GC-MS
SMP-00493,12.09,50857.1,9234.2,9845.9,0.0499,Chlorpheniramine,GC-MS
SMP-00494,1.23,11738.1,3094.1,3214.2,0.0118,Uracil,GC-MS
SMP-00494,2.79,39303.3,7490.9,7552.5,0.0388,Acetaminophen,GC-MS
SMP-00494,4.18,607796.3,102690.9,94317.2,0.6178,Caffeine,GC-MS
SMP-00494,5.59,27957.2,6435.3,6682.7,0.0281,Aspirin,GC-MS
SMP-00494,7.16,64161.7,10926.2,10984.1,0.0629,Benzoic Acid,GC-MS
SMP-00494,8.97,33568.7,6906.0,6820.4,0.0336,Phenacetin,GC-MS
SMP-00494,10.36,15813.6,3876.5,4044.9,0.0164,Salicylic Acid,GC-MS
SMP-00494,12.06,49724.3,8966.7,9135.7,0.0489,Chlorpheniramine,GC-MS
SMP-00495,1.24,13786.8,3511.7,3689.9,0.0141,Uracil,GC-MS
SMP-00495,2.8,47753.7,9333.7,9752.6,0.049,Acetaminophen,GC-MS
SMP-00495,4.16,82040.5,13612.6,14103.5,0.0831,Caffeine,GC-MS
SMP-00495,5.56,23704.2,5177.2,5263.3,0.0243,Aspirin,GC-MS
SMP-00495,7.2,59317.9,9891.1,9944.2,0.0632,Benzoic Acid,GC-MS
SMP-00495,8.97,28432.5,5787.7,6010.5,0.0285,Phenacetin,GC-MS
SMP-00495,10.42,14586.9,3455.3,3645.8,0.015,Salicylic Acid,GC-MS
SMP-00495,12.13,54540.8,9900.6,9929.2,0.0529,Chlorpheniramine,GC-MS
SMP-00496,1.26,11328.1,2963.3,3116.7,0.0119,Uracil,GC-MS
SMP-00496,2.81,42207.9,8286.9,8635.8,0.0424,Acetaminophen,GC-MS
SMP-00496,4.17,91797.1,15337.9,16160.8,0.0933,Caffeine,GC-MS
SMP-00496,5.57,22591.3,5098.8,5301.3,0.023,Aspirin,GC-MS
SMP-00496,7.23,61332.7,10212.1,10512.8,0.0616,Benzoic Acid,GC-MS
SMP-00496,8.95,28208.8,5749.3,5934.2,0.0288,Phenacetin,GC-MS
SMP-00496,10.38,14544.1,3624.4,3720.9,0.0148,Salicylic Acid,GC-MS
SMP-00496,12.15,63011.1,11288.7,11134.0,0.0613,Chlorpheniramine,GC-MS
SMP-00497,1.22,12986.5,3399.9,3516.5,0.0134,Uracil,GC-MS
SMP-00497,2.83,46934.1,9041.9,9206.9,0.0466,Acetaminophen,GC-MS
SMP-00497,4.11,91767.5,14346.4,14973.1,0.0894,Caffeine,GC-MS
SMP-00497,5.62,21765.0,5002.4,5125.4,0.0219,Aspirin,GC-MS
SMP-00497,7.18,73309.5,12210.2,12175.1,0.0729,Benzoic Acid,GC-MS
SMP-00497,8.95,29973.5,6046.7,6280.6,0.029,Phenacetin,GC-MS
SMP-00497,10.34,17522.1,4196.3,4276.5,0.0178,Salicylic Acid,GC-MS
SMP-00497,12.1,50241.7,8689.3,9018.1,0.0493,Chlorpheniramine,GC-MS
SMP-00498,1.22,14366.0,3712.0,3856.5,0.0141,Uracil,GC-MS
SMP-00498,2.81,46164.7,8612.9,9123.8,0.0454,Acetaminophen,GC-MS
SMP-00498,4.19,97443.0,15545.5,16022.6,0.0968,Caffeine,GC-MS
SMP-00498,5.59,22649.2,4878.1,5020.6,0.0232,Aspirin,GC-MS
SMP-00498,7.22,57171.7,9709.7,9879.7,0.0597,Benzoic Acid,GC-MS
SMP-00498,8.91,29648.0,6127.8,6420.8,0.0307,Phenacetin,GC-MS
SMP-00498,10.41,16661.7,3972.6,3903.3,0.0164,Salicylic Acid,GC-MS
SMP-00498,12.1,50214.4,9568.8,9849.6,0.0496,Chlorpheniramine,GC-MS
SMP-00499,1.23,13044.3,3282.2,3388.2,0.0129,Uracil,GC-MS
SMP-00499,2.78,37864.6,7671.7,7865.8,0.037,Acetaminophen,GC-MS
SMP-00499,4.14,79018.2,12672.0,12484.3,0.0782,Caffeine,GC-MS
SMP-00499,5.6,26550.6,5823.5,6052.0,0.0262,Aspirin,GC-MS
SMP-00499,7.17,71464.0,12157.2,12541.5,0.0712,Benzoic Acid,GC-MS
SMP-00499,8.91,30380.2,6072.5,6469.4,0.0309,Phenacetin,GC-MS
SMP-00499,10.41,16574.6,4171.0,4316.4,0.0167,Salicylic Acid,GC-MS
SMP-00499,12.08,50437.8,8756.4,9282.3,0.0501,Chlorpheniramine,GC-MS
SMP-00500,1.23,11629.6,3010.9,3052.2,0.0116,Uracil,GC-MS
SMP-00500,2.79,44059.4,8759.8,9045.9,0.0453,Acetaminophen,GC-MS
SMP-00500,4.13,111848.6,17167.1,17893.6,0.1126,Caffeine,GC-MS
SMP-00500,5.6,20837.6,4294.5,4408.5,0.0209,Aspirin,GC-MS
SMP-00500,7.24,64241.8,10153.8,11094.7,0.0654,Benzoic Acid,GC-MS
SMP-00500,8.95,29180.5,6057.2,6365.0,0.0295,Phenacetin,GC-MS
SMP-00500,10.38,13613.1,3289.6,3413.6,0.0139,Salicylic Acid,GC-MS
SMP-00500,12.09,52959.5,10010.4,10214.3,0.0504,Chlorpheniramine,GC-MS
SMP-00501,1.27,11909.9,3053.5,3127.7,0.0116,Uracil,GC-MS
SMP-00501,2.82,196020.7,33867.4,31984.0,0.1972,Acetaminophen,GC-MS
SMP-00501,4.11,82097.3,12971.4,13460.9,0.0799,Caffeine,GC-MS
SMP-00501,5.68,24889.4,5615.2,5655.6,0.0251,Aspirin,GC-MS
SMP-00501,7.19,75133.6,12168.3,12897.8,0.0763,Benzoic Acid,GC-MS
SMP-00501,8.93,33526.2,6722.0,6970.9,0.0347,Phenacetin,GC-MS
SMP-00501,10.41,15564.1,3928.5,4038.7,0.0156,Salicylic Acid,GC-MS
SMP-00501,12.13,50026.0,8862.5,9477.9,0.0502,Chlorpheniramine,GC-MS
SMP-00502,1.27,14127.5,3643.1,3659.4,0.0142,Uracil,GC-MS
SMP-00502,2.78,51607.2,10230.0,10809.5,0.0519,Acetaminophen,GC-MS
SMP-00502,4.14,100063.5,16367.4,16714.0,0.1008,Caffeine,GC-MS
SMP-00502,5.54,25237.7,5445.1,5412.9,0.025,Aspirin,GC-MS
SMP-00502,7.19,73965.0,12188.9,12410.5,0.0782,Benzoic Acid,GC-MS
SMP-00502,9.0,30885.0,6559.4,6576.2,0.0314,Phenacetin,GC-MS
SMP-00502,10.38,16060.8,4094.7,4226.0,0.0163,Salicylic Acid,GC-MS
SMP-00502,12.07,57115.0,10519.3,10746.9,0.0562,Chlorpheniramine,GC-MS
SMP-00503,1.26,13624.3,3448.4,3440.3,0.0136,Uracil,GC-MS
SMP-00503,2.84,51094.8,9820.9,9510.9,0.0526,Acetaminophen,GC-MS
SMP-00503,4.1,89296.9,14664.5,15564.1,0.0889,Caffeine,GC-MS
SMP-00503,5.64,21321.4,4515.4,4556.4,0.0212,Aspirin,GC-MS
SMP-00503,7.16,68845.2,11811.9,12296.4,0.0709,Benzoic Acid,GC-MS
SMP-00503,8.99,34003.2,7043.5,7509.6,0.0357,Phenacetin,GC-MS
SMP-00503,10.36,14443.2,3491.5,3587.9,0.0144,Salicylic Acid,GC-MS
SMP-00503,12.06,56805.6,10335.0,10607.4,0.0561,Chlorpheniramine,GC-MS
SMP-00504,1.23,11112.4,2728.1,2798.3,0.0113,Uracil,GC-MS
SMP-00504,2.81,41211.2,8372.2,8679.7,0.0414,Acetaminophen,GC-MS
SMP-00504,4.16,80569.2,14187.6,14750.0,0.0823,Caffeine,GC-MS
SMP-00504,5.62,22033.1,5193.9,5306.0,0.0216,Aspirin,GC-MS
SMP-00504,7.23,67212.1,11591.9,11788.3,0.0661,Benzoic Acid,GC-MS
SMP-00504,8.98,34333.0,6980.1,7194.4,0.0332,Phenacetin,GC-MS
SMP-00504,10.43,15387.9,3780.0,3850.7,0.0161,Salicylic Acid,GC-MS
SMP-00504,12.06,51947.2,9692.6,9782.9,0.051,Chlorpheniramine,GC-MS
SMP-00505,1.28,13339.0,3443.2,3539.2,0.0137,Uracil,GC-MS
SMP-00505,2.79,52461.8,9988.6,10505.9,0.0536,Acetaminophen,GC-MS
SMP-00505,4.13,95324.0,15131.0,15682.1,0.0962,Caffeine,GC-MS
SMP-00505,5.62,23124.1,5108.5,5338.3,0.0235,Aspirin,GC-MS
SMP-00505,7.22,77423.3,13141.5,13529.2,0.0755,Benzoic Acid,GC-MS
SMP-00505,8.99,32005.0,6362.7,6521.0,0.0325,Phenacetin,GC-MS
SMP-00505,10.4,15306.1,3875.9,4063.0,0.015,Salicylic Acid,GC-MS
SMP-00505,12.1,58904.4,10660.2,10788.5,0.0594,Chlorpheniramine,GC-MS
SMP-00506,1.2,11040.2,2751.0,2913.6,0.011,Uracil,GC-MS
SMP-00506,2.8,52078.4,10572.2,11203.4,0.0527,Acetaminophen,GC-MS
SMP-00506,4.2,88611.2,14148.4,14292.8,0.0852,Caffeine,GC-MS
SMP-00506,5.59,25724.2,5723.7,6036.5,0.0248,Aspirin,GC-MS
SMP-00506,7.21,58967.4,10012.1,10141.3,0.0583,Benzoic Acid,GC-MS
SMP-00506,8.92,30004.1,5976.7,6022.3,0.0295,Phenacetin,GC-MS
SMP-00506,10.47,15904.4,3931.1,4143.5,0.0157,Salicylic Acid,GC-MS
SMP-00506,12.11,53692.8,9673.6,9953.5,0.0539,Chlorpheniramine,GC-MS
SMP-00507,1.23,12560.4,3079.6,3175.2,0.0127,Uracil,GC-MS
SMP-00507,2.75,45476.4,9079.3,9183.8,0.0447,Acetaminophen,GC-MS
SMP-00507,4.17,95993.0,15546.4,15886.1,0.0963,Caffeine,GC-MS
SMP-00507,5.56,26271.8,5646.6,5755.1,0.0265,Aspirin,GC-MS
SMP-00507,7.17,63906.4,10871.9,11330.6,0.0638,Benzoic Acid,GC-MS
SMP-00507,8.9,34509.0,7203.4,7436.3,0.036,Phenacetin,GC-MS
SMP-00507,10.4,17028.8,4271.5,4347.6,0.0168,Salicylic Acid,GC-MS
SMP-00507,12.1,53215.3,9533.8,10258.4,0.0522,Chlorpheniramine,GC-MS
SMP-00508,1.26,10893.2,2866.5,2962.1,0.0111,Uracil,GC-MS
SMP-00508,2.76,45237.6,8718.1,9021.4,0.0452,Acetaminophen,GC-MS
SMP-00508,4.19,95311.3,15829.0,16355.0,0.0963,Caffeine,GC-MS
SMP-00508,5.59,22330.6,4918.7,5141.9,0.0223,Aspirin,GC-MS
SMP-00508,7.27,63235.9,10040.8,10293.8,0.0616,Benzoic Acid,GC-MS
SMP-00508,8.88,33095.8,7105.4,7232.0,0.0324,Phenacetin,GC-MS
SMP-00508,10.34,16514.9,4153.6,4334.6,0.017,Salicylic Acid,GC-MS
SMP-00508,12.09,179483.0,27820.4,34506.7,0.1841,Chlorpheniramine,GC-MS
SMP-00509,1.27,13372.2,3460.0,3562.4,0.0132,Uracil,GC-MS
SMP-00509,2.75,47073.4,9213.8,9346.0,0.0479,Acetaminophen,GC-MS
SMP-00509,4.14,76226.4,12843.4,12672.4,0.078,Caffeine,GC-MS
SMP-00509,5.59,24641.8,5159.3,5056.5,0.0237,Aspirin,GC-MS
SMP-00509,7.2,63140.3,10777.9,10709.8,0.0627,Benzoic Acid,GC-MS
SMP-00509,8.96,33529.3,6821.9,6905.9,0.0338,Phenacetin,GC-MS
SMP-00509,10.41,15598.2,3728.2,3841.0,0.0159,Salicylic Acid,GC-MS
SMP-00509,12.08,57064.6,10436.3,10545.1,0.0561,Chlorpheniramine,GC-MS
SMP-00510,1.22,13472.7,3383.0,3459.1,0.0132,Uracil,GC-MS
SMP-00510,2.82,56911.3,11229.6,11529.3,0.0558,Acetaminophen,GC-MS
SMP-00510,4.14,89008.7,13654.8,14065.7,0.0888,Caffeine,GC-MS
SMP-00510,5.6,27302.6,5839.3,6014.4,0.0276,Aspirin,GC-MS
SMP-00510,7.26,66883.4,10839.6,11089.9,0.0683,Benzoic Acid,GC-MS
SMP-00510,8.93,29237.0,6060.4,6282.3,0.0281,Phenacetin,GC-MS
SMP-00510,10.4,14767.7,3629.9,3885.9,0.0154,Salicylic Acid,GC-MS
SMP-00510,12.12,62204.5,11212.2,11413.9,0.0626,Chlorpheniramine,GC-MS
SMP-00511,1.23,12213.7,2919.6,2972.2,0.0124,Uracil,GC-MS
SMP-00511,2.76,41696.1,7816.4,7949.6,0.0413,Acetaminophen,GC-MS
SMP-00511,4.16,80461.9,13009.5,13215.4,0.08,Caffeine,GC-MS
SMP-00511,5.61,18108.3,3823.5,3967.2,0.0182,Aspirin,GC-MS
SMP-00511,7.2,70617.0,12155.3,12593.7,0.0687,Benzoic Acid,GC-MS
SMP-00511,9.01,29330.0,6269.8,6498.7,0.0291,Phenacetin,GC-MS
SMP-00511,10.42,19614.3,4810.3,4873.0,0.0195,Salicylic Acid,GC-MS
SMP-00511,12.09,54921.0,10002.0,10336.2,0.0539,Chlorpheniramine,GC-MS
SMP-00512,1.18,12055.4,3020.7,3069.1,0.0122,Uracil,GC-MS
SMP-00512,2.86,47019.1,9496.6,9712.8,0.0449,Acetaminophen,GC-MS
SMP-00512,4.18,88104.1,14123.6,14213.5,0.0866,Caffeine,GC-MS
SMP-00512,5.61,24317.0,5310.7,5637.8,0.0243,Aspirin,GC-MS
SMP-00512,7.23,68201.2,11563.3,11771.6,0.067,Benzoic Acid,GC-MS
SMP-00512,8.97,38387.8,7773.3,7826.9,0.039,Phenacetin,GC-MS
SMP-00512,10.39,15807.5,3858.7,3937.8,0.0161,Salicylic Acid,GC-MS
SMP-00512,12.09,55246.1,10327.6,10906.5,0.0539,Chlorpheniramine,GC-MS
SMP-00513,1.24,15175.3,3812.5,4023.7,0.0147,Uracil,GC-MS
SMP-00513,2.75,46303.7,8902.3,9095.9,0.0474,Acetaminophen,GC-MS
SMP-00513,4.16,89376.8,14293.0,14853.1,0.0872,Caffeine,GC-MS
SMP-00513,5.62,22768.1,4962.3,5110.0,0.0226,Aspirin,GC-MS
SMP-00513,7.17,72393.2,11975.8,12241.3,0.0719,Benzoic Acid,GC-MS
SMP-00513,8.98,29535.8,6065.6,6345.7,0.0289,Phenacetin,GC-MS
SMP-00513,10.41,16295.2,3964.8,4152.2,0.0162,Salicylic Acid,GC-MS
SMP-00513,12.1,55603.0,9888.8,10232.7,0.0559,Chlorpheniramine,GC-MS
SMP-00514,1.28,14784.1,3768.9,3817.1,0.0151,Uracil,GC-MS
SMP-00514,2.78,43461.6,8396.9,8834.3,0.0435,Acetaminophen,GC-MS
SMP-00514,4.2,98794.0,15190.9,15489.3,0.1019,Caffeine,GC-MS
SMP-00514,5.58,22820.6,5075.9,5333.3,0.0227,Aspirin,GC-MS
SMP-00514,7.19,71496.9,12382.1,12867.0,0.0711,Benzoic Acid,GC-MS
SMP-00514,8.91,25310.7,5062.9,5124.8,0.026,Phenacetin,GC-MS
SMP-00514,10.38,15381.0,3817.4,3977.8,0.0148,Salicylic Acid,GC-MS
SMP-00514,12.09,53588.4,9847.6,10051.5,0.0531,Chlorpheniramine,GC-MS
SMP-00515,1.29,12496.5,3180.2,3380.6,0.0129,Uracil,GC-MS
SMP-00515,2.85,53930.7,10655.8,10766.9,0.0524,Acetaminophen,GC-MS
SMP-00515,4.17,106608.1,17599.9,17937.8,0.1075,Caffeine,GC-MS
SMP-00515,5.55,24815.2,5257.2,5448.7,0.0254,Aspirin,GC-MS
SMP-00515,7.22,80740.9,13366.6,13499.8,0.0815,Benzoic Acid,GC-MS
SMP-00515,8.96,32854.9,6770.8,6868.7,0.0334,Phenacetin,GC-MS
SMP-00515,10.34,16331.6,3892.5,3809.6,0.0158,Salicylic Acid,GC-MS
SMP-00515,12.1,47508.4,8646.8,8860.3,0.0479,Chlorpheniramine,GC-MS
SMP-00516,1.32,13617.8,3354.0,3454.6,0.0137,Uracil,GC-MS
SMP-00516,2.8,48089.5,9514.2,9851.7,0.0482,Acetaminophen,GC-MS
SMP-00516,4.16,97680.1,15725.4,15734.6,0.0986,Caffeine,GC-MS
SMP-00516,5.64,16819.3,3940.3,4054.1,0.017,Aspirin,GC-MS
SMP-00516,7.2,64088.7,10569.4,10744.1,0.0648,Benzoic Acid,GC-MS
SMP-00516,8.99,32875.1,6814.6,7360.0,0.0329,Phenacetin,GC-MS
SMP-00516,10.38,13360.8,3167.9,3160.7,0.0135,Salicylic Acid,GC-MS
SMP-00516,12.08,50481.4,9385.8,9631.6,0.0525,Chlorpheniramine,GC-MS
SMP-00517,1.24,10784.1,2819.0,2889.1,0.0111,Uracil,GC-MS
SMP-00517,2.78,43280.1,8342.5,8537.0,0.0433,Acetaminophen,GC-MS
SMP-00517,4.18,103142.7,16065.6,16561.0,0.1043,Caffeine,GC-MS
SMP-00517,5.58,24381.9,5307.3,5441.9,0.0242,Aspirin,GC-MS
SMP-00517,7.13,70360.5,11366.2,12033.1,0.0702,Benzoic Acid,GC-MS
SMP-00517,8.98,25852.7,5444.8,5506.9,0.0242,Phenacetin,GC-MS
SMP-00517,10.38,17207.2,4151.6,4430.6,0.0178,Salicylic Acid,GC-MS
SMP-00517,12.1,50853.4,9259.4,9443.7,0.0499,Chlorpheniramine,GC-MS
SMP-00518,1.25,13921.7,3540.1,3672.2,0.014,Uracil,GC-MS
SMP-00518,2.82,42870.9,8210.9,8689.1,0.042,Acetaminophen,GC-MS
SMP-00518,4.14,90081.5,14732.5,14969.0,0.0872,Caffeine,GC-MS
SMP-00518,5.61,29369.9,6330.5,6427.5,0.0293,Aspirin,GC-MS
SMP-00518,7.15,65065.8,11326.6,11586.9,0.0642,Benzoic Acid,GC-MS
SMP-00518,8.95,26344.4,5600.3,5789.1,0.0271,Phenacetin,GC-MS
SMP-00518,10.43,14847.4,3740.5,3856.3,0.0146,Salicylic Acid,GC-MS
SMP-00518,12.07,53749.7,9847.9,10318.6,0.0529,Chlorpheniramine,GC-MS
SMP-00519,1.26,13102.9,3526.6,3628.2,0.013,Uracil,GC-MS
SMP-00519,2.76,54987.1,10775.0,10699.5,0.0541,Acetaminophen,GC-MS
SMP-00519,4.13,76149.6,12563.2,13273.0,0.0761,Caffeine,GC-MS
SMP-00519,5.56,22927.4,4973.9,5349.3,0.0227,Aspirin,GC-MS
SMP-00519,7.18,69899.0,11865.9,12405.2,0.0727,Benzoic Acid,GC-MS
SMP-00519,8.94,32980.7,7059.9,7114.9,0.0331,Phenacetin,GC-MS
SMP-00519,10.43,18562.7,4597.2,4767.6,0.0186,Salicylic Acid,GC-MS
SMP-00519,12.11,54860.3,10149.3,10519.3,0.0557,Chlorpheniramine,GC-MS
SMP-00520,1.28,12006.3,3208.3,3276.4,0.0121,Uracil,GC-MS
SMP-00520,2.71,50917.4,9841.9,10110.8,0.0494,Acetaminophen,GC-MS
SMP-00520,4.11,83745.2,13839.2,14560.6,0.085,Caffeine,GC-MS
SMP-00520,5.62,22294.9,4833.0,5018.5,0.0223,Aspirin,GC-MS
SMP-00520,7.25,67272.9,11376.3,11545.9,0.071,Benzoic Acid,GC-MS
SMP-00520,8.94,28497.8,5847.3,5984.3,0.0286,Phenacetin,GC-MS
SMP-00520,10.4,16314.8,4000.6,4206.0,0.0163,Salicylic Acid,GC-MS
SMP-00520,12.08,53355.9,10357.9,10690.5,0.0546,Chlorpheniramine,GC-MS
SMP-00521,1.27,15878.3,4107.9,4217.9,0.016,Uracil,GC-MS
SMP-00521,2.77,52107.3,9965.3,10380.6,0.0521,Acetaminophen,GC-MS
SMP-00521,4.18,79125.5,12335.6,12641.9,0.0803,Caffeine,GC-MS
SMP-00521,5.58,21575.8,4838.2,5110.6,0.021,Aspirin,GC-MS
SMP-00521,7.18,291885.4,40223.5,49726.0,0.2851,Benzoic Acid,GC-MS
SMP-00521,8.95,32987.9,6836.1,6960.8,0.0328,Phenacetin,GC-MS
SMP-00521,10.41,14585.3,3456.0,3638.3,0.0148,Salicylic Acid,GC-MS
SMP-00521,12.1,44567.5,8248.1,8710.4,0.0431,Chlorpheniramine,GC-MS
SMP-00522,1.25,11606.0,2963.9,3090.6,0.0118,Uracil,GC-MS
SMP-00522,2.79,43415.0,8525.0,9129.0,0.0449,Acetaminophen,GC-MS
SMP-00522,4.17,101277.5,16908.5,17842.0,0.1012,Caffeine,GC-MS
SMP-00522,5.62,23715.4,5220.5,5371.0,0.024,Aspirin,GC-MS
SMP-00522,7.22,62174.3,10534.0,10323.7,0.0622,Benzoic Acid,GC-MS
SMP-00522,8.94,33927.7,6817.1,6834.5,0.0337,Phenacetin,GC-MS
SMP-00522,10.43,14524.3,3607.6,3746.6,0.0145,Salicylic Acid,GC-MS
SMP-00522,12.1,54341.5,9891.3,10356.5,0.0548,Chlorpheniramine,GC-MS
SMP-00523,1.27,13207.1,3527.1,3446.0,0.0133,Uracil,GC-MS
SMP-00523,2.76,53817.1,10130.7,10400.6,0.0538,Acetaminophen,GC-MS
SMP-00523,4.16,98978.3,16088.0,16434.2,0.0987,Caffeine,GC-MS
SMP-00523,5.57,22536.5,4850.6,4894.8,0.024,Aspirin,GC-MS
SMP-00523,7.16,67857.9,11293.4,11807.2,0.067,Benzoic Acid,GC-MS
SMP-00523,8.95,30611.8,6396.6,6401.2,0.0304,Phenacetin,GC-MS
SMP-00523,10.38,12661.8,3109.8,3309.4,0.0121,Salicylic Acid,GC-MS
SMP-00523,12.09,55689.6,9610.4,9842.6,0.0556,Chlorpheniramine,GC-MS
SMP-00524,1.27,10635.2,2811.2,2883.0,0.0107,Uracil,GC-MS
SMP-00524,2.85,37298.5,7050.8,7333.5,0.0376,Acetaminophen,GC-MS
SMP-00524,4.15,94560.1,15447.5,15993.3,0.094,Caffeine,GC-MS
SMP-00524,5.53,26350.1,5472.7,5385.9,0.0266,Aspirin,GC-MS
SMP-00524,7.21,66822.4,11669.0,11984.8,0.0668,Benzoic Acid,GC-MS
SMP-00524,8.95,30809.3,6191.9,6403.0,0.0308,Phenacetin,GC-MS
SMP-00524,10.41,15032.5,3648.5,3740.6,0.0151,Salicylic Acid,GC-MS
SMP-00524,12.15,181019.5,36137.0,37365.6,0.1826,Chlorpheniramine,GC-MS
SMP-00525,1.17,13378.4,3334.9,3459.7,0.0133,Uracil,GC-MS
SMP-00525,2.77,51771.8,10070.4,10492.6,0.0524,Acetaminophen,GC-MS
SMP-00525,4.16,87230.0,13532.6,14087.4,0.0899,Caffeine,GC-MS
SMP-00525,5.57,17973.8,3965.2,3997.9,0.0189,Aspirin,GC-MS
SMP-00525,7.17,53389.3,8679.6,9159.0,0.0546,Benzoic Acid,GC-MS
SMP-00525,8.89,34780.4,7204.5,7636.1,0.0355,Phenacetin,GC-MS
SMP-00525,10.41,14456.6,3394.1,3583.4,0.0146,Salicylic Acid,GC-MS
SMP-00525,12.1,47330.2,8401.7,8556.2,0.0481,Chlorpheniramine,GC-MS
SMP-00526,1.28,66175.8,16323.7,17869.7,0.0659,Uracil,GC-MS
SMP-00526,2.79,44791.3,8465.7,8924.5,0.0433,Acetaminophen,GC-MS
SMP-00526,4.22,98743.9,16456.3,17364.7,0.0976,Caffeine,GC-MS
SMP-00526,5.53,22089.0,4911.3,5045.9,0.023,Aspirin,GC-MS
SMP-00526,7.18,68793.4,11197.6,11454.5,0.0688,Benzoic Acid,GC-MS
SMP-00526,8.97,31272.5,6451.5,6529.8,0.0314,Phenacetin,GC-MS
SMP-00526,10.38,16410.8,4160.8,4328.0,0.0164,Salicylic Acid,GC-MS
SMP-00526,12.1,48732.0,8930.4,9167.8,0.0476,Chlorpheniramine,GC-MS
SMP-00527,1.3,12349.6,3107.5,3106.6,0.0128,Uracil,GC-MS
SMP-00527,2.77,40835.0,8182.1,8423.9,0.04,Acetaminophen,GC-MS
SMP-00527,4.1,80866.9,13236.6,14169.6,0.0805,Caffeine,GC-MS
SMP-00527,5.6,21819.6,4900.4,5185.8,0.0213,Aspirin,GC-MS
SMP-00527,7.15,66651.2,11260.4,11473.9,0.0669,Benzoic Acid,GC-MS
SMP-00527,8.93,35063.2,7240.1,7785.8,0.0344,Phenacetin,GC-MS
SMP-00527,10.42,12257.6,2863.2,2984.0,0.0122,Salicylic Acid,GC-MS
SMP-00527,12.1,52274.1,9689.0,10016.2,0.051,Chlorpheniramine,GC-MS
SMP-00528,1.2,10133.2,2518.8,2560.1,0.0098,Uracil,GC-MS
SMP-00528,2.82,45743.9,8416.1,8705.5,0.0456,Acetaminophen,GC-MS
SMP-00528,4.1,90153.9,15152.8,15615.4,0.0883,Caffeine,GC-MS
SMP-00528,5.59,19215.7,4257.8,4453.3,0.0191,Aspirin,GC-MS
SMP-00528,7.13,67301.2,11117.1,11285.9,0.0678,Benzoic Acid,GC-MS
SMP-00528,8.94,28574.7,5953.2,6249.0,0.0284,Phenacetin,GC-MS
SMP-00528,10.37,16785.4,4036.7,4012.8,0.0173,Salicylic Acid,GC-MS
SMP-00528,12.14,48218.2,8974.2,9195.5,0.048,Chlorpheniramine,GC-MS
SMP-00529,1.26,11250.4,3001.5,3092.7,0.012,Uracil,GC-MS
SMP-00529,2.85,46534.6,9147.7,9680.8,0.0477,Acetaminophen,GC-MS
SMP-00529,4.16,86761.8,14480.7,15278.9,0.087,Caffeine,GC-MS
SMP-00529,5.62,24361.6,5364.3,5600.3,0.0246,Aspirin,GC-MS
SMP-00529,7.2,60848.8,10080.5,10263.7,0.0599,Benzoic Acid,GC-MS
SMP-00529,8.95,28269.4,5952.2,6431.9,0.0284,Phenacetin,GC-MS
SMP-00529,10.39,15809.4,3613.3,3781.6,0.0163,Salicylic Acid,GC-MS
SMP-00529,12.09,60171.9,11022.6,11506.8,0.061,Chlorpheniramine,GC-MS
SMP-00530,1.26,11587.2,3022.6,3147.0,0.0115,Uracil,GC-MS
SMP-00530,2.81,50927.4,9769.0,10285.1,0.0524,Acetaminophen,GC-MS
SMP-00530,4.12,85081.5,13671.6,13879.5,0.0875,Caffeine,GC-MS
SMP-00530,5.55,21377.6,4788.6,4925.3,0.0218,Aspirin,GC-MS
SMP-00530,7.19,75350.0,12332.4,12904.2,0.075,Benzoic Acid,GC-MS
SMP-00530,8.92,31856.4,6605.0,6888.7,0.0319,Phenacetin,GC-MS
SMP-00530,10.43,13148.7,3236.0,3461.2,0.0134,Salicylic Acid,GC-MS
SMP-00530,12.07,50333.4,9397.7,9844.2,0.0515,Chlorpheniramine,GC-MS
SMP-00531,1.22,14919.4,3827.7,3980.9,0.0152,Uracil,GC-MS
SMP-00531,2.78,44946.1,9017.7,8975.3,0.0448,Acetaminophen,GC-MS
SMP-00531,4.12,84743.2,13273.5,13857.1,0.0863,Caffeine,GC-MS
SMP-00531,5.57,16984.4,3382.0,3546.5,0.0178,Aspirin,GC-MS
SMP-00531,7.16,74346.7,12460.8,12752.4,0.0752,Benzoic Acid,GC-MS
SMP-00531,8.95,28253.7,5797.5,5950.4,0.029,Phenacetin,GC-MS
SMP-00531,10.38,18187.9,4620.4,4810.4,0.0174,Salicylic Acid,GC-MS
SMP-00531,12.12,51578.0,9205.1,9706.8,0.0509,Chlorpheniramine,GC-MS
SMP-00532,1.23,10840.6,2997.2,3122.6,0.0106,Uracil,GC-MS
SMP-00532,2.79,48823.9,9758.9,9901.6,0.0502,Acetaminophen,GC-MS
SMP-00532,4.14,87670.1,14190.8,14915.6,0.0863,Caffeine,GC-MS
SMP-00532,5.65,20085.7,4391.4,4664.3,0.0204,Aspirin,GC-MS
SMP-00532,7.21,64171.3,10803.9,11409.9,0.0636,Benzoic Acid,GC-MS
SMP-00532,8.97,34932.7,7221.5,7260.6,0.0353,Phenacetin,GC-MS
SMP-00532,10.37,17024.0,3999.8,4015.7,0.0169,Salicylic Acid,GC-MS
SMP-00532,12.16,54594.1,10256.6,10835.6,0.0538,Chlorpheniramine,GC-MS
SMP-00533,1.31,14422.9,3697.4,3804.3,0.0143,Uracil,GC-MS
SMP-00533,2.78,49846.2,9470.6,9633.7,0.0501,Acetaminophen,GC-MS
SMP-00533,4.16,100058.9,15918.5,16019.7,0.0986,Caffeine,GC-MS
SMP-00533,5.62,24251.2,5717.3,5887.9,0.0235,Aspirin,GC-MS
SMP-00533,7.21,68420.7,10618.8,10944.4,0.0687,Benzoic Acid,GC-MS
SMP-00533,8.99,32795.6,6543.5,6917.9,0.032,Phenacetin,GC-MS
SMP-00533,10.38,16182.3,4046.2,3980.5,0.0162,Salicylic Acid,GC-MS
SMP-00533,12.13,58055.8,10463.3,10462.7,0.058,Chlorpheniramine,GC-MS
SMP-00534,1.24,14608.8,3654.9,3674.4,0.0145,Uracil,GC-MS
SMP-00534,2.79,43175.0,8537.9,8588.8,0.0443,Acetaminophen,GC-MS
SMP-00534,4.17,88823.9,13776.5,14361.0,0.0884,Caffeine,GC-MS
SMP-00534,5.58,22268.9,4699.0,4961.3,0.022,Aspirin,GC-MS
SMP-00534,7.18,57288.8,9530.5,9922.5,0.0564,Benzoic Acid,GC-MS
SMP-00534,8.87,23312.1,4818.3,4980.3,0.0225,Phenacetin,GC-MS
SMP-00534,10.4,16510.2,3971.8,4119.8,0.0165,Salicylic Acid,GC-MS
SMP-00534,12.09,55739.5,10366.2,10986.5,0.0572,Chlorpheniramine,GC-MS
SMP-00535,1.25,14860.8,3829.8,3963.2,0.0147,Uracil,GC-MS
SMP-00535,2.85,42687.6,8516.2,8692.1,0.0436,Acetaminophen,GC-MS
SMP-00535,4.14,75833.9,12602.0,13508.1,0.0738,Caffeine,GC-MS
SMP-00535,5.64,20549.8,4563.3,4658.4,0.0209,Aspirin,GC-MS
SMP-00535,7.2,68176.7,11389.0,11481.4,0.0684,Benzoic Acid,GC-MS
SMP-00535,8.91,30190.2,6242.3,6497.0,0.0298,Phenacetin,GC-MS
SMP-00535,10.4,16155.8,3923.9,3940.9,0.0164,Salicylic Acid,GC-MS
SMP-00535,12.08,61806.6,10744.2,11007.1,0.0618,Chlorpheniramine,GC-MS
SMP-00536,1.26,12975.3,3224.3,3322.9,0.0137,Uracil,GC-MS
SMP-00536,2.89,44049.5,8303.9,8643.8,0.0445,Acetaminophen,GC-MS
SMP-00536,4.16,107106.8,17583.6,18477.3,0.107,Caffeine,GC-MS
SMP-00536,5.61,23823.6,5245.9,5431.7,0.0234,Aspirin,GC-MS
SMP-00536,7.18,66397.8,10808.4,11390.0,0.0662,Benzoic Acid,GC-MS
SMP-00536,8.96,31790.5,6949.8,7108.6,0.0322,Phenacetin,GC-MS
SMP-00536,10.42,16067.4,4178.2,4319.2,0.0154,Salicylic Acid,GC-MS
SMP-00536,12.13,55989.6,9985.2,9840.4,0.0549,Chlorpheniramine,GC-MS
SMP-00537,1.25,14270.0,3502.4,3618.0,0.0143,Uracil,GC-MS
SMP-00537,2.8,53591.1,10796.6,10776.6,0.053,Acetaminophen,GC-MS
SMP-00537,4.13,95272.8,15817.6,16085.9,0.0914,Caffeine,GC-MS
SMP-00537,5.63,22318.1,4714.0,4778.8,0.0228,Aspirin,GC-MS
SMP-00537,7.18,72773.9,12044.5,12473.1,0.0724,Benzoic Acid,GC-MS
SMP-00537,8.97,29016.3,5988.0,6041.9,0.0291,Phenacetin,GC-MS
SMP-00537,10.36,15856.0,4103.4,4286.0,0.0165,Salicylic Acid,GC-MS
SMP-00537,12.11,55067.1,9891.7,10369.1,0.0555,Chlorpheniramine,GC-MS
SMP-00538,1.27,11851.3,3024.8,3244.0,0.0115,Uracil,GC-MS
SMP-00538,2.71,39973.5,7652.2,7918.9,0.0396,Acetaminophen,GC-MS
SMP-00538,4.14,89757.6,15348.8,16334.2,0.0917,Caffeine,GC-MS
SMP-00538,5.61,20937.8,4730.8,4583.9,0.0212,Aspirin,GC-MS
SMP-00538,7.23,61408.5,10073.4,10411.5,0.0596,Benzoic Acid,GC-MS
SMP-00538,8.94,28840.0,5944.0,6022.3,0.0292,Phenacetin,GC-MS
SMP-00538,10.44,14625.3,3856.7,3957.8,0.0154,Salicylic Acid,GC-MS
SMP-00538,12.11,49838.9,9275.0,9482.0,0.0515,Chlorpheniramine,GC-MS
SMP-00539,1.23,10878.9,2922.6,2973.1,0.011,Uracil,GC-MS
SMP-00539,2.79,42719.9,7854.3,8055.5,0.0406,Acetaminophen,GC-MS
SMP-00539,4.16,88640.2,14407.0,14898.9,0.0881,Caffeine,GC-MS
SMP-00539,5.64,28911.1,6243.0,6399.4,0.0286,Aspirin,GC-MS
SMP-00539,7.19,70656.4,11954.5,12897.7,0.0673,Benzoic Acid,GC-MS
SMP-00539,9.03,33329.3,6431.9,6644.4,0.0323,Phenacetin,GC-MS
SMP-00539,10.38,17129.8,3993.6,4037.6,0.018,Salicylic Acid,GC-MS
SMP-00539,12.06,53089.1,9659.7,9878.9,0.0534,Chlorpheniramine,GC-MS
SMP-00540,1.27,11468.9,3015.6,3169.6,0.0117,Uracil,GC-MS
SMP-00540,2.8,45443.9,8989.1,9293.3,0.045,Acetaminophen,GC-MS
SMP-00540,4.12,105564.1,17268.9,17928.2,0.1081,Caffeine,GC-MS
SMP-00540,5.61,23486.0,5196.5,5268.6,0.0238,Aspirin,GC-MS
SMP-00540,7.19,66473.6,10808.7,11172.5,0.0654,Benzoic Acid,GC-MS
SMP-00540,8.93,22518.2,4691.2,4729.2,0.0222,Phenacetin,GC-MS
SMP-00540,10.39,15348.7,3803.6,4078.8,0.0148,Salicylic Acid,GC-MS
SMP-00540,12.09,59019.4,10693.3,11079.0,0.0601,Chlorpheniramine,GC-MS
SMP-00541,1.28,12164.7,3182.9,3316.6,0.0119,Uracil,GC-MS
SMP-00541,2.78,48827.5,9491.8,9646.6,0.0478,Acetaminophen,GC-MS
SMP-00541,4.12,101344.7,16685.1,17357.1,0.0994,Caffeine,GC-MS
SMP-00541,5.57,20420.5,4593.7,4656.5,0.0214,Aspirin,GC-MS
SMP-00541,7.21,66705.2,11097.1,11368.9,0.0657,Benzoic Acid,GC-MS
SMP-00541,8.96,30206.8,6290.0,6450.6,0.0295,Phenacetin,GC-MS
SMP-00541,10.44,14993.2,3718.0,3781.4,0.0147,Salicylic Acid,GC-MS
SMP-00541,12.1,65330.5,11748.9,12308.8,0.0663,Chlorpheniramine,GC-MS
SMP-00542,1.27,12400.3,3227.5,3163.3,0.0128,Uracil,GC-MS
SMP-00542,2.85,47179.8,9463.5,9894.8,0.0468,Acetaminophen,GC-MS
SMP-00542,4.12,92713.4,14974.9,16006.7,0.0949,Caffeine,GC-MS
SMP-00542,5.62,22724.4,4888.9,4915.7,0.0225,Aspirin,GC-MS
SMP-00542,7.23,71600.5,11711.7,11843.6,0.0677,Benzoic Acid,GC-MS
SMP-00542,8.98,31808.9,6501.7,6822.9,0.0316,Phenacetin,GC-MS
SMP-00542,10.39,17411.3,4228.1,4374.4,0.0172,Salicylic Acid,GC-MS
SMP-00542,12.06,54137.0,10221.0,10328.5,0.0539,Chlorpheniramine,GC-MS
SMP-00543,1.21,13346.2,3359.5,3595.3,0.0138,Uracil,GC-MS
SMP-00543,2.76,47284.7,8774.5,9008.1,0.0479,Acetaminophen,GC-MS
SMP-00543,4.14,74792.7,12443.2,13079.8,0.0732,Caffeine,GC-MS
SMP-00543,5.59,22446.5,4763.1,4921.1,0.0225,Aspirin,GC-MS
SMP-00543,7.21,71271.7,11835.6,12069.4,0.0695,Benzoic Acid,GC-MS
SMP-00543,8.92,27674.2,5711.2,5985.6,0.028,Phenacetin,GC-MS
SMP-00543,10.44,15435.1,3553.9,3708.6,0.0153,Salicylic Acid,GC-MS
SMP-00543,12.11,59098.4,10613.7,10766.5,0.0591,Chlorpheniramine,GC-MS
SMP-00544,1.25,13597.7,3502.3,3554.3,0.014,Uracil,GC-MS
SMP-00544,2.78,46314.1,9259.2,9742.0,0.0473,Acetaminophen,GC-MS
SMP-00544,4.12,88332.3,15051.2,15405.7,0.0862,Caffeine,GC-MS
SMP-00544,5.63,21640.3,4749.5,4976.0,0.0217,Aspirin,GC-MS
SMP-00544,7.27,71795.7,12307.4,12774.7,0.0707,Benzoic Acid,GC-MS
SMP-00544,8.97,34051.7,6930.3,7115.8,0.0332,Phenacetin,GC-MS
SMP-00544,10.35,17415.6,4293.0,4425.9,0.0174,Salicylic Acid,GC-MS
SMP-00544,12.15,60291.4,10828.6,10862.2,0.0607,Chlorpheniramine,GC-MS
SMP-00545,1.23,12477.9,3172.8,3269.9,0.0125,Uracil,GC-MS
SMP-00545,2.83,49713.2,9876.7,10498.7,0.0488,Acetaminophen,GC-MS
SMP-00545,4.15,83563.2,14233.4,14562.2,0.0816,Caffeine,GC-MS
SMP-00545,5.58,25869.6,5637.1,5728.1,0.0264,Aspirin,GC-MS
SMP-00545,7.23,65732.7,11093.4,11261.7,0.0651,Benzoic Acid,GC-MS
SMP-00545,8.95,30234.6,6163.1,6504.8,0.0295,Phenacetin,GC-MS
SMP-00545,10.35,18364.3,4409.2,4608.9,0.0184,Salicylic Acid,GC-MS
SMP-00545,12.07,51008.4,9579.2,9875.3,0.0518,Chlorpheniramine,GC-MS
SMP-00546,1.27,16131.3,4160.7,4161.9,0.016,Uracil,GC-MS
SMP-00546,2.79,48384.3,9013.6,9064.8,0.0487,Acetaminophen,GC-MS
SMP-00546,4.16,82508.3,13550.9,13470.6,0.0793,Caffeine,GC-MS
SMP-00546,5.59,18961.0,4235.6,4258.5,0.019,Aspirin,GC-MS
SMP-00546,7.18,77472.5,13009.0,13511.6,0.078,Benzoic Acid,GC-MS
SMP-00546,8.94,29464.8,5965.7,6251.1,0.0295,Phenacetin,GC-MS
SMP-00546,10.38,14964.3,3611.4,3652.5,0.0148,Salicylic Acid,GC-MS
SMP-00546,12.07,43805.6,7520.3,7691.3,0.0432,Chlorpheniramine,GC-MS
SMP-00547,1.26,13631.6,3492.1,3620.8,0.0138,Uracil,GC-MS
SMP-00547,2.81,35574.0,7191.6,7480.4,0.0361,Acetaminophen,GC-MS
SMP-00547,4.15,93541.6,14130.0,14683.5,0.0956,Caffeine,GC-MS
SMP-00547,5.56,21729.6,4775.8,4813.1,0.0225,Aspirin,GC-MS
SMP-00547,7.19,67133.6,10916.9,11108.5,0.066,Benzoic Acid,GC-MS
SMP-00547,8.92,33230.8,6954.0,7123.6,0.0328,Phenacetin,GC-MS
SMP-00547,10.37,14983.5,3717.3,3916.2,0.0144,Salicylic Acid,GC-MS
SMP-00547,12.06,48843.9,8867.6,9292.9,0.0466,Chlorpheniramine,GC-MS
SMP-00548,1.21,10689.2,2655.1,2766.3,0.0106,Uracil,GC-MS
SMP-00548,2.78,37624.1,7611.2,7860.7,0.0379,Acetaminophen,GC-MS
SMP-00548,4.14,88492.3,14426.4,15173.4,0.0885,Caffeine,GC-MS
SMP-00548,5.56,24657.2,5284.4,5233.1,0.025,Aspirin,GC-MS
SMP-00548,7.17,60093.2,9974.1,10282.5,0.0596,Benzoic Acid,GC-MS
SMP-00548,8.95,27609.5,5725.4,6031.1,0.0276,Phenacetin,GC-MS
SMP-00548,10.38,15823.4,3765.3,3886.6,0.0155,Salicylic Acid,GC-MS
SMP-00548,12.13,49768.2,8536.5,8841.3,0.0482,Chlorpheniramine,GC-MS
SMP-00549,1.26,13188.7,3416.8,3537.7,0.0133,Uracil,GC-MS
SMP-00549,2.8,47827.2,9182.8,9461.4,0.0441,Acetaminophen,GC-MS
SMP-00549,4.12,361248.4,47971.4,50037.5,0.3643,Caffeine,GC-MS
SMP-00549,5.54,21662.8,4558.6,4524.0,0.0221,Aspirin,GC-MS
SMP-00549,7.15,71483.8,12195.1,12659.8,0.0707,Benzoic Acid,GC-MS
SMP-00549,9.02,31319.7,6231.9,6428.8,0.0316,Phenacetin,GC-MS
SMP-00549,10.41,13569.7,3138.1,3147.7,0.0131,Salicylic Acid,GC-MS
SMP-00549,12.11,44449.3,7692.9,7767.4,0.043,Chlorpheniramine,GC-MS
SMP-00550,1.24,13185.4,3532.4,3660.4,0.0129,Uracil,GC-MS
SMP-00550,2.76,46782.1,9210.6,9308.1,0.0478,Acetaminophen,GC-MS
SMP-00550,4.12,106881.8,17169.8,17768.9,0.1077,Caffeine,GC-MS
SMP-00550,5.65,21620.3,4768.1,4992.2,0.0218,Aspirin,GC-MS
SMP-00550,7.18,71063.9,12177.7,12290.9,0.0725,Benzoic Acid,GC-MS
SMP-00550,8.93,25429.7,5146.9,5017.8,0.027,Phenacetin,GC-MS
SMP-00550,10.42,16306.6,3971.5,4057.4,0.0155,Salicylic Acid,GC-MS
SMP-00550,12.1,58494.0,10617.4,11473.4,0.0576,Chlorpheniramine,GC-MS
SMP-00551,1.21,12726.3,3117.8,3187.6,0.0127,Uracil,GC-MS
SMP-00551,2.78,40811.0,7875.7,8091.7,0.0401,Acetaminophen,GC-MS
SMP-00551,4.2,96755.1,16542.7,16723.8,0.0939,Caffeine,GC-MS
SMP-00551,5.59,22386.2,5270.8,5457.6,0.0214,Aspirin,GC-MS
SMP-00551,7.17,67639.4,10940.8,11145.4,0.067,Benzoic Acid,GC-MS
SMP-00551,9.02,39503.0,8232.6,8447.7,0.0391,Phenacetin,GC-MS
SMP-00551,10.37,15690.4,3829.5,4107.6,0.0155,Salicylic Acid,GC-MS
SMP-00551,12.04,63453.9,11381.1,11540.7,0.0626,Chlorpheniramine,GC-MS
SMP-00552,1.18,14299.9,3805.0,3946.4,0.0142,Uracil,GC-MS
SMP-00552,2.77,41338.9,7791.8,7978.6,0.0433,Acetaminophen,GC-MS
SMP-00552,4.17,85008.6,14495.0,14960.4,0.0853,Caffeine,GC-MS
SMP-00552,5.56,22360.1,5165.8,5448.4,0.0223,Aspirin,GC-MS
SMP-00552,7.18,80001.5,13464.6,13761.3,0.0836,Benzoic Acid,GC-MS
SMP-00552,8.98,29154.9,5743.7,5942.7,0.0295,Phenacetin,GC-MS
SMP-00552,10.43,16159.1,4015.8,4090.0,0.0155,Salicylic Acid,GC-MS
SMP-00552,12.1,55139.0,9950.0,10750.8,0.0553,Chlorpheniramine,GC-MS
SMP-00553,1.23,12829.3,3190.9,3238.1,0.013,Uracil,GC-MS
SMP-00553,2.77,45522.0,8847.0,9133.3,0.0465,Acetaminophen,GC-MS
SMP-00553,4.18,90303.6,14379.8,15279.8,0.0914,Caffeine,GC-MS
SMP-00553,5.63,28602.5,6329.1,6552.5,0.029,Aspirin,GC-MS
SMP-00553,7.23,59267.8,9877.5,10298.0,0.0592,Benzoic Acid,GC-MS
SMP-00553,8.95,30770.6,6352.4,6365.1,0.031,Phenacetin,GC-MS
SMP-00553,10.4,16723.6,3953.5,4222.4,0.0167,Salicylic Acid,GC-MS
SMP-00553,12.11,58005.8,10357.9,10361.0,0.0574,Chlorpheniramine,GC-MS
SMP-00554,1.23,11802.8,2892.6,3054.8,0.0122,Uracil,GC-MS
SMP-00554,2.79,46637.4,9174.9,9237.8,0.0465,Acetaminophen,GC-MS
SMP-00554,4.15,93763.2,14769.4,15616.8,0.0945,Caffeine,GC-MS
SMP-00554,5.58,20390.7,4680.0,4942.2,0.0207,Aspirin,GC-MS
SMP-00554,7.18,68797.8,11455.5,11737.2,0.0697,Benzoic Acid,GC-MS
SMP-00554,8.94,28649.0,5986.8,6060.6,0.0283,Phenacetin,GC-MS
SMP-00554,10.41,17488.5,4474.5,4597.3,0.0177,Salicylic Acid,GC-MS
SMP-00554,12.15,54303.4,10125.9,10258.5,0.0542,Chlorpheniramine,GC-MS
SMP-00555,1.23,12135.5,3073.4,3151.0,0.0124,Uracil,GC-MS
SMP-00555,2.77,44241.5,7964.5,8382.6,0.0444,Acetaminophen,GC-MS
SMP-00555,4.19,90700.6,14762.6,14990.3,0.0913,Caffeine,GC-MS
SMP-00555,5.57,19884.2,4269.2,4546.9,0.0197,Aspirin,GC-MS
SMP-00555,7.2,76153.1,12897.2,13033.8,0.0745,Benzoic Acid,GC-MS
SMP-00555,8.89,30615.5,6026.7,6354.1,0.0321,Phenacetin,GC-MS
SMP-00555,10.41,18464.7,4532.5,4606.2,0.0186,Salicylic Acid,GC-MS
SMP-00555,12.08,56618.1,10423.0,10664.0,0.056,Chlorpheniramine,GC-MS
SMP-00556,1.22,12892.5,3256.1,3372.5,0.0133,Uracil,GC-MS
SMP-00556,2.81,45990.5,9051.8,9275.6,0.0454,Acetaminophen,GC-MS
SMP-00556,4.13,104132.0,16017.1,16165.0,0.1044,Caffeine,GC-MS
SMP-00556,5.58,19806.7,4416.9,4717.3,0.02,Aspirin,GC-MS
SMP-00556,7.18,58410.7,9511.6,9687.8,0.0578,Benzoic Acid,GC-MS
SMP-00556,8.94,32732.9,6956.6,7083.2,0.0338,Phenacetin,GC-MS
SMP-00556,10.39,16731.1,4155.6,4419.6,0.0164,Salicylic Acid,GC-MS
SMP-00556,12.05,55593.6,9951.7,10295.4,0.0549,Chlorpheniramine,GC-MS
SMP-00557,1.26,11207.3,2958.6,3117.2,0.0111,Uracil,GC-MS
SMP-00557,2.79,40189.2,7945.7,8259.9,0.0394,Acetaminophen,GC-MS
SMP-00557,4.1,84943.3,13673.2,14040.9,0.0894,Caffeine,GC-MS
SMP-00557,5.59,23322.7,4724.8,4835.8,0.0236,Aspirin,GC-MS
SMP-00557,7.22,69528.9,11759.2,12350.7,0.0694,Benzoic Acid,GC-MS
SMP-00557,8.96,27958.6,5903.2,6089.3,0.0282,Phenacetin,GC-MS
SMP-00557,10.39,11535.6,2630.5,2780.4,0.0112,Salicylic Acid,GC-MS
SMP-00557,12.15,44663.5,7985.8,8041.9,0.0422,Chlorpheniramine,GC-MS
SMP-00558,1.24,12095.8,3088.5,3219.4,0.0126,Uracil,GC-MS
SMP-00558,2.85,41889.6,7809.5,7875.9,0.0417,Acetaminophen,GC-MS
SMP-00558,4.16,104644.7,16769.2,17326.4,0.1035,Caffeine,GC-MS
SMP-00558,5.56,25137.8,5491.5,5693.2,0.025,Aspirin,GC-MS
SMP-00558,7.19,75906.6,12664.8,13359.6,0.0744,Benzoic Acid,GC-MS
SMP-00558,8.97,28463.6,5977.0,6223.0,0.0281,Phenacetin,GC-MS
SMP-00558,10.41,15486.4,3882.2,4028.6,0.0154,Salicylic Acid,GC-MS
SMP-00558,12.05,52540.4,9725.8,10175.7,0.0518,Chlorpheniramine,GC-MS
SMP-00559,1.29,11717.5,3009.2,3070.7,0.0117,Uracil,GC-MS
SMP-00559,2.8,48155.9,9391.6,9775.4,0.0473,Acetaminophen,GC-MS
SMP-00559,4.15,69448.3,11351.8,11796.3,0.0679,Caffeine,GC-MS
SMP-00559,5.63,23587.7,5430.8,5535.3,0.0231,Aspirin,GC-MS
SMP-00559,7.17,72310.3,12498.8,12910.0,0.0741,Benzoic Acid,GC-MS
SMP-00559,8.91,38623.3,7785.5,7725.8,0.0392,Phenacetin,GC-MS
SMP-00559,10.42,15305.8,3716.6,3956.7,0.0158,Salicylic Acid,GC-MS
SMP-00559,12.14,50669.4,9591.6,10078.0,0.052,Chlorpheniramine,GC-MS
SMP-00560,1.3,12511.4,3220.6,3263.8,0.0124,Uracil,GC-MS
SMP-00560,2.79,43193.7,8697.1,9164.5,0.0448,Acetaminophen,GC-MS
SMP-00560,4.13,92825.2,15169.8,15272.0,0.0892,Caffeine,GC-MS
SMP-00560,5.57,20299.2,4433.4,4776.2,0.0203,Aspirin,GC-MS
SMP-00560,7.19,73997.0,12029.6,12554.1,0.0731,Benzoic Acid,GC-MS
SMP-00560,8.98,33367.4,7012.6,7213.8,0.0331,Phenacetin,GC-MS
SMP-00560,10.41,14379.7,3461.5,3523.1,0.0142,Salicylic Acid,GC-MS
SMP-00560,12.1,48354.3,8254.2,8470.8,0.0487,Chlorpheniramine,GC-MS
SMP-00561,1.29,11002.2,2856.9,2960.6,0.0112,Uracil,GC-MS
SMP-00561,2.8,48898.7,9630.1,9652.7,0.0488,Acetaminophen,GC-MS
SMP-00561,4.17,78116.3,12429.0,12643.7,0.0783,Caffeine,GC-MS
SMP-00561,5.58,26381.6,5736.3,5739.3,0.0266,Aspirin,GC-MS
SMP-00561,7.24,68646.6,11122.8,11122.6,0.0686,Benzoic Acid,GC-MS
SMP-00561,8.94,34895.6,7311.4,7412.9,0.0342,Phenacetin,GC-MS
SMP-00561,10.39,15709.8,3880.4,3826.7,0.016,Salicylic Acid,GC-MS
SMP-00561,12.11,54625.6,10440.6,10467.9,0.0555,Chlorpheniramine,GC-MS
SMP-00562,1.23,14718.1,3816.8,3820.3,0.0149,Uracil,GC-MS
SMP-00562,2.85,42955.9,8255.4,8377.6,0.0433,Acetaminophen,GC-MS
SMP-00562,4.15,104460.4,17104.0,16808.5,0.0993,Caffeine,GC-MS
SMP-00562,5.61,22860.3,5128.8,5421.4,0.0234,Aspirin,GC-MS
SMP-00562,7.2,76401.5,12963.6,13296.2,0.0784,Benzoic Acid,GC-MS
SMP-00562,8.94,29067.9,5869.8,6010.6,0.028,Phenacetin,GC-MS
SMP-00562,10.39,14892.1,3728.3,3806.5,0.0148,Salicylic Acid,GC-MS
SMP-00562,12.08,54194.8,9891.1,10083.4,0.053,Chlorpheniramine,GC-MS
SMP-00563,1.25,10810.2,2755.8,2820.0,0.0107,Uracil,GC-MS
SMP-00563,2.83,44819.7,8910.7,9330.4,0.0442,Acetaminophen,GC-MS
SMP-00563,4.14,87240.2,13880.1,13702.0,0.0834,Caffeine,GC-MS
SMP-00563,5.64,20874.5,4588.7,4649.0,0.0216,Aspirin,GC-MS
SMP-00563,7.19,62120.1,10132.5,10504.9,0.0636,Benzoic Acid,GC-MS
SMP-00563,8.95,31264.8,6390.2,6530.6,0.0307,Phenacetin,GC-MS
SMP-00563,10.39,16189.9,3851.4,3998.4,0.0159,Salicylic Acid,GC-MS
SMP-00563,12.13,51691.6,9507.1,10196.4,0.0538,Chlorpheniramine,GC-MS
SMP-00564,1.22,11779.5,3067.7,3072.8,0.0118,Uracil,GC-MS
SMP-00564,2.88,48566.0,9232.9,9267.3,0.0485,Acetaminophen,GC-MS
SMP-00564,4.22,99306.7,16248.3,16911.4,0.0978,Caffeine,GC-MS
SMP-00564,5.58,22782.6,4792.6,4911.6,0.0217,Aspirin,GC-MS
SMP-00564,7.17,60524.2,10413.1,10788.1,0.0577,Benzoic Acid,GC-MS
SMP-00564,8.95,28839.3,5896.6,6168.2,0.0288,Phenacetin,GC-MS
SMP-00564,10.43,16073.6,3812.0,3873.6,0.0162,Salicylic Acid,GC-MS
SMP-00564,12.09,182995.3,30785.6,38965.5,0.1824,Chlorpheniramine,GC-MS
SMP-00565,1.19,12684.4,3293.1,3380.5,0.0123,Uracil,GC-MS
SMP-00565,2.79,52892.9,10546.6,10908.9,0.0518,Acetaminophen,GC-MS
SMP-00565,4.15,101052.8,16382.0,16681.2,0.1004,Caffeine,GC-MS
SMP-00565,5.6,22688.6,5046.6,5268.7,0.0222,Aspirin,GC-MS
SMP-00565,7.18,62952.1,10803.7,10724.0,0.0624,Benzoic Acid,GC-MS
SMP-00565,8.93,24677.1,4979.9,5179.7,0.0241,Phenacetin,GC-MS
SMP-00565,10.4,16398.4,3896.2,4000.3,0.0162,Salicylic Acid,GC-MS
SMP-00565,12.07,49933.0,9228.4,9691.6,0.0487,Chlorpheniramine,GC-MS
SMP-00566,1.24,14073.4,3612.5,3745.9,0.0141,Uracil,GC-MS
SMP-00566,2.77,49485.9,9894.7,10086.9,0.0487,Acetaminophen,GC-MS
SMP-00566,4.19,85892.6,13968.1,14064.7,0.0838,Caffeine,GC-MS
SMP-00566,5.6,27250.3,5686.9,5888.8,0.0278,Aspirin,GC-MS
SMP-00566,7.21,68726.0,11559.5,11615.8,0.0678,Benzoic Acid,GC-MS
SMP-00566,8.92,28227.8,6101.1,6026.0,0.0278,Phenacetin,GC-MS
SMP-00566,10.48,80879.8,18086.9,15544.8,0.0813,Salicylic Acid,GC-MS
SMP-00566,12.06,55570.2,10562.0,10418.7,0.054,Chlorpheniramine,GC-MS
SMP-00567,1.22,12063.6,2952.1,2994.0,0.0119,Uracil,GC-MS
SMP-00567,2.8,45597.8,8699.8,9172.1,0.0458,Acetaminophen,GC-MS
SMP-00567,4.09,75506.7,12853.8,13221.8,0.0748,Caffeine,GC-MS
SMP-00567,5.62,26396.2,5970.3,5960.9,0.026,Aspirin,GC-MS
SMP-00567,7.14,64436.1,11313.3,11782.5,0.0647,Benzoic Acid,GC-MS
SMP-00567,8.92,29887.0,5921.2,6265.8,0.0302,Phenacetin,GC-MS
SMP-00567,10.46,16839.9,4163.5,4313.3,0.0172,Salicylic Acid,GC-MS
SMP-00567,12.09,55346.4,9891.3,9977.8,0.0559,Chlorpheniramine,GC-MS
SMP-00568,1.24,11317.3,2986.6,3094.0,0.0113,Uracil,GC-MS
SMP-00568,2.87,42700.6,8137.6,8624.0,0.043,Acetaminophen,GC-MS
SMP-00568,4.16,84255.5,13552.5,14160.9,0.0843,Caffeine,GC-MS
SMP-00568,5.6,23581.6,4913.6,4932.7,0.0229,Aspirin,GC-MS
SMP-00568,7.18,71887.2,11883.6,12406.4,0.0719,Benzoic Acid,GC-MS
SMP-00568,8.94,32521.8,6554.0,6779.2,0.0327,Phenacetin,GC-MS
SMP-00568,10.39,81010.2,16168.4,17318.0,0.084,Salicylic Acid,GC-MS
SMP-00568,12.07,50179.6,8835.8,9026.4,0.0498,Chlorpheniramine,GC-MS
SMP-00569,1.24,12805.1,3047.7,3059.3,0.0131,Uracil,GC-MS
SMP-00569,2.85,42477.7,8067.7,8089.6,0.0437,Acetaminophen,GC-MS
SMP-00569,4.22,83337.7,13785.4,14304.8,0.0851,Caffeine,GC-MS
SMP-00569,5.57,26245.6,5565.8,5838.2,0.0266,Aspirin,GC-MS
SMP-00569,7.23,64903.5,10404.7,10815.6,0.0644,Benzoic Acid,GC-MS
SMP-00569,9.0,29405.0,5966.0,6005.5,0.0294,Phenacetin,GC-MS
SMP-00569,10.4,16769.1,3966.4,4110.7,0.017,Salicylic Acid,GC-MS
SMP-00569,12.11,47906.7,8744.5,8879.1,0.0483,Chlorpheniramine,GC-MS
SMP-00570,1.25,9501.6,2565.3,2610.5,0.0095,Uracil,GC-MS
SMP-00570,2.76,48187.1,9447.0,9525.4,0.0479,Acetaminophen,GC-MS
SMP-00570,4.15,84893.5,14252.5,14684.5,0.0848,Caffeine,GC-MS
SMP-00570,5.55,26771.9,5948.1,6159.2,0.0266,Aspirin,GC-MS
SMP-00570,7.2,57905.6,9237.5,9589.1,0.0585,Benzoic Acid,GC-MS
SMP-00570,8.98,27222.2,5558.2,5618.9,0.0269,Phenacetin,GC-MS
SMP-00570,10.39,14272.0,3648.8,3780.4,0.0142,Salicylic Acid,GC-MS
SMP-00570,12.04,52063.3,10003.6,10093.6,0.0531,Chlorpheniramine,GC-MS
SMP-00571,1.21,12695.6,3317.6,3380.0,0.0129,Uracil,GC-MS
SMP-00571,2.83,43222.8,8234.9,8518.9,0.045,Acetaminophen,GC-MS
SMP-00571,4.1,94573.6,15453.6,15977.9,0.0962,Caffeine,GC-MS
SMP-00571,5.58,26408.1,5677.2,5935.4,0.0261,Aspirin,GC-MS
SMP-00571,7.21,68748.5,11606.5,12250.5,0.0695,Benzoic Acid,GC-MS
SMP-00571,8.93,34470.3,6623.5,6682.8,0.0353,Phenacetin,GC-MS
SMP-00571,10.36,18232.6,4234.3,4481.9,0.0182,Salicylic Acid,GC-MS
SMP-00571,12.12,60233.2,10394.9,10564.1,0.0607,Chlorpheniramine,GC-MS
SMP-00572,1.21,13489.6,3376.0,3477.1,0.0134,Uracil,GC-MS
SMP-00572,2.79,40419.5,7587.6,7635.0,0.0413,Acetaminophen,GC-MS
SMP-00572,4.2,83662.6,14000.1,14693.2,0.084,Caffeine,GC-MS
SMP-00572,5.61,26560.9,6060.3,6223.5,0.0269,Aspirin,GC-MS
SMP-00572,7.19,67582.4,11682.7,12137.3,0.0692,Benzoic Acid,GC-MS
SMP-00572,8.97,28288.5,5623.6,5751.7,0.0288,Phenacetin,GC-MS
SMP-00572,10.41,14361.0,3388.5,3439.1,0.0143,Salicylic Acid,GC-MS
SMP-00572,12.12,55095.4,10056.5,10324.1,0.0553,Chlorpheniramine,GC-MS
SMP-00573,1.2,14131.8,3606.8,3756.8,0.0144,Uracil,GC-MS
SMP-00573,2.81,38918.7,7494.7,7835.5,0.0398,Acetaminophen,GC-MS
SMP-00573,4.11,82985.2,13571.5,14111.3,0.0804,Caffeine,GC-MS
SMP-00573,5.64,25833.6,5851.6,5841.4,0.0255,Aspirin,GC-MS
SMP-00573,7.18,64162.7,10534.4,10600.9,0.0617,Benzoic Acid,GC-MS
SMP-00573,8.97,27697.0,5708.6,5817.1,0.0279,Phenacetin,GC-MS
SMP-00573,10.39,16319.1,3879.0,3930.8,0.0164,Salicylic Acid,GC-MS
SMP-00573,12.1,63001.4,11355.2,11972.5,0.0641,Chlorpheniramine,GC-MS
SMP-00574,1.27,13110.4,3124.9,3150.5,0.0134,Uracil,GC-MS
SMP-00574,2.83,40929.6,7835.7,8103.0,0.0406,Acetaminophen,GC-MS
SMP-00574,4.13,83264.7,12280.5,12630.0,0.0814,Caffeine,GC-MS
SMP-00574,5.56,22508.5,4745.7,4817.8,0.0226,Aspirin,GC-MS
SMP-00574,7.27,76571.1,12650.2,12913.6,0.0776,Benzoic Acid,GC-MS
SMP-00574,8.93,28691.0,5891.4,6257.2,0.0295,Phenacetin,GC-MS
SMP-00574,10.42,16663.9,3968.0,3965.9,0.0169,Salicylic Acid,GC-MS
SMP-00574,12.12,63732.0,11221.9,11569.1,0.0643,Chlorpheniramine,GC-MS
SMP-00575,1.22,12357.8,3346.3,3484.1,0.0122,Uracil,GC-MS
SMP-00575,2.8,45669.2,8538.8,8665.5,0.0478,Acetaminophen,GC-MS
SMP-00575,4.22,89899.9,14401.1,14445.1,0.0877,Caffeine,GC-MS
SMP-00575,5.64,22353.1,5011.4,5188.1,0.0221,Aspirin,GC-MS
SMP-00575,7.21,74407.1,12463.6,12686.6,0.0761,Benzoic Acid,GC-MS
SMP-00575,8.95,32494.5,6511.6,6735.9,0.0321,Phenacetin,GC-MS
SMP-00575,10.4,14049.6,3399.6,3402.3,0.0145,Salicylic Acid,GC-MS
SMP-00575,12.07,49358.4,8988.6,9197.9,0.0492,Chlorpheniramine,GC-MS
SMP-00576,1.23,10760.2,2777.9,2838.6,0.0111,Uracil,GC-MS
SMP-00576,2.81,53145.7,10548.5,10643.3,0.0545,Acetaminophen,GC-MS
SMP-00576,4.18,84272.5,14160.4,14979.3,0.0851,Caffeine,GC-MS
SMP-00576,5.65,20846.9,4622.0,4870.8,0.0215,Aspirin,GC-MS
SMP-00576,7.18,65886.0,10438.6,11136.8,0.0673,Benzoic Acid,GC-MS
SMP-00576,8.95,37665.2,7537.2,7659.2,0.0379,Phenacetin,GC-MS
SMP-00576,10.43,16406.4,4101.1,4179.2,0.0165,Salicylic Acid,GC-MS
SMP-00576,12.1,54515.9,10062.0,10377.5,0.0553,Chlorpheniramine,GC-MS
SMP-00577,1.25,15628.1,4029.8,4017.0,0.0163,Uracil,GC-MS
SMP-00577,2.78,47846.9,9108.6,9340.1,0.0462,Acetaminophen,GC-MS
SMP-00577,4.14,106817.0,16825.9,17978.5,0.106,Caffeine,GC-MS
SMP-00577,5.59,20693.5,4407.8,4483.0,0.0202,Aspirin,GC-MS
SMP-00577,7.22,62831.6,10416.3,10874.1,0.0621,Benzoic Acid,GC-MS
SMP-00577,9.01,30353.5,6210.8,6434.9,0.0304,Phenacetin,GC-MS
SMP-00577,10.46,16461.9,4094.2,4193.3,0.0166,Salicylic Acid,GC-MS
SMP-00577,12.13,57590.0,10486.7,11172.0,0.0588,Chlorpheniramine,GC-MS
SMP-00578,1.17,12747.1,3304.3,3465.4,0.0127,Uracil,GC-MS
SMP-00578,2.81,44895.6,8543.4,8760.0,0.0451,Acetaminophen,GC-MS
SMP-00578,4.09,97701.5,15737.7,15747.5,0.0977,Caffeine,GC-MS
SMP-00578,5.62,21441.2,4452.9,4717.4,0.0209,Aspirin,GC-MS
SMP-00578,7.2,66245.9,11454.4,11792.4,0.0696,Benzoic Acid,GC-MS
SMP-00578,8.94,30013.7,6060.8,6366.9,0.0309,Phenacetin,GC-MS
SMP-00578,10.47,15791.7,3804.6,3979.3,0.016,Salicylic Acid,GC-MS
SMP-00578,12.11,216868.2,40743.2,42506.7,0.2171,Chlorpheniramine,GC-MS
SMP-00579,1.27,10633.7,2721.9,2801.8,0.0109,Uracil,GC-MS
SMP-00579,2.81,39319.0,8219.7,8422.3,0.0385,Acetaminophen,GC-MS
SMP-00579,4.19,94270.8,14723.7,15108.8,0.0952,Caffeine,GC-MS
SMP-00579,5.6,23367.9,5229.8,5458.8,0.0236,Aspirin,GC-MS
SMP-00579,7.2,61098.8,10366.1,10967.7,0.0598,Benzoic Acid,GC-MS
SMP-00579,8.95,31994.7,6773.6,7215.6,0.0318,Phenacetin,GC-MS
SMP-00579,10.42,14569.9,3756.8,3754.1,0.0144,Salicylic Acid,GC-MS
SMP-00579,12.08,63859.0,11742.6,12026.2,0.0636,Chlorpheniramine,GC-MS
SMP-00580,1.28,15058.7,3975.7,4089.0,0.0147,Uracil,GC-MS
SMP-00580,2.82,45184.8,8830.0,9090.9,0.0455,Acetaminophen,GC-MS
SMP-00580,4.19,83557.3,13244.2,13494.0,0.0816,Caffeine,GC-MS
SMP-00580,5.6,22490.7,4969.7,5116.3,0.0224,Aspirin,GC-MS
SMP-00580,7.32,65931.6,10957.3,11154.2,0.0659,Benzoic Acid,GC-MS
SMP-00580,8.95,31671.6,6351.0,6453.6,0.0323,Phenacetin,GC-MS
SMP-00580,10.39,16349.1,3998.0,4154.2,0.0158,Salicylic Acid,GC-MS
SMP-00580,12.02,56638.8,10480.2,10770.7,0.0554,Chlorpheniramine,GC-MS
SMP-00581,1.28,11470.0,3110.2,3183.0,0.0117,Uracil,GC-MS
SMP-00581,2.79,48481.1,9564.7,10149.1,0.0475,Acetaminophen,GC-MS
SMP-00581,4.12,83283.0,13518.8,13838.8,0.0827,Caffeine,GC-MS
SMP-00581,5.58,23753.8,5156.4,5335.6,0.0235,Aspirin,GC-MS
SMP-00581,7.19,62825.4,10247.9,10713.9,0.0622,Benzoic Acid,GC-MS
SMP-00581,9.0,28140.9,5556.5,5833.9,0.0298,Phenacetin,GC-MS
SMP-00581,10.38,15384.8,3632.6,3793.5,0.0153,Salicylic Acid,GC-MS
SMP-00581,12.12,46837.8,8320.0,8441.1,0.0484,Chlorpheniramine,GC-MS
SMP-00582,1.23,10756.2,2655.6,2682.2,0.011,Uracil,GC-MS
SMP-00582,2.77,45044.4,8426.7,8455.2,0.046,Acetaminophen,GC-MS
SMP-00582,4.19,81344.4,12635.4,12956.8,0.0793,Caffeine,GC-MS
SMP-00582,5.62,26667.5,5923.0,6234.2,0.027,Aspirin,GC-MS
SMP-00582,7.25,69928.5,11580.5,11790.7,0.0689,Benzoic Acid,GC-MS
SMP-00582,8.99,32830.5,6932.7,6885.4,0.034,Phenacetin,GC-MS
SMP-00582,10.45,13174.4,3190.2,3283.3,0.0134,Salicylic Acid,GC-MS
SMP-00582,12.11,51877.2,9296.8,9713.1,0.0544,Chlorpheniramine,GC-MS
SMP-00583,1.29,12061.1,2994.9,3122.8,0.0118,Uracil,GC-MS
SMP-00583,2.74,43865.2,8647.9,8820.9,0.0445,Acetaminophen,GC-MS
SMP-00583,4.17,83690.4,13450.0,14188.9,0.0846,Caffeine,GC-MS
SMP-00583,5.61,23190.4,5121.2,5369.6,0.0225,Aspirin,GC-MS
SMP-00583,7.2,61615.6,10001.0,10420.5,0.0623,Benzoic Acid,GC-MS
SMP-00583,8.98,34153.3,6883.0,6976.1,0.0343,Phenacetin,GC-MS
SMP-00583,10.39,14598.1,3504.5,3628.4,0.0144,Salicylic Acid,GC-MS
SMP-00583,12.13,47035.2,8761.9,9006.1,0.0488,Chlorpheniramine,GC-MS
SMP-00584,1.28,10389.2,2741.4,2864.8,0.0103,Uracil,GC-MS
SMP-00584,2.78,46715.4,8894.8,8761.6,0.0476,Acetaminophen,GC-MS
SMP-00584,4.2,102242.1,16911.1,17068.6,0.1038,Caffeine,GC-MS
SMP-00584,5.61,26060.7,5629.0,5789.6,0.0264,Aspirin,GC-MS
SMP-00584,7.24,63600.2,10206.4,10577.9,0.0626,Benzoic Acid,GC-MS
SMP-00584,8.96,36502.4,7484.3,7740.1,0.0367,Phenacetin,GC-MS
SMP-00584,10.36,15666.6,3786.1,3821.8,0.0157,Salicylic Acid,GC-MS
SMP-00584,12.12,54709.6,9735.4,9983.8,0.0545,Chlorpheniramine,GC-MS
SMP-00585,1.2,12153.2,3184.1,3194.9,0.0125,Uracil,GC-MS
SMP-00585,2.84,42843.6,8327.2,8531.1,0.043,Acetaminophen,GC-MS
SMP-00585,4.19,84555.5,13747.2,14290.2,0.0872,Caffeine,GC-MS
SMP-00585,5.57,24195.9,5396.7,5618.6,0.0231,Aspirin,GC-MS
SMP-00585,7.19,69596.5,11575.9,11789.4,0.0666,Benzoic Acid,GC-MS
SMP-00585,8.97,33265.0,6611.3,6849.5,0.0332,Phenacetin,GC-MS
SMP-00585,10.37,13466.8,3315.5,3330.9,0.0136,Salicylic Acid,GC-MS
SMP-00585,12.13,49965.2,9003.3,9584.2,0.0505,Chlorpheniramine,GC-MS
SMP-00586,1.21,13126.7,3326.2,3360.8,0.0129,Uracil,GC-MS
SMP-00586,2.8,43741.2,8423.2,8602.5,0.043,Acetaminophen,GC-MS
SMP-00586,4.14,78250.0,13383.1,13631.0,0.0766,Caffeine,GC-MS
SMP-00586,5.59,23094.6,4987.8,5120.3,0.0225,Aspirin,GC-MS
SMP-00586,7.2,377835.4,52797.0,48765.2,0.3805,Benzoic Acid,GC-MS
SMP-00586,8.91,34921.2,7262.7,7524.2,0.0342,Phenacetin,GC-MS
SMP-00586,10.37,14213.8,3369.4,3479.6,0.014,Salicylic Acid,GC-MS
SMP-00586,12.09,61471.4,11351.9,11446.8,0.0612,Chlorpheniramine,GC-MS
SMP-00587,1.26,11782.4,3171.6,3216.8,0.0115,Uracil,GC-MS
SMP-00587,2.85,45485.2,9304.6,9415.4,0.0462,Acetaminophen,GC-MS
SMP-00587,4.13,103461.1,16504.9,17093.5,0.105,Caffeine,GC-MS
SMP-00587,5.62,21885.1,4847.6,5244.2,0.022,Aspirin,GC-MS
SMP-00587,7.15,68945.3,12125.8,12383.7,0.0673,Benzoic Acid,GC-MS
SMP-00587,9.0,29005.8,5950.1,6295.0,0.0299,Phenacetin,GC-MS
SMP-00587,10.41,13565.0,3270.4,3432.5,0.0141,Salicylic Acid,GC-MS
SMP-00587,12.12,55290.9,10452.1,10830.7,0.0559,Chlorpheniramine,GC-MS
SMP-00588,1.25,12889.5,3346.7,3441.9,0.013,Uracil,GC-MS
SMP-00588,2.79,45407.3,8656.7,8987.5,0.0462,Acetaminophen,GC-MS
SMP-00588,4.14,96339.9,14857.3,15207.1,0.093,Caffeine,GC-MS
SMP-00588,5.6,28107.8,6398.5,6519.9,0.0282,Aspirin,GC-MS
SMP-00588,7.22,69912.1,11073.5,11200.9,0.0707,Benzoic Acid,GC-MS
SMP-00588,8.93,32525.2,6852.2,6718.7,0.0327,Phenacetin,GC-MS
SMP-00588,10.45,16591.8,4037.1,4200.7,0.0165,Salicylic Acid,GC-MS
SMP-00588,12.08,54676.8,9477.4,9712.7,0.0551,Chlorpheniramine,GC-MS
SMP-00589,1.28,12115.5,3078.4,3200.7,0.0121,Uracil,GC-MS
SMP-00589,2.8,47200.8,9564.0,9757.8,0.047,Acetaminophen,GC-MS
SMP-00589,4.12,81587.3,13739.3,14516.1,0.0831,Caffeine,GC-MS
SMP-00589,5.56,22752.8,4774.7,4916.1,0.0227,Aspirin,GC-MS
SMP-00589,7.18,61227.1,9889.4,10454.0,0.0614,Benzoic Acid,GC-MS
SMP-00589,8.96,26039.6,5271.1,5446.3,0.0265,Phenacetin,GC-MS
SMP-00589,10.41,16575.1,4318.8,4482.1,0.0164,Salicylic Acid,GC-MS
SMP-00589,12.14,63552.0,11741.6,12172.3,0.0632,Chlorpheniramine,GC-MS
SMP-00590,1.2,11156.0,2843.9,2941.5,0.0111,Uracil,GC-MS
SMP-00590,2.79,45079.1,8899.3,9276.8,0.0447,Acetaminophen,GC-MS
SMP-00590,4.12,99920.1,16254.3,17461.4,0.1006,Caffeine,GC-MS
SMP-00590,5.62,21414.5,4597.0,4802.2,0.0217,Aspirin,GC-MS
SMP-00590,7.18,60219.2,10322.6,11037.0,0.0601,Benzoic Acid,GC-MS
SMP-00590,8.99,28795.7,5872.9,6002.6,0.0293,Phenacetin,GC-MS
SMP-00590,10.38,13590.9,3308.9,3409.4,0.0136,Salicylic Acid,GC-MS
SMP-00590,12.16,57131.0,10449.5,10802.0,0.0552,Chlorpheniramine,GC-MS
SMP-00591,1.27,12647.5,3145.3,3328.2,0.0126,Uracil,GC-MS
SMP-00591,2.81,46440.9,8499.8,8669.6,0.0483,Acetaminophen,GC-MS
SMP-00591,4.14,82498.9,13529.0,13744.1,0.0869,Caffeine,GC-MS
SMP-00591,5.59,19756.4,4481.5,4699.5,0.0194,Aspirin,GC-MS
SMP-00591,7.2,73971.8,12208.6,12849.6,0.0736,Benzoic Acid,GC-MS
SMP-00591,8.99,31489.8,6187.0,6323.4,0.0315,Phenacetin,GC-MS
SMP-00591,10.43,14408.2,3335.8,3530.8,0.0141,Salicylic Acid,GC-MS
SMP-00591,12.12,56456.5,10506.3,10916.4,0.0553,Chlorpheniramine,GC-MS
SMP-00592,1.27,13432.4,3494.4,3510.3,0.0136,Uracil,GC-MS
SMP-00592,2.75,47864.9,9192.5,9557.5,0.0483,Acetaminophen,GC-MS
SMP-00592,4.13,87581.8,14974.7,15440.4,0.0917,Caffeine,GC-MS
SMP-00592,5.59,24991.0,5696.5,5793.5,0.0245,Aspirin,GC-MS
SMP-00592,7.16,54083.5,9144.3,9336.4,0.0545,Benzoic Acid,GC-MS
SMP-00592,8.94,39062.0,7704.1,8037.9,0.0394,Phenacetin,GC-MS
SMP-00592,10.4,16032.6,3890.7,3962.9,0.0161,Salicylic Acid,GC-MS
SMP-00592,12.1,51943.6,9601.8,10099.2,0.0528,Chlorpheniramine,GC-MS
SMP-00593,1.17,10976.5,3014.9,3081.9,0.0114,Uracil,GC-MS
SMP-00593,2.77,46887.5,9831.7,9954.1,0.0448,Acetaminophen,GC-MS
SMP-00593,4.11,81652.9,12796.3,13009.5,0.0844,Caffeine,GC-MS
SMP-00593,5.6,22616.3,5049.6,5177.6,0.0236,Aspirin,GC-MS
SMP-00593,7.17,63444.9,10996.3,11584.9,0.0653,Benzoic Acid,GC-MS
SMP-00593,8.95,30683.6,6353.2,6365.2,0.0309,Phenacetin,GC-MS
SMP-00593,10.41,15092.3,3459.6,3647.8,0.0151,Salicylic Acid,GC-MS
SMP-00593,12.05,49504.1,9081.0,9262.0,0.0483,Chlorpheniramine,GC-MS
SMP-00594,1.28,14037.7,3748.4,3761.4,0.014,Uracil,GC-MS
SMP-00594,2.81,38081.1,7633.2,7515.3,0.0368,Acetaminophen,GC-MS
SMP-00594,4.18,86042.1,13456.4,14189.3,0.0874,Caffeine,GC-MS
SMP-00594,5.58,22004.7,4974.3,4982.0,0.0211,Aspirin,GC-MS
SMP-00594,7.2,71619.3,11660.1,12261.9,0.0721,Benzoic Acid,GC-MS
SMP-00594,8.98,29289.5,6032.2,6263.8,0.0293,Phenacetin,GC-MS
SMP-00594,10.45,16653.9,3975.5,3935.8,0.0168,Salicylic Acid,GC-MS
SMP-00594,12.09,64370.7,11668.1,12196.4,0.0654,Chlorpheniramine,GC-MS
SMP-00595,1.27,9108.6,2436.3,2533.5,0.0089,Uracil,GC-MS
SMP-00595,2.78,38141.3,7358.6,7623.5,0.0401,Acetaminophen,GC-MS
SMP-00595,4.12,98001.2,15312.5,15782.6,0.0985,Caffeine,GC-MS
SMP-00595,5.59,20238.0,4241.3,4361.0,0.0193,Aspirin,GC-MS
SMP-00595,7.22,70288.2,11763.9,12168.8,0.0712,Benzoic Acid,GC-MS
SMP-00595,8.99,34450.6,7168.7,7278.0,0.0347,Phenacetin,GC-MS
SMP-00595,10.4,15705.9,3816.5,4010.0,0.0153,Salicylic Acid,GC-MS
SMP-00595,12.14,51822.5,9083.1,9438.0,0.0525,Chlorpheniramine,GC-MS
SMP-00596,1.28,11991.9,3223.8,3372.5,0.0121,Uracil,GC-MS
SMP-00596,2.79,42705.7,8603.8,8970.9,0.0411,Acetaminophen,GC-MS
SMP-00596,4.15,89382.8,14184.0,14463.0,0.0899,Caffeine,GC-MS
SMP-00596,5.65,26070.6,5414.2,5337.8,0.0267,Aspirin,GC-MS
SMP-00596,7.19,69006.0,11609.3,12199.6,0.0681,Benzoic Acid,GC-MS
SMP-00596,8.97,26188.7,5651.7,5789.0,0.025,Phenacetin,GC-MS
SMP-00596,10.43,15380.6,3518.1,3601.3,0.015,Salicylic Acid,GC-MS
SMP-00596,12.09,72779.7,12558.9,12980.0,0.0727,Chlorpheniramine,GC-MS
SMP-00597,1.23,13058.5,3391.7,3435.5,0.0124,Uracil,GC-MS
SMP-00597,2.78,42070.9,8119.9,8527.6,0.0429,Acetaminophen,GC-MS
SMP-00597,4.16,84021.6,13101.2,13272.1,0.0843,Caffeine,GC-MS
SMP-00597,5.63,21815.5,4735.3,4746.3,0.0222,Aspirin,GC-MS
SMP-00597,7.25,61591.8,10237.9,10382.3,0.0626,Benzoic Acid,GC-MS
SMP-00597,8.94,31285.3,6325.6,6406.4,0.0308,Phenacetin,GC-MS
SMP-00597,10.4,15554.9,3716.7,3923.7,0.015,Salicylic Acid,GC-MS
SMP-00597,12.07,54030.6,9985.6,10010.7,0.0533,Chlorpheniramine,GC-MS
SMP-00598,1.22,10969.4,2750.1,2917.7,0.0111,Uracil,GC-MS
SMP-00598,2.81,45401.0,9001.7,9238.4,0.0454,Acetaminophen,GC-MS
SMP-00598,4.15,83739.1,13715.9,14411.0,0.0831,Caffeine,GC-MS
SMP-00598,5.63,21904.0,4749.6,4909.4,0.0216,Aspirin,GC-MS
SMP-00598,7.16,69123.7,11811.9,12364.0,0.0688,Benzoic Acid,GC-MS
SMP-00598,8.99,33034.9,6789.9,6949.1,0.0334,Phenacetin,GC-MS
SMP-00598,10.43,18952.2,4790.9,5045.6,0.0195,Salicylic Acid,GC-MS
SMP-00598,12.13,56883.8,10701.1,11591.2,0.0562,Chlorpheniramine,GC-MS
SMP-00599,1.19,14490.8,3652.4,3762.1,0.0145,Uracil,GC-MS
SMP-00599,2.8,47156.8,9570.5,9614.8,0.0478,Acetaminophen,GC-MS
SMP-00599,4.12,90427.8,14919.8,16170.2,0.0927,Caffeine,GC-MS
SMP-00599,5.62,20489.6,4771.5,4914.0,0.0199,Aspirin,GC-MS
SMP-00599,7.2,60840.6,9847.7,10094.7,0.0628,Benzoic Acid,GC-MS
SMP-00599,8.99,31234.5,6549.4,6593.1,0.0312,Phenacetin,GC-MS
SMP-00599,10.38,13544.0,3442.7,3433.0,0.0136,Salicylic Acid,GC-MS
SMP-00599,12.07,54564.4,10047.2,10594.8,0.0566,Chlorpheniramine,GC-MS
SMP-00600,1.27,12398.9,3135.3,3217.8,0.0123,Uracil,GC-MS
SMP-00600,2.79,43452.7,8319.7,8585.8,0.042,Acetaminophen,GC-MS
SMP-00600,4.14,82212.2,13130.1,13503.1,0.0831,Caffeine,GC-MS
SMP-00600,5.64,25637.6,5564.9,5704.3,0.0255,Aspirin,GC-MS
SMP-00600,7.19,58969.7,9969.2,9944.7,0.0606,Benzoic Acid,GC-MS
SMP-00600,8.95,35500.1,7478.0,7506.3,0.0356,Phenacetin,GC-MS
SMP-00600,10.41,15357.8,3722.4,3849.7,0.0153,Salicylic Acid,GC-MS
SMP-00600,12.12,70543.4,13129.1,13391.6,0.0718,Chlorpheniramine,GC-MS
SMP-00601,1.27,11120.5,2799.6,2838.3,0.0114,Uracil,GC-MS
SMP-00601,2.78,42531.8,8026.7,8078.9,0.0443,Acetaminophen,GC-MS
SMP-00601,4.14,101812.5,16990.4,17615.5,0.1035,Caffeine,GC-MS
SMP-00601,5.66,22221.8,5204.2,5330.1,0.022,Aspirin,GC-MS
SMP-00601,7.15,69445.6,11753.7,12239.6,0.0715,Benzoic Acid,GC-MS
SMP-00601,8.95,34969.7,7236.1,7382.8,0.0354,Phenacetin,GC-MS
SMP-00601,10.43,17069.6,4134.4,4382.4,0.0167,Salicylic Acid,GC-MS
SMP-00601,12.05,47863.8,8852.1,9317.8,0.0475,Chlorpheniramine,GC-MS
SMP-00602,1.24,12596.7,3134.3,3296.6,0.0131,Uracil,GC-MS
SMP-00602,2.85,38788.1,7258.3,7419.8,0.0387,Acetaminophen,GC-MS
SMP-00602,4.14,81408.3,13548.4,13878.1,0.0805,Caffeine,GC-MS
SMP-00602,5.63,26159.3,5837.7,6227.5,0.0258,Aspirin,GC-MS
SMP-00602,7.16,53048.4,8666.2,8924.7,0.0535,Benzoic Acid,GC-MS
SMP-00602,8.91,27947.7,5504.3,5783.3,0.0278,Phenacetin,GC-MS
SMP-00602,10.38,15525.5,3895.9,4074.4,0.0158,Salicylic Acid,GC-MS
SMP-00602,12.14,62681.4,11518.0,11391.5,0.0646,Chlorpheniramine,GC-MS
SMP-00603,1.27,11588.8,3041.1,3185.8,0.0113,Uracil,GC-MS
SMP-00603,2.82,54573.9,10417.4,10898.2,0.0557,Acetaminophen,GC-MS
SMP-00603,4.12,104579.2,17508.7,17892.7,0.1062,Caffeine,GC-MS
SMP-00603,5.65,23700.7,5212.7,5495.8,0.0232,Aspirin,GC-MS
SMP-00603,7.16,78369.0,13331.4,13391.6,0.0765,Benzoic Acid,GC-MS
SMP-00603,8.91,29771.3,6382.1,6701.4,0.0294,Phenacetin,GC-MS
SMP-00603,10.44,15181.9,3431.8,3604.1,0.0153,Salicylic Acid,GC-MS
SMP-00603,12.15,63887.2,11412.6,11818.6,0.062,Chlorpheniramine,GC-MS
SMP-00604,1.23,11875.1,3055.4,3189.8,0.0117,Uracil,GC-MS
SMP-00604,2.81,40075.2,7636.0,7684.9,0.0411,Acetaminophen,GC-MS
SMP-00604,4.16,67608.6,11359.0,11687.7,0.0682,Caffeine,GC-MS
SMP-00604,5.59,20681.7,4491.6,4575.7,0.0208,Aspirin,GC-MS
SMP-00604,7.21,57043.0,9660.9,9781.9,0.0553,Benzoic Acid,GC-MS
SMP-00604,8.96,28827.1,5949.4,6319.9,0.0287,Phenacetin,GC-MS
SMP-00604,10.41,16867.9,4081.6,4244.1,0.0167,Salicylic Acid,GC-MS
SMP-00604,12.11,49121.6,8970.5,9039.7,0.0484,Chlorpheniramine,GC-MS
SMP-00605,1.28,12172.1,3109.6,3192.0,0.0123,Uracil,GC-MS
SMP-00605,2.8,45645.4,9042.5,8955.6,0.0463,Acetaminophen,GC-MS
SMP-00605,4.12,91556.7,14362.6,14623.4,0.0935,Caffeine,GC-MS
SMP-00605,5.55,19819.0,4538.3,4841.1,0.0209,Aspirin,GC-MS
SMP-00605,7.2,68732.0,11156.3,10944.6,0.069,Benzoic Acid,GC-MS
SMP-00605,8.94,34622.2,6751.7,6900.3,0.0336,Phenacetin,GC-MS
SMP-00605,10.4,18868.5,4528.8,4587.7,0.019,Salicylic Acid,GC-MS
SMP-00605,12.07,55441.1,10151.9,10316.5,0.056,Chlorpheniramine,GC-MS
SMP-00606,1.26,13861.0,3743.4,3877.2,0.0142,Uracil,GC-MS
SMP-00606,2.74,50038.0,9897.0,9960.2,0.0509,Acetaminophen,GC-MS
SMP-00606,4.09,93776.9,15100.1,15432.1,0.0971,Caffeine,GC-MS
SMP-00606,5.67,24054.6,5233.5,5470.1,0.0245,Aspirin,GC-MS
SMP-00606,7.21,69778.2,11179.5,11264.0,0.0699,Benzoic Acid,GC-MS
SMP-00606,8.91,28393.9,5699.8,5870.2,0.0287,Phenacetin,GC-MS
SMP-00606,10.37,15874.6,3771.3,3804.6,0.0158,Salicylic Acid,GC-MS
SMP-00606,12.12,49088.1,8398.5,8491.7,0.0504,Chlorpheniramine,GC-MS
SMP-00607,1.25,11913.6,2991.6,3196.9,0.0124,Uracil,GC-MS
SMP-00607,2.8,46431.8,9132.2,9073.6,0.0463,Acetaminophen,GC-MS
SMP-00607,4.14,86576.4,14741.5,15396.0,0.0895,Caffeine,GC-MS
SMP-00607,5.62,21804.7,4852.8,5095.2,0.0218,Aspirin,GC-MS
SMP-00607,7.24,61520.8,10572.3,10768.7,0.0618,Benzoic Acid,GC-MS
SMP-00607,8.95,26793.6,5643.8,5824.5,0.0259,Phenacetin,GC-MS
SMP-00607,10.37,15527.1,3904.5,3988.1,0.016,Salicylic Acid,GC-MS
SMP-00607,12.09,44531.8,8119.1,7890.0,0.0445,Chlorpheniramine,GC-MS
SMP-00608,1.24,11976.6,2958.3,3035.3,0.0118,Uracil,GC-MS
SMP-00608,2.8,43948.6,8456.3,8682.3,0.0443,Acetaminophen,GC-MS
SMP-00608,4.16,92979.5,15605.4,16366.2,0.0949,Caffeine,GC-MS
SMP-00608,5.58,26137.5,5557.0,5912.0,0.026,Aspirin,GC-MS
SMP-00608,7.22,66945.9,11446.5,12266.6,0.069,Benzoic Acid,GC-MS
SMP-00608,8.95,33006.7,6432.7,6498.2,0.0333,Phenacetin,GC-MS
SMP-00608,10.4,16015.3,3866.9,3973.6,0.0157,Salicylic Acid,GC-MS
SMP-00608,12.1,55843.4,9597.0,9812.1,0.0565,Chlorpheniramine,GC-MS
SMP-00609,1.21,12766.9,3368.1,3605.8,0.0129,Uracil,GC-MS
SMP-00609,2.83,46244.3,8936.2,9249.6,0.0462,Acetaminophen,GC-MS
SMP-00609,4.15,100640.3,16415.2,16600.8,0.0975,Caffeine,GC-MS
SMP-00609,5.61,21230.8,4825.8,4913.9,0.0211,Aspirin,GC-MS
SMP-00609,7.25,62176.7,9801.7,10293.6,0.061,Benzoic Acid,GC-MS
SMP-00609,8.93,36771.1,7481.0,7798.3,0.0366,Phenacetin,GC-MS
SMP-00609,10.39,16124.1,4089.0,4222.1,0.016,Salicylic Acid,GC-MS
SMP-00609,12.12,57673.8,10236.1,10458.2,0.0578,Chlorpheniramine,GC-MS
SMP-00610,1.23,10949.5,2866.9,2859.3,0.0109,Uracil,GC-MS
SMP-00610,2.82,42978.2,8280.1,8571.0,0.0446,Acetaminophen,GC-MS
SMP-00610,4.19,83323.2,13383.3,14189.9,0.0821,Caffeine,GC-MS
SMP-00610,5.6,20730.8,4817.3,5016.5,0.0214,Aspirin,GC-MS
SMP-00610,7.2,67161.0,10660.1,11012.8,0.0668,Benzoic Acid,GC-MS
SMP-00610,8.94,34523.1,7173.3,7151.6,0.0342,Phenacetin,GC-MS
SMP-00610,10.43,14398.6,3432.6,3584.7,0.0145,Salicylic Acid,GC-MS
SMP-00610,12.1,55659.6,10163.3,10544.7,0.0552,Chlorpheniramine,GC-MS
SMP-00611,1.23,10223.8,2522.8,2613.5,0.01,Uracil,GC-MS
SMP-00611,2.8,45658.4,8830.6,9207.1,0.0453,Acetaminophen,GC-MS
SMP-00611,4.16,80128.1,12961.0,13777.8,0.0798,Caffeine,GC-MS
SMP-00611,5.63,20361.5,4451.4,4629.3,0.0201,Aspirin,GC-MS
SMP-00611,7.21,68426.7,11723.5,12123.6,0.0687,Benzoic Acid,GC-MS
SMP-00611,8.96,26467.9,5588.8,5728.2,0.0264,Phenacetin,GC-MS
SMP-00611,10.36,17184.2,4213.0,4355.2,0.0173,Salicylic Acid,GC-MS
SMP-00611,12.08,55934.4,9729.1,10164.9,0.0562,Chlorpheniramine,GC-MS
SMP-00612,1.23,11682.6,2881.4,2954.6,0.0114,Uracil,GC-MS
SMP-00612,2.81,53485.6,10416.2,10427.1,0.0544,Acetaminophen,GC-MS
SMP-00612,4.15,90564.6,14000.6,14209.6,0.0876,Caffeine,GC-MS
SMP-00612,5.61,24666.4,5455.0,5586.2,0.0251,Aspirin,GC-MS
SMP-00612,7.15,58036.4,10409.1,10635.0,0.0564,Benzoic Acid,GC-MS
SMP-00612,8.89,37801.7,8003.4,8228.8,0.0379,Phenacetin,GC-MS
SMP-00612,10.44,14807.8,3661.2,3784.4,0.0148,Salicylic Acid,GC-MS
SMP-00612,12.08,56638.3,10465.5,10844.9,0.0573,Chlorpheniramine,GC-MS
SMP-00613,1.25,13029.9,3335.1,3549.2,0.0132,Uracil,GC-MS
SMP-00613,2.79,42260.6,8029.3,7944.4,0.0425,Acetaminophen,GC-MS
SMP-00613,4.14,87563.5,14826.7,15777.1,0.087,Caffeine,GC-MS
SMP-00613,5.6,23665.2,5476.8,5569.2,0.0236,Aspirin,GC-MS
SMP-00613,7.21,59128.6,9396.9,9988.5,0.0572,Benzoic Acid,GC-MS
SMP-00613,8.97,28840.4,6028.3,6241.5,0.0295,Phenacetin,GC-MS
SMP-00613,10.42,14318.0,3557.4,3631.2,0.0141,Salicylic Acid,GC-MS
SMP-00613,12.11,47542.4,8407.3,8584.2,0.0474,Chlorpheniramine,GC-MS
SMP-00614,1.22,11108.1,2646.1,2772.8,0.0111,Uracil,GC-MS
SMP-00614,2.84,41559.1,8327.4,8492.5,0.0413,Acetaminophen,GC-MS
SMP-00614,4.18,88252.6,14472.4,14625.5,0.0876,Caffeine,GC-MS
SMP-00614,5.6,24250.7,5443.2,5496.5,0.025,Aspirin,GC-MS
SMP-00614,7.21,76286.9,13577.5,14067.8,0.0769,Benzoic Acid,GC-MS
SMP-00614,8.93,34147.5,7034.8,7212.5,0.035,Phenacetin,GC-MS
SMP-00614,10.34,16386.2,4239.8,4251.0,0.0164,Salicylic Acid,GC-MS
SMP-00614,12.13,55937.2,9878.6,10552.2,0.0572,Chlorpheniramine,GC-MS
SMP-00615,1.26,13422.8,3591.1,3684.3,0.0138,Uracil,GC-MS
SMP-00615,2.83,50940.0,9833.0,10425.4,0.0497,Acetaminophen,GC-MS
SMP-00615,4.12,83983.6,13940.6,14389.6,0.0884,Caffeine,GC-MS
SMP-00615,5.61,24989.0,5646.6,5898.4,0.0255,Aspirin,GC-MS
SMP-00615,7.23,72639.0,12211.2,12244.5,0.0724,Benzoic Acid,GC-MS
SMP-00615,8.95,36615.2,7154.1,7126.8,0.0366,Phenacetin,GC-MS
SMP-00615,10.39,18406.8,4404.1,4516.9,0.0185,Salicylic Acid,GC-MS
SMP-00615,12.08,64723.9,11947.8,12081.8,0.0656,Chlorpheniramine,GC-MS
SMP-00616,1.21,14205.5,3686.7,3770.1,0.0142,Uracil,GC-MS
SMP-00616,2.79,44371.5,9151.3,9304.4,0.0446,Acetaminophen,GC-MS
SMP-00616,4.17,91961.3,14647.6,14984.4,0.096,Caffeine,GC-MS
SMP-00616,5.59,25837.8,5487.2,5587.9,0.0262,Aspirin,GC-MS
SMP-00616,7.2,58262.8,9797.5,9986.7,0.057,Benzoic Acid,GC-MS
SMP-00616,8.97,27915.0,5413.5,5837.4,0.0267,Phenacetin,GC-MS
SMP-00616,10.37,17735.5,4534.9,4662.9,0.0177,Salicylic Acid,GC-MS
SMP-00616,12.1,50150.1,8684.9,8869.0,0.0514,Chlorpheniramine,GC-MS
SMP-00617,1.26,12187.6,3123.4,3215.4,0.0129,Uracil,GC-MS
SMP-00617,2.79,46743.4,9139.9,9203.5,0.0476,Acetaminophen,GC-MS
SMP-00617,4.11,95900.8,15520.1,16418.0,0.0974,Caffeine,GC-MS
SMP-00617,5.62,27687.9,6136.6,6305.6,0.0282,Aspirin,GC-MS
SMP-00617,7.22,69600.2,11136.9,11696.3,0.0704,Benzoic Acid,GC-MS
SMP-00617,8.99,35572.1,6889.8,7088.6,0.0356,Phenacetin,GC-MS
SMP-00617,10.41,14920.4,3903.9,4020.4,0.0147,Salicylic Acid,GC-MS
SMP-00617,12.06,54844.4,9525.3,10437.6,0.0542,Chlorpheniramine,GC-MS
SMP-00618,1.29,10902.7,2974.1,3108.6,0.0111,Uracil,GC-MS
SMP-00618,2.75,48018.8,9308.5,9566.6,0.0488,Acetaminophen,GC-MS
SMP-00618,4.14,543492.2,91389.4,80831.2,0.5338,Caffeine,GC-MS
SMP-00618,5.61,25299.4,5789.7,6094.8,0.0257,Aspirin,GC-MS
SMP-00618,7.18,75897.2,13340.8,13521.7,0.0748,Benzoic Acid,GC-MS
SMP-00618,9.0,29379.8,5882.8,6068.1,0.0291,Phenacetin,GC-MS
SMP-00618,10.43,14790.0,3574.3,3705.3,0.015,Salicylic Acid,GC-MS
SMP-00618,12.07,55126.3,9809.9,10105.7,0.0582,Chlorpheniramine,GC-MS
SMP-00619,1.27,11791.2,2944.2,3145.9,0.012,Uracil,GC-MS
SMP-00619,2.73,46019.6,9022.1,9073.5,0.0452,Acetaminophen,GC-MS
SMP-00619,4.14,99626.4,15906.9,16296.7,0.1005,Caffeine,GC-MS
SMP-00619,5.61,24168.2,5318.5,5484.5,0.0247,Aspirin,GC-MS
SMP-00619,7.23,58164.8,9435.8,9946.9,0.0588,Benzoic Acid,GC-MS
SMP-00619,8.94,26651.8,5282.9,5613.7,0.0265,Phenacetin,GC-MS
SMP-00619,10.41,17427.5,4285.7,4267.0,0.0176,Salicylic Acid,GC-MS
SMP-00619,12.07,43844.4,7804.9,8209.8,0.0432,Chlorpheniramine,GC-MS
SMP-00620,1.26,12111.0,3058.1,3006.4,0.0122,Uracil,GC-MS
SMP-00620,2.79,44824.7,8364.9,8445.7,0.0445,Acetaminophen,GC-MS
SMP-00620,4.18,90776.5,14739.4,15030.3,0.0919,Caffeine,GC-MS
SMP-00620,5.57,22507.2,4910.6,4906.5,0.0221,Aspirin,GC-MS
SMP-00620,7.2,58932.5,9477.3,9510.5,0.0621,Benzoic Acid,GC-MS
SMP-00620,8.93,26189.2,5372.5,5459.7,0.0258,Phenacetin,GC-MS
SMP-00620,10.38,15483.5,3775.1,3926.7,0.0155,Salicylic Acid,GC-MS
SMP-00620,12.04,63305.4,11591.9,12464.1,0.0624,Chlorpheniramine,GC-MS
SMP-00621,1.26,11563.4,3024.8,3124.9,0.012,Uracil,GC-MS
SMP-00621,2.82,47913.3,8842.1,9004.9,0.0479,Acetaminophen,GC-MS
SMP-00621,4.13,85006.7,13500.5,13819.9,0.0849,Caffeine,GC-MS
SMP-00621,5.64,19827.2,4339.6,4331.1,0.0191,Aspirin,GC-MS
SMP-00621,7.21,61981.9,9828.6,10184.2,0.0631,Benzoic Acid,GC-MS
SMP-00621,8.93,29663.1,6091.1,6421.5,0.029,Phenacetin,GC-MS
SMP-00621,10.38,14743.6,3542.0,3766.8,0.0147,Salicylic Acid,GC-MS
SMP-00621,12.08,53903.8,9381.0,9254.5,0.0543,Chlorpheniramine,GC-MS
SMP-00622,1.24,14261.1,3623.5,3590.8,0.014,Uracil,GC-MS
SMP-00622,2.86,47801.5,9277.3,9560.7,0.0471,Acetaminophen,GC-MS
SMP-00622,4.11,72081.1,10695.4,11171.2,0.0713,Caffeine,GC-MS
SMP-00622,5.62,19542.0,4625.5,4810.4,0.0197,Aspirin,GC-MS
SMP-00622,7.25,71873.5,11688.6,11979.9,0.0717,Benzoic Acid,GC-MS
SMP-00622,8.96,32290.7,6749.6,6933.9,0.0314,Phenacetin,GC-MS
SMP-00622,10.37,16060.8,3881.9,3942.3,0.0161,Salicylic Acid,GC-MS
SMP-00622,12.07,45819.8,8345.2,8334.6,0.0469,Chlorpheniramine,GC-MS
SMP-00623,1.3,12393.0,3203.8,3337.0,0.0125,Uracil,GC-MS
SMP-00623,2.78,41375.8,7752.6,7966.6,0.0414,Acetaminophen,GC-MS
SMP-00623,4.12,97914.0,15471.5,15838.9,0.0964,Caffeine,GC-MS
SMP-00623,5.64,23915.2,5349.1,5620.3,0.0238,Aspirin,GC-MS
SMP-00623,7.21,76299.3,12379.3,12801.2,0.0773,Benzoic Acid,GC-MS
SMP-00623,8.97,31716.2,6428.1,6852.2,0.0316,Phenacetin,GC-MS
SMP-00623,10.41,15002.6,3543.1,3688.2,0.0144,Salicylic Acid,GC-MS
SMP-00623,12.08,47881.0,8776.2,9044.7,0.0475,Chlorpheniramine,GC-MS
SMP-00624,1.24,13696.9,3545.3,3635.5,0.0139,Uracil,GC-MS
SMP-00624,2.82,44521.8,8352.7,8359.4,0.0436,Acetaminophen,GC-MS
SMP-00624,4.13,89121.0,14370.1,15085.2,0.0905,Caffeine,GC-MS
SMP-00624,5.55,22103.2,4682.6,4924.2,0.022,Aspirin,GC-MS
SMP-00624,7.22,75403.3,12055.9,12605.7,0.0755,Benzoic Acid,GC-MS
SMP-00624,8.97,28905.3,6065.3,6243.9,0.0289,Phenacetin,GC-MS
SMP-00624,10.37,16167.1,4063.0,4036.6,0.0157,Salicylic Acid,GC-MS
SMP-00624,12.07,43938.8,7640.4,7836.2,0.0422,Chlorpheniramine,GC-MS
SMP-00625,1.26,12449.0,3184.7,3244.8,0.0124,Uracil,GC-MS
SMP-00625,2.78,46293.5,8756.8,9091.0,0.0458,Acetaminophen,GC-MS
SMP-00625,4.18,86786.5,14067.7,14553.6,0.0862,Caffeine,GC-MS
SMP-00625,5.65,21057.5,4745.8,4864.4,0.0216,Aspirin,GC-MS
SMP-00625,7.21,65020.4,10671.0,11461.1,0.066,Benzoic Acid,GC-MS
SMP-00625,8.96,31699.7,6898.4,7136.7,0.0318,Phenacetin,GC-MS
SMP-00625,10.45,13389.0,3259.3,3341.0,0.0135,Salicylic Acid,GC-MS
SMP-00625,12.09,56244.2,9945.4,10349.0,0.0575,Chlorpheniramine,GC-MS
SMP-00626,1.27,14202.2,3508.5,3469.8,0.0143,Uracil,GC-MS
SMP-00626,2.8,52426.9,10353.3,10699.6,0.0546,Acetaminophen,GC-MS
SMP-00626,4.15,94146.7,16539.1,17111.5,0.0949,Caffeine,GC-MS
SMP-00626,5.59,98536.2,17846.7,20960.7,0.0987,Aspirin,GC-MS
SMP-00626,7.14,409055.7,63069.4,67611.5,0.4059,Benzoic Acid,GC-MS
SMP-00626,8.93,32792.2,6855.1,6901.4,0.0326,Phenacetin,GC-MS
SMP-00626,10.41,13316.9,3234.2,3411.4,0.0133,Salicylic Acid,GC-MS
SMP-00626,12.09,55084.0,10199.4,10457.3,0.0551,Chlorpheniramine,GC-MS
SMP-00627,1.19,12308.0,3120.7,3239.7,0.0126,Uracil,GC-MS
SMP-00627,2.81,50451.4,9674.6,10060.9,0.0513,Acetaminophen,GC-MS
SMP-00627,4.15,94197.2,15057.0,15363.7,0.093,Caffeine,GC-MS
SMP-00627,5.61,20437.4,4726.7,4959.3,0.021,Aspirin,GC-MS
SMP-00627,7.15,67224.9,11745.7,11689.1,0.0682,Benzoic Acid,GC-MS
SMP-00627,8.92,32247.2,6897.0,6767.0,0.0321,Phenacetin,GC-MS
SMP-00627,10.43,17421.9,4065.7,4321.6,0.0174,Salicylic Acid,GC-MS
SMP-00627,12.11,49095.0,9138.2,9511.8,0.049,Chlorpheniramine,GC-MS
SMP-00628,1.23,12356.5,3301.5,3417.9,0.0125,Uracil,GC-MS
SMP-00628,2.8,41194.8,8027.9,8342.4,0.0402,Acetaminophen,GC-MS
SMP-00628,4.13,82713.8,12168.4,12347.2,0.0844,Caffeine,GC-MS
SMP-00628,5.63,21731.7,4471.9,4666.3,0.0225,Aspirin,GC-MS
SMP-00628,7.22,62141.9,11089.6,11365.3,0.0618,Benzoic Acid,GC-MS
SMP-00628,8.95,31667.5,6569.1,6944.7,0.0334,Phenacetin,GC-MS
SMP-00628,10.4,15079.3,3608.4,3745.5,0.0152,Salicylic Acid,GC-MS
SMP-00628,12.11,52459.9,9855.5,10463.9,0.0527,Chlorpheniramine,GC-MS
SMP-00629,1.3,13482.3,3446.5,3670.6,0.0134,Uracil,GC-MS
SMP-00629,2.79,44675.5,8547.4,8749.3,0.0441,Acetaminophen,GC-MS
SMP-00629,4.13,95238.9,14503.2,15218.2,0.0945,Caffeine,GC-MS
SMP-00629,5.69,23307.8,4870.8,5115.3,0.0232,Aspirin,GC-MS
SMP-00629,7.17,74237.5,12150.9,12234.2,0.0742,Benzoic Acid,GC-MS
SMP-00629,9.0,37735.1,7713.9,7781.5,0.0367,Phenacetin,GC-MS
SMP-00629,10.44,14386.4,3546.0,3682.0,0.0147,Salicylic Acid,GC-MS
SMP-00629,12.11,52483.8,9200.3,9408.2,0.0532,Chlorpheniramine,GC-MS
SMP-00630,1.29,9263.1,2437.6,2524.3,0.0091,Uracil,GC-MS
SMP-00630,2.8,50979.3,10225.1,10769.9,0.0522,Acetaminophen,GC-MS
SMP-00630,4.18,99610.0,15930.9,16554.8,0.1004,Caffeine,GC-MS
SMP-00630,5.57,21205.9,4533.5,4654.6,0.0212,Aspirin,GC-MS
SMP-00630,7.16,68119.1,12055.9,11974.0,0.0718,Benzoic Acid,GC-MS
SMP-00630,8.94,29638.0,5733.8,5975.1,0.0293,Phenacetin,GC-MS
SMP-00630,10.41,16771.4,4128.8,4328.7,0.0168,Salicylic Acid,GC-MS
SMP-00630,12.11,55584.2,10389.1,10713.3,0.0567,Chlorpheniramine,GC-MS
SMP-00631,1.24,14380.9,3653.0,3719.2,0.0143,Uracil,GC-MS
SMP-00631,2.82,43939.7,8674.4,8646.1,0.0448,Acetaminophen,GC-MS
SMP-00631,4.18,68619.9,11531.3,11956.0,0.0702,Caffeine,GC-MS
SMP-00631,5.55,23568.5,5170.5,5193.9,0.0236,Aspirin,GC-MS
SMP-00631,7.23,59223.4,10235.4,10446.7,0.0576,Benzoic Acid,GC-MS
SMP-00631,8.94,31619.8,6443.6,6815.5,0.0323,Phenacetin,GC-MS
SMP-00631,10.43,13730.9,3433.6,3481.0,0.0135,Salicylic Acid,GC-MS
SMP-00631,12.08,52056.2,9480.9,9666.5,0.0516,Chlorpheniramine,GC-MS
SMP-00632,1.29,12189.9,3168.5,3193.8,0.012,Uracil,GC-MS
SMP-00632,2.87,45100.9,8840.9,9049.7,0.0421,Acetaminophen,GC-MS
SMP-00632,4.12,75509.9,11914.3,12283.9,0.0764,Caffeine,GC-MS
SMP-00632,5.62,24850.9,5620.2,5733.5,0.0255,Aspirin,GC-MS
SMP-00632,7.17,68019.0,11365.3,11655.3,0.0691,Benzoic Acid,GC-MS
SMP-00632,8.96,35566.6,7077.9,7323.3,0.0359,Phenacetin,GC-MS
SMP-00632,10.43,14758.2,3478.7,3564.8,0.0144,Salicylic Acid,GC-MS
SMP-00632,12.08,54063.1,9093.7,9412.8,0.0539,Chlorpheniramine,GC-MS
SMP-00633,1.29,11349.2,2908.9,2985.0,0.0114,Uracil,GC-MS
SMP-00633,2.81,44967.7,9160.6,9555.2,0.0442,Acetaminophen,GC-MS
SMP-00633,4.12,87732.3,14557.3,15167.0,0.0868,Caffeine,GC-MS
SMP-00633,5.57,22490.0,4833.6,5038.5,0.0213,Aspirin,GC-MS
SMP-00633,7.17,69155.8,11476.8,11727.3,0.0711,Benzoic Acid,GC-MS
SMP-00633,8.95,30256.5,6478.6,6801.5,0.0301,Phenacetin,GC-MS
SMP-00633,10.35,16549.5,4019.0,4093.8,0.0166,Salicylic Acid,GC-MS
SMP-00633,12.11,60726.4,10975.2,11478.8,0.0612,Chlorpheniramine,GC-MS
SMP-00634,1.26,12156.9,3194.1,3198.0,0.0123,Uracil,GC-MS
SMP-00634,2.82,36622.4,7365.4,7630.9,0.0364,Acetaminophen,GC-MS
SMP-00634,4.18,101900.0,16570.2,17177.9,0.1026,Caffeine,GC-MS
SMP-00634,5.63,23338.5,5067.9,5323.2,0.0227,Aspirin,GC-MS
SMP-00634,7.13,61076.8,10253.6,10492.9,0.0575,Benzoic Acid,GC-MS
SMP-00634,8.97,29931.1,5868.1,5887.0,0.0296,Phenacetin,GC-MS
SMP-00634,10.45,13576.0,3539.5,3611.9,0.0136,Salicylic Acid,GC-MS
SMP-00634,12.09,63625.4,11584.8,11637.9,0.065,Chlorpheniramine,GC-MS
SMP-00635,1.24,10852.8,2784.1,2831.7,0.0109,Uracil,GC-MS
SMP-00635,2.79,56061.2,10779.7,10602.0,0.0553,Acetaminophen,GC-MS
SMP-00635,4.17,88558.7,15144.5,15858.6,0.0875,Caffeine,GC-MS
SMP-00635,5.6,23519.6,5154.6,5524.4,0.0235,Aspirin,GC-MS
SMP-00635,7.14,83046.2,13947.8,14599.6,0.0812,Benzoic Acid,GC-MS
SMP-00635,8.97,34261.5,6702.5,6846.9,0.0342,Phenacetin,GC-MS
SMP-00635,10.38,15517.1,3888.6,3963.6,0.0148,Salicylic Acid,GC-MS
SMP-00635,12.09,61996.5,11332.8,11623.2,0.0618,Chlorpheniramine,GC-MS
SMP-00636,1.25,12882.0,3423.3,3562.2,0.0131,Uracil,GC-MS
SMP-00636,2.8,43762.3,8302.4,8542.7,0.0428,Acetaminophen,GC-MS
SMP-00636,4.16,78940.6,12493.1,12518.8,0.0809,Caffeine,GC-MS
SMP-00636,5.61,20584.4,4430.6,4484.7,0.0204,Aspirin,GC-MS
SMP-00636,7.18,52204.5,8343.6,8641.4,0.0528,Benzoic Acid,GC-MS
SMP-00636,8.88,27094.0,5561.6,5746.5,0.0281,Phenacetin,GC-MS
SMP-00636,10.4,13302.5,3258.6,3440.6,0.0135,Salicylic Acid,GC-MS
SMP-00636,12.11,44583.2,7839.7,8113.4,0.0461,Chlorpheniramine,GC-MS
SMP-00637,1.25,12943.0,3263.3,3272.0,0.0132,Uracil,GC-MS
SMP-00637,2.79,46483.2,9071.8,9155.2,0.0463,Acetaminophen,GC-MS
SMP-00637,4.16,91800.7,14312.5,14885.0,0.0919,Caffeine,GC-MS
SMP-00637,5.56,19288.2,4343.2,4490.7,0.0202,Aspirin,GC-MS
SMP-00637,7.19,67174.6,10708.9,11107.2,0.0675,Benzoic Acid,GC-MS
SMP-00637,8.95,28778.0,5765.6,5784.0,0.0289,Phenacetin,GC-MS
SMP-00637,10.41,13675.3,3294.2,3388.7,0.0134,Salicylic Acid,GC-MS
SMP-00637,12.1,52388.0,9758.6,9879.9,0.0533,Chlorpheniramine,GC-MS
SMP-00638,1.26,9578.0,2445.1,2532.4,0.0098,Uracil,GC-MS
SMP-00638,2.84,42793.7,8450.1,8966.1,0.0416,Acetaminophen,GC-MS
SMP-00638,4.23,90529.3,15088.4,16030.0,0.0903,Caffeine,GC-MS
SMP-00638,5.54,23131.0,4800.7,4901.6,0.0232,Aspirin,GC-MS
SMP-00638,7.2,65987.3,11126.1,11303.3,0.066,Benzoic Acid,GC-MS
SMP-00638,8.94,33546.5,7008.9,7262.0,0.033,Phenacetin,GC-MS
SMP-00638,10.45,16397.5,4024.4,4109.5,0.0162,Salicylic Acid,GC-MS
SMP-00638,12.16,52569.7,9390.7,9717.2,0.051,Chlorpheniramine,GC-MS
SMP-00639,1.22,11243.5,2920.5,3042.9,0.0115,Uracil,GC-MS
SMP-00639,2.76,44127.6,8606.8,8896.8,0.0438,Acetaminophen,GC-MS
SMP-00639,4.14,98635.0,16381.5,16782.3,0.0983,Caffeine,GC-MS
SMP-00639,5.63,24559.9,5279.8,5520.8,0.0239,Aspirin,GC-MS
SMP-00639,7.21,66236.2,10833.3,11206.3,0.0652,Benzoic Acid,GC-MS
SMP-00639,9.01,27825.6,5950.7,6167.5,0.0281,Phenacetin,GC-MS
SMP-00639,10.39,12153.6,3020.1,3051.0,0.0127,Salicylic Acid,GC-MS
SMP-00639,12.11,47796.3,8342.3,8433.5,0.0488,Chlorpheniramine,GC-MS
SMP-00640,1.24,13211.8,3229.8,3373.6,0.0137,Uracil,GC-MS
SMP-00640,2.81,46212.1,9223.1,9492.8,0.0462,Acetaminophen,GC-MS
SMP-00640,4.11,91876.5,14638.1,14679.9,0.0912,Caffeine,GC-MS
SMP-00640,5.61,23771.1,5074.6,5306.2,0.0239,Aspirin,GC-MS
SMP-00640,7.22,78535.1,12861.4,13300.7,0.0801,Benzoic Acid,GC-MS
SMP-00640,9.0,30332.4,5933.2,6088.4,0.0305,Phenacetin,GC-MS
SMP-00640,10.4,17408.3,4303.3,4444.2,0.017,Salicylic Acid,GC-MS
SMP-00640,12.11,51791.8,9393.7,9678.4,0.0505,Chlorpheniramine,GC-MS
SMP-00641,1.26,15466.1,4000.3,3996.2,0.0153,Uracil,GC-MS
SMP-00641,2.78,43865.2,8658.5,8804.8,0.0437,Acetaminophen,GC-MS
SMP-00641,4.15,76250.8,11724.7,12224.9,0.0738,Caffeine,GC-MS
SMP-00641,5.59,23853.5,5511.3,5553.9,0.0242,Aspirin,GC-MS
SMP-00641,7.21,58073.9,10130.4,10402.2,0.0595,Benzoic Acid,GC-MS
SMP-00641,8.95,35802.6,7431.2,7726.1,0.0358,Phenacetin,GC-MS
SMP-00641,10.39,14592.5,3564.5,3592.3,0.0149,Salicylic Acid,GC-MS
SMP-00641,12.07,64088.4,11613.4,11935.8,0.0642,Chlorpheniramine,GC-MS
SMP-00642,1.23,10582.3,2797.1,2891.6,0.0106,Uracil,GC-MS
SMP-00642,2.8,41084.3,8300.0,8745.9,0.041,Acetaminophen,GC-MS
SMP-00642,4.1,103864.2,17302.9,17456.3,0.106,Caffeine,GC-MS
SMP-00642,5.57,20933.2,4495.3,4698.0,0.0209,Aspirin,GC-MS
SMP-00642,7.21,57461.3,10125.0,10281.2,0.0571,Benzoic Acid,GC-MS
SMP-00642,8.91,33847.7,7122.9,7137.7,0.0337,Phenacetin,GC-MS
SMP-00642,10.46,14979.0,3703.1,3753.2,0.0149,Salicylic Acid,GC-MS
SMP-00642,12.12,53930.2,9272.5,9271.9,0.0527,Chlorpheniramine,GC-MS
SMP-00643,1.31,12391.2,3122.3,3190.6,0.0121,Uracil,GC-MS
SMP-00643,2.77,47221.3,9229.3,9634.7,0.0489,Acetaminophen,GC-MS
SMP-00643,4.16,89364.0,14285.6,14484.6,0.091,Caffeine,GC-MS
SMP-00643,5.62,24708.8,5518.4,5708.5,0.0254,Aspirin,GC-MS
SMP-00643,7.22,59579.0,9875.2,10047.5,0.0589,Benzoic Acid,GC-MS
SMP-00643,8.95,29290.9,5605.7,5936.2,0.0288,Phenacetin,GC-MS
SMP-00643,10.45,16590.9,3895.1,3994.5,0.0165,Salicylic Acid,GC-MS
SMP-00643,12.13,54847.2,9771.3,10192.3,0.056,Chlorpheniramine,GC-MS
SMP-00644,1.24,13950.6,3467.6,3499.4,0.0134,Uracil,GC-MS
SMP-00644,2.8,42318.0,8339.9,8624.9,0.0431,Acetaminophen,GC-MS
SMP-00644,4.12,92775.3,15166.0,15929.6,0.0935,Caffeine,GC-MS
SMP-00644,5.59,22475.7,4969.4,4927.7,0.023,Aspirin,GC-MS
SMP-00644,7.24,72940.2,12044.0,12359.1,0.0722,Benzoic Acid,GC-MS
SMP-00644,8.94,30613.4,6394.2,6627.4,0.0301,Phenacetin,GC-MS
SMP-00644,10.41,14914.6,3566.6,3691.3,0.0148,Salicylic Acid,GC-MS
SMP-00644,12.13,59123.1,10938.3,11409.7,0.0575,Chlorpheniramine,GC-MS
SMP-00645,1.27,12747.5,3057.6,3109.0,0.0125,Uracil,GC-MS
SMP-00645,2.75,46597.9,9040.9,9224.5,0.0472,Acetaminophen,GC-MS
SMP-00645,4.14,109755.6,18173.8,18376.2,0.1089,Caffeine,GC-MS
SMP-00645,5.63,20836.3,4537.8,4774.0,0.0213,Aspirin,GC-MS
SMP-00645,7.2,69484.1,11171.9,11348.4,0.0703,Benzoic Acid,GC-MS
SMP-00645,8.95,29498.2,5923.5,6262.9,0.0298,Phenacetin,GC-MS
SMP-00645,10.39,12102.5,2874.0,2935.3,0.0121,Salicylic Acid,GC-MS
SMP-00645,12.08,51846.5,9610.3,9612.6,0.0526,Chlorpheniramine,GC-MS
SMP-00646,1.26,13706.9,3631.2,3674.0,0.014,Uracil,GC-MS
SMP-00646,2.84,40254.0,7301.7,7605.3,0.0407,Acetaminophen,GC-MS
SMP-00646,4.13,76113.1,13033.5,13639.7,0.0741,Caffeine,GC-MS
SMP-00646,5.59,23158.3,5215.0,5099.7,0.0231,Aspirin,GC-MS
SMP-00646,7.19,81470.4,13227.5,13154.7,0.0814,Benzoic Acid,GC-MS
SMP-00646,9.02,33134.4,6685.9,6867.3,0.0338,Phenacetin,GC-MS
SMP-00646,10.43,16151.3,3872.5,3946.5,0.0165,Salicylic Acid,GC-MS
SMP-00646,12.13,50196.8,9531.8,9706.4,0.0496,Chlorpheniramine,GC-MS
SMP-00647,1.25,11941.9,3050.6,3077.6,0.0119,Uracil,GC-MS
SMP-00647,2.87,51065.4,10053.9,9977.1,0.0516,Acetaminophen,GC-MS
SMP-00647,4.17,87899.5,14503.3,14654.7,0.0898,Caffeine,GC-MS
SMP-00647,5.61,23125.8,5153.1,5474.2,0.0237,Aspirin,GC-MS
SMP-00647,7.18,61803.8,10198.8,10374.7,0.0626,Benzoic Acid,GC-MS
SMP-00647,8.9,29329.8,6055.2,6238.7,0.0298,Phenacetin,GC-MS
SMP-00647,10.4,15995.3,3807.8,3962.5,0.0159,Salicylic Acid,GC-MS
SMP-00647,12.1,57526.4,10093.4,10409.0,0.0584,Chlorpheniramine,GC-MS
SMP-00648,1.25,13440.5,3402.0,3471.8,0.0135,Uracil,GC-MS
SMP-00648,2.76,55679.7,11020.7,11675.9,0.0548,Acetaminophen,GC-MS
SMP-00648,4.14,79633.5,12263.1,12695.9,0.0794,Caffeine,GC-MS
SMP-00648,5.61,22042.2,5085.9,5313.4,0.0215,Aspirin,GC-MS
SMP-00648,7.24,67048.7,10889.2,11258.3,0.0645,Benzoic Acid,GC-MS
SMP-00648,8.93,28862.8,5697.4,6058.9,0.0289,Phenacetin,GC-MS
SMP-00648,10.37,15450.7,3865.5,3834.6,0.0153,Salicylic Acid,GC-MS
SMP-00648,12.1,307732.1,55969.4,59755.4,0.3048,Chlorpheniramine,GC-MS
SMP-00649,1.23,12985.8,3170.4,3286.1,0.0127,Uracil,GC-MS
SMP-00649,2.75,45028.3,9091.9,9487.5,0.0447,Acetaminophen,GC-MS
SMP-00649,4.16,86457.6,13601.4,14240.5,0.0864,Caffeine,GC-MS
SMP-00649,5.61,23083.4,4966.5,4975.6,0.023,Aspirin,GC-MS
SMP-00649,7.19,74303.5,12159.0,12324.6,0.073,Benzoic Acid,GC-MS
SMP-00649,8.96,33571.7,7007.0,7467.0,0.0333,Phenacetin,GC-MS
SMP-00649,10.4,15582.5,3828.4,3908.7,0.0154,Salicylic Acid,GC-MS
SMP-00649,12.1,62953.0,11364.4,12207.3,0.0643,Chlorpheniramine,GC-MS
SMP-00650,1.28,10182.7,2738.1,2781.7,0.01,Uracil,GC-MS
SMP-00650,2.79,55710.9,10836.9,11360.0,0.0559,Acetaminophen,GC-MS
SMP-00650,4.12,91780.0,14221.1,14849.9,0.0914,Caffeine,GC-MS
SMP-00650,5.63,25964.0,5866.5,5908.3,0.026,Aspirin,GC-MS
SMP-00650,7.18,53553.9,8674.3,9065.2,0.0538,Benzoic Acid,GC-MS
SMP-00650,8.96,29512.2,5791.3,6104.8,0.0303,Phenacetin,GC-MS
SMP-00650,10.4,16127.3,3762.5,3833.9,0.0162,Salicylic Acid,GC-MS
SMP-00650,12.12,61492.5,10973.6,11602.6,0.061,Chlorpheniramine,GC-MS
SMP-00651,1.26,13196.4,3376.1,3463.4,0.0135,Uracil,GC-MS
SMP-00651,2.81,50394.2,9406.2,9848.3,0.0487,Acetaminophen,GC-MS
SMP-00651,4.1,92846.3,14472.0,15312.9,0.0912,Caffeine,GC-MS
SMP-00651,5.57,28249.5,6297.6,6583.0,0.0279,Aspirin,GC-MS
SMP-00651,7.21,66825.3,11091.6,11490.0,0.0675,Benzoic Acid,GC-MS
SMP-00651,8.95,30059.2,5964.4,6283.1,0.0304,Phenacetin,GC-MS
SMP-00651,10.41,15428.1,3955.3,3944.5,0.0156,Salicylic Acid,GC-MS
SMP-00651,12.1,59440.2,10564.4,11085.2,0.0582,Chlorpheniramine,GC-MS
SMP-00652,1.17,14031.0,3620.4,3826.6,0.0144,Uracil,GC-MS
SMP-00652,2.77,52708.0,9787.9,10326.9,0.0524,Acetaminophen,GC-MS
SMP-00652,4.2,94402.2,15675.0,15842.4,0.0946,Caffeine,GC-MS
SMP-00652,5.66,24684.1,5676.3,5887.6,0.0246,Aspirin,GC-MS
SMP-00652,7.21,73345.2,12306.5,12510.7,0.0723,Benzoic Acid,GC-MS
SMP-00652,8.95,30435.3,6351.4,6691.7,0.0318,Phenacetin,GC-MS
SMP-00652,10.45,16271.4,3775.1,3902.9,0.0161,Salicylic Acid,GC-MS
SMP-00652,12.1,49418.2,9017.9,9363.7,0.0508,Chlorpheniramine,GC-MS
SMP-00653,1.24,11646.8,2976.2,3036.0,0.0119,Uracil,GC-MS
SMP-00653,2.77,44757.6,8627.8,9071.6,0.0443,Acetaminophen,GC-MS
SMP-00653,4.18,98986.4,16521.5,17205.2,0.1003,Caffeine,GC-MS
SMP-00653,5.63,24795.1,5431.4,5580.0,0.0248,Aspirin,GC-MS
SMP-00653,7.16,66847.2,11718.7,12029.1,0.0677,Benzoic Acid,GC-MS
SMP-00653,9.0,31439.5,6142.5,6469.0,0.0316,Phenacetin,GC-MS
SMP-00653,10.41,14114.9,3476.7,3515.0,0.0138,Salicylic Acid,GC-MS
SMP-00653,12.15,55412.3,10045.3,10702.7,0.0537,Chlorpheniramine,GC-MS
SMP-00654,1.24,10449.4,2821.1,2855.6,0.0109,Uracil,GC-MS
SMP-00654,2.76,49591.5,10025.3,10361.0,0.0509,Acetaminophen,GC-MS
SMP-00654,4.17,99886.2,15973.7,16336.2,0.1012,Caffeine,GC-MS
SMP-00654,5.56,20648.0,4307.9,4385.3,0.0195,Aspirin,GC-MS
SMP-00654,7.18,69964.8,10996.0,11208.6,0.0719,Benzoic Acid,GC-MS
SMP-00654,8.93,28167.1,5952.4,6373.8,0.0287,Phenacetin,GC-MS
SMP-00654,10.45,16259.5,4074.1,4058.4,0.0161,Salicylic Acid,GC-MS
SMP-00654,12.09,61663.4,11034.6,10887.6,0.0604,Chlorpheniramine,GC-MS
SMP-00655,1.27,11935.7,3194.8,3346.2,0.0121,Uracil,GC-MS
SMP-00655,2.79,44965.1,8882.7,9121.1,0.0436,Acetaminophen,GC-MS
SMP-00655,4.18,77311.2,12000.5,12700.7,0.0787,Caffeine,GC-MS
SMP-00655,5.59,21615.6,4820.0,4989.2,0.0218,Aspirin,GC-MS
SMP-00655,7.17,59744.1,9796.4,9946.1,0.0589,Benzoic Acid,GC-MS
SMP-00655,8.95,31027.5,6406.6,6586.9,0.0316,Phenacetin,GC-MS
SMP-00655,10.38,12279.8,3077.0,3141.9,0.0121,Salicylic Acid,GC-MS
SMP-00655,12.11,53980.3,9593.3,9666.9,0.0544,Chlorpheniramine,GC-MS
SMP-00656,1.24,13739.6,3480.0,3435.8,0.0137,Uracil,GC-MS
SMP-00656,2.8,47730.5,9322.9,9900.4,0.0469,Acetaminophen,GC-MS
SMP-00656,4.17,93517.9,14787.9,15507.0,0.0943,Caffeine,GC-MS
SMP-00656,5.63,23093.0,5134.6,5209.3,0.023,Aspirin,GC-MS
SMP-00656,7.22,55831.8,8797.7,9120.4,0.0548,Benzoic Acid,GC-MS
SMP-00656,8.95,27375.2,5616.4,5972.5,0.027,Phenacetin,GC-MS
SMP-00656,10.43,15064.9,3820.8,3997.9,0.0148,Salicylic Acid,GC-MS
SMP-00656,12.1,55788.0,10038.8,10213.7,0.0549,Chlorpheniramine,GC-MS
SMP-00657,1.25,13863.9,3656.4,3885.7,0.0141,Uracil,GC-MS
SMP-00657,2.83,52759.0,10026.6,10185.8,0.0518,Acetaminophen,GC-MS
SMP-00657,4.16,93054.1,15156.8,15784.1,0.0928,Caffeine,GC-MS
SMP-00657,5.61,25386.3,5525.7,5672.7,0.0247,Aspirin,GC-MS
SMP-00657,7.19,72669.1,12813.7,13404.3,0.075,Benzoic Acid,GC-MS
SMP-00657,8.92,31483.3,6311.3,6658.8,0.0319,Phenacetin,GC-MS
SMP-00657,10.45,13739.6,3285.1,3315.3,0.0143,Salicylic Acid,GC-MS
SMP-00657,12.12,60722.9,11066.0,11295.7,0.0609,Chlorpheniramine,GC-MS
SMP-00658,1.25,12958.9,3415.3,3533.7,0.013,Uracil,GC-MS
SMP-00658,2.87,42447.5,7946.7,8278.2,0.0428,Acetaminophen,GC-MS
SMP-00658,4.09,75870.0,13017.7,13345.5,0.074,Caffeine,GC-MS
SMP-00658,5.64,21588.2,4674.3,4626.2,0.0214,Aspirin,GC-MS
SMP-00658,7.19,52578.6,8848.4,9248.6,0.0502,Benzoic Acid,GC-MS
SMP-00658,8.96,33410.0,7061.7,7346.7,0.0329,Phenacetin,GC-MS
SMP-00658,10.38,14521.3,3500.0,3551.6,0.0138,Salicylic Acid,GC-MS
SMP-00658,12.14,49384.6,8573.6,8698.9,0.0492,Chlorpheniramine,GC-MS
SMP-00659,1.22,11823.6,2920.2,3014.5,0.0115,Uracil,GC-MS
SMP-00659,2.84,45128.8,9034.1,9534.8,0.0459,Acetaminophen,GC-MS
SMP-00659,4.08,76031.8,12763.7,13351.2,0.0736,Caffeine,GC-MS
SMP-00659,5.58,25302.4,5403.6,5664.4,0.0256,Aspirin,GC-MS
SMP-00659,7.15,72539.7,12222.8,12319.8,0.0736,Benzoic Acid,GC-MS
SMP-00659,8.98,33979.4,7027.3,7313.4,0.0335,Phenacetin,GC-MS
SMP-00659,10.38,17780.9,4408.9,4649.9,0.0181,Salicylic Acid,GC-MS
SMP-00659,12.08,49437.1,9328.1,9543.6,0.0485,Chlorpheniramine,GC-MS
SMP-00660,1.25,13409.2,3488.4,3652.8,0.0136,Uracil,GC-MS
SMP-00660,2.78,46496.3,8770.9,9062.7,0.0458,Acetaminophen,GC-MS
SMP-00660,4.17,77481.8,12876.2,13550.7,0.0769,Caffeine,GC-MS
SMP-00660,5.62,20786.9,4562.6,4660.7,0.0213,Aspirin,GC-MS
SMP-00660,7.13,68640.1,11493.8,11816.1,0.0689,Benzoic Acid,GC-MS
SMP-00660,8.97,30832.7,6492.6,6649.1,0.0307,Phenacetin,GC-MS
SMP-00660,10.4,18105.6,4214.7,4410.2,0.0181,Salicylic Acid,GC-MS
SMP-00660,12.14,48142.2,8499.5,8741.3,0.0484,Chlorpheniramine,GC-MS
SMP-00661,1.25,12356.6,3279.0,3384.2,0.0122,Uracil,GC-MS
SMP-00661,2.84,39658.5,7415.6,7615.1,0.0384,Acetaminophen,GC-MS
SMP-00661,4.17,86614.9,14178.0,14264.2,0.0861,Caffeine,GC-MS
SMP-00661,5.58,22323.1,5041.2,5170.5,0.0217,Aspirin,GC-MS
SMP-00661,7.24,61212.8,9747.0,9841.5,0.0616,Benzoic Acid,GC-MS
SMP-00661,8.95,39284.4,8083.9,8645.0,0.0394,Phenacetin,GC-MS
SMP-00661,10.42,12815.4,3188.9,3305.3,0.0129,Salicylic Acid,GC-MS
SMP-00661,12.07,54371.7,9794.1,10101.1,0.0511,Chlorpheniramine,GC-MS
SMP-00662,1.25,11764.3,3005.1,3004.1,0.0117,Uracil,GC-MS
SMP-00662,2.75,48869.5,9223.8,9363.6,0.0489,Acetaminophen,GC-MS
SMP-00662,4.21,74234.0,12505.0,12890.0,0.0727,Caffeine,GC-MS
SMP-00662,5.62,18080.2,4043.1,4192.2,0.0178,Aspirin,GC-MS
SMP-00662,7.2,267334.7,47550.2,43179.5,0.2777,Benzoic Acid,GC-MS
SMP-00662,8.93,34386.1,7056.6,7304.9,0.0337,Phenacetin,GC-MS
SMP-00662,10.4,14520.6,3688.8,3718.9,0.0143,Salicylic Acid,GC-MS
SMP-00662,12.12,50786.6,9829.6,10008.6,0.0512,Chlorpheniramine,GC-MS
SMP-00663,1.23,12022.4,3136.5,3124.5,0.0119,Uracil,GC-MS
SMP-00663,2.82,42516.7,8020.7,8206.2,0.0424,Acetaminophen,GC-MS
SMP-00663,4.15,86981.1,13770.4,15055.3,0.0878,Caffeine,GC-MS
SMP-00663,5.59,143110.8,35728.2,28791.5,0.1415,Aspirin,GC-MS
SMP-00663,7.2,60688.4,10449.7,11021.2,0.0606,Benzoic Acid,GC-MS
SMP-00663,8.96,34609.9,7342.8,7572.5,0.0351,Phenacetin,GC-MS
SMP-00663,10.47,15050.2,3730.1,3925.9,0.0146,Salicylic Acid,GC-MS
SMP-00663,12.08,60644.8,11143.2,11480.4,0.0612,Chlorpheniramine,GC-MS
SMP-00664,1.22,11324.7,3020.1,3048.1,0.0113,Uracil,GC-MS
SMP-00664,2.8,55981.1,10438.4,10912.0,0.0552,Acetaminophen,GC-MS
SMP-00664,4.19,90230.5,14549.4,15440.9,0.0917,Caffeine,GC-MS
SMP-00664,5.65,22242.9,5056.3,5265.6,0.0219,Aspirin,GC-MS
SMP-00664,7.22,59300.7,10000.9,10409.3,0.0606,Benzoic Acid,GC-MS
SMP-00664,8.94,29968.2,6265.9,6362.9,0.0293,Phenacetin,GC-MS
SMP-00664,10.39,12747.7,2986.5,3061.0,0.0126,Salicylic Acid,GC-MS
SMP-00664,12.13,52559.2,9221.9,9754.7,0.0532,Chlorpheniramine,GC-MS
SMP-00665,1.26,11708.0,2984.4,3005.1,0.0114,Uracil,GC-MS
SMP-00665,2.76,51094.4,10086.4,10203.6,0.0539,Acetaminophen,GC-MS
SMP-00665,4.17,86461.9,14598.7,15067.2,0.0856,Caffeine,GC-MS
SMP-00665,5.57,24125.5,5345.7,5707.3,0.0239,Aspirin,GC-MS
SMP-00665,7.27,75003.8,12365.2,13033.6,0.0754,Benzoic Acid,GC-MS
SMP-00665,8.93,34426.5,7023.4,7302.0,0.0358,Phenacetin,GC-MS
SMP-00665,10.36,18910.2,4686.1,4681.3,0.0185,Salicylic Acid,GC-MS
SMP-00665,12.1,54051.7,10015.1,10484.5,0.0547,Chlorpheniramine,GC-MS
SMP-00666,1.21,10914.4,2926.4,3000.3,0.0108,Uracil,GC-MS
SMP-00666,2.78,51846.9,9622.0,9843.8,0.0531,Acetaminophen,GC-MS
SMP-00666,4.19,90490.3,14912.6,15372.0,0.0918,Caffeine,GC-MS
SMP-00666,5.62,25443.2,5850.7,6054.7,0.0252,Aspirin,GC-MS
SMP-00666,7.13,68793.8,11195.0,11094.0,0.0673,Benzoic Acid,GC-MS
SMP-00666,8.91,30159.6,6237.5,6365.4,0.0308,Phenacetin,GC-MS
SMP-00666,10.39,12914.4,3208.5,3407.9,0.0127,Salicylic Acid,GC-MS
SMP-00666,12.09,54030.6,9606.7,9768.3,0.053,Chlorpheniramine,GC-MS
SMP-00667,1.24,13183.2,3445.2,3593.0,0.0134,Uracil,GC-MS
SMP-00667,2.77,44994.9,8744.1,9051.5,0.0432,Acetaminophen,GC-MS
SMP-00667,4.14,85335.6,13817.5,14362.4,0.0853,Caffeine,GC-MS
SMP-00667,5.63,27035.1,5908.4,6084.5,0.0276,Aspirin,GC-MS
SMP-00667,7.24,56735.2,9288.3,9900.6,0.0557,Benzoic Acid,GC-MS
SMP-00667,8.95,30567.6,6232.7,6514.5,0.0308,Phenacetin,GC-MS
SMP-00667,10.43,14170.1,3611.4,3713.1,0.0142,Salicylic Acid,GC-MS
SMP-00667,12.12,48495.6,8644.0,8799.2,0.0486,Chlorpheniramine,GC-MS
SMP-00668,1.3,11900.4,3079.0,3116.6,0.0119,Uracil,GC-MS
SMP-00668,2.74,40753.4,7684.1,7919.7,0.0405,Acetaminophen,GC-MS
SMP-00668,4.16,82595.7,13286.7,13530.3,0.0835,Caffeine,GC-MS
SMP-00668,5.59,23558.5,5034.0,5030.1,0.0238,Aspirin,GC-MS
SMP-00668,7.22,61002.0,10582.0,10823.3,0.0621,Benzoic Acid,GC-MS
SMP-00668,8.93,31473.2,6451.8,6521.7,0.0333,Phenacetin,GC-MS
SMP-00668,10.39,15556.5,4008.9,4152.9,0.0151,Salicylic Acid,GC-MS
SMP-00668,12.08,54098.1,10057.6,10188.0,0.0548,Chlorpheniramine,GC-MS
SMP-00669,1.28,11097.2,2850.5,2854.5,0.0111,Uracil,GC-MS
SMP-00669,2.77,42948.6,8361.4,8412.5,0.0439,Acetaminophen,GC-MS
SMP-00669,4.14,78893.3,13357.0,14405.9,0.0778,Caffeine,GC-MS
SMP-00669,5.59,22719.9,5216.7,5367.9,0.0233,Aspirin,GC-MS
SMP-00669,7.15,61163.3,10050.7,10638.0,0.06,Benzoic Acid,GC-MS
SMP-00669,9.0,29267.5,6311.8,6509.7,0.0297,Phenacetin,GC-MS
SMP-00669,10.36,16217.6,4182.0,4120.2,0.016,Salicylic Acid,GC-MS
SMP-00669,12.13,44740.7,8589.9,8751.7,0.0456,Chlorpheniramine,GC-MS
SMP-00670,1.21,11322.6,2806.5,2868.6,0.011,Uracil,GC-MS
SMP-00670,2.79,42613.3,8522.2,8767.9,0.0423,Acetaminophen,GC-MS
SMP-00670,4.18,78340.8,12630.2,12990.0,0.0763,Caffeine,GC-MS
SMP-00670,5.64,23136.5,4911.3,5182.8,0.0231,Aspirin,GC-MS
SMP-00670,7.17,73699.5,12001.3,12831.0,0.0741,Benzoic Acid,GC-MS
SMP-00670,8.89,34683.5,7175.2,7412.4,0.0343,Phenacetin,GC-MS
SMP-00670,10.38,16951.9,4072.1,4177.8,0.017,Salicylic Acid,GC-MS
SMP-00670,12.12,54896.7,9825.7,10338.4,0.0551,Chlorpheniramine,GC-MS
SMP-00671,1.26,12762.5,3314.9,3578.6,0.0126,Uracil,GC-MS
SMP-00671,2.77,54596.9,10494.0,10481.2,0.054,Acetaminophen,GC-MS
SMP-00671,4.18,97242.9,16791.2,17350.6,0.0972,Caffeine,GC-MS
SMP-00671,5.58,24209.8,5259.7,5405.0,0.0243,Aspirin,GC-MS
SMP-00671,7.23,65340.2,11353.0,11848.7,0.0654,Benzoic Acid,GC-MS
SMP-00671,8.97,31632.5,6707.6,6877.0,0.0307,Phenacetin,GC-MS
SMP-00671,10.4,15924.4,4015.5,4027.3,0.0162,Salicylic Acid,GC-MS
SMP-00671,12.05,58639.3,10182.0,10204.4,0.0572,Chlorpheniramine,GC-MS
SMP-00672,1.23,9530.0,2491.3,2541.4,0.0097,Uracil,GC-MS
SMP-00672,2.81,48979.7,9599.2,9700.1,0.0487,Acetaminophen,GC-MS
SMP-00672,4.13,72506.0,12675.1,13069.6,0.071,Caffeine,GC-MS
SMP-00672,5.62,145047.6,33038.7,28545.8,0.1469,Aspirin,GC-MS
SMP-00672,7.23,79572.7,13194.7,13426.1,0.0796,Benzoic Acid,GC-MS
SMP-00672,8.96,33508.1,6682.4,7058.7,0.0329,Phenacetin,GC-MS
SMP-00672,10.37,14403.5,3403.4,3440.2,0.0142,Salicylic Acid,GC-MS
SMP-00672,12.05,53988.8,9291.4,9415.8,0.053,Chlorpheniramine,GC-MS
SMP-00673,1.24,13092.5,3250.0,3376.4,0.0133,Uracil,GC-MS
SMP-00673,2.72,44777.0,8443.0,8689.5,0.0441,Acetaminophen,GC-MS
SMP-00673,4.2,81930.9,13177.5,13738.4,0.0822,Caffeine,GC-MS
SMP-00673,5.59,23028.5,5130.2,5399.7,0.023,Aspirin,GC-MS
SMP-00673,7.22,62605.6,10863.7,11001.5,0.0606,Benzoic Acid,GC-MS
SMP-00673,9.04,23893.1,5151.8,5347.6,0.0221,Phenacetin,GC-MS
SMP-00673,10.35,13294.2,3064.1,3106.9,0.014,Salicylic Acid,GC-MS
SMP-00673,12.12,48741.9,9301.7,9833.7,0.0473,Chlorpheniramine,GC-MS
SMP-00674,1.23,12877.7,3226.9,3300.3,0.0129,Uracil,GC-MS
SMP-00674,2.8,48410.0,9216.3,9474.5,0.0475,Acetaminophen,GC-MS
SMP-00674,4.18,99069.4,16097.7,16054.5,0.0969,Caffeine,GC-MS
SMP-00674,5.55,24260.2,5251.1,5487.7,0.024,Aspirin,GC-MS
SMP-00674,7.19,69728.5,11435.7,11791.8,0.0673,Benzoic Acid,GC-MS
SMP-00674,8.92,26603.7,5710.4,5817.5,0.0268,Phenacetin,GC-MS
SMP-00674,10.42,14856.6,3394.9,3522.4,0.0149,Salicylic Acid,GC-MS
SMP-00674,12.12,56545.7,10048.1,10107.9,0.0546,Chlorpheniramine,GC-MS
SMP-00675,1.28,12505.7,3294.4,3444.1,0.0132,Uracil,GC-MS
SMP-00675,2.81,50887.6,9977.8,10329.9,0.0506,Acetaminophen,GC-MS
SMP-00675,4.15,87229.1,14095.8,14561.9,0.0902,Caffeine,GC-MS
SMP-00675,5.62,21015.6,4638.3,4925.1,0.0209,Aspirin,GC-MS
SMP-00675,7.22,65367.2,10901.7,11259.8,0.065,Benzoic Acid,GC-MS
SMP-00675,8.9,23386.5,4725.3,4765.3,0.0238,Phenacetin,GC-MS
SMP-00675,10.41,15122.5,3669.0,3740.2,0.0153,Salicylic Acid,GC-MS
SMP-00675,12.12,59214.8,11129.3,11600.4,0.0611,Chlorpheniramine,GC-MS
SMP-00676,1.25,10343.8,2687.1,2798.8,0.0102,Uracil,GC-MS
SMP-00676,2.75,255438.2,39009.0,47142.3,0.2568,Acetaminophen,GC-MS
SMP-00676,4.16,88298.2,14306.5,14769.3,0.0863,Caffeine,GC-MS
SMP-00676,5.61,25639.7,5903.3,6153.9,0.0254,Aspirin,GC-MS
SMP-00676,7.23,62121.5,10363.4,10393.0,0.0622,Benzoic Acid,GC-MS
SMP-00676,8.92,27676.2,6049.9,6263.7,0.027,Phenacetin,GC-MS
SMP-00676,10.42,16564.5,3978.2,4184.7,0.0164,Salicylic Acid,GC-MS
SMP-00676,12.1,59240.1,10883.4,11412.9,0.0591,Chlorpheniramine,GC-MS
SMP-00677,1.24,12118.2,3029.1,3180.8,0.0119,Uracil,GC-MS
SMP-00677,2.76,54784.2,11125.5,11538.4,0.0553,Acetaminophen,GC-MS
SMP-00677,4.14,78451.5,12138.6,12203.3,0.0778,Caffeine,GC-MS
SMP-00677,5.63,27113.2,5916.6,6048.6,0.0267,Aspirin,GC-MS
SMP-00677,7.15,60996.7,10622.4,11082.8,0.0626,Benzoic Acid,GC-MS
SMP-00677,8.91,35613.5,7248.0,7367.2,0.0352,Phenacetin,GC-MS
SMP-00677,10.4,14403.1,3520.2,3651.8,0.0148,Salicylic Acid,GC-MS
SMP-00677,12.09,59261.4,11279.8,11529.4,0.0601,Chlorpheniramine,GC-MS
SMP-00678,1.24,13678.2,3541.3,3687.0,0.0135,Uracil,GC-MS
SMP-00678,2.78,39416.0,7843.0,8108.8,0.0395,Acetaminophen,GC-MS
SMP-00678,4.16,90897.6,13639.5,13859.4,0.089,Caffeine,GC-MS
SMP-00678,5.61,20217.7,4417.3,4538.8,0.02,Aspirin,GC-MS
SMP-00678,7.2,75133.3,12574.7,12708.2,0.0741,Benzoic Acid,GC-MS
SMP-00678,8.97,35040.5,7177.5,7430.4,0.0353,Phenacetin,GC-MS
SMP-00678,10.48,13409.7,3289.5,3393.4,0.0133,Salicylic Acid,GC-MS
SMP-00678,12.15,62314.1,11302.2,11765.2,0.0615,Chlorpheniramine,GC-MS
SMP-00679,1.29,12477.7,3223.6,3401.7,0.0125,Uracil,GC-MS
SMP-00679,2.78,51506.6,10290.4,10584.9,0.0503,Acetaminophen,GC-MS
SMP-00679,4.17,93023.0,15175.3,15093.2,0.092,Caffeine,GC-MS
SMP-00679,5.64,24094.5,5004.8,5137.7,0.0246,Aspirin,GC-MS
SMP-00679,7.19,58862.3,9379.6,9813.7,0.0588,Benzoic Acid,GC-MS
SMP-00679,8.97,28776.6,6021.4,6020.2,0.0289,Phenacetin,GC-MS
SMP-00679,10.38,17454.7,3978.2,4113.6,0.0171,Salicylic Acid,GC-MS
SMP-00679,12.1,52832.9,9820.9,9994.9,0.052,Chlorpheniramine,GC-MS
SMP-00680,1.27,11744.8,3037.7,3155.1,0.0118,Uracil,GC-MS
SMP-00680,2.77,46162.1,9092.8,9064.1,0.0477,Acetaminophen,GC-MS
SMP-00680,4.14,91480.1,14991.2,15117.0,0.0905,Caffeine,GC-MS
SMP-00680,5.62,24070.1,5400.1,5619.8,0.0243,Aspirin,GC-MS
SMP-00680,7.23,84862.5,14281.0,14769.8,0.084,Benzoic Acid,GC-MS
SMP-00680,8.95,24965.8,4935.9,5107.5,0.0257,Phenacetin,GC-MS
SMP-00680,10.38,13619.4,3489.1,3674.3,0.0133,Salicylic Acid,GC-MS
SMP-00680,12.03,52350.6,9280.8,9582.6,0.0532,Chlorpheniramine,GC-MS
SMP-00681,1.25,10266.4,2730.5,2875.5,0.0101,Uracil,GC-MS
SMP-00681,2.83,48373.2,9119.2,9324.8,0.0469,Acetaminophen,GC-MS
SMP-00681,4.16,82603.3,13618.0,14165.1,0.0833,Caffeine,GC-MS
SMP-00681,5.65,22968.7,4854.0,5048.1,0.0232,Aspirin,GC-MS
SMP-00681,7.15,68029.5,11426.4,12213.0,0.0682,Benzoic Acid,GC-MS
SMP-00681,9.01,30584.9,6281.9,6540.4,0.0313,Phenacetin,GC-MS
SMP-00681,10.36,15425.7,3702.5,3751.1,0.0156,Salicylic Acid,GC-MS
SMP-00681,12.11,48025.6,9421.4,9499.4,0.0486,Chlorpheniramine,GC-MS
SMP-00682,1.26,11428.7,2817.5,2895.0,0.0115,Uracil,GC-MS
SMP-00682,2.79,43353.5,8100.9,8313.8,0.0433,Acetaminophen,GC-MS
SMP-00682,4.15,85189.0,14415.1,15415.6,0.0835,Caffeine,GC-MS
SMP-00682,5.55,25532.5,5953.7,6173.6,0.0259,Aspirin,GC-MS
SMP-00682,7.21,455947.7,61035.0,82336.4,0.4557,Benzoic Acid,GC-MS
SMP-00682,8.92,29504.1,6081.2,6324.3,0.0295,Phenacetin,GC-MS
SMP-00682,10.4,14741.3,3683.5,3809.5,0.0149,Salicylic Acid,GC-MS
SMP-00682,12.12,50547.4,9294.2,9727.0,0.0499,Chlorpheniramine,GC-MS
SMP-00683,1.25,15661.3,3947.4,4114.9,0.0161,Uracil,GC-MS
SMP-00683,2.81,43202.1,8601.0,9114.7,0.0429,Acetaminophen,GC-MS
SMP-00683,4.15,99489.7,16742.0,17515.1,0.0958,Caffeine,GC-MS
SMP-00683,5.65,24025.8,5130.7,5167.1,0.0247,Aspirin,GC-MS
SMP-00683,7.26,68656.2,11202.7,11515.1,0.067,Benzoic Acid,GC-MS
SMP-00683,8.98,31430.7,6055.2,6235.5,0.0309,Phenacetin,GC-MS
SMP-00683,10.4,15892.5,3801.3,4008.3,0.016,Salicylic Acid,GC-MS
SMP-00683,12.05,55968.8,10134.8,10574.0,0.0587,Chlorpheniramine,GC-MS
SMP-00684,1.24,13043.8,3371.2,3462.9,0.0128,Uracil,GC-MS
SMP-00684,2.76,205584.6,38861.9,34047.8,0.2026,Acetaminophen,GC-MS
SMP-00684,4.19,87310.5,15230.6,15480.7,0.0887,Caffeine,GC-MS
SMP-00684,5.63,26006.0,5792.0,5995.4,0.0256,Aspirin,GC-MS
SMP-00684,7.19,67872.3,10444.4,10010.9,0.0705,Benzoic Acid,GC-MS
SMP-00684,8.95,32730.0,6511.1,6712.6,0.0338,Phenacetin,GC-MS
SMP-00684,10.34,16380.9,4016.3,4237.4,0.0163,Salicylic Acid,GC-MS
SMP-00684,12.14,50954.5,9239.7,9385.5,0.0502,Chlorpheniramine,GC-MS
SMP-00685,1.25,12786.7,3172.2,3181.3,0.0127,Uracil,GC-MS
SMP-00685,2.79,45783.1,9140.2,9438.2,0.047,Acetaminophen,GC-MS
SMP-00685,4.16,81802.4,13176.6,13640.1,0.0802,Caffeine,GC-MS
SMP-00685,5.59,22275.8,5018.7,5219.6,0.022,Aspirin,GC-MS
SMP-00685,7.23,79802.0,13547.5,13960.4,0.0788,Benzoic Acid,GC-MS
SMP-00685,8.93,25155.6,5253.6,5419.9,0.0251,Phenacetin,GC-MS
SMP-00685,10.4,16676.2,3926.0,4052.5,0.0167,Salicylic Acid,GC-MS
SMP-00685,12.04,47204.0,8452.2,8435.9,0.0478,Chlorpheniramine,GC-MS
SMP-00686,1.31,13126.1,3370.0,3515.1,0.0137,Uracil,GC-MS
SMP-00686,2.79,37917.6,7305.9,7590.4,0.0387,Acetaminophen,GC-MS
SMP-00686,4.11,88067.7,13553.4,13987.8,0.0882,Caffeine,GC-MS
SMP-00686,5.55,23734.8,5423.3,5418.8,0.0239,Aspirin,GC-MS
SMP-00686,7.21,58947.1,9323.9,9466.8,0.0602,Benzoic Acid,GC-MS
SMP-00686,8.89,31597.8,6865.2,6698.5,0.0315,Phenacetin,GC-MS
SMP-00686,10.4,16340.1,4230.6,4349.4,0.0168,Salicylic Acid,GC-MS
SMP-00686,12.12,56839.7,10564.7,10952.6,0.0571,Chlorpheniramine,GC-MS
SMP-00687,1.25,13293.8,3291.6,3316.7,0.0132,Uracil,GC-MS
SMP-00687,2.78,44004.4,8353.0,8936.7,0.0447,Acetaminophen,GC-MS
SMP-00687,4.07,95946.7,15406.5,16418.2,0.0956,Caffeine,GC-MS
SMP-00687,5.57,26272.3,5942.8,6253.5,0.0261,Aspirin,GC-MS
SMP-00687,7.19,68265.8,11316.1,11672.2,0.0685,Benzoic Acid,GC-MS
SMP-00687,8.94,28481.3,6012.5,6262.7,0.0293,Phenacetin,GC-MS
SMP-00687,10.42,14224.3,3209.8,3355.5,0.0137,Salicylic Acid,GC-MS
SMP-00687,12.15,52727.6,9418.8,9839.5,0.0517,Chlorpheniramine,GC-MS
SMP-00688,1.23,12149.1,3096.9,3174.5,0.0122,Uracil,GC-MS
SMP-00688,2.79,51456.4,9711.7,9798.7,0.0519,Acetaminophen,GC-MS
SMP-00688,4.09,76619.8,12526.7,12777.6,0.079,Caffeine,GC-MS
SMP-00688,5.57,22369.7,5031.1,5377.4,0.022,Aspirin,GC-MS
SMP-00688,7.24,63735.3,10860.8,10991.5,0.0635,Benzoic Acid,GC-MS
SMP-00688,8.97,25781.9,5176.9,5158.9,0.0265,Phenacetin,GC-MS
SMP-00688,10.4,15859.6,3799.9,4033.1,0.0158,Salicylic Acid,GC-MS
SMP-00688,12.01,58519.6,10422.7,10920.0,0.0596,Chlorpheniramine,GC-MS
SMP-00689,1.29,48477.7,10360.3,10768.8,0.05,Uracil,GC-MS
SMP-00689,2.77,50809.9,9929.6,10223.6,0.0506,Acetaminophen,GC-MS
SMP-00689,4.14,90872.0,15176.5,15473.8,0.0898,Caffeine,GC-MS
SMP-00689,5.59,22883.4,5054.8,5310.5,0.0225,Aspirin,GC-MS
SMP-00689,7.19,54552.0,8901.3,9126.4,0.0551,Benzoic Acid,GC-MS
SMP-00689,8.95,29652.1,5965.0,6321.3,0.0291,Phenacetin,GC-MS
SMP-00689,10.43,18591.1,4397.0,4409.6,0.0191,Salicylic Acid,GC-MS
SMP-00689,12.07,49930.6,9330.3,9714.6,0.0505,Chlorpheniramine,GC-MS
SMP-00690,1.27,14902.6,3931.1,4039.1,0.0148,Uracil,GC-MS
SMP-00690,2.75,42919.0,8384.8,9197.4,0.0429,Acetaminophen,GC-MS
SMP-00690,4.17,96274.8,14961.7,15395.0,0.0913,Caffeine,GC-MS
SMP-00690,5.59,21468.6,4829.4,5128.0,0.0218,Aspirin,GC-MS
SMP-00690,7.22,59245.8,9480.2,9582.7,0.059,Benzoic Acid,GC-MS
SMP-00690,9.01,26797.8,5693.6,5642.2,0.0256,Phenacetin,GC-MS
SMP-00690,10.43,13034.2,3189.0,3324.9,0.0123,Salicylic Acid,GC-MS
SMP-00690,12.13,48247.2,8945.5,9201.7,0.0478,Chlorpheniramine,GC-MS
SMP-00691,1.26,13929.5,3657.4,3855.3,0.014,Uracil,GC-MS
SMP-00691,2.77,47755.0,8973.4,9161.3,0.0469,Acetaminophen,GC-MS
SMP-00691,4.12,103272.1,16854.3,17297.3,0.1039,Caffeine,GC-MS
SMP-00691,5.57,25871.3,5702.9,5697.8,0.0253,Aspirin,GC-MS
SMP-00691,7.22,70592.9,12309.9,12985.5,0.0709,Benzoic Acid,GC-MS
SMP-00691,8.95,114514.1,20160.4,26801.2,0.1161,Phenacetin,GC-MS
SMP-00691,10.33,19016.5,4763.8,5183.0,0.0188,Salicylic Acid,GC-MS
SMP-00691,12.07,53355.5,9538.8,10024.9,0.0529,Chlorpheniramine,GC-MS
SMP-00692,1.3,12072.5,3167.4,3186.2,0.0122,Uracil,GC-MS
SMP-00692,2.78,41788.7,8011.5,8157.3,0.0421,Acetaminophen,GC-MS
SMP-00692,4.14,92370.0,14690.8,15158.4,0.0939,Caffeine,GC-MS
SMP-00692,5.63,23829.0,5069.1,5087.8,0.0238,Aspirin,GC-MS
SMP-00692,7.2,64080.9,11062.9,11433.4,0.0658,Benzoic Acid,GC-MS
SMP-00692,8.92,32338.5,6650.8,6632.6,0.0323,Phenacetin,GC-MS
SMP-00692,10.41,17656.0,4126.6,4274.5,0.0174,Salicylic Acid,GC-MS
SMP-00692,12.11,46774.1,8494.4,8961.6,0.0452,Chlorpheniramine,GC-MS
SMP-00693,1.31,11774.2,3223.4,3260.8,0.0114,Uracil,GC-MS
SMP-00693,2.8,51604.8,10510.2,10713.2,0.0519,Acetaminophen,GC-MS
SMP-00693,4.11,91728.5,15625.1,16260.8,0.0918,Caffeine,GC-MS
SMP-00693,5.61,20695.7,4676.1,4847.4,0.0204,Aspirin,GC-MS
SMP-00693,7.2,67376.3,11309.2,12036.8,0.0668,Benzoic Acid,GC-MS
SMP-00693,8.94,33213.3,6612.2,6904.5,0.0337,Phenacetin,GC-MS
SMP-00693,10.38,16169.7,4069.0,4126.1,0.0158,Salicylic Acid,GC-MS
SMP-00693,12.11,180689.7,27642.4,30523.5,0.186,Chlorpheniramine,GC-MS
SMP-00694,1.26,11460.9,2969.4,3045.1,0.0113,Uracil,GC-MS
SMP-00694,2.87,48353.3,9183.6,9565.8,0.0479,Acetaminophen,GC-MS
SMP-00694,4.14,88260.6,14749.8,15251.4,0.091,Caffeine,GC-MS
SMP-00694,5.6,21654.3,4773.9,4756.7,0.0217,Aspirin,GC-MS
SMP-00694,7.2,59355.3,10359.3,10807.1,0.0594,Benzoic Acid,GC-MS
SMP-00694,8.93,34287.0,6826.6,7317.2,0.0346,Phenacetin,GC-MS
SMP-00694,10.38,14033.6,3527.9,3659.2,0.0141,Salicylic Acid,GC-MS
SMP-00694,12.13,56128.2,10447.8,10522.3,0.0583,Chlorpheniramine,GC-MS
SMP-00695,1.24,13472.2,3514.9,3632.9,0.0133,Uracil,GC-MS
SMP-00695,2.81,44415.0,8205.4,8386.9,0.0448,Acetaminophen,GC-MS
SMP-00695,4.16,84963.0,13757.2,13701.7,0.0866,Caffeine,GC-MS
SMP-00695,5.59,24024.1,5526.0,5790.5,0.0242,Aspirin,GC-MS
SMP-00695,7.22,61056.7,10571.1,10695.3,0.0608,Benzoic Acid,GC-MS
SMP-00695,8.99,34263.7,6746.3,6816.0,0.034,Phenacetin,GC-MS
SMP-00695,10.35,18171.4,4595.3,4739.6,0.0184,Salicylic Acid,GC-MS
SMP-00695,12.08,53639.4,9967.1,10229.3,0.0543,Chlorpheniramine,GC-MS
SMP-00696,1.22,13479.9,3519.0,3594.6,0.0131,Uracil,GC-MS
SMP-00696,2.8,44523.9,8618.8,8894.0,0.044,Acetaminophen,GC-MS
SMP-00696,4.18,73063.5,11822.8,11982.5,0.0765,Caffeine,GC-MS
SMP-00696,5.63,21847.6,4955.4,5157.4,0.0214,Aspirin,GC-MS
SMP-00696,7.18,50453.8,7711.8,8182.4,0.0524,Benzoic Acid,GC-MS
SMP-00696,9.0,23545.1,4960.3,5082.5,0.0245,Phenacetin,GC-MS
SMP-00696,10.4,16588.5,4053.4,4343.5,0.0161,Salicylic Acid,GC-MS
SMP-00696,12.12,53364.9,10110.3,10178.0,0.0517,Chlorpheniramine,GC-MS
SMP-00697,1.23,13607.2,3575.1,3725.1,0.0137,Uracil,GC-MS
SMP-00697,2.77,47317.6,8743.2,8706.9,0.0469,Acetaminophen,GC-MS
SMP-00697,4.15,84796.7,13808.9,13809.4,0.0845,Caffeine,GC-MS
SMP-00697,5.57,23733.4,5280.9,5527.0,0.0237,Aspirin,GC-MS
SMP-00697,7.26,70265.2,11938.9,12252.7,0.0704,Benzoic Acid,GC-MS
SMP-00697,8.97,33048.7,6662.3,6768.1,0.0328,Phenacetin,GC-MS
SMP-00697,10.44,17810.0,4328.6,4336.4,0.0179,Salicylic Acid,GC-MS
SMP-00697,12.08,55098.6,10198.4,10774.7,0.0543,Chlorpheniramine,GC-MS
SMP-00698,1.27,12579.3,3365.5,3430.0,0.0123,Uracil,GC-MS
SMP-00698,2.84,42265.7,8705.7,8634.3,0.0433,Acetaminophen,GC-MS
SMP-00698,4.19,74644.6,12647.8,13354.5,0.076,Caffeine,GC-MS
SMP-00698,5.62,20419.3,4476.8,4481.0,0.0204,Aspirin,GC-MS
SMP-00698,7.14,62306.5,10352.5,10661.1,0.0625,Benzoic Acid,GC-MS
SMP-00698,8.96,35602.6,7229.8,7505.0,0.0358,Phenacetin,GC-MS
SMP-00698,10.43,16952.6,4202.7,4320.5,0.0165,Salicylic Acid,GC-MS
SMP-00698,12.1,315549.4,63471.2,58284.8,0.3098,Chlorpheniramine,GC-MS
SMP-00699,1.26,11202.7,2821.6,2920.7,0.011,Uracil,GC-MS
SMP-00699,2.77,46439.5,8742.0,8939.3,0.0456,Acetaminophen,GC-MS
SMP-00699,4.14,92799.0,14367.6,15326.6,0.0944,Caffeine,GC-MS
SMP-00699,5.59,19469.8,4237.6,4251.0,0.0196,Aspirin,GC-MS
SMP-00699,7.21,62574.9,10599.1,11038.3,0.0604,Benzoic Acid,GC-MS
SMP-00699,8.86,29861.8,6418.7,6473.3,0.0304,Phenacetin,GC-MS
SMP-00699,10.4,16457.1,3961.3,4060.3,0.0164,Salicylic Acid,GC-MS
SMP-00699,12.09,46736.2,8579.1,8939.4,0.0458,Chlorpheniramine,GC-MS
SMP-00700,1.3,9728.3,2570.3,2551.8,0.0098,Uracil,GC-MS
SMP-00700,2.77,163446.6,30497.7,34291.2,0.167,Acetaminophen,GC-MS
SMP-00700,4.16,84353.0,13359.3,13762.5,0.0873,Caffeine,GC-MS
SMP-00700,5.58,30282.4,6677.0,7086.4,0.0302,Aspirin,GC-MS
SMP-00700,7.17,76294.8,12959.3,13443.5,0.0759,Benzoic Acid,GC-MS
SMP-00700,9.0,30224.9,6163.3,6412.0,0.0299,Phenacetin,GC-MS
SMP-00700,10.4,13503.8,3239.1,3304.3,0.0136,Salicylic Acid,GC-MS
SMP-00700,12.12,53585.6,10004.2,10102.7,0.054,Chlorpheniramine,GC-MS
SMP-00701,1.23,14347.0,3588.9,3673.2,0.0143,Uracil,GC-MS
SMP-00701,2.76,45001.5,8841.7,9000.7,0.044,Acetaminophen,GC-MS
SMP-00701,4.14,106039.7,16989.4,17642.7,0.107,Caffeine,GC-MS
SMP-00701,5.58,26649.5,5895.6,5860.1,0.027,Aspirin,GC-MS
SMP-00701,7.19,79927.9,13080.9,13683.3,0.0787,Benzoic Acid,GC-MS
SMP-00701,8.98,28049.1,5544.8,5633.0,0.0274,Phenacetin,GC-MS
SMP-00701,10.39,16020.8,3757.8,3846.2,0.0159,Salicylic Acid,GC-MS
SMP-00701,12.07,63140.2,11269.1,11585.1,0.0626,Chlorpheniramine,GC-MS
SMP-00702,1.22,12787.5,3302.8,3311.9,0.0124,Uracil,GC-MS
SMP-00702,2.76,45686.8,9474.9,9808.1,0.0468,Acetaminophen,GC-MS
SMP-00702,4.16,86098.5,13701.4,13743.1,0.0877,Caffeine,GC-MS
SMP-00702,5.64,22731.4,5349.9,5655.6,0.0225,Aspirin,GC-MS
SMP-00702,7.23,74321.7,12320.0,12909.6,0.0741,Benzoic Acid,GC-MS
SMP-00702,8.96,28690.9,5869.3,6113.6,0.0284,Phenacetin,GC-MS
SMP-00702,10.43,14682.7,3781.8,3826.8,0.0144,Salicylic Acid,GC-MS
SMP-00702,12.09,50557.5,9222.6,9232.3,0.0516,Chlorpheniramine,GC-MS
SMP-00703,1.23,9906.4,2523.4,2542.9,0.0097,Uracil,GC-MS
SMP-00703,2.8,40365.6,7491.0,7773.0,0.0405,Acetaminophen,GC-MS
SMP-00703,4.08,76278.2,12245.6,12386.3,0.0729,Caffeine,GC-MS
SMP-00703,5.63,25648.5,5617.8,5651.3,0.0264,Aspirin,GC-MS
SMP-00703,7.18,65724.3,11196.1,12074.8,0.0658,Benzoic Acid,GC-MS
SMP-00703,8.91,33702.4,6866.4,7236.9,0.0343,Phenacetin,GC-MS
SMP-00703,10.38,14317.4,3577.0,3746.0,0.0142,Salicylic Acid,GC-MS
SMP-00703,12.1,53959.7,9653.1,9934.0,0.0545,Chlorpheniramine,GC-MS
SMP-00704,1.25,11320.8,2892.4,2925.3,0.0116,Uracil,GC-MS
SMP-00704,2.79,45059.7,9401.2,9834.8,0.0457,Acetaminophen,GC-MS
SMP-00704,4.1,100541.5,15750.0,16628.8,0.1021,Caffeine,GC-MS
SMP-00704,5.61,19253.1,4243.5,4444.8,0.0205,Aspirin,GC-MS
SMP-00704,7.22,65286.9,10531.8,10730.7,0.0666,Benzoic Acid,GC-MS
SMP-00704,8.94,28844.3,6062.0,6107.5,0.0298,Phenacetin,GC-MS
SMP-00704,10.43,16880.5,4123.3,4276.7,0.0167,Salicylic Acid,GC-MS
SMP-00704,12.07,54064.0,9971.3,10167.0,0.0522,Chlorpheniramine,GC-MS
SMP-00705,1.29,13757.1,3430.1,3529.1,0.014,Uracil,GC-MS
SMP-00705,2.82,39100.9,7522.9,7714.9,0.038,Acetaminophen,GC-MS
SMP-00705,4.14,90830.3,14714.1,15453.0,0.0896,Caffeine,GC-MS
SMP-00705,5.55,23903.8,5375.8,5462.4,0.0243,Aspirin,GC-MS
SMP-00705,7.18,72988.0,11987.9,12842.0,0.0713,Benzoic Acid,GC-MS
SMP-00705,8.9,29957.9,5895.5,6051.8,0.0309,Phenacetin,GC-MS
SMP-00705,10.48,12626.7,3111.7,3232.9,0.0127,Salicylic Acid,GC-MS
SMP-00705,12.1,57249.8,10522.0,10804.4,0.0561,Chlorpheniramine,GC-MS
SMP-00706,1.21,12339.7,3218.6,3431.3,0.0122,Uracil,GC-MS
SMP-00706,2.8,47652.0,9396.4,9506.2,0.0494,Acetaminophen,GC-MS
SMP-00706,4.13,81031.7,13032.3,13207.3,0.0792,Caffeine,GC-MS
SMP-00706,5.6,25977.9,5677.9,5841.9,0.0261,Aspirin,GC-MS
SMP-00706,7.21,54912.3,9036.4,9558.7,0.0537,Benzoic Acid,GC-MS
SMP-00706,8.99,25816.4,5079.1,5058.1,0.0264,Phenacetin,GC-MS
SMP-00706,10.42,18661.7,4497.9,4588.4,0.0191,Salicylic Acid,GC-MS
SMP-00706,12.12,52082.4,9123.1,9322.5,0.0523,Chlorpheniramine,GC-MS
SMP-00707,1.22,11391.1,3098.6,3156.7,0.0116,Uracil,GC-MS
SMP-00707,2.83,39816.5,7183.4,7334.3,0.0388,Acetaminophen,GC-MS
SMP-00707,4.15,97046.9,15340.3,15837.8,0.0955,Caffeine,GC-MS
SMP-00707,5.68,22344.6,5063.4,5367.1,0.0229,Aspirin,GC-MS
SMP-00707,7.19,70607.3,12022.8,12369.6,0.0707,Benzoic Acid,GC-MS
SMP-00707,9.03,29035.5,6081.3,6216.5,0.0296,Phenacetin,GC-MS
SMP-00707,10.44,13220.6,3389.5,3486.3,0.0136,Salicylic Acid,GC-MS
SMP-00707,12.1,58757.4,10633.6,10827.0,0.0592,Chlorpheniramine,GC-MS
SMP-00708,1.27,12404.5,3303.4,3311.8,0.0124,Uracil,GC-MS
SMP-00708,2.84,47425.3,8636.0,8818.1,0.0467,Acetaminophen,GC-MS
SMP-00708,4.14,94998.9,15549.5,16265.9,0.0935,Caffeine,GC-MS
SMP-00708,5.54,21119.7,4523.9,4584.9,0.0214,Aspirin,GC-MS
SMP-00708,7.18,72416.1,12070.2,12755.5,0.0741,Benzoic Acid,GC-MS
SMP-00708,8.95,36089.8,7569.6,7870.6,0.037,Phenacetin,GC-MS
SMP-00708,10.41,16104.8,3847.6,3863.8,0.0158,Salicylic Acid,GC-MS
SMP-00708,12.11,52133.1,9385.5,9973.5,0.052,Chlorpheniramine,GC-MS
SMP-00709,1.24,12805.4,3253.0,3320.5,0.0136,Uracil,GC-MS
SMP-00709,2.8,55070.8,10611.3,10770.8,0.0536,Acetaminophen,GC-MS
SMP-00709,4.13,67675.1,11232.8,11725.5,0.0673,Caffeine,GC-MS
SMP-00709,5.58,21692.3,4900.8,4877.8,0.0216,Aspirin,GC-MS
SMP-00709,7.22,60511.8,10154.7,10602.9,0.0606,Benzoic Acid,GC-MS
SMP-00709,8.98,26374.7,5452.0,5501.4,0.0265,Phenacetin,GC-MS
SMP-00709,10.44,16403.0,3822.1,4033.5,0.0165,Salicylic Acid,GC-MS
SMP-00709,12.11,53730.4,10152.0,10535.6,0.0504,Chlorpheniramine,GC-MS
SMP-00710,1.29,13401.3,3336.0,3297.4,0.0134,Uracil,GC-MS
SMP-00710,2.85,47949.2,9378.4,9816.1,0.0472,Acetaminophen,GC-MS
SMP-00710,4.17,83661.9,13586.8,14365.3,0.0814,Caffeine,GC-MS
SMP-00710,5.57,26319.3,6024.1,5980.2,0.0258,Aspirin,GC-MS
SMP-00710,7.15,66647.9,11586.7,11894.2,0.067,Benzoic Acid,GC-MS
SMP-00710,8.96,31352.8,6289.8,6643.6,0.0317,Phenacetin,GC-MS
SMP-00710,10.39,13473.5,3524.8,3590.2,0.0132,Salicylic Acid,GC-MS
SMP-00710,12.07,48497.1,8374.1,8599.5,0.0502,Chlorpheniramine,GC-MS
SMP-00711,1.26,12349.0,2976.2,3072.6,0.0127,Uracil,GC-MS
SMP-00711,2.79,44277.6,8727.4,9176.5,0.0457,Acetaminophen,GC-MS
SMP-00711,4.17,69635.1,11220.7,11880.4,0.0725,Caffeine,GC-MS
SMP-00711,5.54,20832.3,4718.7,4870.3,0.0208,Aspirin,GC-MS
SMP-00711,7.21,56116.1,9084.5,9310.5,0.0572,Benzoic Acid,GC-MS
SMP-00711,8.92,27026.6,5657.2,5803.0,0.0272,Phenacetin,GC-MS
SMP-00711,10.4,15143.0,3825.0,3978.9,0.0152,Salicylic Acid,GC-MS
SMP-00711,12.12,49097.9,9303.5,9470.4,0.0488,Chlorpheniramine,GC-MS
SMP-00712,1.29,11954.9,3099.5,3073.7,0.0115,Uracil,GC-MS
SMP-00712,2.81,48424.7,9567.9,9908.8,0.0487,Acetaminophen,GC-MS
SMP-00712,4.15,110815.1,18278.5,19132.6,0.1154,Caffeine,GC-MS
SMP-00712,5.63,24176.2,5071.1,5168.1,0.0244,Aspirin,GC-MS
SMP-00712,7.14,59642.8,10173.5,10390.1,0.0586,Benzoic Acid,GC-MS
SMP-00712,8.96,24207.6,4817.3,5040.5,0.0247,Phenacetin,GC-MS
SMP-00712,10.39,18223.5,4330.0,4545.4,0.0183,Salicylic Acid,GC-MS
SMP-00712,12.11,49584.9,8917.0,9329.3,0.0508,Chlorpheniramine,GC-MS
SMP-00713,1.21,11488.0,2861.4,2942.4,0.0112,Uracil,GC-MS
SMP-00713,2.78,46105.9,8648.1,9029.6,0.0446,Acetaminophen,GC-MS
SMP-00713,4.1,78065.6,13085.6,13180.3,0.0762,Caffeine,GC-MS
SMP-00713,5.57,19904.2,4420.0,4599.7,0.0201,Aspirin,GC-MS
SMP-00713,7.16,79400.8,13250.5,13577.0,0.0802,Benzoic Acid,GC-MS
SMP-00713,8.99,24781.9,5068.2,5294.9,0.0247,Phenacetin,GC-MS
SMP-00713,10.37,59709.9,13549.2,12588.0,0.058,Salicylic Acid,GC-MS
SMP-00713,12.13,54786.2,9572.3,9460.8,0.0546,Chlorpheniramine,GC-MS
SMP-00714,1.24,14056.4,3494.7,3680.7,0.0141,Uracil,GC-MS
SMP-00714,2.85,42881.3,8183.1,8268.8,0.0438,Acetaminophen,GC-MS
SMP-00714,4.2,83841.9,13805.1,14047.6,0.085,Caffeine,GC-MS
SMP-00714,5.57,21808.3,4851.4,5052.0,0.0222,Aspirin,GC-MS
SMP-00714,7.23,72787.6,11718.4,12075.6,0.0726,Benzoic Acid,GC-MS
SMP-00714,8.95,34161.0,7221.0,7417.9,0.0343,Phenacetin,GC-MS
SMP-00714,10.41,14629.9,3553.4,3663.6,0.0147,Salicylic Acid,GC-MS
SMP-00714,12.13,65744.2,11943.8,12402.2,0.0665,Chlorpheniramine,GC-MS
SMP-00715,1.26,11361.7,2845.5,2952.0,0.0115,Uracil,GC-MS
SMP-00715,2.81,40089.3,7760.6,7931.5,0.0411,Acetaminophen,GC-MS
SMP-00715,4.17,95609.0,16163.7,15969.6,0.0951,Caffeine,GC-MS
SMP-00715,5.58,26885.7,6206.6,6436.0,0.0264,Aspirin,GC-MS
SMP-00715,7.23,64040.3,10165.8,10461.6,0.0624,Benzoic Acid,GC-MS
SMP-00715,8.95,206278.4,38538.9,41381.7,0.2101,Phenacetin,GC-MS
SMP-00715,10.4,16384.9,4116.7,4207.4,0.0158,Salicylic Acid,GC-MS
SMP-00715,12.11,49648.3,9298.5,9442.0,0.0517,Chlorpheniramine,GC-MS
SMP-00716,1.26,14562.8,3633.9,3780.3,0.0144,Uracil,GC-MS
SMP-00716,2.82,51973.6,9639.0,9880.4,0.0528,Acetaminophen,GC-MS
SMP-00716,4.16,75764.9,12364.1,12755.8,0.0766,Caffeine,GC-MS
SMP-00716,5.63,18130.9,4187.0,4347.8,0.0182,Aspirin,GC-MS
SMP-00716,7.28,68293.9,11690.4,12020.2,0.0662,Benzoic Acid,GC-MS
SMP-00716,8.92,30761.0,6202.2,6536.0,0.031,Phenacetin,GC-MS
SMP-00716,10.45,17400.4,4162.1,4247.2,0.0175,Salicylic Acid,GC-MS
SMP-00716,12.07,49759.1,8848.4,9274.5,0.0484,Chlorpheniramine,GC-MS
SMP-00717,1.25,10857.9,2873.7,3018.3,0.0107,Uracil,GC-MS
SMP-00717,2.83,45628.9,8910.2,9285.2,0.0467,Acetaminophen,GC-MS
SMP-00717,4.13,72213.5,12149.9,12882.5,0.0734,Caffeine,GC-MS
SMP-00717,5.61,17331.1,3870.5,4027.1,0.0176,Aspirin,GC-MS
SMP-00717,7.18,80153.0,13409.1,13341.9,0.0823,Benzoic Acid,GC-MS
SMP-00717,8.89,28846.0,6059.1,6194.7,0.0283,Phenacetin,GC-MS
SMP-00717,10.43,15227.7,3754.4,3766.1,0.0154,Salicylic Acid,GC-MS
SMP-00717,12.1,59613.8,10625.7,11466.5,0.0627,Chlorpheniramine,GC-MS
SMP-00718,1.23,15043.5,3952.0,4198.3,0.0149,Uracil,GC-MS
SMP-00718,2.74,45446.9,9272.3,9534.9,0.0442,Acetaminophen,GC-MS
SMP-00718,4.15,100387.6,16510.6,16916.0,0.1002,Caffeine,GC-MS
SMP-00718,5.59,24142.3,5443.4,5618.9,0.0237,Aspirin,GC-MS
SMP-00718,7.2,66303.2,11053.2,11642.4,0.0659,Benzoic Acid,GC-MS
SMP-00718,8.93,29400.1,6108.1,6205.6,0.0295,Phenacetin,GC-MS
SMP-00718,10.38,15511.9,3801.3,3990.0,0.0155,Salicylic Acid,GC-MS
SMP-00718,12.08,57558.1,10300.6,10286.7,0.0587,Chlorpheniramine,GC-MS
SMP-00719,1.3,11005.6,2904.2,3031.0,0.0105,Uracil,GC-MS
SMP-00719,2.8,49339.2,10083.4,10327.5,0.0492,Acetaminophen,GC-MS
SMP-00719,4.18,79548.9,13044.9,13457.9,0.0814,Caffeine,GC-MS
SMP-00719,5.62,21171.7,4604.6,4697.6,0.0216,Aspirin,GC-MS
SMP-00719,7.21,65135.3,10893.1,11252.7,0.0669,Benzoic Acid,GC-MS
SMP-00719,8.94,29729.8,6269.5,6513.6,0.0297,Phenacetin,GC-MS
SMP-00719,10.41,13495.2,3355.2,3473.9,0.0127,Salicylic Acid,GC-MS
SMP-00719,12.11,56404.7,9960.4,10424.3,0.0566,Chlorpheniramine,GC-MS
SMP-00720,1.26,14258.6,3647.3,3739.9,0.0142,Uracil,GC-MS
SMP-00720,2.75,42034.7,8452.9,8758.5,0.0427,Acetaminophen,GC-MS
SMP-00720,4.13,106575.0,17150.9,17218.6,0.1083,Caffeine,GC-MS
SMP-00720,5.6,16924.0,3766.2,3838.5,0.0164,Aspirin,GC-MS
SMP-00720,7.21,54599.8,9070.7,9483.9,0.0535,Benzoic Acid,GC-MS
SMP-00720,8.88,30557.7,6310.8,6683.0,0.0304,Phenacetin,GC-MS
SMP-00720,10.4,17041.2,4132.9,4272.3,0.0176,Salicylic Acid,GC-MS
SMP-00720,12.07,58596.4,10398.1,10591.9,0.0604,Chlorpheniramine,GC-MS
SMP-00721,1.25,9451.3,2476.0,2549.6,0.0092,Uracil,GC-MS
SMP-00721,2.79,51453.8,9766.7,10066.8,0.0519,Acetaminophen,GC-MS
SMP-00721,4.11,97385.3,15827.0,16423.7,0.097,Caffeine,GC-MS
SMP-00721,5.59,25308.6,5408.0,5805.9,0.0247,Aspirin,GC-MS
SMP-00721,7.2,67328.0,11589.6,11767.2,0.0679,Benzoic Acid,GC-MS
SMP-00721,8.96,27801.9,5542.4,5694.2,0.0277,Phenacetin,GC-MS
SMP-00721,10.41,13405.3,3190.4,3375.6,0.0136,Salicylic Acid,GC-MS
SMP-00721,12.08,57919.5,10616.6,10985.2,0.0581,Chlorpheniramine,GC-MS
SMP-00722,1.28,10436.3,2733.0,2743.0,0.0104,Uracil,GC-MS
SMP-00722,2.79,51445.0,9963.6,10359.2,0.0506,Acetaminophen,GC-MS
SMP-00722,4.15,371855.8,55215.6,59482.0,0.3682,Caffeine,GC-MS
SMP-00722,5.64,24240.5,5279.9,5418.8,0.0236,Aspirin,GC-MS
SMP-00722,7.16,66545.8,10571.6,10934.7,0.0658,Benzoic Acid,GC-MS
SMP-00722,8.97,35032.2,7218.8,7497.6,0.035,Phenacetin,GC-MS
SMP-00722,10.4,19910.7,4834.3,4892.2,0.0202,Salicylic Acid,GC-MS
SMP-00722,12.05,56213.9,10525.9,10953.4,0.0559,Chlorpheniramine,GC-MS
SMP-00723,1.25,10631.2,2745.8,2733.7,0.0103,Uracil,GC-MS
SMP-00723,2.78,47510.7,9064.5,9535.1,0.0467,Acetaminophen,GC-MS
SMP-00723,4.16,73798.2,12193.5,12446.0,0.0745,Caffeine,GC-MS
SMP-00723,5.65,25313.8,5798.1,5937.6,0.0246,Aspirin,GC-MS
SMP-00723,7.21,75842.7,12663.4,12926.2,0.0743,Benzoic Acid,GC-MS
SMP-00723,9.0,32399.6,6794.2,7109.3,0.0327,Phenacetin,GC-MS
SMP-00723,10.41,17196.5,4102.0,4189.7,0.0179,Salicylic Acid,GC-MS
SMP-00723,12.13,47118.0,8068.9,8154.1,0.0464,Chlorpheniramine,GC-MS
SMP-00724,1.28,13485.3,3571.5,3541.5,0.0139,Uracil,GC-MS
SMP-00724,2.75,41139.7,8001.0,8014.2,0.0403,Acetaminophen,GC-MS
SMP-00724,4.1,101320.1,15994.7,16916.0,0.1007,Caffeine,GC-MS
SMP-00724,5.6,24059.1,5400.9,5410.5,0.0243,Aspirin,GC-MS
SMP-00724,7.22,80841.4,13334.8,14164.2,0.0815,Benzoic Acid,GC-MS
SMP-00724,8.96,26686.2,5245.4,5512.2,0.0261,Phenacetin,GC-MS
SMP-00724,10.38,13591.5,3381.9,3482.1,0.0138,Salicylic Acid,GC-MS
SMP-00724,12.09,59913.8,11009.8,11192.0,0.0586,Chlorpheniramine,GC-MS
SMP-00725,1.23,12321.5,3074.5,3218.7,0.0126,Uracil,GC-MS
SMP-00725,2.8,36767.5,6947.8,7244.8,0.0378,Acetaminophen,GC-MS
SMP-00725,4.11,91550.7,13760.3,14145.4,0.0922,Caffeine,GC-MS
SMP-00725,5.62,23882.2,5344.5,5793.0,0.0242,Aspirin,GC-MS
SMP-00725,7.24,76807.9,13162.6,13575.6,0.0796,Benzoic Acid,GC-MS
SMP-00725,8.97,31186.3,6073.6,6386.6,0.0306,Phenacetin,GC-MS
SMP-00725,10.41,13888.0,3384.7,3518.2,0.0139,Salicylic Acid,GC-MS
SMP-00725,12.09,59176.1,11104.6,11421.0,0.0606,Chlorpheniramine,GC-MS
SMP-00726,1.25,11311.6,2842.3,2844.6,0.0118,Uracil,GC-MS
SMP-00726,2.82,42681.6,7984.1,8229.2,0.0423,Acetaminophen,GC-MS
SMP-00726,4.14,96152.8,15413.4,16182.4,0.0987,Caffeine,GC-MS
SMP-00726,5.6,21102.5,4575.8,4656.6,0.0213,Aspirin,GC-MS
SMP-00726,7.2,73604.2,12616.2,13503.2,0.0754,Benzoic Acid,GC-MS
SMP-00726,8.96,145056.2,26497.2,31691.7,0.1377,Phenacetin,GC-MS
SMP-00726,10.36,16730.7,4243.2,4322.0,0.0173,Salicylic Acid,GC-MS
SMP-00726,12.1,57035.9,10529.7,10735.9,0.057,Chlorpheniramine,GC-MS
SMP-00727,1.26,13288.1,3702.1,3888.8,0.013,Uracil,GC-MS
SMP-00727,2.82,39778.7,7799.9,7825.8,0.0379,Acetaminophen,GC-MS
SMP-00727,4.11,89447.7,14810.5,15564.1,0.0949,Caffeine,GC-MS
SMP-00727,5.62,22642.1,5127.4,5089.2,0.0219,Aspirin,GC-MS
SMP-00727,7.26,71265.7,11574.9,11930.3,0.0715,Benzoic Acid,GC-MS
SMP-00727,8.95,35708.9,7480.2,7816.1,0.0357,Phenacetin,GC-MS
SMP-00727,10.36,16573.0,4137.3,4227.9,0.0164,Salicylic Acid,GC-MS
SMP-00727,12.06,65033.4,12213.7,12705.1,0.0667,Chlorpheniramine,GC-MS
SMP-00728,1.23,12001.0,3149.1,3265.6,0.012,Uracil,GC-MS
SMP-00728,2.8,39548.6,7907.5,8084.3,0.0389,Acetaminophen,GC-MS
SMP-00728,4.17,96726.6,15825.6,16591.2,0.093,Caffeine,GC-MS
SMP-00728,5.67,20988.5,4628.0,4696.2,0.0207,Aspirin,GC-MS
SMP-00728,7.18,59050.4,9910.9,10362.3,0.0591,Benzoic Acid,GC-MS
SMP-00728,8.95,26374.5,5422.5,5774.9,0.0278,Phenacetin,GC-MS
SMP-00728,10.43,15031.7,3824.5,3887.3,0.015,Salicylic Acid,GC-MS
SMP-00728,12.13,48783.3,8372.7,8229.0,0.0495,Chlorpheniramine,GC-MS
SMP-00729,1.24,12671.8,3061.9,3198.8,0.0125,Uracil,GC-MS
SMP-00729,2.8,47325.9,8665.9,8943.2,0.0471,Acetaminophen,GC-MS
SMP-00729,4.08,93078.4,14697.1,15075.8,0.0936,Caffeine,GC-MS
SMP-00729,5.66,23309.5,5039.1,5275.3,0.0236,Aspirin,GC-MS
SMP-00729,7.2,61955.8,10229.0,10380.1,0.0612,Benzoic Acid,GC-MS
SMP-00729,8.95,22420.6,4645.0,4932.9,0.0233,Phenacetin,GC-MS
SMP-00729,10.45,16240.7,3862.2,3987.5,0.0161,Salicylic Acid,GC-MS
SMP-00729,12.06,61741.9,11335.6,11617.0,0.062,Chlorpheniramine,GC-MS
SMP-00730,1.26,10599.7,2644.3,2668.0,0.0107,Uracil,GC-MS
SMP-00730,2.76,38924.6,7875.0,7856.3,0.04,Acetaminophen,GC-MS
SMP-00730,4.14,81511.3,13343.3,14070.2,0.0792,Caffeine,GC-MS
SMP-00730,5.58,23290.0,5096.1,5156.7,0.0237,Aspirin,GC-MS
SMP-00730,7.18,75410.1,12649.1,13446.8,0.0726,Benzoic Acid,GC-MS
SMP-00730,8.95,36380.3,7231.9,7537.3,0.0368,Phenacetin,GC-MS
SMP-00730,10.43,16425.5,4007.0,4256.4,0.0162,Salicylic Acid,GC-MS
SMP-00730,12.13,52784.8,10224.1,10373.4,0.0537,Chlorpheniramine,GC-MS
SMP-00731,1.22,10197.2,2667.7,2787.0,0.0106,Uracil,GC-MS
SMP-00731,2.79,35681.4,6839.8,7105.6,0.037,Acetaminophen,GC-MS
SMP-00731,4.15,80006.9,12806.4,13197.7,0.079,Caffeine,GC-MS
SMP-00731,5.6,24107.2,5408.7,5676.1,0.0242,Aspirin,GC-MS
SMP-00731,7.23,60636.5,10105.5,10781.1,0.062,Benzoic Acid,GC-MS
SMP-00731,8.92,28245.2,5844.2,5942.7,0.0284,Phenacetin,GC-MS
SMP-00731,10.38,16424.0,3971.9,4028.6,0.017,Salicylic Acid,GC-MS
SMP-00731,12.09,52141.1,9107.3,9445.1,0.0523,Chlorpheniramine,GC-MS
SMP-00732,1.23,13689.2,3505.6,3485.3,0.0141,Uracil,GC-MS
SMP-00732,2.77,43888.3,8432.1,8716.5,0.0445,Acetaminophen,GC-MS
SMP-00732,4.15,99885.3,16370.4,16411.9,0.1013,Caffeine,GC-MS
SMP-00732,5.54,23813.4,5136.0,5132.9,0.0238,Aspirin,GC-MS
SMP-00732,7.15,54514.2,8961.1,9355.1,0.0537,Benzoic Acid,GC-MS
SMP-00732,8.91,31180.1,6478.7,6767.6,0.0322,Phenacetin,GC-MS
SMP-00732,10.37,18246.5,4354.6,4426.9,0.0185,Salicylic Acid,GC-MS
SMP-00732,12.14,54847.3,9838.4,9947.1,0.0538,Chlorpheniramine,GC-MS
SMP-00733,1.28,12777.3,3353.4,3412.0,0.0126,Uracil,GC-MS
SMP-00733,2.84,42957.2,8236.3,8631.1,0.0434,Acetaminophen,GC-MS
SMP-00733,4.2,96249.1,16090.2,17088.3,0.098,Caffeine,GC-MS
SMP-00733,5.57,24891.9,5480.7,5544.7,0.0245,Aspirin,GC-MS
SMP-00733,7.19,71034.2,11737.5,11982.1,0.0716,Benzoic Acid,GC-MS
SMP-00733,8.94,33507.4,6899.9,7199.3,0.0329,Phenacetin,GC-MS
SMP-00733,10.41,15645.9,3881.6,4061.8,0.0154,Salicylic Acid,GC-MS
SMP-00733,12.09,47988.3,8821.0,9097.2,0.0477,Chlorpheniramine,GC-MS
SMP-00734,1.27,14219.6,3854.4,3943.2,0.0143,Uracil,GC-MS
SMP-00734,2.79,55575.0,10578.3,10798.4,0.0541,Acetaminophen,GC-MS
SMP-00734,4.16,88516.2,14486.7,14748.4,0.0877,Caffeine,GC-MS
SMP-00734,5.56,22824.6,4907.3,4945.2,0.0219,Aspirin,GC-MS
SMP-00734,7.21,69689.7,11155.6,11556.6,0.0683,Benzoic Acid,GC-MS
SMP-00734,8.96,33830.2,7048.0,7289.1,0.0344,Phenacetin,GC-MS
SMP-00734,10.36,14907.4,3321.2,3353.9,0.0151,Salicylic Acid,GC-MS
SMP-00734,12.13,56358.1,10021.3,10622.7,0.0562,Chlorpheniramine,GC-MS
SMP-00735,1.28,13307.8,3411.7,3538.8,0.0134,Uracil,GC-MS
SMP-00735,2.81,43171.4,8015.8,8390.2,0.0449,Acetaminophen,GC-MS
SMP-00735,4.16,79394.8,13258.7,13408.7,0.0815,Caffeine,GC-MS
SMP-00735,5.65,28399.5,6055.6,6032.7,0.0281,Aspirin,GC-MS
SMP-00735,7.18,73088.1,12220.5,12348.6,0.0718,Benzoic Acid,GC-MS
SMP-00735,8.96,33055.6,6594.0,6819.6,0.0325,Phenacetin,GC-MS
SMP-00735,10.41,14309.6,3482.4,3597.8,0.0144,Salicylic Acid,GC-MS
SMP-00735,12.13,64803.0,11826.1,12226.1,0.0639,Chlorpheniramine,GC-MS
SMP-00736,1.24,11181.9,2829.4,2859.3,0.0115,Uracil,GC-MS
SMP-00736,2.82,53833.1,10680.2,11046.4,0.0525,Acetaminophen,GC-MS
SMP-00736,4.14,89785.4,14611.2,15145.4,0.0921,Caffeine,GC-MS
SMP-00736,5.61,112773.8,26232.9,23629.7,0.1136,Aspirin,GC-MS
SMP-00736,7.16,61121.3,9893.8,10435.5,0.0613,Benzoic Acid,GC-MS
SMP-00736,8.97,27602.7,5756.4,5842.9,0.0276,Phenacetin,GC-MS
SMP-00736,10.44,13554.4,3341.2,3483.4,0.0143,Salicylic Acid,GC-MS
SMP-00736,12.14,64371.4,11428.3,11983.1,0.0635,Chlorpheniramine,GC-MS
SMP-00737,1.25,13323.4,3576.3,3638.5,0.0135,Uracil,GC-MS
SMP-00737,2.76,42006.2,8286.7,8392.9,0.0428,Acetaminophen,GC-MS
SMP-00737,4.15,103672.0,17578.5,18636.4,0.1053,Caffeine,GC-MS
SMP-00737,5.57,25386.9,5785.0,6175.7,0.025,Aspirin,GC-MS
SMP-00737,7.22,66793.5,10753.3,10631.2,0.0662,Benzoic Acid,GC-MS
SMP-00737,8.93,31081.9,6251.1,6367.4,0.0305,Phenacetin,GC-MS
SMP-00737,10.35,14462.5,3531.3,3511.3,0.0146,Salicylic Acid,GC-MS
SMP-00737,12.11,64665.3,11615.0,12285.1,0.0619,Chlorpheniramine,GC-MS
SMP-00738,1.21,12495.7,3139.2,3174.9,0.0127,Uracil,GC-MS
SMP-00738,2.8,48430.0,9469.1,9957.6,0.0493,Acetaminophen,GC-MS
SMP-00738,4.11,78889.9,13042.1,13589.2,0.082,Caffeine,GC-MS
SMP-00738,5.56,25830.0,5528.0,5491.8,0.0261,Aspirin,GC-MS
SMP-00738,7.13,60711.9,10198.2,10760.8,0.0568,Benzoic Acid,GC-MS
SMP-00738,8.93,34846.9,7261.2,7484.6,0.0354,Phenacetin,GC-MS
SMP-00738,10.44,15574.0,3662.2,3926.4,0.0155,Salicylic Acid,GC-MS
SMP-00738,12.09,53696.9,9908.3,10041.2,0.055,Chlorpheniramine,GC-MS
SMP-00739,1.27,11579.9,2922.8,3008.2,0.0116,Uracil,GC-MS
SMP-00739,2.81,42076.3,8264.9,8545.9,0.0412,Acetaminophen,GC-MS
SMP-00739,4.17,88504.7,14628.0,15553.5,0.0902,Caffeine,GC-MS
SMP-00739,5.57,25959.5,5565.0,5749.3,0.0256,Aspirin,GC-MS
SMP-00739,7.24,77537.7,12745.9,12946.8,0.076,Benzoic Acid,GC-MS
SMP-00739,8.92,33113.8,6716.9,7063.5,0.0322,Phenacetin,GC-MS
SMP-00739,10.42,16761.2,4327.5,4507.8,0.017,Salicylic Acid,GC-MS
SMP-00739,12.18,60551.3,11026.7,11508.2,0.0584,Chlorpheniramine,GC-MS
SMP-00740,1.26,14056.4,3718.7,3798.0,0.0142,Uracil,GC-MS
SMP-00740,2.74,46254.8,8832.9,9284.1,0.0459,Acetaminophen,GC-MS
SMP-00740,4.1,81037.7,13011.7,13433.8,0.082,Caffeine,GC-MS
SMP-00740,5.62,24997.4,5362.9,5683.6,0.0252,Aspirin,GC-MS
SMP-00740,7.24,63169.4,10909.0,11019.4,0.0631,Benzoic Acid,GC-MS
SMP-00740,9.0,34227.5,7049.1,7240.5,0.0339,Phenacetin,GC-MS
SMP-00740,10.44,14065.9,3421.0,3468.7,0.014,Salicylic Acid,GC-MS
SMP-00740,12.09,54703.9,10253.5,10530.3,0.0528,Chlorpheniramine,GC-MS
SMP-00741,1.28,12962.0,3367.4,3580.3,0.0129,Uracil,GC-MS
SMP-00741,2.76,45250.2,8584.5,8786.2,0.0451,Acetaminophen,GC-MS
SMP-00741,4.17,80237.4,13177.2,13663.3,0.0811,Caffeine,GC-MS
SMP-00741,5.6,19173.0,4506.2,4601.4,0.0207,Aspirin,GC-MS
SMP-00741,7.18,67255.7,10609.8,11123.5,0.0683,Benzoic Acid,GC-MS
SMP-00741,8.96,31236.2,6659.3,6764.2,0.032,Phenacetin,GC-MS
SMP-00741,10.47,13950.7,3413.4,3581.1,0.0141,Salicylic Acid,GC-MS
SMP-00741,12.12,59665.2,11177.5,11457.6,0.0579,Chlorpheniramine,GC-MS
SMP-00742,1.26,11629.1,3029.5,3137.0,0.0115,Uracil,GC-MS
SMP-00742,2.77,43209.7,7882.5,7964.5,0.042,Acetaminophen,GC-MS
SMP-00742,4.14,64417.5,10505.8,10902.8,0.0664,Caffeine,GC-MS
SMP-00742,5.63,26130.3,5841.0,6213.2,0.0264,Aspirin,GC-MS
SMP-00742,7.2,69851.8,11425.1,11352.8,0.0717,Benzoic Acid,GC-MS
SMP-00742,9.02,28146.0,5610.8,5977.3,0.0281,Phenacetin,GC-MS
SMP-00742,10.35,16644.4,4125.7,4285.3,0.0166,Salicylic Acid,GC-MS
SMP-00742,12.07,47531.1,8911.2,9130.2,0.0484,Chlorpheniramine,GC-MS
SMP-00743,1.23,11255.1,3005.6,3079.7,0.0113,Uracil,GC-MS
SMP-00743,2.85,43168.3,8153.3,8587.8,0.0438,Acetaminophen,GC-MS
SMP-00743,4.12,84602.0,14158.2,14723.8,0.0835,Caffeine,GC-MS
SMP-00743,5.66,22967.0,5183.7,5363.3,0.0226,Aspirin,GC-MS
SMP-00743,7.22,66634.8,11082.5,11495.0,0.0686,Benzoic Acid,GC-MS
SMP-00743,8.99,27659.6,5627.3,5896.7,0.0284,Phenacetin,GC-MS
SMP-00743,10.39,13823.1,3236.2,3346.8,0.0137,Salicylic Acid,GC-MS
SMP-00743,12.11,43543.8,8159.9,8443.6,0.0437,Chlorpheniramine,GC-MS
SMP-00744,1.22,13923.7,3555.9,3753.1,0.0141,Uracil,GC-MS
SMP-00744,2.79,42501.9,8398.6,8561.7,0.0429,Acetaminophen,GC-MS
SMP-00744,4.15,75193.4,12056.8,12926.1,0.0747,Caffeine,GC-MS
SMP-00744,5.63,25831.6,5950.6,6079.5,0.0253,Aspirin,GC-MS
SMP-00744,7.18,70000.0,11834.2,12267.1,0.0711,Benzoic Acid,GC-MS
SMP-00744,8.97,33149.4,6790.2,6848.7,0.0317,Phenacetin,GC-MS
SMP-00744,10.42,17395.7,3986.4,4212.9,0.0174,Salicylic Acid,GC-MS
SMP-00744,12.1,49763.6,8883.6,9012.1,0.0515,Chlorpheniramine,GC-MS
SMP-00745,1.23,12384.4,3211.2,3337.7,0.0122,Uracil,GC-MS
SMP-00745,2.8,47866.0,9029.9,9067.1,0.0464,Acetaminophen,GC-MS
SMP-00745,4.14,81046.1,13653.4,14020.2,0.0795,Caffeine,GC-MS
SMP-00745,5.65,20507.0,4575.9,4900.4,0.0204,Aspirin,GC-MS
SMP-00745,7.18,67123.9,11816.9,12023.6,0.0668,Benzoic Acid,GC-MS
SMP-00745,8.9,38073.6,7840.1,7939.8,0.0385,Phenacetin,GC-MS
SMP-00745,10.37,14143.3,3668.2,3964.8,0.014,Salicylic Acid,GC-MS
SMP-00745,12.08,54085.5,10016.1,9846.8,0.0532,Chlorpheniramine,GC-MS
SMP-00746,1.21,40139.7,9175.2,9831.2,0.0414,Uracil,GC-MS
SMP-00746,2.76,42579.4,8478.5,8916.6,0.0441,Acetaminophen,GC-MS
SMP-00746,4.13,88279.6,14549.9,15385.9,0.0865,Caffeine,GC-MS
SMP-00746,5.59,22278.9,4882.6,4947.0,0.0226,Aspirin,GC-MS
SMP-00746,7.22,62059.9,9922.1,10145.5,0.0608,Benzoic Acid,GC-MS
SMP-00746,8.96,29462.5,6422.6,6709.1,0.0297,Phenacetin,GC-MS
SMP-00746,10.42,14198.3,3475.7,3577.0,0.014,Salicylic Acid,GC-MS
SMP-00746,12.1,53303.6,8906.2,9346.2,0.0524,Chlorpheniramine,GC-MS
SMP-00747,1.24,13490.8,3580.7,3572.9,0.0133,Uracil,GC-MS
SMP-00747,2.81,52065.5,10211.0,10589.9,0.052,Acetaminophen,GC-MS
SMP-00747,4.14,81979.1,13855.7,14252.4,0.0813,Caffeine,GC-MS
SMP-00747,5.59,23888.8,5206.6,5341.6,0.0235,Aspirin,GC-MS
SMP-00747,7.23,75097.8,12635.7,12811.2,0.0735,Benzoic Acid,GC-MS
SMP-00747,8.96,35800.4,7516.7,7694.6,0.0344,Phenacetin,GC-MS
SMP-00747,10.38,14807.6,3665.1,3698.5,0.0147,Salicylic Acid,GC-MS
SMP-00747,12.14,52554.6,9361.7,9541.1,0.0544,Chlorpheniramine,GC-MS
SMP-00748,1.21,13131.5,3260.1,3241.0,0.0132,Uracil,GC-MS
SMP-00748,2.81,49781.8,10201.5,10706.5,0.0498,Acetaminophen,GC-MS
SMP-00748,4.16,83584.2,13233.5,13112.6,0.0823,Caffeine,GC-MS
SMP-00748,5.54,24793.6,5519.3,5767.8,0.0251,Aspirin,GC-MS
SMP-00748,7.19,64902.1,10597.4,10880.6,0.0649,Benzoic Acid,GC-MS
SMP-00748,8.92,31340.3,6541.9,6762.7,0.0314,Phenacetin,GC-MS
SMP-00748,10.45,14895.4,3468.1,3451.8,0.0152,Salicylic Acid,GC-MS
SMP-00748,12.12,57943.6,10211.5,10848.9,0.0581,Chlorpheniramine,GC-MS
SMP-00749,1.22,14097.2,3604.6,3851.2,0.014,Uracil,GC-MS
SMP-00749,2.76,49506.6,9715.7,10086.2,0.0484,Acetaminophen,GC-MS
SMP-00749,4.13,96743.0,16804.8,17084.7,0.096,Caffeine,GC-MS
SMP-00749,5.63,119744.2,24117.9,24646.1,0.1219,Aspirin,GC-MS
SMP-00749,7.22,77478.8,12898.6,13272.1,0.0784,Benzoic Acid,GC-MS
SMP-00749,8.91,30177.9,6400.5,6542.0,0.0313,Phenacetin,GC-MS
SMP-00749,10.39,14015.4,3388.6,3549.5,0.0142,Salicylic Acid,GC-MS
SMP-00749,12.15,50405.4,9552.3,9844.6,0.0505,Chlorpheniramine,GC-MS
SMP-00750,1.21,13416.6,3439.8,3587.2,0.0136,Uracil,GC-MS
SMP-00750,2.82,322075.6,63327.7,60836.4,0.3237,Acetaminophen,GC-MS
SMP-00750,4.17,93429.6,15480.9,16402.2,0.0932,Caffeine,GC-MS
SMP-00750,5.6,25035.0,5670.0,5671.2,0.0255,Aspirin,GC-MS
SMP-00750,7.2,79619.3,12591.1,13012.3,0.0805,Benzoic Acid,GC-MS
SMP-00750,8.93,36068.6,7346.5,7549.3,0.036,Phenacetin,GC-MS
SMP-00750,10.42,16770.8,3908.2,4113.1,0.017,Salicylic Acid,GC-MS
SMP-00750,12.08,63186.5,11286.4,11387.5,0.0615,Chlorpheniramine,GC-MS
SMP-00751,1.24,13043.5,3442.9,3488.7,0.013,Uracil,GC-MS
SMP-00751,2.81,45811.1,9206.6,9332.9,0.0468,Acetaminophen,GC-MS
SMP-00751,4.13,99263.6,16863.3,18104.5,0.0976,Caffeine,GC-MS
SMP-00751,5.6,24748.0,5145.9,5285.7,0.0245,Aspirin,GC-MS
SMP-00751,7.21,65347.7,10802.8,10991.7,0.0659,Benzoic Acid,GC-MS
SMP-00751,8.9,26630.6,5543.9,5560.6,0.0261,Phenacetin,GC-MS
SMP-00751,10.43,13383.0,3256.7,3418.8,0.0134,Salicylic Acid,GC-MS
SMP-00751,12.03,50566.9,8964.6,9377.0,0.0504,Chlorpheniramine,GC-MS
SMP-00752,1.26,11947.7,2914.6,2975.8,0.0122,Uracil,GC-MS
SMP-00752,2.85,43666.9,8985.5,9194.4,0.0425,Acetaminophen,GC-MS
SMP-00752,4.19,84733.3,13501.7,14427.1,0.0835,Caffeine,GC-MS
SMP-00752,5.58,21060.0,4430.5,4556.4,0.0211,Aspirin,GC-MS
SMP-00752,7.23,71126.3,11891.1,11996.1,0.0712,Benzoic Acid,GC-MS
SMP-00752,8.96,33871.9,7196.4,7432.9,0.0334,Phenacetin,GC-MS
SMP-00752,10.39,13755.2,3262.3,3420.5,0.0138,Salicylic Acid,GC-MS
SMP-00752,12.07,48776.7,8839.0,9213.6,0.0491,Chlorpheniramine,GC-MS
SMP-00753,1.2,12403.7,3319.7,3378.5,0.0122,Uracil,GC-MS
SMP-00753,2.79,37558.1,7685.0,8118.4,0.0384,Acetaminophen,GC-MS
SMP-00753,4.16,92220.6,15043.8,15339.8,0.0904,Caffeine,GC-MS
SMP-00753,5.58,18571.8,3950.6,4037.6,0.0182,Aspirin,GC-MS
SMP-00753,7.19,77891.9,13072.7,13015.4,0.0807,Benzoic Acid,GC-MS
SMP-00753,8.98,32321.0,6437.5,6880.8,0.0315,Phenacetin,GC-MS
SMP-00753,10.4,15613.6,3724.5,3797.2,0.016,Salicylic Acid,GC-MS
SMP-00753,12.17,55935.8,10040.0,9950.2,0.0578,Chlorpheniramine,GC-MS
SMP-00754,1.28,11327.8,2858.1,2870.2,0.0113,Uracil,GC-MS
SMP-00754,2.77,46219.1,9050.0,9240.6,0.0476,Acetaminophen,GC-MS
SMP-00754,4.13,106351.1,16947.0,17768.9,0.1062,Caffeine,GC-MS
SMP-00754,5.59,24516.5,5272.4,5442.7,0.0243,Aspirin,GC-MS
SMP-00754,7.18,66896.8,11183.4,11647.5,0.0675,Benzoic Acid,GC-MS
SMP-00754,8.96,28996.6,5828.4,6032.3,0.0288,Phenacetin,GC-MS
SMP-00754,10.41,15687.3,4004.1,4113.3,0.0158,Salicylic Acid,GC-MS
SMP-00754,12.09,66947.3,11732.2,12120.5,0.0665,Chlorpheniramine,GC-MS
SMP-00755,1.24,13271.3,3229.1,3239.7,0.0132,Uracil,GC-MS
SMP-00755,2.77,54465.0,10377.4,11187.8,0.0554,Acetaminophen,GC-MS
SMP-00755,4.13,86952.9,14330.2,14736.7,0.0891,Caffeine,GC-MS
SMP-00755,5.65,25503.4,5772.9,5910.7,0.0251,Aspirin,GC-MS
SMP-00755,7.16,66532.2,11347.9,11705.5,0.0676,Benzoic Acid,GC-MS
SMP-00755,8.98,31373.6,5899.4,5963.8,0.0318,Phenacetin,GC-MS
SMP-00755,10.39,17268.9,4269.9,4493.4,0.0174,Salicylic Acid,GC-MS
SMP-00755,12.07,53774.9,9821.7,10161.4,0.0546,Chlorpheniramine,GC-MS
SMP-00756,1.24,12806.4,3315.1,3373.8,0.0126,Uracil,GC-MS
SMP-00756,2.83,42218.6,8351.7,8615.4,0.0431,Acetaminophen,GC-MS
SMP-00756,4.13,91854.4,15896.3,16605.6,0.0894,Caffeine,GC-MS
SMP-00756,5.63,25615.5,5698.7,5847.4,0.0249,Aspirin,GC-MS
SMP-00756,7.2,75339.6,12577.6,12936.9,0.0763,Benzoic Acid,GC-MS
SMP-00756,8.98,34775.2,6834.1,7025.8,0.0337,Phenacetin,GC-MS
SMP-00756,10.42,15155.9,3642.1,3705.9,0.0155,Salicylic Acid,GC-MS
SMP-00756,12.05,57753.8,9962.3,10546.3,0.0579,Chlorpheniramine,GC-MS
SMP-00757,1.31,12250.7,3226.7,3385.7,0.0122,Uracil,GC-MS
SMP-00757,2.77,51901.3,10036.9,10640.3,0.0521,Acetaminophen,GC-MS
SMP-00757,4.11,94862.7,15743.8,16573.1,0.097,Caffeine,GC-MS
SMP-00757,5.66,22735.9,4949.8,5068.7,0.023,Aspirin,GC-MS
SMP-00757,7.19,73368.9,12182.4,12045.5,0.0722,Benzoic Acid,GC-MS
SMP-00757,8.96,38501.4,7794.2,7955.1,0.0389,Phenacetin,GC-MS
SMP-00757,10.38,15660.4,3834.8,3955.5,0.0156,Salicylic Acid,GC-MS
SMP-00757,12.1,53395.1,9696.0,9668.6,0.0536,Chlorpheniramine,GC-MS
SMP-00758,1.26,13466.8,3582.1,3656.8,0.0134,Uracil,GC-MS
SMP-00758,2.78,40074.0,8087.9,7912.1,0.0402,Acetaminophen,GC-MS
SMP-00758,4.14,83410.3,13771.0,14451.0,0.0826,Caffeine,GC-MS
SMP-00758,5.57,23705.1,5513.1,5585.3,0.0241,Aspirin,GC-MS
SMP-00758,7.23,69224.0,11821.0,12347.4,0.069,Benzoic Acid,GC-MS
SMP-00758,8.95,33441.5,6931.3,7196.4,0.0346,Phenacetin,GC-MS
SMP-00758,10.43,15029.9,3752.7,3919.8,0.0145,Salicylic Acid,GC-MS
SMP-00758,12.12,46414.2,8016.4,8136.8,0.0456,Chlorpheniramine,GC-MS
SMP-00759,1.26,11538.9,2979.1,3094.5,0.0119,Uracil,GC-MS
SMP-00759,2.81,43919.6,8593.7,8791.7,0.0443,Acetaminophen,GC-MS
SMP-00759,4.14,92973.2,15825.2,16315.7,0.0941,Caffeine,GC-MS
SMP-00759,5.64,24646.6,5161.0,5220.4,0.024,Aspirin,GC-MS
SMP-00759,7.21,65911.6,10897.0,10948.3,0.0639,Benzoic Acid,GC-MS
SMP-00759,8.95,30267.6,6201.6,6163.0,0.0293,Phenacetin,GC-MS
SMP-00759,10.42,16867.4,4000.5,3984.3,0.0172,Salicylic Acid,GC-MS
SMP-00759,12.13,57169.3,10402.0,10718.4,0.057,Chlorpheniramine,GC-MS
SMP-00760,1.25,13891.4,3444.5,3668.3,0.0141,Uracil,GC-MS
SMP-00760,2.73,51839.7,9889.9,10075.8,0.0509,Acetaminophen,GC-MS
SMP-00760,4.11,89872.4,15231.0,16372.7,0.0888,Caffeine,GC-MS
SMP-00760,5.62,26180.7,6005.9,6290.6,0.0261,Aspirin,GC-MS
SMP-00760,7.15,63664.2,11018.7,11310.4,0.0617,Benzoic Acid,GC-MS
SMP-00760,8.98,30381.2,6236.5,6322.0,0.0291,Phenacetin,GC-MS
SMP-00760,10.42,15580.9,3948.0,3929.7,0.0159,Salicylic Acid,GC-MS
SMP-00760,12.08,62169.1,11410.5,11833.0,0.0617,Chlorpheniramine,GC-MS
SMP-00761,1.21,12272.8,2994.3,3076.9,0.0126,Uracil,GC-MS
SMP-00761,2.78,41241.3,8215.2,8333.8,0.04,Acetaminophen,GC-MS
SMP-00761,4.14,96843.0,16211.8,16560.9,0.0977,Caffeine,GC-MS
SMP-00761,5.58,25895.0,5624.9,5729.1,0.0267,Aspirin,GC-MS
SMP-00761,7.16,68727.2,11380.5,12099.7,0.0677,Benzoic Acid,GC-MS
SMP-00761,8.91,32873.3,6699.0,6982.2,0.0323,Phenacetin,GC-MS
SMP-00761,10.34,14835.6,3526.9,3667.3,0.0151,Salicylic Acid,GC-MS
SMP-00761,12.16,46571.6,8519.7,8538.8,0.0468,Chlorpheniramine,GC-MS
SMP-00762,1.25,12314.7,3148.4,3250.1,0.0125,Uracil,GC-MS
SMP-00762,2.77,40741.5,7763.8,8088.3,0.0415,Acetaminophen,GC-MS
SMP-00762,4.23,107995.4,17789.0,18255.1,0.1092,Caffeine,GC-MS
SMP-00762,5.6,26416.6,5723.0,5986.0,0.026,Aspirin,GC-MS
SMP-00762,7.18,69757.9,11583.6,12045.0,0.0689,Benzoic Acid,GC-MS
SMP-00762,8.95,29863.5,6058.6,6378.5,0.0304,Phenacetin,GC-MS
SMP-00762,10.42,14654.0,3478.0,3586.4,0.0151,Salicylic Acid,GC-MS
SMP-00762,12.07,47249.5,8370.4,8394.9,0.0464,Chlorpheniramine,GC-MS
SMP-00763,1.23,13505.6,3330.6,3349.1,0.0136,Uracil,GC-MS
SMP-00763,2.78,52638.3,10428.7,10721.5,0.0545,Acetaminophen,GC-MS
SMP-00763,4.21,94013.4,15930.3,16143.3,0.0932,Caffeine,GC-MS
SMP-00763,5.61,20173.5,4350.7,4521.4,0.0209,Aspirin,GC-MS
SMP-00763,7.22,62680.9,10331.5,10724.1,0.0634,Benzoic Acid,GC-MS
SMP-00763,8.98,32564.9,6784.6,7055.4,0.0319,Phenacetin,GC-MS
SMP-00763,10.39,12491.4,3175.7,3210.2,0.0129,Salicylic Acid,GC-MS
SMP-00763,12.09,57499.7,10405.0,10819.7,0.058,Chlorpheniramine,GC-MS
SMP-00764,1.23,12799.8,3439.4,3478.2,0.0128,Uracil,GC-MS
SMP-00764,2.82,47995.4,9775.6,9798.9,0.0478,Acetaminophen,GC-MS
SMP-00764,4.15,76437.9,12150.7,12187.5,0.0717,Caffeine,GC-MS
SMP-00764,5.6,26152.8,5547.3,5608.6,0.0261,Aspirin,GC-MS
SMP-00764,7.22,67909.1,11393.6,11448.0,0.0693,Benzoic Acid,GC-MS
SMP-00764,8.96,29356.7,6238.7,6418.2,0.0288,Phenacetin,GC-MS
SMP-00764,10.38,17136.2,4192.9,4339.3,0.0178,Salicylic Acid,GC-MS
SMP-00764,12.06,55075.1,9719.9,10019.1,0.0551,Chlorpheniramine,GC-MS
SMP-00765,1.25,11423.6,2725.7,2755.1,0.0107,Uracil,GC-MS
SMP-00765,2.79,41948.1,8163.7,8349.1,0.0424,Acetaminophen,GC-MS
SMP-00765,4.12,100841.4,16077.0,16234.8,0.1003,Caffeine,GC-MS
SMP-00765,5.59,20981.1,4693.5,4732.7,0.0216,Aspirin,GC-MS
SMP-00765,7.24,66838.3,11202.9,11356.4,0.068,Benzoic Acid,GC-MS
SMP-00765,8.99,28680.1,5882.9,6080.2,0.0279,Phenacetin,GC-MS
SMP-00765,10.44,14175.2,3720.0,3907.5,0.0148,Salicylic Acid,GC-MS
SMP-00765,12.12,52768.5,9869.3,10123.7,0.0503,Chlorpheniramine,GC-MS
SMP-00766,1.23,11835.7,3058.4,3160.6,0.0119,Uracil,GC-MS
SMP-00766,2.83,50666.8,9745.2,9910.8,0.0508,Acetaminophen,GC-MS
SMP-00766,4.13,81772.7,12472.6,12865.8,0.0838,Caffeine,GC-MS
SMP-00766,5.54,22544.2,4530.8,4589.6,0.0227,Aspirin,GC-MS
SMP-00766,7.21,56405.4,9786.7,9955.5,0.0557,Benzoic Acid,GC-MS
SMP-00766,8.98,26237.3,5791.8,6129.7,0.0262,Phenacetin,GC-MS
SMP-00766,10.32,18541.8,4588.7,4706.3,0.0191,Salicylic Acid,GC-MS
SMP-00766,12.1,59061.0,10774.6,11101.6,0.0592,Chlorpheniramine,GC-MS
SMP-00767,1.21,10885.3,2785.3,2961.3,0.0109,Uracil,GC-MS
SMP-00767,2.86,41228.0,7979.5,8341.5,0.0407,Acetaminophen,GC-MS
SMP-00767,4.16,84353.3,14230.9,14798.6,0.0867,Caffeine,GC-MS
SMP-00767,5.59,20624.8,4454.2,4618.3,0.0204,Aspirin,GC-MS
SMP-00767,7.22,71740.5,11745.6,12088.8,0.072,Benzoic Acid,GC-MS
SMP-00767,8.87,31434.6,6515.4,6639.9,0.0324,Phenacetin,GC-MS
SMP-00767,10.43,15399.5,3664.0,3701.7,0.0152,Salicylic Acid,GC-MS
SMP-00767,12.12,50908.5,9105.3,9256.7,0.051,Chlorpheniramine,GC-MS
SMP-00768,1.24,12490.9,3275.2,3375.7,0.0123,Uracil,GC-MS
SMP-00768,2.8,38177.0,7328.3,7801.0,0.0377,Acetaminophen,GC-MS
SMP-00768,4.13,86950.3,14119.0,14595.5,0.0856,Caffeine,GC-MS
SMP-00768,5.61,19802.9,4527.7,4617.7,0.0193,Aspirin,GC-MS
SMP-00768,7.22,63412.8,10466.2,10852.1,0.0634,Benzoic Acid,GC-MS
SMP-00768,8.91,31081.9,6157.1,6221.4,0.0314,Phenacetin,GC-MS
SMP-00768,10.37,15646.7,4041.2,4143.5,0.0156,Salicylic Acid,GC-MS
SMP-00768,12.15,53592.4,9438.4,9827.5,0.0502,Chlorpheniramine,GC-MS
SMP-00769,1.28,12033.1,3274.5,3442.6,0.0119,Uracil,GC-MS
SMP-00769,2.76,43325.8,8418.3,8734.0,0.0439,Acetaminophen,GC-MS
SMP-00769,4.07,97435.7,15974.1,17098.4,0.0952,Caffeine,GC-MS
SMP-00769,5.64,22858.8,5122.4,5465.0,0.0228,Aspirin,GC-MS
SMP-00769,7.21,75007.3,12585.6,12982.4,0.0765,Benzoic Acid,GC-MS
SMP-00769,8.95,34126.3,7220.8,7288.4,0.0332,Phenacetin,GC-MS
SMP-00769,10.41,14898.5,3416.8,3638.6,0.0153,Salicylic Acid,GC-MS
SMP-00769,12.06,57865.0,10758.5,11138.2,0.0567,Chlorpheniramine,GC-MS
SMP-00770,1.28,12042.0,3071.6,3106.6,0.012,Uracil,GC-MS
SMP-00770,2.82,51808.4,10146.9,10502.7,0.051,Acetaminophen,GC-MS
SMP-00770,4.13,80195.8,12697.8,12749.3,0.08,Caffeine,GC-MS
SMP-00770,5.59,19832.3,4215.1,4309.7,0.0199,Aspirin,GC-MS
SMP-00770,7.26,69840.0,11265.6,11587.2,0.0699,Benzoic Acid,GC-MS
SMP-00770,8.94,32714.4,7038.4,7373.6,0.0321,Phenacetin,GC-MS
SMP-00770,10.39,15866.3,3854.4,4003.9,0.016,Salicylic Acid,GC-MS
SMP-00770,12.06,51319.9,9191.6,9101.5,0.0502,Chlorpheniramine,GC-MS
SMP-00771,1.26,13197.9,3639.6,3736.4,0.0136,Uracil,GC-MS
SMP-00771,2.79,46342.8,9579.7,9892.4,0.0456,Acetaminophen,GC-MS
SMP-00771,4.17,96126.5,15786.5,16277.0,0.0959,Caffeine,GC-MS
SMP-00771,5.6,21590.3,4752.7,4971.2,0.0215,Aspirin,GC-MS
SMP-00771,7.25,80491.4,13967.9,14222.2,0.0809,Benzoic Acid,GC-MS
SMP-00771,8.96,27741.2,5465.8,5673.6,0.0273,Phenacetin,GC-MS
SMP-00771,10.41,14516.7,3522.0,3488.6,0.0144,Salicylic Acid,GC-MS
SMP-00771,12.07,35121.8,6269.3,6466.0,0.0346,Chlorpheniramine,GC-MS
SMP-00772,1.23,14342.1,3579.3,3862.4,0.0143,Uracil,GC-MS
SMP-00772,2.77,36661.4,6608.5,6806.4,0.0371,Acetaminophen,GC-MS
SMP-00772,4.12,83016.2,13412.6,13852.3,0.082,Caffeine,GC-MS
SMP-00772,5.62,21085.9,4820.4,4857.3,0.0214,Aspirin,GC-MS
SMP-00772,7.25,75431.7,12424.8,12487.9,0.0735,Benzoic Acid,GC-MS
SMP-00772,8.87,30838.8,6300.0,6402.5,0.0304,Phenacetin,GC-MS
SMP-00772,10.38,15140.0,3733.7,3837.2,0.0147,Salicylic Acid,GC-MS
SMP-00772,12.12,174685.2,27537.0,34452.5,0.1752,Chlorpheniramine,GC-MS
SMP-00773,1.23,11914.7,3251.4,3259.3,0.0122,Uracil,GC-MS
SMP-00773,2.78,44651.4,8826.3,9232.5,0.046,Acetaminophen,GC-MS
SMP-00773,4.17,89248.5,14202.5,14837.0,0.0906,Caffeine,GC-MS
SMP-00773,5.6,25961.6,5801.0,5929.3,0.0261,Aspirin,GC-MS
SMP-00773,7.18,76907.4,13138.6,13372.4,0.0767,Benzoic Acid,GC-MS
SMP-00773,8.9,34908.4,7380.6,7276.6,0.0347,Phenacetin,GC-MS
SMP-00773,10.41,16247.2,3914.6,4017.3,0.0167,Salicylic Acid,GC-MS
SMP-00773,12.07,53896.5,9928.1,10124.8,0.0545,Chlorpheniramine,GC-MS
SMP-00774,1.24,13462.8,3510.7,3526.0,0.0139,Uracil,GC-MS
SMP-00774,2.84,43623.9,8194.0,8515.2,0.0432,Acetaminophen,GC-MS
SMP-00774,4.19,109495.0,17835.1,17735.1,0.1092,Caffeine,GC-MS
SMP-00774,5.61,24011.7,5375.0,5674.6,0.0238,Aspirin,GC-MS
SMP-00774,7.18,66595.2,10815.2,10965.2,0.0659,Benzoic Acid,GC-MS
SMP-00774,8.92,30507.5,5933.2,6256.0,0.0303,Phenacetin,GC-MS
SMP-00774,10.4,17384.3,4125.6,4254.3,0.0175,Salicylic Acid,GC-MS
SMP-00774,12.08,59237.1,10960.4,11052.3,0.06,Chlorpheniramine,GC-MS
SMP-00775,1.26,12102.8,3148.6,3209.5,0.0119,Uracil,GC-MS
SMP-00775,2.78,42687.7,8810.2,9150.4,0.0426,Acetaminophen,GC-MS
SMP-00775,4.12,92044.7,15611.4,15975.5,0.0926,Caffeine,GC-MS
SMP-00775,5.59,25070.1,5614.8,5739.8,0.0247,Aspirin,GC-MS
SMP-00775,7.17,56729.8,9892.2,10237.4,0.057,Benzoic Acid,GC-MS
SMP-00775,8.94,27588.0,6072.1,6313.2,0.0277,Phenacetin,GC-MS
SMP-00775,10.42,16076.9,3855.1,3977.2,0.0167,Salicylic Acid,GC-MS
SMP-00775,12.11,56969.8,10413.3,10389.9,0.0582,Chlorpheniramine,GC-MS
SMP-00776,1.22,13480.2,3450.4,3635.4,0.0135,Uracil,GC-MS
SMP-00776,2.79,39038.0,7748.5,8000.6,0.0382,Acetaminophen,GC-MS
SMP-00776,4.15,90398.3,14630.7,14684.7,0.0891,Caffeine,GC-MS
SMP-00776,5.67,20824.6,4483.1,4622.6,0.0203,Aspirin,GC-MS
SMP-00776,7.23,72157.6,12427.0,12922.7,0.0719,Benzoic Acid,GC-MS
SMP-00776,8.92,30048.8,6168.3,6435.2,0.0296,Phenacetin,GC-MS
SMP-00776,10.45,12981.7,3104.5,3310.1,0.0129,Salicylic Acid,GC-MS
SMP-00776,12.09,45754.1,8021.0,8112.2,0.0462,Chlorpheniramine,GC-MS
SMP-00777,1.2,11945.7,2898.9,3012.9,0.0121,Uracil,GC-MS
SMP-00777,2.82,42320.3,8181.1,8379.4,0.0424,Acetaminophen,GC-MS
SMP-00777,4.15,99961.0,16012.5,16453.0,0.0995,Caffeine,GC-MS
SMP-00777,5.55,23283.1,5313.7,5341.5,0.0231,Aspirin,GC-MS
SMP-00777,7.24,57982.4,9451.7,9731.3,0.0554,Benzoic Acid,GC-MS
SMP-00777,8.94,33042.5,6242.5,6545.7,0.0347,Phenacetin,GC-MS
SMP-00777,10.38,16535.2,4075.9,4127.8,0.0169,Salicylic Acid,GC-MS
SMP-00777,12.08,49860.5,9155.2,9243.5,0.0496,Chlorpheniramine,GC-MS
SMP-00778,1.27,10614.9,2670.0,2756.5,0.01,Uracil,GC-MS
SMP-00778,2.86,47923.9,9355.9,9606.6,0.0483,Acetaminophen,GC-MS
SMP-00778,4.2,92632.9,14831.2,15513.3,0.0935,Caffeine,GC-MS
SMP-00778,5.61,24986.4,5509.5,5697.8,0.0253,Aspirin,GC-MS
SMP-00778,7.2,68393.4,11148.3,11681.4,0.0688,Benzoic Acid,GC-MS
SMP-00778,8.96,34277.2,7175.6,7335.8,0.0334,Phenacetin,GC-MS
SMP-00778,10.41,16420.2,3983.3,4061.6,0.0161,Salicylic Acid,GC-MS
SMP-00778,12.07,49729.7,8852.5,9129.0,0.0506,Chlorpheniramine,GC-MS
SMP-00779,1.27,10969.8,2708.9,2792.9,0.0107,Uracil,GC-MS
SMP-00779,2.8,47043.0,9314.1,9348.7,0.0468,Acetaminophen,GC-MS
SMP-00779,4.14,100764.6,16540.2,16916.8,0.1004,Caffeine,GC-MS
SMP-00779,5.6,24135.0,5411.5,5494.9,0.0237,Aspirin,GC-MS
SMP-00779,7.17,68369.4,11182.4,11491.3,0.0678,Benzoic Acid,GC-MS
SMP-00779,8.94,27417.5,5277.3,5606.3,0.0283,Phenacetin,GC-MS
SMP-00779,10.46,14952.8,3636.4,3731.7,0.015,Salicylic Acid,GC-MS
SMP-00779,12.12,52438.6,9601.7,10075.4,0.0522,Chlorpheniramine,GC-MS
SMP-00780,1.22,12346.0,2987.1,3143.5,0.0125,Uracil,GC-MS
SMP-00780,2.8,45230.4,9104.3,9199.8,0.0441,Acetaminophen,GC-MS
SMP-00780,4.19,106052.2,17661.7,18170.7,0.1051,Caffeine,GC-MS
SMP-00780,5.63,27570.6,6234.3,6837.6,0.0264,Aspirin,GC-MS
SMP-00780,7.2,73218.5,12096.1,12369.8,0.0727,Benzoic Acid,GC-MS
SMP-00780,8.91,33043.2,6979.7,7273.3,0.0332,Phenacetin,GC-MS
SMP-00780,10.4,16341.7,3959.2,4047.0,0.0165,Salicylic Acid,GC-MS
SMP-00780,12.09,51553.6,9564.2,9452.4,0.0524,Chlorpheniramine,GC-MS
SMP-00781,1.29,11117.5,2745.1,2902.3,0.0113,Uracil,GC-MS
SMP-00781,2.86,47938.6,9589.2,10154.8,0.0482,Acetaminophen,GC-MS
SMP-00781,4.16,82443.0,13653.4,13691.4,0.0815,Caffeine,GC-MS
SMP-00781,5.58,19912.3,4370.7,4438.1,0.0197,Aspirin,GC-MS
SMP-00781,7.2,68257.0,11427.2,11574.9,0.0685,Benzoic Acid,GC-MS
SMP-00781,8.93,25338.1,5354.8,5361.2,0.0252,Phenacetin,GC-MS
SMP-00781,10.42,13835.0,3244.6,3329.7,0.014,Salicylic Acid,GC-MS
SMP-00781,12.04,49754.4,9546.2,9695.0,0.0494,Chlorpheniramine,GC-MS
SMP-00782,1.21,12391.2,3096.9,3241.4,0.0124,Uracil,GC-MS
SMP-00782,2.81,44272.0,9049.6,9263.7,0.0443,Acetaminophen,GC-MS
SMP-00782,4.14,84445.3,14666.0,15024.0,0.0838,Caffeine,GC-MS
SMP-00782,5.6,23050.9,5252.0,5387.5,0.0228,Aspirin,GC-MS
SMP-00782,7.23,71291.9,12298.9,12875.8,0.0716,Benzoic Acid,GC-MS
SMP-00782,8.99,30021.8,6097.2,6339.0,0.0301,Phenacetin,GC-MS
SMP-00782,10.35,16183.9,3839.5,4044.6,0.0159,Salicylic Acid,GC-MS
SMP-00782,12.09,59725.5,10694.2,11074.8,0.0601,Chlorpheniramine,GC-MS
SMP-00783,1.24,13717.0,3527.8,3583.2,0.0145,Uracil,GC-MS
SMP-00783,2.8,46624.7,8687.1,8953.3,0.0477,Acetaminophen,GC-MS
SMP-00783,4.14,524774.8,80950.9,90395.1,0.5165,Caffeine,GC-MS
SMP-00783,5.61,23955.4,5344.1,5536.1,0.0241,Aspirin,GC-MS
SMP-00783,7.19,69461.0,11188.9,11357.1,0.069,Benzoic Acid,GC-MS
SMP-00783,8.95,24040.1,5007.3,5082.4,0.0231,Phenacetin,GC-MS
SMP-00783,10.36,16154.5,3828.5,3990.3,0.0157,Salicylic Acid,GC-MS
SMP-00783,12.06,54689.0,10067.8,10376.6,0.0541,Chlorpheniramine,GC-MS
SMP-00784,1.26,13788.5,3614.4,3773.2,0.0141,Uracil,GC-MS
SMP-00784,2.85,42451.6,8354.3,8221.8,0.0418,Acetaminophen,GC-MS
SMP-00784,4.16,84419.7,13801.5,14484.4,0.0868,Caffeine,GC-MS
SMP-00784,5.61,24791.8,5498.2,5641.1,0.0245,Aspirin,GC-MS
SMP-00784,7.19,63970.0,10275.7,10668.9,0.0623,Benzoic Acid,GC-MS
SMP-00784,8.97,31262.2,6359.9,6597.1,0.0309,Phenacetin,GC-MS
SMP-00784,10.41,16651.7,4096.5,4265.3,0.0167,Salicylic Acid,GC-MS
SMP-00784,12.1,58494.9,10769.1,11223.9,0.0572,Chlorpheniramine,GC-MS
SMP-00785,1.26,11561.6,2957.3,3007.9,0.0117,Uracil,GC-MS
SMP-00785,2.8,39214.9,7615.9,7607.2,0.0404,Acetaminophen,GC-MS
SMP-00785,4.09,101929.2,15606.4,15697.6,0.1034,Caffeine,GC-MS
SMP-00785,5.6,21629.8,4864.2,4997.4,0.0216,Aspirin,GC-MS
SMP-00785,7.17,57625.2,9590.3,9835.4,0.0579,Benzoic Acid,GC-MS
SMP-00785,8.93,30515.9,6044.6,6248.6,0.0299,Phenacetin,GC-MS
SMP-00785,10.44,16821.7,4189.9,4397.1,0.0169,Salicylic Acid,GC-MS
SMP-00785,12.08,48442.5,8976.5,9219.8,0.0484,Chlorpheniramine,GC-MS
SMP-00786,1.19,12319.3,3215.5,3287.4,0.012,Uracil,GC-MS
SMP-00786,2.79,49837.5,9316.5,9904.6,0.05,Acetaminophen,GC-MS
SMP-00786,4.16,83903.0,13292.4,13960.7,0.0863,Caffeine,GC-MS
SMP-00786,5.62,20553.9,4299.9,4397.5,0.0204,Aspirin,GC-MS
SMP-00786,7.18,60773.9,9926.8,10207.3,0.0609,Benzoic Acid,GC-MS
SMP-00786,8.93,32347.2,6760.4,7114.8,0.0324,Phenacetin,GC-MS
SMP-00786,10.46,15307.6,3779.4,4017.7,0.0156,Salicylic Acid,GC-MS
SMP-00786,12.12,59052.4,11241.2,11311.6,0.0592,Chlorpheniramine,GC-MS
SMP-00787,1.24,11734.8,2954.2,3105.7,0.0121,Uracil,GC-MS
SMP-00787,2.85,48037.9,9398.7,9805.5,0.0474,Acetaminophen,GC-MS
SMP-00787,4.2,88627.5,14553.6,15013.6,0.0888,Caffeine,GC-MS
SMP-00787,5.63,20311.9,4407.7,4625.9,0.0208,Aspirin,GC-MS
SMP-00787,7.31,71746.7,11691.7,11930.5,0.0704,Benzoic Acid,GC-MS
SMP-00787,8.95,28945.1,5805.2,5961.1,0.0281,Phenacetin,GC-MS
SMP-00787,10.43,17634.0,4341.4,4593.2,0.0174,Salicylic Acid,GC-MS
SMP-00787,12.09,52295.8,9631.7,9710.2,0.0531,Chlorpheniramine,GC-MS
SMP-00788,1.25,11742.2,2894.6,3042.3,0.012,Uracil,GC-MS
SMP-00788,2.84,49631.8,9830.4,10410.2,0.051,Acetaminophen,GC-MS
SMP-00788,4.12,82537.2,13548.5,14024.1,0.0814,Caffeine,GC-MS
SMP-00788,5.65,23441.7,5417.4,5581.0,0.0239,Aspirin,GC-MS
SMP-00788,7.22,70139.9,11780.7,12052.3,0.0691,Benzoic Acid,GC-MS
SMP-00788,8.92,30791.8,6469.0,6762.3,0.0308,Phenacetin,GC-MS
SMP-00788,10.38,14177.3,3352.7,3487.6,0.0144,Salicylic Acid,GC-MS
SMP-00788,12.06,61041.2,11022.0,11315.7,0.06,Chlorpheniramine,GC-MS
SMP-00789,1.29,14286.2,3748.7,3781.4,0.0142,Uracil,GC-MS
SMP-00789,2.75,46208.5,8780.3,9413.4,0.0444,Acetaminophen,GC-MS
SMP-00789,4.12,86463.9,14983.5,15455.7,0.0879,Caffeine,GC-MS
SMP-00789,5.59,20167.7,4525.1,4554.7,0.019,Aspirin,GC-MS
SMP-00789,7.16,73814.5,12912.3,13616.1,0.075,Benzoic Acid,GC-MS
SMP-00789,8.93,31390.1,6753.2,6870.2,0.0305,Phenacetin,GC-MS
SMP-00789,10.4,17686.4,4329.4,4449.0,0.0174,Salicylic Acid,GC-MS
SMP-00789,12.12,51462.7,8830.3,8678.2,0.0513,Chlorpheniramine,GC-MS
SMP-00790,1.24,12487.7,3249.3,3339.2,0.013,Uracil,GC-MS
SMP-00790,2.79,42887.3,7910.8,8280.0,0.0414,Acetaminophen,GC-MS
SMP-00790,4.21,97441.6,15557.6,15993.4,0.0952,Caffeine,GC-MS
SMP-00790,5.6,25618.3,5674.0,5683.2,0.0261,Aspirin,GC-MS
SMP-00790,7.22,77253.2,13324.6,13359.4,0.0774,Benzoic Acid,GC-MS
SMP-00790,8.94,33843.5,6749.9,6940.4,0.0339,Phenacetin,GC-MS
SMP-00790,10.4,16060.8,3771.9,3846.0,0.0159,Salicylic Acid,GC-MS
SMP-00790,12.1,52340.2,9298.3,9522.4,0.0534,Chlorpheniramine,GC-MS
SMP-00791,1.21,11671.1,2821.7,2896.0,0.0114,Uracil,GC-MS
SMP-00791,2.74,47686.5,9448.2,9874.2,0.0465,Acetaminophen,GC-MS
SMP-00791,4.14,85773.6,13875.2,14184.8,0.0862,Caffeine,GC-MS
SMP-00791,5.64,24875.7,5437.7,5444.5,0.0259,Aspirin,GC-MS
SMP-00791,7.19,52479.6,8078.1,8056.4,0.0508,Benzoic Acid,GC-MS
SMP-00791,8.99,30854.5,6252.3,6415.8,0.0304,Phenacetin,GC-MS
SMP-00791,10.37,16471.8,3817.7,3969.4,0.0164,Salicylic Acid,GC-MS
SMP-00791,12.13,62743.0,11181.3,11768.7,0.0634,Chlorpheniramine,GC-MS
SMP-00792,1.27,12843.7,3237.8,3355.0,0.013,Uracil,GC-MS
SMP-00792,2.82,39059.2,7579.5,7542.0,0.0386,Acetaminophen,GC-MS
SMP-00792,4.14,78089.2,12711.6,12979.1,0.0775,Caffeine,GC-MS
SMP-00792,5.58,27016.0,5763.0,6134.0,0.0268,Aspirin,GC-MS
SMP-00792,7.22,64992.5,10705.2,11124.3,0.0633,Benzoic Acid,GC-MS
SMP-00792,8.93,38646.0,7978.2,8287.3,0.039,Phenacetin,GC-MS
SMP-00792,10.43,15225.1,3713.1,3860.1,0.0151,Salicylic Acid,GC-MS
SMP-00792,12.13,52150.4,9531.3,9833.1,0.0533,Chlorpheniramine,GC-MS
SMP-00793,1.25,12414.2,3317.6,3463.6,0.0127,Uracil,GC-MS
SMP-00793,2.8,39816.2,8013.4,8041.7,0.0387,Acetaminophen,GC-MS
SMP-00793,4.15,88009.5,13834.0,14263.3,0.0908,Caffeine,GC-MS
SMP-00793,5.61,24556.9,5425.6,5499.9,0.0242,Aspirin,GC-MS
SMP-00793,7.17,81155.7,13272.1,13716.9,0.0835,Benzoic Acid,GC-MS
SMP-00793,8.95,29197.7,5675.1,5892.9,0.0285,Phenacetin,GC-MS
SMP-00793,10.38,15803.3,3907.8,4116.3,0.0155,Salicylic Acid,GC-MS
SMP-00793,12.1,57195.2,10141.1,10412.9,0.0583,Chlorpheniramine,GC-MS
SMP-00794,1.24,11862.7,3113.7,3121.1,0.0116,Uracil,GC-MS
SMP-00794,2.76,46470.0,8660.8,8857.8,0.0474,Acetaminophen,GC-MS
SMP-00794,4.16,75330.6,12463.3,12851.1,0.0763,Caffeine,GC-MS
SMP-00794,5.54,22672.4,4909.0,4880.2,0.0227,Aspirin,GC-MS
SMP-00794,7.18,53168.2,8708.4,8823.8,0.0517,Benzoic Acid,GC-MS
SMP-00794,9.03,32800.8,6726.5,6953.7,0.0334,Phenacetin,GC-MS
SMP-00794,10.38,64453.6,12496.7,17364.9,0.065,Salicylic Acid,GC-MS
SMP-00794,12.08,64095.0,11416.6,11729.9,0.0643,Chlorpheniramine,GC-MS
SMP-00795,1.19,15072.4,3823.3,3950.6,0.0148,Uracil,GC-MS
SMP-00795,2.82,42170.3,8252.6,8563.3,0.0409,Acetaminophen,GC-MS
SMP-00795,4.08,84447.3,14480.4,14300.9,0.0833,Caffeine,GC-MS
SMP-00795,5.59,21654.9,4856.9,5084.8,0.0218,Aspirin,GC-MS
SMP-00795,7.21,67667.0,11678.9,11982.7,0.07,Benzoic Acid,GC-MS
SMP-00795,8.97,33707.6,6549.3,6675.6,0.0342,Phenacetin,GC-MS
SMP-00795,10.37,14091.6,3443.0,3675.3,0.0134,Salicylic Acid,GC-MS
SMP-00795,12.14,51851.5,9571.3,9701.6,0.0529,Chlorpheniramine,GC-MS
SMP-00796,1.19,9617.7,2507.0,2514.6,0.0092,Uracil,GC-MS
SMP-00796,2.82,48039.0,9251.9,9490.6,0.0486,Acetaminophen,GC-MS
SMP-00796,4.15,84879.1,13761.0,14293.7,0.0833,Caffeine,GC-MS
SMP-00796,5.6,20756.0,4512.0,4728.1,0.0209,Aspirin,GC-MS
SMP-00796,7.25,76210.3,12312.1,12324.8,0.0758,Benzoic Acid,GC-MS
SMP-00796,8.93,212047.7,38590.8,37850.5,0.2141,Phenacetin,GC-MS
SMP-00796,10.4,12395.7,3151.0,3304.3,0.0123,Salicylic Acid,GC-MS
SMP-00796,12.09,48806.7,8947.9,9641.8,0.0496,Chlorpheniramine,GC-MS
SMP-00797,1.27,13356.5,3406.0,3587.7,0.0137,Uracil,GC-MS
SMP-00797,2.8,50007.6,10032.2,10291.1,0.0478,Acetaminophen,GC-MS
SMP-00797,4.15,98060.1,16094.6,16458.0,0.0966,Caffeine,GC-MS
SMP-00797,5.55,21588.4,4988.0,5150.3,0.0216,Aspirin,GC-MS
SMP-00797,7.21,79152.7,13073.5,14019.3,0.0791,Benzoic Acid,GC-MS
SMP-00797,8.9,30248.5,6401.7,6688.4,0.029,Phenacetin,GC-MS
SMP-00797,10.43,17775.4,4534.7,4549.1,0.018,Salicylic Acid,GC-MS
SMP-00797,12.11,50153.9,8854.3,9125.2,0.0494,Chlorpheniramine,GC-MS
SMP-00798,1.26,11571.2,2884.1,2984.8,0.0112,Uracil,GC-MS
SMP-00798,2.81,44595.3,8343.6,8561.0,0.0449,Acetaminophen,GC-MS
SMP-00798,4.19,96839.1,15544.9,16148.3,0.0982,Caffeine,GC-MS
SMP-00798,5.61,21199.5,4704.8,4813.2,0.0214,Aspirin,GC-MS
SMP-00798,7.18,53790.9,8491.8,8662.6,0.0549,Benzoic Acid,GC-MS
SMP-00798,8.94,29422.0,6078.7,6268.1,0.0292,Phenacetin,GC-MS
SMP-00798,10.41,14948.2,3707.3,3813.8,0.0151,Salicylic Acid,GC-MS
SMP-00798,12.11,61128.2,10922.2,11133.5,0.0604,Chlorpheniramine,GC-MS
SMP-00799,1.23,12287.3,3042.8,3092.7,0.0125,Uracil,GC-MS
SMP-00799,2.85,45654.4,8731.3,8984.0,0.0453,Acetaminophen,GC-MS
SMP-00799,4.14,79778.6,12254.5,12608.6,0.0787,Caffeine,GC-MS
SMP-00799,5.6,20784.7,4570.7,4785.3,0.0208,Aspirin,GC-MS
SMP-00799,7.21,64994.3,10934.0,11042.4,0.0643,Benzoic Acid,GC-MS
SMP-00799,8.96,30920.2,5985.1,6079.4,0.0308,Phenacetin,GC-MS
SMP-00799,10.42,16225.7,3722.5,3835.0,0.0163,Salicylic Acid,GC-MS
SMP-00799,12.08,55276.1,9369.4,9865.9,0.0547,Chlorpheniramine,GC-MS
SMP-00800,1.25,11573.2,3154.6,3282.3,0.0117,Uracil,GC-MS
SMP-00800,2.8,277507.1,52481.9,60114.1,0.276,Acetaminophen,GC-MS
SMP-00800,4.16,95619.7,15296.5,15754.5,0.0944,Caffeine,GC-MS
SMP-00800,5.57,20183.3,4611.1,4890.8,0.0201,Aspirin,GC-MS
SMP-00800,7.13,73750.6,12066.9,12103.5,0.0734,Benzoic Acid,GC-MS
SMP-00800,8.97,30928.0,6770.2,7018.5,0.0317,Phenacetin,GC-MS
SMP-00800,10.41,13909.8,3383.0,3499.8,0.0137,Salicylic Acid,GC-MS
SMP-00800,12.14,64191.2,11957.8,12319.0,0.0642,Chlorpheniramine,GC-MS
SMP-00801,1.26,13199.0,3558.6,3668.7,0.0131,Uracil,GC-MS
SMP-00801,2.77,46214.6,9028.1,9457.4,0.0447,Acetaminophen,GC-MS
SMP-00801,4.13,77022.6,12093.5,12554.0,0.0777,Caffeine,GC-MS
SMP-00801,5.63,24125.1,5047.1,5133.6,0.0238,Aspirin,GC-MS
SMP-00801,7.22,60424.0,9833.8,9979.8,0.061,Benzoic Acid,GC-MS
SMP-00801,8.95,35180.0,7219.8,7651.7,0.0346,Phenacetin,GC-MS
SMP-00801,10.42,17141.2,4139.8,4184.8,0.0168,Salicylic Acid,GC-MS
SMP-00801,12.04,49870.7,8742.4,8851.8,0.0496,Chlorpheniramine,GC-MS
SMP-00802,1.22,9804.3,2613.5,2782.1,0.0099,Uracil,GC-MS
SMP-00802,2.81,45797.2,9217.4,9904.4,0.0463,Acetaminophen,GC-MS
SMP-00802,4.16,100701.0,15829.9,16351.7,0.102,Caffeine,GC-MS
SMP-00802,5.64,21057.0,4829.2,4860.9,0.0209,Aspirin,GC-MS
SMP-00802,7.19,68140.2,11177.6,11146.0,0.069,Benzoic Acid,GC-MS
SMP-00802,8.91,32951.0,7142.5,7223.1,0.033,Phenacetin,GC-MS
SMP-00802,10.37,13273.3,3426.7,3550.3,0.0137,Salicylic Acid,GC-MS
SMP-00802,12.1,54453.5,9430.4,9438.9,0.0547,Chlorpheniramine,GC-MS
SMP-00803,1.21,13915.8,3733.8,3793.9,0.0141,Uracil,GC-MS
SMP-00803,2.83,37120.2,7027.6,6862.7,0.0373,Acetaminophen,GC-MS
SMP-00803,4.14,437055.8,66459.8,74146.3,0.4275,Caffeine,GC-MS
SMP-00803,5.63,22473.8,4917.9,4959.2,0.0221,Aspirin,GC-MS
SMP-00803,7.17,71719.0,11913.2,12153.8,0.0725,Benzoic Acid,GC-MS
SMP-00803,8.95,30372.1,6274.2,6566.4,0.03,Phenacetin,GC-MS
SMP-00803,10.42,14424.3,3451.9,3522.0,0.0136,Salicylic Acid,GC-MS
SMP-00803,12.07,55610.1,10323.1,10743.4,0.0547,Chlorpheniramine,GC-MS
SMP-00804,1.3,12802.0,3138.7,3289.5,0.013,Uracil,GC-MS
SMP-00804,2.77,45747.8,8259.1,8588.0,0.0441,Acetaminophen,GC-MS
SMP-00804,4.1,99195.0,16256.6,16235.8,0.0979,Caffeine,GC-MS
SMP-00804,5.58,27572.7,6178.6,6216.7,0.0269,Aspirin,GC-MS
SMP-00804,7.22,71233.7,12034.3,12458.9,0.0703,Benzoic Acid,GC-MS
SMP-00804,8.96,33316.7,6447.1,6516.0,0.0333,Phenacetin,GC-MS
SMP-00804,10.4,11608.0,2732.4,2857.0,0.0116,Salicylic Acid,GC-MS
SMP-00804,12.09,53350.4,9429.0,9395.4,0.0548,Chlorpheniramine,GC-MS
SMP-00805,1.27,13880.6,3431.3,3587.8,0.014,Uracil,GC-MS
SMP-00805,2.79,55961.9,10366.7,10490.4,0.0567,Acetaminophen,GC-MS
SMP-00805,4.18,92611.5,15238.6,15625.7,0.0925,Caffeine,GC-MS
SMP-00805,5.59,26180.8,5977.6,6087.4,0.0261,Aspirin,GC-MS
SMP-00805,7.27,64173.8,11143.1,11382.0,0.0633,Benzoic Acid,GC-MS
SMP-00805,8.96,29021.0,5868.6,6074.2,0.0285,Phenacetin,GC-MS
SMP-00805,10.38,14167.1,3318.1,3416.3,0.0141,Salicylic Acid,GC-MS
SMP-00805,12.09,50374.2,9565.5,9935.6,0.0523,Chlorpheniramine,GC-MS
SMP-00806,1.25,11343.5,2822.5,2847.3,0.0115,Uracil,GC-MS
SMP-00806,2.77,54486.6,10349.3,10551.6,0.0548,Acetaminophen,GC-MS
SMP-00806,4.14,85041.7,13536.6,14263.6,0.0821,Caffeine,GC-MS
SMP-00806,5.57,23333.0,5353.8,5641.6,0.023,Aspirin,GC-MS
SMP-00806,7.21,69879.3,11540.7,11716.1,0.0706,Benzoic Acid,GC-MS
SMP-00806,8.92,28991.3,6069.9,6267.6,0.0282,Phenacetin,GC-MS
SMP-00806,10.44,16364.0,4071.8,4133.0,0.0161,Salicylic Acid,GC-MS
SMP-00806,12.06,61782.6,11677.3,11747.1,0.0586,Chlorpheniramine,GC-MS
SMP-00807,1.32,12075.7,3027.1,3068.4,0.0123,Uracil,GC-MS
SMP-00807,2.82,43489.4,8242.1,8322.2,0.0439,Acetaminophen,GC-MS
SMP-00807,4.25,82428.6,13055.2,13436.6,0.0808,Caffeine,GC-MS
SMP-00807,5.62,116846.6,22532.2,22045.8,0.1158,Aspirin,GC-MS
SMP-00807,7.18,69443.1,11769.1,12296.1,0.0713,Benzoic Acid,GC-MS
SMP-00807,8.94,32638.0,6851.2,7161.1,0.034,Phenacetin,GC-MS
SMP-00807,10.39,14279.7,3466.5,3608.7,0.0141,Salicylic Acid,GC-MS
SMP-00807,12.09,51148.7,9291.7,9963.1,0.0524,Chlorpheniramine,GC-MS
SMP-00808,1.18,11226.0,2733.2,2886.7,0.0118,Uracil,GC-MS
SMP-00808,2.79,43327.4,8326.2,8718.8,0.0443,Acetaminophen,GC-MS
SMP-00808,4.19,91435.8,14481.9,14860.3,0.0908,Caffeine,GC-MS
SMP-00808,5.57,21177.7,4791.4,5061.7,0.0205,Aspirin,GC-MS
SMP-00808,7.21,63069.0,10435.4,10824.6,0.0623,Benzoic Acid,GC-MS
SMP-00808,8.97,35552.7,7651.5,7747.4,0.0354,Phenacetin,GC-MS
SMP-00808,10.38,14561.2,3574.5,3653.7,0.0148,Salicylic Acid,GC-MS
SMP-00808,12.11,222138.3,38746.7,37192.3,0.2215,Chlorpheniramine,GC-MS
SMP-00809,1.26,11389.5,2930.4,2997.1,0.0113,Uracil,GC-MS
SMP-00809,2.73,44792.5,8532.6,9000.6,0.0444,Acetaminophen,GC-MS
SMP-00809,4.16,465101.0,74258.7,77831.2,0.4672,Caffeine,GC-MS
SMP-00809,5.59,23081.2,5158.8,5243.3,0.0223,Aspirin,GC-MS
SMP-00809,7.21,75950.2,11810.7,12278.1,0.0777,Benzoic Acid,GC-MS
SMP-00809,8.94,28486.9,5740.7,5852.7,0.0288,Phenacetin,GC-MS
SMP-00809,10.41,17144.3,3806.4,4182.1,0.0177,Salicylic Acid,GC-MS
SMP-00809,12.08,54746.6,9544.3,10056.5,0.0549,Chlorpheniramine,GC-MS
SMP-00810,1.33,10104.7,2647.4,2710.0,0.0101,Uracil,GC-MS
SMP-00810,2.75,51399.9,9889.2,9797.6,0.0516,Acetaminophen,GC-MS
SMP-00810,4.18,91082.2,14316.5,14264.3,0.0912,Caffeine,GC-MS
SMP-00810,5.66,24576.8,5471.8,5550.8,0.0248,Aspirin,GC-MS
SMP-00810,7.17,62752.8,10608.6,10718.4,0.0621,Benzoic Acid,GC-MS
SMP-00810,8.99,31472.1,6250.9,6379.3,0.0322,Phenacetin,GC-MS
SMP-00810,10.39,15571.4,3885.2,4048.0,0.0159,Salicylic Acid,GC-MS
SMP-00810,12.12,51235.3,9178.6,9457.8,0.0507,Chlorpheniramine,GC-MS
SMP-00811,1.3,9722.6,2620.3,2707.1,0.0093,Uracil,GC-MS
SMP-00811,2.79,49216.1,10294.4,10440.0,0.0491,Acetaminophen,GC-MS
SMP-00811,4.12,97886.1,16060.7,16758.6,0.1005,Caffeine,GC-MS
SMP-00811,5.59,25371.1,5367.8,5546.2,0.0256,Aspirin,GC-MS
SMP-00811,7.17,68760.8,11329.1,11708.2,0.0707,Benzoic Acid,GC-MS
SMP-00811,9.02,35704.9,7188.4,7372.6,0.0359,Phenacetin,GC-MS
SMP-00811,10.38,16448.4,3949.2,3974.3,0.0169,Salicylic Acid,GC-MS
SMP-00811,12.07,54896.6,10413.2,10553.8,0.0532,Chlorpheniramine,GC-MS
SMP-00812,1.24,12482.6,3127.7,3323.3,0.0128,Uracil,GC-MS
SMP-00812,2.8,52690.6,10225.5,10870.0,0.0525,Acetaminophen,GC-MS
SMP-00812,4.08,79751.2,13224.8,13488.1,0.0787,Caffeine,GC-MS
SMP-00812,5.57,19840.2,4183.3,4388.0,0.02,Aspirin,GC-MS
SMP-00812,7.28,79060.1,13154.6,13242.3,0.0804,Benzoic Acid,GC-MS
SMP-00812,9.0,26498.1,5627.9,5685.2,0.0271,Phenacetin,GC-MS
SMP-00812,10.41,14980.9,3801.3,3849.4,0.0151,Salicylic Acid,GC-MS
SMP-00812,12.1,50696.6,9350.3,9727.9,0.0512,Chlorpheniramine,GC-MS
SMP-00813,1.22,12243.5,3131.7,3210.9,0.012,Uracil,GC-MS
SMP-00813,2.81,41714.4,7824.2,8352.3,0.0422,Acetaminophen,GC-MS
SMP-00813,4.15,101203.0,16714.0,17107.7,0.1016,Caffeine,GC-MS
SMP-00813,5.6,23054.7,5015.2,5138.2,0.0232,Aspirin,GC-MS
SMP-00813,7.24,70555.7,11449.1,11584.4,0.0703,Benzoic Acid,GC-MS
SMP-00813,8.92,30308.1,6563.5,6781.7,0.0305,Phenacetin,GC-MS
SMP-00813,10.35,18281.1,4293.4,4476.9,0.0185,Salicylic Acid,GC-MS
SMP-00813,12.09,59993.1,11110.6,11809.2,0.0614,Chlorpheniramine,GC-MS
SMP-00814,1.26,11376.1,2876.8,2963.9,0.0117,Uracil,GC-MS
SMP-00814,2.81,40122.6,7945.5,8399.6,0.0394,Acetaminophen,GC-MS
SMP-00814,4.18,91653.3,14000.4,13854.9,0.0943,Caffeine,GC-MS
SMP-00814,5.63,21681.9,4873.6,4870.9,0.021,Aspirin,GC-MS
SMP-00814,7.18,75680.8,13025.3,13834.9,0.0726,Benzoic Acid,GC-MS
SMP-00814,8.95,27841.6,5726.6,5920.7,0.0274,Phenacetin,GC-MS
SMP-00814,10.4,16334.1,3702.4,3652.7,0.0163,Salicylic Acid,GC-MS
SMP-00814,12.06,47519.4,8412.6,8833.4,0.046,Chlorpheniramine,GC-MS
SMP-00815,1.26,10994.6,2644.8,2706.8,0.0107,Uracil,GC-MS
SMP-00815,2.8,47853.5,9477.6,9658.1,0.0476,Acetaminophen,GC-MS
SMP-00815,4.17,100878.1,15706.6,15951.1,0.1014,Caffeine,GC-MS
SMP-00815,5.58,21586.1,4797.7,5117.4,0.0216,Aspirin,GC-MS
SMP-00815,7.18,68550.7,10822.2,11032.2,0.0691,Benzoic Acid,GC-MS
SMP-00815,8.95,33451.9,6476.1,6583.0,0.0336,Phenacetin,GC-MS
SMP-00815,10.41,13325.5,3039.6,3124.0,0.0132,Salicylic Acid,GC-MS
SMP-00815,12.1,56907.3,9965.9,10269.4,0.0593,Chlorpheniramine,GC-MS
SMP-00816,1.25,11621.4,2841.6,2911.5,0.0119,Uracil,GC-MS
SMP-00816,2.8,49807.9,9829.9,9994.7,0.0504,Acetaminophen,GC-MS
SMP-00816,4.11,79530.1,12658.5,13261.9,0.0773,Caffeine,GC-MS
SMP-00816,5.58,18356.7,3983.6,4135.0,0.0194,Aspirin,GC-MS
SMP-00816,7.24,63140.8,10574.1,10476.2,0.0633,Benzoic Acid,GC-MS
SMP-00816,8.9,35077.4,6901.2,6918.6,0.0355,Phenacetin,GC-MS
SMP-00816,10.45,18752.6,4552.0,4862.3,0.0184,Salicylic Acid,GC-MS
SMP-00816,12.15,53968.8,9803.5,10272.3,0.0557,Chlorpheniramine,GC-MS
SMP-00817,1.21,11966.6,2933.8,3121.5,0.012,Uracil,GC-MS
SMP-00817,2.78,48839.9,9687.6,9907.2,0.0479,Acetaminophen,GC-MS
SMP-00817,4.09,68090.4,11440.3,11910.0,0.0671,Caffeine,GC-MS
SMP-00817,5.61,23451.9,4874.0,5037.4,0.0238,Aspirin,GC-MS
SMP-00817,7.17,62964.4,11175.7,11866.3,0.0607,Benzoic Acid,GC-MS
SMP-00817,8.99,36824.1,7667.8,7887.8,0.0366,Phenacetin,GC-MS
SMP-00817,10.38,14753.5,3479.3,3591.4,0.0146,Salicylic Acid,GC-MS
SMP-00817,12.14,48678.7,9001.6,9485.0,0.0481,Chlorpheniramine,GC-MS
SMP-00818,1.24,10300.1,2632.5,2654.4,0.0104,Uracil,GC-MS
SMP-00818,2.79,49871.6,9351.7,9558.0,0.0511,Acetaminophen,GC-MS
SMP-00818,4.14,100226.6,16081.3,16356.7,0.1003,Caffeine,GC-MS
SMP-00818,5.58,19172.2,4148.0,4328.4,0.0198,Aspirin,GC-MS
SMP-00818,7.22,61725.9,10481.9,10846.1,0.061,Benzoic Acid,GC-MS
SMP-00818,8.95,28999.8,5912.0,6112.7,0.0279,Phenacetin,GC-MS
SMP-00818,10.36,16765.6,4250.8,4426.3,0.0171,Salicylic Acid,GC-MS
SMP-00818,12.08,59038.2,10688.3,10844.0,0.0596,Chlorpheniramine,GC-MS
SMP-00819,1.23,11095.2,2800.0,2922.0,0.0111,Uracil,GC-MS
SMP-00819,2.78,42058.5,8318.0,8730.5,0.0406,Acetaminophen,GC-MS
SMP-00819,4.16,93788.6,15271.7,15899.6,0.0944,Caffeine,GC-MS
SMP-00819,5.63,21724.1,4798.9,4885.5,0.0224,Aspirin,GC-MS
SMP-00819,7.23,75802.1,12073.4,12319.4,0.0745,Benzoic Acid,GC-MS
SMP-00819,8.95,30140.8,6086.6,6324.8,0.0298,Phenacetin,GC-MS
SMP-00819,10.37,15340.7,3756.7,3759.4,0.0151,Salicylic Acid,GC-MS
SMP-00819,12.08,53432.9,9940.8,9964.5,0.0531,Chlorpheniramine,GC-MS
SMP-00820,1.2,12166.2,3288.2,3416.8,0.0123,Uracil,GC-MS
SMP-00820,2.8,47029.1,8823.4,9104.9,0.0464,Acetaminophen,GC-MS
SMP-00820,4.11,84763.4,13630.7,13807.9,0.0861,Caffeine,GC-MS
SMP-00820,5.61,23866.2,5130.4,5275.4,0.0237,Aspirin,GC-MS
SMP-00820,7.18,64782.2,10879.7,11198.8,0.0663,Benzoic Acid,GC-MS
SMP-00820,8.98,109399.2,26225.9,25581.8,0.1089,Phenacetin,GC-MS
SMP-00820,10.39,17398.4,4155.9,4481.5,0.018,Salicylic Acid,GC-MS
SMP-00820,12.15,52679.3,9499.2,9687.3,0.0532,Chlorpheniramine,GC-MS
SMP-00821,1.24,12320.5,3086.4,3235.7,0.0123,Uracil,GC-MS
SMP-00821,2.81,233344.4,45490.0,40816.2,0.2315,Acetaminophen,GC-MS
SMP-00821,4.19,93598.9,15285.3,16119.3,0.0903,Caffeine,GC-MS
SMP-00821,5.56,20561.8,4584.8,4693.5,0.0208,Aspirin,GC-MS
SMP-00821,7.18,69815.6,11471.9,11861.0,0.0704,Benzoic Acid,GC-MS
SMP-00821,8.89,31541.8,6649.1,6820.7,0.0316,Phenacetin,GC-MS
SMP-00821,10.4,12077.2,2843.3,2897.2,0.0118,Salicylic Acid,GC-MS
SMP-00821,12.15,56714.9,10397.1,10764.8,0.0567,Chlorpheniramine,GC-MS
SMP-00822,1.16,11278.4,2930.2,2966.4,0.0113,Uracil,GC-MS
SMP-00822,2.77,35718.9,7194.5,7297.7,0.036,Acetaminophen,GC-MS
SMP-00822,4.18,103008.8,17171.9,17147.7,0.1031,Caffeine,GC-MS
SMP-00822,5.62,22748.5,5103.8,5173.0,0.0219,Aspirin,GC-MS
SMP-00822,7.23,59734.5,10743.1,10917.7,0.0597,Benzoic Acid,GC-MS
SMP-00822,8.92,31098.7,6325.7,6486.4,0.0314,Phenacetin,GC-MS
SMP-00822,10.4,15015.1,3595.3,3634.4,0.0153,Salicylic Acid,GC-MS
SMP-00822,12.06,51699.3,9568.1,9594.5,0.0496,Chlorpheniramine,GC-MS
SMP-00823,1.24,13561.4,3666.3,3950.0,0.0136,Uracil,GC-MS
SMP-00823,2.79,42092.1,7914.2,8336.9,0.0422,Acetaminophen,GC-MS
SMP-00823,4.15,82893.7,12912.7,13061.4,0.0819,Caffeine,GC-MS
SMP-00823,5.6,22384.0,4925.5,5092.0,0.022,Aspirin,GC-MS
SMP-00823,7.23,60602.8,10617.4,10749.8,0.0612,Benzoic Acid,GC-MS
SMP-00823,8.92,32787.7,6508.5,6678.6,0.0333,Phenacetin,GC-MS
SMP-00823,10.39,17260.2,4251.9,4492.4,0.0173,Salicylic Acid,GC-MS
SMP-00823,12.13,55550.9,9605.2,9636.3,0.0545,Chlorpheniramine,GC-MS
SMP-00824,1.24,12110.8,3147.4,3339.5,0.0119,Uracil,GC-MS
SMP-00824,2.8,39995.6,7538.2,7918.9,0.0394,Acetaminophen,GC-MS
SMP-00824,4.14,76436.1,12582.9,12963.0,0.0746,Caffeine,GC-MS
SMP-00824,5.6,22304.6,4772.1,4774.3,0.023,Aspirin,GC-MS
SMP-00824,7.21,62866.2,9867.7,10051.8,0.063,Benzoic Acid,GC-MS
SMP-00824,8.93,33153.8,6807.6,7052.7,0.0328,Phenacetin,GC-MS
SMP-00824,10.44,12901.6,3304.4,3384.4,0.0124,Salicylic Acid,GC-MS
SMP-00824,12.09,57949.5,10544.9,10917.8,0.0572,Chlorpheniramine,GC-MS
SMP-00825,1.27,11882.9,3063.5,3097.0,0.0119,Uracil,GC-MS
SMP-00825,2.81,52492.0,9703.9,10264.9,0.0526,Acetaminophen,GC-MS
SMP-00825,4.1,66852.5,11527.1,11898.0,0.0673,Caffeine,GC-MS
SMP-00825,5.58,21118.8,4634.7,4650.0,0.0225,Aspirin,GC-MS
SMP-00825,7.21,69621.0,12084.3,12298.3,0.0711,Benzoic Acid,GC-MS
SMP-00825,8.92,33621.9,6809.7,7213.2,0.0323,Phenacetin,GC-MS
SMP-00825,10.4,14915.6,3730.7,3789.5,0.015,Salicylic Acid,GC-MS
SMP-00825,12.04,56278.0,10048.3,10248.5,0.0566,Chlorpheniramine,GC-MS
SMP-00826,1.3,12616.7,3085.7,3123.2,0.0128,Uracil,GC-MS
SMP-00826,2.75,46970.3,9516.2,9466.1,0.0453,Acetaminophen,GC-MS
SMP-00826,4.12,89963.3,15098.9,15243.4,0.0909,Caffeine,GC-MS
SMP-00826,5.61,26158.1,5905.0,6216.4,0.0261,Aspirin,GC-MS
SMP-00826,7.18,65533.8,10751.9,10926.5,0.0639,Benzoic Acid,GC-MS
SMP-00826,8.96,29799.5,6355.3,6690.0,0.0301,Phenacetin,GC-MS
SMP-00826,10.38,13259.4,3288.7,3311.9,0.013,Salicylic Acid,GC-MS
SMP-00826,12.12,50757.3,9242.1,9514.1,0.0509,Chlorpheniramine,GC-MS
SMP-00827,1.23,11761.0,3076.7,3105.5,0.0121,Uracil,GC-MS
SMP-00827,2.8,47792.8,9907.1,10380.7,0.0486,Acetaminophen,GC-MS
SMP-00827,4.14,84023.5,13652.7,14133.8,0.0843,Caffeine,GC-MS
SMP-00827,5.64,23439.3,4796.0,4961.9,0.0228,Aspirin,GC-MS
SMP-00827,7.14,53968.9,8524.4,8377.4,0.053,Benzoic Acid,GC-MS
SMP-00827,8.91,30985.7,6391.2,6737.5,0.0311,Phenacetin,GC-MS
SMP-00827,10.37,15284.8,3690.4,3824.2,0.0155,Salicylic Acid,GC-MS
SMP-00827,12.11,48841.8,8119.6,8191.9,0.0487,Chlorpheniramine,GC-MS
SMP-00828,1.23,12815.1,3305.7,3395.2,0.0123,Uracil,GC-MS
SMP-00828,2.81,45013.8,8922.5,8979.9,0.0451,Acetaminophen,GC-MS
SMP-00828,4.14,89284.6,14640.2,14989.2,0.0908,Caffeine,GC-MS
SMP-00828,5.62,22594.5,4953.4,5049.2,0.0217,Aspirin,GC-MS
SMP-00828,7.2,73604.3,11945.1,12370.2,0.0721,Benzoic Acid,GC-MS
SMP-00828,8.97,28624.8,5927.0,6026.9,0.0295,Phenacetin,GC-MS
SMP-00828,10.4,16902.6,4176.0,4295.4,0.0168,Salicylic Acid,GC-MS
SMP-00828,12.13,56439.7,10219.3,10469.0,0.0561,Chlorpheniramine,GC-MS
SMP-00829,1.28,11867.0,3058.2,3265.4,0.0121,Uracil,GC-MS
SMP-00829,2.85,37867.8,7260.3,7711.8,0.0364,Acetaminophen,GC-MS
SMP-00829,4.19,95092.5,15567.5,15978.4,0.094,Caffeine,GC-MS
SMP-00829,5.6,25747.4,5634.8,5906.3,0.0257,Aspirin,GC-MS
SMP-00829,7.22,59565.2,9853.1,10023.6,0.0577,Benzoic Acid,GC-MS
SMP-00829,8.95,30881.4,6273.3,6550.1,0.0328,Phenacetin,GC-MS
SMP-00829,10.48,15612.2,4023.5,4161.7,0.0152,Salicylic Acid,GC-MS
SMP-00829,12.07,56048.9,9730.4,10099.7,0.0568,Chlorpheniramine,GC-MS
SMP-00830,1.27,11979.0,3022.3,3034.9,0.0118,Uracil,GC-MS
SMP-00830,2.77,54485.5,10537.8,10739.7,0.0538,Acetaminophen,GC-MS
SMP-00830,4.19,91665.9,14182.8,14799.1,0.0922,Caffeine,GC-MS
SMP-00830,5.58,17832.4,3982.9,4062.1,0.0185,Aspirin,GC-MS
SMP-00830,7.2,71086.4,11943.9,12539.0,0.0704,Benzoic Acid,GC-MS
SMP-00830,8.95,31390.7,6450.2,6541.2,0.0315,Phenacetin,GC-MS
SMP-00830,10.37,15787.5,3802.8,3835.3,0.0157,Salicylic Acid,GC-MS
SMP-00830,12.12,48645.3,8747.9,8985.3,0.0489,Chlorpheniramine,GC-MS
SMP-00831,1.21,10227.8,2578.8,2649.2,0.0102,Uracil,GC-MS
SMP-00831,2.85,42852.8,8596.1,9006.3,0.0435,Acetaminophen,GC-MS
SMP-00831,4.16,90115.3,14156.0,14649.3,0.0911,Caffeine,GC-MS
SMP-00831,5.57,21988.0,4830.6,5031.3,0.0221,Aspirin,GC-MS
SMP-00831,7.21,64557.2,10835.0,11213.9,0.0648,Benzoic Acid,GC-MS
SMP-00831,9.0,34602.3,7047.6,7212.9,0.0342,Phenacetin,GC-MS
SMP-00831,10.4,15656.5,3995.9,4032.4,0.016,Salicylic Acid,GC-MS
SMP-00831,12.03,52772.6,10100.2,10308.3,0.0537,Chlorpheniramine,GC-MS
SMP-00832,1.24,13188.9,3414.6,3468.0,0.0129,Uracil,GC-MS
SMP-00832,2.82,53590.0,10585.1,10827.9,0.0532,Acetaminophen,GC-MS
SMP-00832,4.15,86307.9,13603.9,13829.5,0.0872,Caffeine,GC-MS
SMP-00832,5.62,24604.2,5781.8,5993.4,0.0245,Aspirin,GC-MS
SMP-00832,7.17,60314.2,10051.9,10449.7,0.0608,Benzoic Acid,GC-MS
SMP-00832,8.98,30055.0,6436.4,6591.6,0.03,Phenacetin,GC-MS
SMP-00832,10.44,14661.4,3647.7,3807.1,0.0147,Salicylic Acid,GC-MS
SMP-00832,12.09,51344.4,9072.1,9226.9,0.0522,Chlorpheniramine,GC-MS
SMP-00833,1.26,11333.7,2798.1,2896.3,0.0116,Uracil,GC-MS
SMP-00833,2.82,42778.3,8307.5,8523.6,0.0415,Acetaminophen,GC-MS
SMP-00833,4.16,94869.7,16056.3,16634.1,0.0943,Caffeine,GC-MS
SMP-00833,5.6,23615.8,5224.0,5399.4,0.0234,Aspirin,GC-MS
SMP-00833,7.2,66688.9,11097.0,11763.1,0.0663,Benzoic Acid,GC-MS
SMP-00833,8.97,34611.9,7072.6,7145.6,0.0344,Phenacetin,GC-MS
SMP-00833,10.42,16984.8,4034.8,4068.7,0.0169,Salicylic Acid,GC-MS
SMP-00833,12.06,63583.5,11145.7,11588.0,0.0629,Chlorpheniramine,GC-MS
SMP-00834,1.22,13942.0,3585.9,3799.5,0.014,Uracil,GC-MS
SMP-00834,2.75,36927.4,7404.6,7690.2,0.0344,Acetaminophen,GC-MS
SMP-00834,4.2,82571.8,14243.8,14885.0,0.0825,Caffeine,GC-MS
SMP-00834,5.59,24944.0,5323.9,5388.6,0.0252,Aspirin,GC-MS
SMP-00834,7.22,66831.1,11989.7,12075.1,0.0684,Benzoic Acid,GC-MS
SMP-00834,8.91,29290.5,6247.4,6446.0,0.0302,Phenacetin,GC-MS
SMP-00834,10.38,17345.6,4293.7,4484.2,0.0167,Salicylic Acid,GC-MS
SMP-00834,12.17,52977.3,9714.5,10186.0,0.0533,Chlorpheniramine,GC-MS
SMP-00835,1.27,12132.0,3127.5,3192.1,0.0122,Uracil,GC-MS
SMP-00835,2.83,43975.0,8189.1,8103.2,0.0431,Acetaminophen,GC-MS
SMP-00835,4.13,90160.0,14608.6,14925.6,0.0925,Caffeine,GC-MS
SMP-00835,5.62,19037.2,4039.5,4171.6,0.0187,Aspirin,GC-MS
SMP-00835,7.21,77326.1,13175.4,13521.8,0.0782,Benzoic Acid,GC-MS
SMP-00835,8.95,22172.4,4341.2,4399.0,0.0212,Phenacetin,GC-MS
SMP-00835,10.36,16197.9,3776.6,3917.5,0.0166,Salicylic Acid,GC-MS
SMP-00835,12.06,52223.3,9497.5,9993.7,0.0526,Chlorpheniramine,GC-MS
SMP-00836,1.28,12473.2,3321.4,3392.2,0.0123,Uracil,GC-MS
SMP-00836,2.76,32233.8,6488.4,6788.5,0.0334,Acetaminophen,GC-MS
SMP-00836,4.11,77452.1,13199.4,13464.2,0.0782,Caffeine,GC-MS
SMP-00836,5.61,21414.9,4643.8,4693.1,0.0208,Aspirin,GC-MS
SMP-00836,7.24,70446.8,11934.6,12298.7,0.0703,Benzoic Acid,GC-MS
SMP-00836,8.91,30099.4,6384.7,6539.3,0.0303,Phenacetin,GC-MS
SMP-00836,10.41,17274.6,4316.3,4448.5,0.0169,Salicylic Acid,GC-MS
SMP-00836,12.12,54996.9,10081.7,10107.3,0.0562,Chlorpheniramine,GC-MS
SMP-00837,1.25,11955.3,3007.7,3160.6,0.0117,Uracil,GC-MS
SMP-00837,2.82,42659.2,8344.8,8652.4,0.0418,Acetaminophen,GC-MS
SMP-00837,4.15,101715.8,16405.6,16855.2,0.1024,Caffeine,GC-MS
SMP-00837,5.57,24161.0,5475.2,5682.7,0.0236,Aspirin,GC-MS
SMP-00837,7.22,62457.4,10616.3,10691.9,0.0643,Benzoic Acid,GC-MS
SMP-00837,8.91,25476.6,5311.3,5423.7,0.0247,Phenacetin,GC-MS
SMP-00837,10.45,16482.0,4106.0,4306.7,0.0163,Salicylic Acid,GC-MS
SMP-00837,12.14,52709.4,9420.0,9759.0,0.0513,Chlorpheniramine,GC-MS
SMP-00838,1.29,15194.7,3908.4,3951.8,0.0152,Uracil,GC-MS
SMP-00838,2.76,58216.7,11392.2,11761.8,0.0591,Acetaminophen,GC-MS
SMP-00838,4.17,98165.0,15902.8,15496.4,0.101,Caffeine,GC-MS
SMP-00838,5.61,23064.3,5404.2,5742.2,0.0227,Aspirin,GC-MS
SMP-00838,7.21,59501.4,10490.2,10622.4,0.0591,Benzoic Acid,GC-MS
SMP-00838,8.92,34876.2,7544.5,7651.3,0.035,Phenacetin,GC-MS
SMP-00838,10.37,15618.0,3631.4,3750.3,0.0153,Salicylic Acid,GC-MS
SMP-00838,12.05,60569.9,10677.9,11002.7,0.0587,Chlorpheniramine,GC-MS
SMP-00839,1.28,12671.2,3493.7,3686.4,0.0128,Uracil,GC-MS
SMP-00839,2.82,43437.9,8764.4,9116.5,0.0428,Acetaminophen,GC-MS
SMP-00839,4.13,76073.0,12187.5,12508.1,0.0776,Caffeine,GC-MS
SMP-00839,5.6,25213.5,5522.1,5681.2,0.025,Aspirin,GC-MS
SMP-00839,7.22,67658.5,11690.7,12197.7,0.0668,Benzoic Acid,GC-MS
SMP-00839,9.0,34142.3,7201.6,7487.4,0.034,Phenacetin,GC-MS
SMP-00839,10.37,15094.2,3578.6,3618.2,0.0155,Salicylic Acid,GC-MS
SMP-00839,12.12,50667.8,9175.0,9600.6,0.0509,Chlorpheniramine,GC-MS
SMP-00840,1.24,13792.1,3521.0,3609.0,0.0145,Uracil,GC-MS
SMP-00840,2.78,47994.5,8859.3,9237.1,0.048,Acetaminophen,GC-MS
SMP-00840,4.14,86661.3,14236.6,15039.9,0.0868,Caffeine,GC-MS
SMP-00840,5.65,23283.5,5150.4,5164.6,0.0232,Aspirin,GC-MS
SMP-00840,7.16,52939.4,9168.9,9262.4,0.0542,Benzoic Acid,GC-MS
SMP-00840,8.96,30291.4,6079.0,6289.0,0.0311,Phenacetin,GC-MS
SMP-00840,10.4,13084.2,3294.0,3382.8,0.0129,Salicylic Acid,GC-MS
SMP-00840,12.12,54739.2,9566.8,9847.6,0.0553,Chlorpheniramine,GC-MS
SMP-00841,1.29,10605.5,2736.5,2866.9,0.0103,Uracil,GC-MS
SMP-00841,2.81,43175.1,8601.2,8995.6,0.0421,Acetaminophen,GC-MS
SMP-00841,4.13,87850.3,14759.1,15411.9,0.0891,Caffeine,GC-MS
SMP-00841,5.58,22716.0,4661.8,4785.8,0.0236,Aspirin,GC-MS
SMP-00841,7.15,70652.3,11235.7,11447.2,0.0728,Benzoic Acid,GC-MS
SMP-00841,8.96,29977.7,6335.9,6495.4,0.0303,Phenacetin,GC-MS
SMP-00841,10.37,14841.9,3630.6,3689.5,0.0154,Salicylic Acid,GC-MS
SMP-00841,12.11,51818.5,9618.0,10239.0,0.0537,Chlorpheniramine,GC-MS
SMP-00842,1.26,12207.3,3193.1,3375.6,0.0127,Uracil,GC-MS
SMP-00842,2.76,43868.8,8619.7,8860.6,0.0444,Acetaminophen,GC-MS
SMP-00842,4.13,90424.3,14643.3,15057.2,0.0886,Caffeine,GC-MS
SMP-00842,5.59,78943.8,15180.3,17336.7,0.0791,Aspirin,GC-MS
SMP-00842,7.19,66295.0,11108.5,11844.5,0.065,Benzoic Acid,GC-MS
SMP-00842,8.95,26288.2,5122.9,5367.0,0.0258,Phenacetin,GC-MS
SMP-00842,10.36,18293.1,4385.5,4626.7,0.0183,Salicylic Acid,GC-MS
SMP-00842,12.08,56576.6,9852.2,10188.3,0.0569,Chlorpheniramine,GC-MS
SMP-00843,1.22,12989.0,3388.0,3352.8,0.0133,Uracil,GC-MS
SMP-00843,2.89,47569.5,9246.9,9400.2,0.0465,Acetaminophen,GC-MS
SMP-00843,4.12,95584.2,15715.5,15863.2,0.0931,Caffeine,GC-MS
SMP-00843,5.63,23539.9,5130.8,5425.4,0.0233,Aspirin,GC-MS
SMP-00843,7.21,68306.9,10872.4,11343.8,0.0697,Benzoic Acid,GC-MS
SMP-00843,8.96,28613.6,5569.9,5713.6,0.0285,Phenacetin,GC-MS
SMP-00843,10.38,14704.7,3608.1,3695.4,0.0148,Salicylic Acid,GC-MS
SMP-00843,12.09,58864.9,11157.0,11554.8,0.0575,Chlorpheniramine,GC-MS
SMP-00844,1.2,11264.9,2979.7,3153.7,0.0113,Uracil,GC-MS
SMP-00844,2.8,46793.6,9163.2,9141.6,0.0463,Acetaminophen,GC-MS
SMP-00844,4.11,81286.3,12965.1,13793.9,0.0807,Caffeine,GC-MS
SMP-00844,5.56,22969.4,5061.6,5143.4,0.0225,Aspirin,GC-MS
SMP-00844,7.2,64675.8,10691.1,10935.8,0.0663,Benzoic Acid,GC-MS
SMP-00844,8.94,26854.2,5389.9,5642.6,0.0262,Phenacetin,GC-MS
SMP-00844,10.42,18786.4,4741.1,5077.8,0.0189,Salicylic Acid,GC-MS
SMP-00844,12.13,53369.6,10246.8,10493.8,0.0539,Chlorpheniramine,GC-MS
SMP-00845,1.2,14454.7,3621.8,3806.8,0.0144,Uracil,GC-MS
SMP-00845,2.79,35948.3,7353.0,7620.2,0.0366,Acetaminophen,GC-MS
SMP-00845,4.15,90522.2,16164.0,16336.9,0.0932,Caffeine,GC-MS
SMP-00845,5.55,24725.5,5405.5,5830.1,0.0246,Aspirin,GC-MS
SMP-00845,7.23,66887.3,10830.2,11202.3,0.0652,Benzoic Acid,GC-MS
SMP-00845,8.93,31475.6,6500.0,6482.4,0.0308,Phenacetin,GC-MS
SMP-00845,10.4,14335.4,3542.3,3661.8,0.0138,Salicylic Acid,GC-MS
SMP-00845,12.06,55458.5,9572.5,10244.8,0.0564,Chlorpheniramine,GC-MS
SMP-00846,1.31,11638.4,3285.9,3300.8,0.0118,Uracil,GC-MS
SMP-00846,2.85,40502.5,7399.8,7586.5,0.0401,Acetaminophen,GC-MS
SMP-00846,4.15,86597.1,14493.5,15352.2,0.0873,Caffeine,GC-MS
SMP-00846,5.58,26914.6,6144.3,6091.6,0.027,Aspirin,GC-MS
SMP-00846,7.23,73536.7,11734.9,11849.8,0.0744,Benzoic Acid,GC-MS
SMP-00846,8.95,26617.0,5450.3,5718.7,0.0259,Phenacetin,GC-MS
SMP-00846,10.39,16168.2,4062.3,4031.6,0.0164,Salicylic Acid,GC-MS
SMP-00846,12.14,51939.0,9335.6,9572.9,0.0522,Chlorpheniramine,GC-MS
SMP-00847,1.27,12994.8,3265.4,3308.6,0.0132,Uracil,GC-MS
SMP-00847,2.84,44923.8,8991.6,9712.0,0.0437,Acetaminophen,GC-MS
SMP-00847,4.14,89499.4,14630.2,15858.6,0.091,Caffeine,GC-MS
SMP-00847,5.61,18941.6,4393.9,4534.9,0.0191,Aspirin,GC-MS
SMP-00847,7.16,54607.3,9203.1,9482.3,0.0573,Benzoic Acid,GC-MS
SMP-00847,8.96,33328.5,6762.6,7104.0,0.0319,Phenacetin,GC-MS
SMP-00847,10.4,14273.7,3595.8,3834.0,0.0146,Salicylic Acid,GC-MS
SMP-00847,12.14,52939.7,9055.6,9093.7,0.0541,Chlorpheniramine,GC-MS
SMP-00848,1.22,12271.2,3145.7,3210.9,0.0124,Uracil,GC-MS
SMP-00848,2.82,40453.9,8458.4,8593.7,0.0415,Acetaminophen,GC-MS
SMP-00848,4.15,97344.2,15468.1,16056.3,0.0984,Caffeine,GC-MS
SMP-00848,5.57,23229.2,5305.7,5536.6,0.0223,Aspirin,GC-MS
SMP-00848,7.18,71132.3,11235.4,11826.7,0.0723,Benzoic Acid,GC-MS
SMP-00848,9.02,30573.5,6421.0,6657.3,0.0298,Phenacetin,GC-MS
SMP-00848,10.4,14549.5,3529.9,3733.0,0.0142,Salicylic Acid,GC-MS
SMP-00848,12.08,54954.8,10013.9,10351.4,0.0531,Chlorpheniramine,GC-MS
SMP-00849,1.23,12999.4,3148.9,3213.9,0.013,Uracil,GC-MS
SMP-00849,2.77,47283.0,9018.1,9418.0,0.0484,Acetaminophen,GC-MS
SMP-00849,4.15,84826.2,13860.7,14220.7,0.0877,Caffeine,GC-MS
SMP-00849,5.65,19331.3,4148.1,4309.3,0.0194,Aspirin,GC-MS
SMP-00849,7.15,61372.2,10580.0,10663.0,0.0631,Benzoic Acid,GC-MS
SMP-00849,8.91,33535.9,6900.7,7136.2,0.0343,Phenacetin,GC-MS
SMP-00849,10.38,16595.9,4105.8,4290.1,0.0169,Salicylic Acid,GC-MS
SMP-00849,12.13,56256.5,10199.0,10406.2,0.0545,Chlorpheniramine,GC-MS
SMP-00850,1.23,12832.8,3150.1,3256.9,0.0127,Uracil,GC-MS
SMP-00850,2.81,47599.3,9162.3,9393.3,0.0469,Acetaminophen,GC-MS
SMP-00850,4.14,86499.8,13777.5,14024.0,0.089,Caffeine,GC-MS
SMP-00850,5.64,23350.3,5149.3,5040.7,0.0236,Aspirin,GC-MS
SMP-00850,7.17,58369.4,9870.9,10190.6,0.0586,Benzoic Acid,GC-MS
SMP-00850,8.99,26833.6,5633.2,5797.3,0.0265,Phenacetin,GC-MS
SMP-00850,10.39,15888.6,3789.9,4053.2,0.0161,Salicylic Acid,GC-MS
SMP-00850,12.07,47724.5,8431.6,8675.7,0.0485,Chlorpheniramine,GC-MS
SMP-00851,1.23,13493.0,3353.4,3447.0,0.0133,Uracil,GC-MS
SMP-00851,2.83,49648.6,8882.6,9144.7,0.0502,Acetaminophen,GC-MS
SMP-00851,4.22,84304.0,13539.0,13827.0,0.0829,Caffeine,GC-MS
SMP-00851,5.6,17606.3,3830.7,3863.0,0.0175,Aspirin,GC-MS
SMP-00851,7.16,64488.4,10102.6,10442.6,0.0644,Benzoic Acid,GC-MS
SMP-00851,8.93,29300.6,6240.1,6163.9,0.0288,Phenacetin,GC-MS
SMP-00851,10.39,15722.9,3993.0,4203.9,0.016,Salicylic Acid,GC-MS
SMP-00851,12.13,61078.2,11391.6,11698.3,0.0612,Chlorpheniramine,GC-MS
SMP-00852,1.18,11252.4,2796.6,2819.4,0.0114,Uracil,GC-MS
SMP-00852,2.76,48807.6,9161.3,9545.8,0.0491,Acetaminophen,GC-MS
SMP-00852,4.13,95306.4,15246.1,16111.7,0.0981,Caffeine,GC-MS
SMP-00852,5.65,20992.5,4565.5,4998.7,0.0213,Aspirin,GC-MS
SMP-00852,7.16,67547.9,11380.4,11453.3,0.0665,Benzoic Acid,GC-MS
SMP-00852,8.98,32726.5,6756.7,6977.6,0.0324,Phenacetin,GC-MS
SMP-00852,10.41,16757.6,4108.3,4123.1,0.0166,Salicylic Acid,GC-MS
SMP-00852,12.15,56931.0,9651.8,9806.3,0.057,Chlorpheniramine,GC-MS
SMP-00853,1.32,12749.3,3220.3,3201.8,0.0128,Uracil,GC-MS
SMP-00853,2.73,38684.6,7482.0,7837.5,0.0374,Acetaminophen,GC-MS
SMP-00853,4.16,97928.3,14640.7,14763.7,0.0976,Caffeine,GC-MS
SMP-00853,5.58,22300.3,5011.6,5169.7,0.0224,Aspirin,GC-MS
SMP-00853,7.21,60057.2,9874.4,9886.8,0.0616,Benzoic Acid,GC-MS
SMP-00853,9.01,31695.6,6691.8,6700.6,0.0323,Phenacetin,GC-MS
SMP-00853,10.42,16090.6,3935.4,4049.2,0.0162,Salicylic Acid,GC-MS
SMP-00853,12.09,58813.5,10684.2,11545.5,0.0586,Chlorpheniramine,GC-MS
SMP-00854,1.24,11784.6,3023.2,3091.7,0.0118,Uracil,GC-MS
SMP-00854,2.73,49163.4,10006.0,10265.0,0.0491,Acetaminophen,GC-MS
SMP-00854,4.21,99287.0,15300.2,15555.2,0.1033,Caffeine,GC-MS
SMP-00854,5.61,22348.7,4837.1,5067.9,0.0216,Aspirin,GC-MS
SMP-00854,7.26,64568.4,10759.4,11406.7,0.0666,Benzoic Acid,GC-MS
SMP-00854,8.92,28198.6,5461.1,5550.8,0.0282,Phenacetin,GC-MS
SMP-00854,10.4,15294.5,3593.2,3619.3,0.0154,Salicylic Acid,GC-MS
SMP-00854,12.06,54515.8,9759.5,9743.3,0.0552,Chlorpheniramine,GC-MS
SMP-00855,1.22,12983.6,3339.9,3318.0,0.0129,Uracil,GC-MS
SMP-00855,2.78,46507.8,9107.8,9328.7,0.0475,Acetaminophen,GC-MS
SMP-00855,4.14,95695.6,16202.7,16665.5,0.0937,Caffeine,GC-MS
SMP-00855,5.59,27034.6,6002.1,6129.0,0.0273,Aspirin,GC-MS
SMP-00855,7.24,60149.6,10037.7,10052.2,0.0605,Benzoic Acid,GC-MS
SMP-00855,8.95,25998.8,5641.6,6002.9,0.026,Phenacetin,GC-MS
SMP-00855,10.42,14022.0,3440.6,3532.7,0.0136,Salicylic Acid,GC-MS
SMP-00855,12.12,57643.9,10538.6,10693.9,0.0577,Chlorpheniramine,GC-MS
SMP-00856,1.25,11223.1,2940.6,2987.8,0.0116,Uracil,GC-MS
SMP-00856,2.77,56515.8,11090.7,11497.1,0.0577,Acetaminophen,GC-MS
SMP-00856,4.12,89382.3,14669.0,15362.6,0.0876,Caffeine,GC-MS
SMP-00856,5.66,22360.1,4922.2,4978.1,0.0224,Aspirin,GC-MS
SMP-00856,7.18,64190.2,10320.0,11137.3,0.0622,Benzoic Acid,GC-MS
SMP-00856,8.97,33379.5,6862.9,7080.8,0.0337,Phenacetin,GC-MS
SMP-00856,10.36,15750.2,3870.0,3873.7,0.0158,Salicylic Acid,GC-MS
SMP-00856,12.09,53401.9,9757.0,10250.9,0.0525,Chlorpheniramine,GC-MS
SMP-00857,1.27,13494.0,3528.3,3653.9,0.0136,Uracil,GC-MS
SMP-00857,2.81,42454.0,7837.2,7961.0,0.0424,Acetaminophen,GC-MS
SMP-00857,4.19,89703.4,15080.7,15857.9,0.0894,Caffeine,GC-MS
SMP-00857,5.58,23673.3,5151.7,5209.7,0.0228,Aspirin,GC-MS
SMP-00857,7.2,60992.4,10447.9,10796.3,0.0605,Benzoic Acid,GC-MS
SMP-00857,8.96,37444.8,7665.7,7732.9,0.0371,Phenacetin,GC-MS
SMP-00857,10.39,16791.3,4137.9,4323.5,0.0162,Salicylic Acid,GC-MS
SMP-00857,12.1,44778.9,8058.5,8167.1,0.0459,Chlorpheniramine,GC-MS
SMP-00858,1.21,12339.6,3104.6,3236.9,0.0126,Uracil,GC-MS
SMP-00858,2.83,40554.7,7689.0,8102.7,0.0395,Acetaminophen,GC-MS
SMP-00858,4.19,76790.0,12520.7,13028.5,0.078,Caffeine,GC-MS
SMP-00858,5.6,24858.8,5519.7,5710.6,0.0246,Aspirin,GC-MS
SMP-00858,7.21,71438.6,11516.5,11644.6,0.073,Benzoic Acid,GC-MS
SMP-00858,8.96,35677.2,7296.1,7421.1,0.0352,Phenacetin,GC-MS
SMP-00858,10.39,13246.2,3377.4,3379.8,0.0138,Salicylic Acid,GC-MS
SMP-00858,12.12,50415.0,9406.1,9548.5,0.052,Chlorpheniramine,GC-MS
SMP-00859,1.23,13417.3,3577.4,3632.4,0.0134,Uracil,GC-MS
SMP-00859,2.79,44522.7,8597.4,8850.4,0.0442,Acetaminophen,GC-MS
SMP-00859,4.13,96408.4,16623.1,17291.3,0.0941,Caffeine,GC-MS
SMP-00859,5.6,25766.0,5838.7,5853.8,0.0261,Aspirin,GC-MS
SMP-00859,7.21,71202.9,11933.0,12298.7,0.0747,Benzoic Acid,GC-MS
SMP-00859,9.03,24715.8,4953.3,5056.1,0.0248,Phenacetin,GC-MS
SMP-00859,10.43,15224.9,3608.6,3746.4,0.0152,Salicylic Acid,GC-MS
SMP-00859,12.15,59416.9,10881.5,11369.1,0.0598,Chlorpheniramine,GC-MS
SMP-00860,1.25,10287.0,2709.2,2837.4,0.0107,Uracil,GC-MS
SMP-00860,2.78,44137.4,8634.5,9098.1,0.0429,Acetaminophen,GC-MS
SMP-00860,4.16,80306.0,13023.5,13729.6,0.0845,Caffeine,GC-MS
SMP-00860,5.58,24603.0,5386.2,5398.5,0.024,Aspirin,GC-MS
SMP-00860,7.16,76012.2,12775.7,13257.2,0.0744,Benzoic Acid,GC-MS
SMP-00860,8.92,27011.3,5466.8,5596.5,0.0266,Phenacetin,GC-MS
SMP-00860,10.45,15916.5,3975.4,4187.6,0.0155,Salicylic Acid,GC-MS
SMP-00860,12.07,57463.7,10037.1,10125.8,0.0579,Chlorpheniramine,GC-MS
SMP-00861,1.24,11245.6,2874.0,2948.1,0.0109,Uracil,GC-MS
SMP-00861,2.74,41475.9,8236.0,8619.7,0.0416,Acetaminophen,GC-MS
SMP-00861,4.14,92625.3,14451.5,14769.1,0.095,Caffeine,GC-MS
SMP-00861,5.59,22580.0,4827.6,4957.0,0.0224,Aspirin,GC-MS
SMP-00861,7.16,67093.5,11203.8,11532.4,0.0662,Benzoic Acid,GC-MS
SMP-00861,8.93,29835.5,6148.8,6394.1,0.0296,Phenacetin,GC-MS
SMP-00861,10.4,15715.7,3828.4,3925.2,0.0154,Salicylic Acid,GC-MS
SMP-00861,12.17,48363.9,8499.1,8840.7,0.0493,Chlorpheniramine,GC-MS
SMP-00862,1.24,12657.1,3311.7,3381.0,0.0125,Uracil,GC-MS
SMP-00862,2.79,44937.9,8464.3,8688.6,0.0447,Acetaminophen,GC-MS
SMP-00862,4.17,94735.2,15680.4,15873.6,0.0923,Caffeine,GC-MS
SMP-00862,5.61,24880.2,5222.9,5516.7,0.0246,Aspirin,GC-MS
SMP-00862,7.18,78385.8,12960.7,13692.0,0.0804,Benzoic Acid,GC-MS
SMP-00862,8.98,33962.9,6810.8,7228.5,0.0337,Phenacetin,GC-MS
SMP-00862,10.42,14159.5,3469.4,3578.0,0.0139,Salicylic Acid,GC-MS
SMP-00862,12.12,59580.8,10954.7,11765.7,0.0603,Chlorpheniramine,GC-MS
SMP-00863,1.26,11292.2,2959.2,3032.6,0.0111,Uracil,GC-MS
SMP-00863,2.8,48856.2,9939.5,10347.6,0.0496,Acetaminophen,GC-MS
SMP-00863,4.11,97500.0,16061.2,16152.0,0.0968,Caffeine,GC-MS
SMP-00863,5.64,26535.1,5751.3,5983.4,0.0268,Aspirin,GC-MS
SMP-00863,7.26,62994.7,10323.7,10563.7,0.0622,Benzoic Acid,GC-MS
SMP-00863,8.92,36927.7,7368.2,7582.3,0.0362,Phenacetin,GC-MS
SMP-00863,10.37,17940.6,4390.8,4695.6,0.0179,Salicylic Acid,GC-MS
SMP-00863,12.09,244529.8,36212.9,47555.0,0.239,Chlorpheniramine,GC-MS
SMP-00864,1.21,10992.9,2900.7,3099.2,0.0108,Uracil,GC-MS
SMP-00864,2.77,45315.8,9084.5,8936.5,0.0461,Acetaminophen,GC-MS
SMP-00864,4.16,92101.2,14311.0,14672.1,0.092,Caffeine,GC-MS
SMP-00864,5.59,25053.7,5502.7,5803.2,0.0261,Aspirin,GC-MS
SMP-00864,7.19,65782.4,11213.5,11447.6,0.0665,Benzoic Acid,GC-MS
SMP-00864,9.02,31200.5,6132.9,6356.4,0.0307,Phenacetin,GC-MS
SMP-00864,10.41,17014.9,4145.5,4152.0,0.0173,Salicylic Acid,GC-MS
SMP-00864,12.11,47713.4,8730.6,8926.9,0.0473,Chlorpheniramine,GC-MS
SMP-00865,1.24,13162.2,3416.3,3518.7,0.0133,Uracil,GC-MS
SMP-00865,2.8,40719.5,8097.3,8198.5,0.0404,Acetaminophen,GC-MS
SMP-00865,4.19,95263.0,15534.7,15558.5,0.0952,Caffeine,GC-MS
SMP-00865,5.58,23779.1,5364.4,5513.5,0.0244,Aspirin,GC-MS
SMP-00865,7.18,64358.2,10541.9,10829.1,0.0632,Benzoic Acid,GC-MS
SMP-00865,8.93,35162.8,7197.6,7361.3,0.0355,Phenacetin,GC-MS
SMP-00865,10.34,13944.0,3352.2,3389.1,0.014,Salicylic Acid,GC-MS
SMP-00865,12.05,56535.5,9918.1,10132.1,0.0554,Chlorpheniramine,GC-MS
SMP-00866,1.26,10664.1,2772.0,2875.1,0.0103,Uracil,GC-MS
SMP-00866,2.78,44873.9,8893.4,8855.6,0.0436,Acetaminophen,GC-MS
SMP-00866,4.21,105650.9,17149.1,17573.7,0.1057,Caffeine,GC-MS
SMP-00866,5.54,22461.0,5131.7,5177.9,0.0224,Aspirin,GC-MS
SMP-00866,7.27,72802.0,12662.0,12941.6,0.0745,Benzoic Acid,GC-MS
SMP-00866,8.99,31358.4,6655.9,6691.4,0.0313,Phenacetin,GC-MS
SMP-00866,10.37,13912.3,3565.9,3611.1,0.0145,Salicylic Acid,GC-MS
SMP-00866,12.11,58207.4,10588.1,10521.5,0.0589,Chlorpheniramine,GC-MS
SMP-00867,1.25,12416.7,3308.0,3362.3,0.0122,Uracil,GC-MS
SMP-00867,2.83,45353.8,8751.3,9190.8,0.0447,Acetaminophen,GC-MS
SMP-00867,4.15,89121.2,14967.9,15319.3,0.0896,Caffeine,GC-MS
SMP-00867,5.59,20524.7,4435.1,4670.5,0.0209,Aspirin,GC-MS
SMP-00867,7.18,70192.2,12340.5,12279.5,0.0703,Benzoic Acid,GC-MS
SMP-00867,8.99,31330.5,6339.1,6552.9,0.0325,Phenacetin,GC-MS
SMP-00867,10.42,16723.2,3984.8,4137.3,0.0166,Salicylic Acid,GC-MS
SMP-00867,12.16,55138.3,10285.2,11045.9,0.0562,Chlorpheniramine,GC-MS
SMP-00868,1.27,11628.9,2979.9,3074.8,0.0115,Uracil,GC-MS
SMP-00868,2.76,43569.3,8655.2,9146.2,0.0436,Acetaminophen,GC-MS
SMP-00868,4.16,95106.0,15282.5,15402.7,0.0929,Caffeine,GC-MS
SMP-00868,5.58,22285.3,4890.5,5078.3,0.0228,Aspirin,GC-MS
SMP-00868,7.18,65256.3,10944.1,11351.0,0.0676,Benzoic Acid,GC-MS
SMP-00868,8.92,30121.3,6115.3,6392.0,0.0296,Phenacetin,GC-MS
SMP-00868,10.4,17498.6,4295.6,4588.3,0.0179,Salicylic Acid,GC-MS
SMP-00868,12.09,51353.7,9410.5,9416.3,0.0512,Chlorpheniramine,GC-MS
SMP-00869,1.26,14767.2,3583.0,3707.4,0.0149,Uracil,GC-MS
SMP-00869,2.77,51226.0,10236.3,10525.7,0.0494,Acetaminophen,GC-MS
SMP-00869,4.13,93578.3,15649.6,16483.8,0.092,Caffeine,GC-MS
SMP-00869,5.57,25970.6,5792.7,5867.0,0.0249,Aspirin,GC-MS
SMP-00869,7.19,50988.9,8883.9,9099.6,0.0513,Benzoic Acid,GC-MS
SMP-00869,8.96,29358.2,5984.3,6261.2,0.0294,Phenacetin,GC-MS
SMP-00869,10.43,17054.8,4136.7,4262.2,0.0165,Salicylic Acid,GC-MS
SMP-00869,12.1,54545.9,10056.0,10329.3,0.0541,Chlorpheniramine,GC-MS
SMP-00870,1.27,12738.0,3351.4,3541.6,0.0132,Uracil,GC-MS
SMP-00870,2.82,50719.9,9836.5,9771.6,0.0504,Acetaminophen,GC-MS
SMP-00870,4.15,93208.3,15750.0,16120.5,0.0972,Caffeine,GC-MS
SMP-00870,5.59,20352.0,4682.0,4922.8,0.0215,Aspirin,GC-MS
SMP-00870,7.2,66159.4,10870.4,11014.6,0.0676,Benzoic Acid,GC-MS
SMP-00870,8.92,28576.8,6021.1,6260.1,0.0299,Phenacetin,GC-MS
SMP-00870,10.36,14690.4,3590.6,3574.4,0.0151,Salicylic Acid,GC-MS
SMP-00870,12.07,60516.5,10350.7,10515.0,0.0617,Chlorpheniramine,GC-MS
SMP-00871,1.28,12574.8,3455.8,3445.5,0.0125,Uracil,GC-MS
SMP-00871,2.83,49261.6,9461.5,9963.7,0.0521,Acetaminophen,GC-MS
SMP-00871,4.13,97843.7,15903.7,16010.8,0.0948,Caffeine,GC-MS
SMP-00871,5.56,20737.7,4582.7,4709.9,0.0205,Aspirin,GC-MS
SMP-00871,7.18,69150.3,12179.7,12683.5,0.0696,Benzoic Acid,GC-MS
SMP-00871,8.97,30707.3,6406.0,6522.6,0.0303,Phenacetin,GC-MS
SMP-00871,10.42,15589.5,3633.3,3618.0,0.0157,Salicylic Acid,GC-MS
SMP-00871,12.1,52294.1,9760.5,9935.8,0.0526,Chlorpheniramine,GC-MS
SMP-00872,1.32,12913.3,3384.7,3403.2,0.0132,Uracil,GC-MS
SMP-00872,2.84,51289.4,9937.3,9728.0,0.0528,Acetaminophen,GC-MS
SMP-00872,4.17,91873.7,14081.7,14633.8,0.0918,Caffeine,GC-MS
SMP-00872,5.61,21861.9,4871.7,4918.3,0.0213,Aspirin,GC-MS
SMP-00872,7.23,58865.2,9623.1,9967.6,0.0577,Benzoic Acid,GC-MS
SMP-00872,9.0,34650.0,7111.5,7401.4,0.035,Phenacetin,GC-MS
SMP-00872,10.4,16290.4,3731.8,3784.0,0.0165,Salicylic Acid,GC-MS
SMP-00872,12.13,55267.8,10098.7,9994.3,0.056,Chlorpheniramine,GC-MS
SMP-00873,1.26,11816.0,2934.2,3038.5,0.0119,Uracil,GC-MS
SMP-00873,2.79,36649.1,7245.4,7555.2,0.0367,Acetaminophen,GC-MS
SMP-00873,4.14,100845.2,16480.2,17709.8,0.0976,Caffeine,GC-MS
SMP-00873,5.6,21406.6,4534.5,4582.4,0.0211,Aspirin,GC-MS
SMP-00873,7.21,74168.3,12317.9,12572.4,0.0733,Benzoic Acid,GC-MS
SMP-00873,8.97,33627.7,6587.4,6827.5,0.0331,Phenacetin,GC-MS
SMP-00873,10.42,15536.5,3755.7,3992.3,0.0156,Salicylic Acid,GC-MS
SMP-00873,12.14,54796.7,9854.8,10243.0,0.0544,Chlorpheniramine,GC-MS
SMP-00874,1.25,13520.1,3588.7,3752.0,0.0133,Uracil,GC-MS
SMP-00874,2.79,41767.5,7768.1,7705.0,0.0413,Acetaminophen,GC-MS
SMP-00874,4.12,86941.1,13806.7,14621.8,0.0874,Caffeine,GC-MS
SMP-00874,5.65,25886.5,5745.8,5957.6,0.0259,Aspirin,GC-MS
SMP-00874,7.19,64491.0,11185.7,11549.8,0.0647,Benzoic Acid,GC-MS
SMP-00874,8.92,28709.3,5880.9,6119.7,0.0287,Phenacetin,GC-MS
SMP-00874,10.38,14850.3,3578.4,3651.3,0.0149,Salicylic Acid,GC-MS
SMP-00874,12.13,48030.9,9080.9,9040.5,0.0497,Chlorpheniramine,GC-MS
SMP-00875,1.27,10110.6,2503.6,2532.1,0.0103,Uracil,GC-MS
SMP-00875,2.78,40253.9,7785.0,8062.7,0.0398,Acetaminophen,GC-MS
SMP-00875,4.19,85501.8,13866.0,14630.0,0.0872,Caffeine,GC-MS
SMP-00875,5.56,21838.9,4775.2,4861.1,0.0212,Aspirin,GC-MS
SMP-00875,7.2,65631.3,10640.5,11298.7,0.0671,Benzoic Acid,GC-MS
SMP-00875,8.91,32586.5,7122.8,7339.7,0.0327,Phenacetin,GC-MS
SMP-00875,10.42,14342.8,3641.1,3804.0,0.0146,Salicylic Acid,GC-MS
SMP-00875,12.11,59054.0,10698.9,10735.5,0.0587,Chlorpheniramine,GC-MS
SMP-00876,1.22,10060.6,2570.3,2692.6,0.01,Uracil,GC-MS
SMP-00876,2.81,44958.0,8353.6,8579.6,0.0446,Acetaminophen,GC-MS
SMP-00876,4.14,90708.2,15378.9,15980.1,0.089,Caffeine,GC-MS
SMP-00876,5.63,23077.4,5156.8,5288.2,0.0229,Aspirin,GC-MS
SMP-00876,7.22,67202.0,10953.8,11235.6,0.0678,Benzoic Acid,GC-MS
SMP-00876,9.03,28635.2,6194.0,6201.1,0.0301,Phenacetin,GC-MS
SMP-00876,10.44,13798.8,3251.2,3360.5,0.0132,Salicylic Acid,GC-MS
SMP-00876,12.12,53010.2,10194.1,10468.5,0.0537,Chlorpheniramine,GC-MS
SMP-00877,1.29,12241.4,3242.6,3376.5,0.0124,Uracil,GC-MS
SMP-00877,2.81,42299.9,8685.4,9178.4,0.0424,Acetaminophen,GC-MS
SMP-00877,4.18,84022.9,13276.4,14034.1,0.0834,Caffeine,GC-MS
SMP-00877,5.62,19222.2,3977.4,4271.7,0.0188,Aspirin,GC-MS
SMP-00877,7.19,67262.7,11769.9,12044.3,0.0692,Benzoic Acid,GC-MS
SMP-00877,8.95,32751.0,6481.0,6666.2,0.0329,Phenacetin,GC-MS
SMP-00877,10.41,14255.1,3406.8,3540.8,0.0146,Salicylic Acid,GC-MS
SMP-00877,12.16,52781.8,9000.9,9240.5,0.0529,Chlorpheniramine,GC-MS
SMP-00878,1.22,11931.8,3028.5,3121.6,0.0117,Uracil,GC-MS
SMP-00878,2.77,50220.9,9790.5,10233.8,0.0495,Acetaminophen,GC-MS
SMP-00878,4.19,101813.8,16762.9,17867.8,0.1012,Caffeine,GC-MS
SMP-00878,5.62,24486.0,5184.4,5291.6,0.025,Aspirin,GC-MS
SMP-00878,7.21,70027.6,11336.5,11570.7,0.0713,Benzoic Acid,GC-MS
SMP-00878,8.95,33910.9,7418.7,7594.3,0.0334,Phenacetin,GC-MS
SMP-00878,10.42,14701.0,3669.8,3793.4,0.0149,Salicylic Acid,GC-MS
SMP-00878,12.15,51853.2,10037.9,10621.9,0.0515,Chlorpheniramine,GC-MS
SMP-00879,1.26,12990.8,3282.1,3430.3,0.0132,Uracil,GC-MS
SMP-00879,2.77,51712.8,10013.3,10116.1,0.0523,Acetaminophen,GC-MS
SMP-00879,4.16,91656.8,15222.0,15910.5,0.091,Caffeine,GC-MS
SMP-00879,5.6,25937.4,5808.9,5916.4,0.0261,Aspirin,GC-MS
SMP-00879,7.17,63571.1,11210.0,11477.3,0.065,Benzoic Acid,GC-MS
SMP-00879,8.93,30389.2,6294.1,6824.8,0.0313,Phenacetin,GC-MS
SMP-00879,10.48,15057.4,3796.1,3936.3,0.0143,Salicylic Acid,GC-MS
SMP-00879,12.07,56921.9,10915.2,11107.4,0.0567,Chlorpheniramine,GC-MS
SMP-00880,1.2,14668.0,3735.6,3812.0,0.0146,Uracil,GC-MS
SMP-00880,2.75,51296.8,9972.9,10464.6,0.0521,Acetaminophen,GC-MS
SMP-00880,4.14,86530.9,13418.3,13799.1,0.0846,Caffeine,GC-MS
SMP-00880,5.58,22671.1,4930.1,5120.2,0.0227,Aspirin,GC-MS
SMP-00880,7.16,72944.0,12189.1,12703.5,0.0705,Benzoic Acid,GC-MS
SMP-00880,8.96,31810.1,6399.9,6633.3,0.031,Phenacetin,GC-MS
SMP-00880,10.39,15164.2,3593.5,3766.3,0.0155,Salicylic Acid,GC-MS
SMP-00880,12.11,50966.1,9264.6,9523.8,0.0508,Chlorpheniramine,GC-MS
SMP-00881,1.26,13530.9,3205.9,3317.4,0.0136,Uracil,GC-MS
SMP-00881,2.79,50459.1,10032.8,10542.0,0.0513,Acetaminophen,GC-MS
SMP-00881,4.17,86300.9,14142.6,14428.3,0.0835,Caffeine,GC-MS
SMP-00881,5.6,19025.3,4164.9,4318.6,0.0187,Aspirin,GC-MS
SMP-00881,7.24,68253.0,10891.2,11509.7,0.0711,Benzoic Acid,GC-MS
SMP-00881,8.96,27281.1,5400.8,5491.5,0.0288,Phenacetin,GC-MS
SMP-00881,10.39,13417.0,3390.6,3483.2,0.0135,Salicylic Acid,GC-MS
SMP-00881,12.1,52365.1,9551.2,9594.2,0.0511,Chlorpheniramine,GC-MS
SMP-00882,1.24,12936.0,3276.1,3346.0,0.0131,Uracil,GC-MS
SMP-00882,2.85,47571.1,9478.1,9727.2,0.0451,Acetaminophen,GC-MS
SMP-00882,4.16,87408.7,14104.3,14847.2,0.0897,Caffeine,GC-MS
SMP-00882,5.58,20834.5,4644.9,4733.0,0.0207,Aspirin,GC-MS
SMP-00882,7.2,74577.9,12845.7,13193.5,0.0763,Benzoic Acid,GC-MS
SMP-00882,8.94,33511.2,7136.7,7183.9,0.0328,Phenacetin,GC-MS
SMP-00882,10.35,16341.2,4012.0,4018.2,0.0164,Salicylic Acid,GC-MS
SMP-00882,12.05,54319.0,9496.5,9889.9,0.0539,Chlorpheniramine,GC-MS
SMP-00883,1.24,12667.8,3187.1,3361.2,0.0127,Uracil,GC-MS
SMP-00883,2.78,38153.6,7321.8,7539.0,0.038,Acetaminophen,GC-MS
SMP-00883,4.15,83172.2,12963.8,13574.2,0.0819,Caffeine,GC-MS
SMP-00883,5.58,20920.5,4907.7,5094.5,0.0208,Aspirin,GC-MS
SMP-00883,7.21,59205.6,9799.1,9980.2,0.0563,Benzoic Acid,GC-MS
SMP-00883,8.96,28253.8,5654.5,5768.3,0.0275,Phenacetin,GC-MS
SMP-00883,10.33,16575.3,4015.3,4139.2,0.017,Salicylic Acid,GC-MS
SMP-00883,12.1,58784.9,10765.2,10993.1,0.0574,Chlorpheniramine,GC-MS
SMP-00884,1.27,10692.5,2576.8,2679.1,0.0103,Uracil,GC-MS
SMP-00884,2.8,48874.1,9143.8,9650.3,0.0493,Acetaminophen,GC-MS
SMP-00884,4.16,80793.0,12359.6,12887.8,0.0792,Caffeine,GC-MS
SMP-00884,5.58,21472.6,4841.8,5123.9,0.0219,Aspirin,GC-MS
SMP-00884,7.18,72631.8,11824.2,12133.1,0.0714,Benzoic Acid,GC-MS
SMP-00884,8.97,26006.0,5546.7,5699.2,0.0267,Phenacetin,GC-MS
SMP-00884,10.4,13711.9,3275.5,3379.4,0.0139,Salicylic Acid,GC-MS
SMP-00884,12.12,62528.3,10909.6,11126.5,0.0636,Chlorpheniramine,GC-MS
SMP-00885,1.26,14068.5,3753.3,3910.5,0.0147,Uracil,GC-MS
SMP-00885,2.83,41984.9,8511.8,8552.9,0.0428,Acetaminophen,GC-MS
SMP-00885,4.13,86994.3,13847.3,14217.2,0.0856,Caffeine,GC-MS
SMP-00885,5.62,23749.5,5250.3,5469.8,0.0239,Aspirin,GC-MS
SMP-00885,7.16,60819.1,10009.7,10258.4,0.0584,Benzoic Acid,GC-MS
SMP-00885,8.98,146189.9,24674.2,28704.5,0.1501,Phenacetin,GC-MS
SMP-00885,10.45,16415.0,3908.1,4033.3,0.0167,Salicylic Acid,GC-MS
SMP-00885,12.1,42408.5,7877.5,7986.4,0.0397,Chlorpheniramine,GC-MS
SMP-00886,1.25,10182.6,2736.7,2858.5,0.0101,Uracil,GC-MS
SMP-00886,2.77,43757.1,8174.6,8542.7,0.0432,Acetaminophen,GC-MS
SMP-00886,4.18,102906.5,16228.0,16971.4,0.0995,Caffeine,GC-MS
SMP-00886,5.59,21742.1,4709.8,4752.9,0.0213,Aspirin,GC-MS
SMP-00886,7.17,80209.2,13296.3,13823.4,0.0802,Benzoic Acid,GC-MS
SMP-00886,8.92,30365.0,6188.8,6450.5,0.0306,Phenacetin,GC-MS
SMP-00886,10.4,17547.2,4429.1,4572.0,0.0171,Salicylic Acid,GC-MS
SMP-00886,12.11,53249.3,9291.2,9690.8,0.0533,Chlorpheniramine,GC-MS
SMP-00887,1.25,12147.8,3012.2,3240.5,0.0124,Uracil,GC-MS
SMP-00887,2.81,47934.1,9509.4,9697.7,0.0486,Acetaminophen,GC-MS
SMP-00887,4.16,87612.1,13927.8,14155.5,0.0918,Caffeine,GC-MS
SMP-00887,5.59,23429.4,4980.2,5117.1,0.0241,Aspirin,GC-MS
SMP-00887,7.23,68764.7,11002.2,11696.0,0.0675,Benzoic Acid,GC-MS
SMP-00887,8.95,35100.1,7044.5,7308.6,0.0355,Phenacetin,GC-MS
SMP-00887,10.37,16830.7,4026.1,4169.7,0.0163,Salicylic Acid,GC-MS
SMP-00887,12.04,61328.8,11239.7,11660.9,0.0634,Chlorpheniramine,GC-MS
SMP-00888,1.23,13800.3,3488.7,3649.8,0.0135,Uracil,GC-MS
SMP-00888,2.84,44803.6,9120.7,9705.9,0.0445,Acetaminophen,GC-MS
SMP-00888,4.11,85278.8,14315.0,15368.7,0.0874,Caffeine,GC-MS
SMP-00888,5.59,20415.5,4422.8,4475.8,0.0196,Aspirin,GC-MS
SMP-00888,7.21,67246.2,10407.0,10426.1,0.0658,Benzoic Acid,GC-MS
SMP-00888,8.96,27440.3,5352.5,5487.4,0.027,Phenacetin,GC-MS
SMP-00888,10.45,18055.3,4490.7,4755.5,0.0182,Salicylic Acid,GC-MS
SMP-00888,12.06,52780.5,9636.7,10298.4,0.0535,Chlorpheniramine,GC-MS
SMP-00889,1.22,14231.1,3752.3,3790.0,0.0144,Uracil,GC-MS
SMP-00889,2.75,45429.9,9263.8,9299.5,0.0452,Acetaminophen,GC-MS
SMP-00889,4.15,89169.5,14248.5,15047.7,0.0899,Caffeine,GC-MS
SMP-00889,5.65,24682.2,5552.9,5829.2,0.025,Aspirin,GC-MS
SMP-00889,7.19,65523.8,10274.8,10446.1,0.0656,Benzoic Acid,GC-MS
SMP-00889,9.0,35302.6,6933.7,7154.1,0.0347,Phenacetin,GC-MS
SMP-00889,10.45,15918.2,3697.1,3865.3,0.016,Salicylic Acid,GC-MS
SMP-00889,12.08,55525.3,9922.0,10195.4,0.0545,Chlorpheniramine,GC-MS
SMP-00890,1.29,12729.6,3448.5,3569.6,0.0131,Uracil,GC-MS
SMP-00890,2.8,38374.5,7517.8,7348.2,0.04,Acetaminophen,GC-MS
SMP-00890,4.07,90186.8,15013.9,15761.0,0.0907,Caffeine,GC-MS
SMP-00890,5.63,22485.4,4890.0,4889.1,0.0228,Aspirin,GC-MS
SMP-00890,7.17,66045.1,10647.7,10689.5,0.0653,Benzoic Acid,GC-MS
SMP-00890,8.95,31272.0,6656.0,6806.5,0.0312,Phenacetin,GC-MS
SMP-00890,10.42,16697.2,4078.0,4190.8,0.0169,Salicylic Acid,GC-MS
SMP-00890,12.11,51036.0,9452.2,9534.8,0.0506,Chlorpheniramine,GC-MS
SMP-00891,1.24,15051.9,3820.3,3915.5,0.0148,Uracil,GC-MS
SMP-00891,2.81,44598.2,8442.0,8777.5,0.0439,Acetaminophen,GC-MS
SMP-00891,4.15,94464.3,15576.5,15821.0,0.0939,Caffeine,GC-MS
SMP-00891,5.59,22528.3,4938.3,5061.1,0.0226,Aspirin,GC-MS
SMP-00891,7.25,261684.7,38348.9,47362.8,0.265,Benzoic Acid,GC-MS
SMP-00891,8.91,31475.2,6763.6,6970.5,0.0312,Phenacetin,GC-MS
SMP-00891,10.36,14035.4,3107.9,3296.8,0.0138,Salicylic Acid,GC-MS
SMP-00891,12.06,62318.5,11188.0,11576.9,0.0623,Chlorpheniramine,GC-MS
SMP-00892,1.27,13631.7,3426.0,3620.6,0.0133,Uracil,GC-MS
SMP-00892,2.79,48963.7,9516.6,9807.3,0.049,Acetaminophen,GC-MS
SMP-00892,4.16,81104.7,13791.4,13990.7,0.0806,Caffeine,GC-MS
SMP-00892,5.6,23460.2,5178.3,5211.0,0.0231,Aspirin,GC-MS
SMP-00892,7.2,62649.8,9963.7,10349.6,0.0615,Benzoic Acid,GC-MS
SMP-00892,8.97,36012.7,7354.3,7759.2,0.0373,Phenacetin,GC-MS
SMP-00892,10.4,15256.1,3673.9,3902.8,0.0155,Salicylic Acid,GC-MS
SMP-00892,12.11,53168.0,9574.1,9672.6,0.0545,Chlorpheniramine,GC-MS
SMP-00893,1.26,14179.9,3616.6,3665.2,0.0144,Uracil,GC-MS
SMP-00893,2.81,46527.2,8945.3,9290.5,0.0473,Acetaminophen,GC-MS
SMP-00893,4.15,474474.2,74808.4,73122.7,0.4593,Caffeine,GC-MS
SMP-00893,5.55,23073.1,5241.3,5337.1,0.024,Aspirin,GC-MS
SMP-00893,7.2,76156.4,12958.8,13237.8,0.0766,Benzoic Acid,GC-MS
SMP-00893,9.0,26044.5,5458.1,5657.8,0.0258,Phenacetin,GC-MS
SMP-00893,10.4,16382.4,4186.8,4209.7,0.0163,Salicylic Acid,GC-MS
SMP-00893,12.11,51601.7,9268.4,9464.6,0.051,Chlorpheniramine,GC-MS
SMP-00894,1.25,13910.2,3650.8,3778.2,0.0142,Uracil,GC-MS
SMP-00894,2.79,46821.1,9304.8,9504.5,0.0487,Acetaminophen,GC-MS
SMP-00894,4.17,84967.2,13643.5,13918.5,0.0827,Caffeine,GC-MS
SMP-00894,5.6,28279.2,5994.0,6255.0,0.0281,Aspirin,GC-MS
SMP-00894,7.2,65594.8,10879.0,10869.9,0.0652,Benzoic Acid,GC-MS
SMP-00894,8.94,33236.5,7097.0,7410.1,0.0338,Phenacetin,GC-MS
SMP-00894,10.43,14061.0,3507.3,3537.6,0.0139,Salicylic Acid,GC-MS
SMP-00894,12.1,59140.9,10543.9,10975.9,0.0577,Chlorpheniramine,GC-MS
SMP-00895,1.21,13208.4,3483.8,3614.4,0.0134,Uracil,GC-MS
SMP-00895,2.82,46622.4,9612.1,10045.7,0.0457,Acetaminophen,GC-MS
SMP-00895,4.12,89579.6,14553.7,14834.2,0.0913,Caffeine,GC-MS
SMP-00895,5.55,22906.4,5225.2,5425.3,0.0235,Aspirin,GC-MS
SMP-00895,7.17,71550.2,12117.3,12762.4,0.0724,Benzoic Acid,GC-MS
SMP-00895,8.96,25584.8,5144.4,5408.5,0.0256,Phenacetin,GC-MS
SMP-00895,10.42,13401.6,3381.0,3465.2,0.0135,Salicylic Acid,GC-MS
SMP-00895,12.09,47444.6,8343.5,8497.7,0.0439,Chlorpheniramine,GC-MS
SMP-00896,1.26,12327.4,3166.0,3226.7,0.0118,Uracil,GC-MS
SMP-00896,2.78,46347.3,9432.4,9795.3,0.0458,Acetaminophen,GC-MS
SMP-00896,4.14,91401.8,14563.4,14857.6,0.0904,Caffeine,GC-MS
SMP-00896,5.58,22465.2,4969.9,5145.2,0.0219,Aspirin,GC-MS
SMP-00896,7.19,60516.5,9370.7,9518.1,0.0598,Benzoic Acid,GC-MS
SMP-00896,8.98,31284.2,6723.4,7023.7,0.0308,Phenacetin,GC-MS
SMP-00896,10.41,14932.3,3848.5,4041.6,0.0152,Salicylic Acid,GC-MS
SMP-00896,12.09,55827.1,9641.0,9924.9,0.054,Chlorpheniramine,GC-MS
SMP-00897,1.22,14019.2,3595.3,3700.2,0.0139,Uracil,GC-MS
SMP-00897,2.83,47585.9,9163.2,9614.3,0.0468,Acetaminophen,GC-MS
SMP-00897,4.14,92672.3,15735.5,16752.8,0.0879,Caffeine,GC-MS
SMP-00897,5.53,25045.7,5269.0,5514.9,0.0254,Aspirin,GC-MS
SMP-00897,7.15,62662.1,10357.6,10741.6,0.0639,Benzoic Acid,GC-MS
SMP-00897,8.97,33718.5,6919.6,7083.2,0.0342,Phenacetin,GC-MS
SMP-00897,10.45,14486.8,3579.7,3615.9,0.0144,Salicylic Acid,GC-MS
SMP-00897,12.11,58494.5,10498.4,10767.0,0.0576,Chlorpheniramine,GC-MS
SMP-00898,1.23,9712.7,2426.3,2388.4,0.0094,Uracil,GC-MS
SMP-00898,2.85,46666.9,9016.3,9449.8,0.0459,Acetaminophen,GC-MS
SMP-00898,4.14,100018.1,16130.2,16443.4,0.1019,Caffeine,GC-MS
SMP-00898,5.61,19245.4,4469.5,4657.3,0.0188,Aspirin,GC-MS
SMP-00898,7.16,81470.8,13306.6,13606.4,0.0817,Benzoic Acid,GC-MS
SMP-00898,8.96,36514.6,7559.4,7731.7,0.0374,Phenacetin,GC-MS
SMP-00898,10.41,13510.0,3140.1,3313.5,0.0136,Salicylic Acid,GC-MS
SMP-00898,12.07,52920.3,9360.4,9719.9,0.0517,Chlorpheniramine,GC-MS
SMP-00899,1.28,12689.6,3171.5,3101.3,0.0128,Uracil,GC-MS
SMP-00899,2.78,42670.0,7968.4,8360.9,0.0434,Acetaminophen,GC-MS
SMP-00899,4.12,94512.4,15749.3,16270.8,0.0942,Caffeine,GC-MS
SMP-00899,5.6,21616.2,4923.2,5186.3,0.022,Aspirin,GC-MS
SMP-00899,7.18,76002.5,12605.7,13033.5,0.0765,Benzoic Acid,GC-MS
SMP-00899,8.98,30903.4,6297.9,6516.7,0.032,Phenacetin,GC-MS
SMP-00899,10.4,15065.5,3838.0,3918.6,0.0152,Salicylic Acid,GC-MS
SMP-00899,12.14,47981.9,8866.5,9145.4,0.0459,Chlorpheniramine,GC-MS
SMP-00900,1.25,13472.2,3642.5,3834.5,0.0137,Uracil,GC-MS
SMP-00900,2.8,45939.4,9034.2,9671.8,0.0467,Acetaminophen,GC-MS
SMP-00900,4.11,85436.9,13588.3,13716.8,0.0868,Caffeine,GC-MS
SMP-00900,5.61,27173.3,5814.5,5919.2,0.0271,Aspirin,GC-MS
SMP-00900,7.19,58054.6,10140.4,10549.4,0.058,Benzoic Acid,GC-MS
SMP-00900,8.97,25782.9,5462.4,5586.3,0.0256,Phenacetin,GC-MS
SMP-00900,10.41,15898.2,3991.8,4108.1,0.0159,Salicylic Acid,GC-MS
SMP-00900,12.06,53299.1,9896.6,10173.9,0.0545,Chlorpheniramine,GC-MS
SMP-00901,1.24,13767.3,3569.1,3620.9,0.0138,Uracil,GC-MS
SMP-00901,2.82,44015.6,8941.4,9139.4,0.0428,Acetaminophen,GC-MS
SMP-00901,4.11,78895.4,13161.5,13169.3,0.0789,Caffeine,GC-MS
SMP-00901,5.58,23965.5,5411.0,5499.7,0.0235,Aspirin,GC-MS
SMP-00901,7.23,69071.9,11588.8,12053.9,0.0696,Benzoic Acid,GC-MS
SMP-00901,8.96,30741.0,6244.8,6425.9,0.03,Phenacetin,GC-MS
SMP-00901,10.42,13298.1,3344.8,3431.6,0.0132,Salicylic Acid,GC-MS
SMP-00901,12.09,55755.2,10554.5,10523.3,0.0574,Chlorpheniramine,GC-MS
SMP-00902,1.24,11886.2,3089.1,3230.6,0.0117,Uracil,GC-MS
SMP-00902,2.77,48200.9,9428.2,9701.9,0.047,Acetaminophen,GC-MS
SMP-00902,4.16,275241.8,41959.4,39161.8,0.2779,Caffeine,GC-MS
SMP-00902,5.53,22706.8,4830.4,5139.4,0.023,Aspirin,GC-MS
SMP-00902,7.19,70645.7,12105.8,12111.2,0.0694,Benzoic Acid,GC-MS
SMP-00902,8.97,31239.8,6196.4,6429.1,0.0304,Phenacetin,GC-MS
SMP-00902,10.5,16964.4,4042.9,4099.8,0.0171,Salicylic Acid,GC-MS
SMP-00902,12.09,48131.5,8951.6,9349.4,0.0474,Chlorpheniramine,GC-MS
SMP-00903,1.27,15172.1,3762.9,3783.9,0.0151,Uracil,GC-MS
SMP-00903,2.78,46172.6,9012.9,9465.3,0.0458,Acetaminophen,GC-MS
SMP-00903,4.21,88573.1,14826.5,15305.0,0.0898,Caffeine,GC-MS
SMP-00903,5.59,21557.5,4735.1,4772.0,0.0211,Aspirin,GC-MS
SMP-00903,7.25,67985.1,11837.9,12196.4,0.0698,Benzoic Acid,GC-MS
SMP-00903,8.93,33984.4,7126.7,7491.2,0.0336,Phenacetin,GC-MS
SMP-00903,10.37,16531.8,3985.9,4229.8,0.0164,Salicylic Acid,GC-MS
SMP-00903,12.09,52546.7,9325.9,9633.3,0.0533,Chlorpheniramine,GC-MS
SMP-00904,1.25,14163.7,3547.6,3557.8,0.0146,Uracil,GC-MS
SMP-00904,2.85,47825.5,9908.4,10248.7,0.048,Acetaminophen,GC-MS
SMP-00904,4.18,87576.2,13566.0,14141.0,0.0863,Caffeine,GC-MS
SMP-00904,5.58,22860.0,5075.6,5081.0,0.0232,Aspirin,GC-MS
SMP-00904,7.21,59575.2,9643.7,9725.5,0.0598,Benzoic Acid,GC-MS
SMP-00904,8.94,26663.9,5404.8,5410.5,0.0271,Phenacetin,GC-MS
SMP-00904,10.35,14568.4,3643.0,3681.2,0.0148,Salicylic Acid,GC-MS
SMP-00904,12.13,50059.2,9213.0,9555.3,0.0479,Chlorpheniramine,GC-MS
SMP-00905,1.2,12493.8,3065.3,3179.5,0.0123,Uracil,GC-MS
SMP-00905,2.79,41122.1,7951.9,8115.4,0.0423,Acetaminophen,GC-MS
SMP-00905,4.14,93227.3,15276.9,15756.9,0.0925,Caffeine,GC-MS
SMP-00905,5.6,26565.8,5829.3,5946.5,0.0269,Aspirin,GC-MS
SMP-00905,7.17,57115.8,9311.3,9419.9,0.0569,Benzoic Acid,GC-MS
SMP-00905,8.98,31712.8,6649.1,6905.8,0.032,Phenacetin,GC-MS
SMP-00905,10.44,12428.8,2882.4,2968.7,0.0124,Salicylic Acid,GC-MS
SMP-00905,12.05,54658.2,9810.4,10133.7,0.0556,Chlorpheniramine,GC-MS
SMP-00906,1.29,11904.8,3019.3,3201.7,0.0121,Uracil,GC-MS
SMP-00906,2.83,50973.7,9771.1,10051.8,0.0507,Acetaminophen,GC-MS
SMP-00906,4.17,96123.4,16116.9,16780.2,0.0975,Caffeine,GC-MS
SMP-00906,5.63,23005.7,5029.1,5171.6,0.023,Aspirin,GC-MS
SMP-00906,7.21,69507.2,11600.9,12191.5,0.0724,Benzoic Acid,GC-MS
SMP-00906,8.94,31502.8,6654.0,6901.7,0.0312,Phenacetin,GC-MS
SMP-00906,10.4,12779.5,3301.4,3464.2,0.0127,Salicylic Acid,GC-MS
SMP-00906,12.1,44923.4,8112.1,8256.6,0.0461,Chlorpheniramine,GC-MS
SMP-00907,1.2,12080.3,3111.9,3132.8,0.0125,Uracil,GC-MS
SMP-00907,2.82,47245.4,9297.1,9668.4,0.0468,Acetaminophen,GC-MS
SMP-00907,4.19,83439.1,14120.2,14905.6,0.084,Caffeine,GC-MS
SMP-00907,5.53,24479.0,5623.9,5681.8,0.0244,Aspirin,GC-MS
SMP-00907,7.21,74382.9,12767.5,13011.4,0.0746,Benzoic Acid,GC-MS
SMP-00907,8.99,31315.2,6623.8,6902.2,0.0315,Phenacetin,GC-MS
SMP-00907,10.4,17383.0,4430.8,4558.8,0.0175,Salicylic Acid,GC-MS
SMP-00907,12.09,44756.0,8322.7,8505.4,0.0433,Chlorpheniramine,GC-MS
SMP-00908,1.29,11912.9,3012.8,3044.9,0.0119,Uracil,GC-MS
SMP-00908,2.78,46489.0,9239.2,9196.6,0.0483,Acetaminophen,GC-MS
SMP-00908,4.18,343458.1,53840.1,52700.4,0.3517,Caffeine,GC-MS
SMP-00908,5.56,25304.3,5550.2,5729.0,0.0244,Aspirin,GC-MS
SMP-00908,7.25,67301.4,10615.6,10940.7,0.068,Benzoic Acid,GC-MS
SMP-00908,8.93,32100.3,6402.0,6313.5,0.0317,Phenacetin,GC-MS
SMP-00908,10.49,13274.5,3106.3,3192.6,0.013,Salicylic Acid,GC-MS
SMP-00908,12.09,60017.1,11227.0,11462.4,0.0596,Chlorpheniramine,GC-MS
SMP-00909,1.27,12501.6,3332.2,3412.1,0.0124,Uracil,GC-MS
SMP-00909,2.79,50608.0,9892.3,10041.9,0.0514,Acetaminophen,GC-MS
SMP-00909,4.09,65774.7,10890.1,11063.3,0.0676,Caffeine,GC-MS
SMP-00909,5.63,23452.4,5229.5,5331.9,0.0231,Aspirin,GC-MS
SMP-00909,7.21,54529.0,8595.9,8890.5,0.0531,Benzoic Acid,GC-MS
SMP-00909,8.96,28017.7,5638.6,5562.9,0.0284,Phenacetin,GC-MS
SMP-00909,10.44,16429.3,4056.1,4086.6,0.0165,Salicylic Acid,GC-MS
SMP-00909,12.12,65005.4,12058.0,11937.4,0.0661,Chlorpheniramine,GC-MS
SMP-00910,1.25,14561.8,3956.2,4064.3,0.014,Uracil,GC-MS
SMP-00910,2.8,41008.0,8020.6,8073.4,0.0413,Acetaminophen,GC-MS
SMP-00910,4.22,84581.0,14018.3,14122.0,0.0848,Caffeine,GC-MS
SMP-00910,5.61,20853.8,4568.6,4718.4,0.0212,Aspirin,GC-MS
SMP-00910,7.15,58280.3,10393.1,10872.9,0.0586,Benzoic Acid,GC-MS
SMP-00910,8.98,35907.9,7313.2,7463.6,0.0354,Phenacetin,GC-MS
SMP-00910,10.4,15071.3,3406.0,3506.4,0.0145,Salicylic Acid,GC-MS
SMP-00910,12.04,49063.3,9227.6,9726.9,0.0481,Chlorpheniramine,GC-MS
SMP-00911,1.27,12612.0,3322.1,3408.9,0.0126,Uracil,GC-MS
SMP-00911,2.77,48762.3,9618.8,9881.1,0.0488,Acetaminophen,GC-MS
SMP-00911,4.12,88110.9,14334.6,15082.4,0.0871,Caffeine,GC-MS
SMP-00911,5.61,24576.8,5271.4,5302.0,0.0247,Aspirin,GC-MS
SMP-00911,7.14,60297.7,9962.1,10050.2,0.0612,Benzoic Acid,GC-MS
SMP-00911,8.97,29494.0,6234.8,6234.3,0.0294,Phenacetin,GC-MS
SMP-00911,10.42,14717.9,3343.4,3416.5,0.0146,Salicylic Acid,GC-MS
SMP-00911,12.12,60840.3,10901.8,11106.4,0.0606,Chlorpheniramine,GC-MS
SMP-00912,1.23,10264.6,2631.5,2670.5,0.0106,Uracil,GC-MS
SMP-00912,2.77,51248.5,10112.6,10354.9,0.0529,Acetaminophen,GC-MS
SMP-00912,4.12,85422.6,14535.5,15048.6,0.0822,Caffeine,GC-MS
SMP-00912,5.57,20546.7,4344.4,4490.8,0.0201,Aspirin,GC-MS
SMP-00912,7.16,64448.3,10108.7,10526.8,0.0635,Benzoic Acid,GC-MS
SMP-00912,8.97,31741.7,6645.0,6906.1,0.0308,Phenacetin,GC-MS
SMP-00912,10.4,14177.3,3452.0,3462.6,0.0145,Salicylic Acid,GC-MS
SMP-00912,12.1,48413.7,8897.1,9276.5,0.0477,Chlorpheniramine,GC-MS
SMP-00913,1.25,9915.9,2609.5,2688.4,0.01,Uracil,GC-MS
SMP-00913,2.81,48295.5,9472.6,9629.1,0.0481,Acetaminophen,GC-MS
SMP-00913,4.14,90987.1,14634.9,14968.0,0.0921,Caffeine,GC-MS
SMP-00913,5.56,24874.4,5405.2,5693.2,0.0234,Aspirin,GC-MS
SMP-00913,7.21,61147.0,10055.9,10410.5,0.0614,Benzoic Acid,GC-MS
SMP-00913,8.92,33760.6,6943.4,7458.3,0.0326,Phenacetin,GC-MS
SMP-00913,10.42,15381.1,3751.5,3786.1,0.0152,Salicylic Acid,GC-MS
SMP-00913,12.12,52828.6,9432.4,9672.9,0.0533,Chlorpheniramine,GC-MS
SMP-00914,1.24,14284.9,3697.9,3681.4,0.0141,Uracil,GC-MS
SMP-00914,2.78,46545.3,9570.8,10083.9,0.0439,Acetaminophen,GC-MS
SMP-00914,4.09,84665.7,13950.4,14410.1,0.0888,Caffeine,GC-MS
SMP-00914,5.56,21823.3,4838.0,5020.6,0.0215,Aspirin,GC-MS
SMP-00914,7.22,71160.6,11492.9,12268.1,0.069,Benzoic Acid,GC-MS
SMP-00914,9.01,31003.9,6551.0,6747.0,0.0303,Phenacetin,GC-MS
SMP-00914,10.35,13802.0,3295.4,3383.8,0.0138,Salicylic Acid,GC-MS
SMP-00914,12.11,51292.2,9609.7,10202.5,0.0525,Chlorpheniramine,GC-MS
SMP-00915,1.23,12389.5,3165.6,3266.1,0.0126,Uracil,GC-MS
SMP-00915,2.79,41818.7,7997.5,8343.7,0.0433,Acetaminophen,GC-MS
SMP-00915,4.16,100573.0,16700.3,17539.5,0.0993,Caffeine,GC-MS
SMP-00915,5.59,25190.2,5527.8,5750.4,0.0253,Aspirin,GC-MS
SMP-00915,7.22,65672.0,11435.8,12189.6,0.065,Benzoic Acid,GC-MS
SMP-00915,8.9,35027.0,7357.8,7605.5,0.0355,Phenacetin,GC-MS
SMP-00915,10.44,17816.8,4458.1,4681.1,0.018,Salicylic Acid,GC-MS
SMP-00915,12.07,56683.2,10118.1,10273.8,0.0552,Chlorpheniramine,GC-MS
SMP-00916,1.23,11980.0,3157.4,3255.1,0.0117,Uracil,GC-MS
SMP-00916,2.8,47540.7,9091.8,9591.5,0.0475,Acetaminophen,GC-MS
SMP-00916,4.15,85455.8,13787.6,14359.0,0.0894,Caffeine,GC-MS
SMP-00916,5.58,22890.2,5248.8,5412.3,0.0231,Aspirin,GC-MS
SMP-00916,7.22,72855.5,11834.8,12207.5,0.0733,Benzoic Acid,GC-MS
SMP-00916,8.91,29812.9,6118.5,6391.7,0.0299,Phenacetin,GC-MS
SMP-00916,10.47,14325.7,3554.4,3649.3,0.0145,Salicylic Acid,GC-MS
SMP-00916,12.06,56085.1,9888.7,10170.1,0.0547,Chlorpheniramine,GC-MS
SMP-00917,1.23,13261.3,3355.5,3429.9,0.013,Uracil,GC-MS
SMP-00917,2.84,44067.4,8000.9,8529.3,0.0449,Acetaminophen,GC-MS
SMP-00917,4.15,87886.6,13754.1,14262.6,0.0904,Caffeine,GC-MS
SMP-00917,5.62,20580.2,4544.3,4734.3,0.0209,Aspirin,GC-MS
SMP-00917,7.24,62001.5,9958.9,10308.1,0.0615,Benzoic Acid,GC-MS
SMP-00917,8.99,34114.2,6895.8,7237.5,0.0342,Phenacetin,GC-MS
SMP-00917,10.42,15029.8,3646.9,3742.4,0.0147,Salicylic Acid,GC-MS
SMP-00917,12.05,49633.4,9131.7,8984.1,0.0489,Chlorpheniramine,GC-MS
SMP-00918,1.24,12186.5,3238.1,3428.0,0.0124,Uracil,GC-MS
SMP-00918,2.84,42397.2,8141.2,8369.3,0.0428,Acetaminophen,GC-MS
SMP-00918,4.13,105469.6,17439.3,18232.1,0.1055,Caffeine,GC-MS
SMP-00918,5.58,19171.6,4344.2,4558.3,0.0195,Aspirin,GC-MS
SMP-00918,7.22,68372.3,11223.1,11275.8,0.0681,Benzoic Acid,GC-MS
SMP-00918,8.94,34265.3,6898.0,7153.1,0.0327,Phenacetin,GC-MS
SMP-00918,10.39,17231.6,4132.4,4520.4,0.0172,Salicylic Acid,GC-MS
SMP-00918,12.09,49617.9,8695.4,9025.2,0.0473,Chlorpheniramine,GC-MS
SMP-00919,1.26,10828.5,2883.3,3091.7,0.0115,Uracil,GC-MS
SMP-00919,2.82,47701.0,9033.1,9358.7,0.0474,Acetaminophen,GC-MS
SMP-00919,4.19,428100.1,60385.2,77003.4,0.4259,Caffeine,GC-MS
SMP-00919,5.65,24037.6,5237.7,5392.7,0.0239,Aspirin,GC-MS
SMP-00919,7.21,64706.6,10064.4,10446.1,0.0639,Benzoic Acid,GC-MS
SMP-00919,8.96,30530.6,6145.5,6288.8,0.0311,Phenacetin,GC-MS
SMP-00919,10.45,15802.9,3752.9,3856.7,0.0157,Salicylic Acid,GC-MS
SMP-00919,12.01,64076.1,11269.3,11155.0,0.0655,Chlorpheniramine,GC-MS
SMP-00920,1.3,13815.8,3491.3,3662.0,0.0139,Uracil,GC-MS
SMP-00920,2.77,46721.3,8862.6,9158.4,0.0472,Acetaminophen,GC-MS
SMP-00920,4.18,89546.9,14264.3,14826.8,0.09,Caffeine,GC-MS
SMP-00920,5.61,23260.5,5212.3,5326.0,0.0229,Aspirin,GC-MS
SMP-00920,7.12,63335.8,11015.2,11449.2,0.0617,Benzoic Acid,GC-MS
SMP-00920,8.91,33436.8,6849.5,7060.9,0.0338,Phenacetin,GC-MS
SMP-00920,10.38,14984.2,3603.4,3705.5,0.0152,Salicylic Acid,GC-MS
SMP-00920,12.15,48948.2,8558.1,8925.1,0.0476,Chlorpheniramine,GC-MS
SMP-00921,1.27,12782.2,3309.5,3543.3,0.013,Uracil,GC-MS
SMP-00921,2.82,44310.8,8709.9,8978.8,0.0435,Acetaminophen,GC-MS
SMP-00921,4.16,86299.4,14219.1,15164.7,0.0844,Caffeine,GC-MS
SMP-00921,5.63,25965.9,5989.0,5999.1,0.0254,Aspirin,GC-MS
SMP-00921,7.19,64112.0,11136.0,11654.4,0.0628,Benzoic Acid,GC-MS
SMP-00921,9.04,28671.3,5966.2,6134.0,0.029,Phenacetin,GC-MS
SMP-00921,10.41,16758.2,4005.8,4211.5,0.0169,Salicylic Acid,GC-MS
SMP-00921,12.09,49951.8,9149.2,9345.2,0.0499,Chlorpheniramine,GC-MS
SMP-00922,1.29,11012.6,2992.8,3107.2,0.0107,Uracil,GC-MS
SMP-00922,2.76,37613.4,7149.3,7236.8,0.0379,Acetaminophen,GC-MS
SMP-00922,4.13,96708.0,16104.0,16425.3,0.0927,Caffeine,GC-MS
SMP-00922,5.63,21909.2,4687.3,4750.6,0.022,Aspirin,GC-MS
SMP-00922,7.21,58888.3,9612.8,10149.8,0.0603,Benzoic Acid,GC-MS
SMP-00922,8.9,33164.8,6613.3,6920.8,0.0343,Phenacetin,GC-MS
SMP-00922,10.38,17182.8,4131.0,4207.1,0.0177,Salicylic Acid,GC-MS
SMP-00922,12.1,51043.3,9564.4,9673.3,0.0504,Chlorpheniramine,GC-MS
SMP-00923,1.31,11928.2,2882.2,2914.5,0.0119,Uracil,GC-MS
SMP-00923,2.83,46447.6,9105.0,9453.9,0.0445,Acetaminophen,GC-MS
SMP-00923,4.14,80356.3,12630.6,13317.5,0.081,Caffeine,GC-MS
SMP-00923,5.59,25173.7,5456.7,5704.1,0.0247,Aspirin,GC-MS
SMP-00923,7.21,71789.4,11888.9,12462.4,0.0705,Benzoic Acid,GC-MS
SMP-00923,8.96,30359.6,6207.5,6741.9,0.0309,Phenacetin,GC-MS
SMP-00923,10.34,15670.7,3854.0,3896.5,0.0154,Salicylic Acid,GC-MS
SMP-00923,12.07,59646.8,10796.6,11218.8,0.0578,Chlorpheniramine,GC-MS
SMP-00924,1.22,11224.0,2828.5,2890.8,0.0113,Uracil,GC-MS
SMP-00924,2.81,49587.5,9309.4,9310.0,0.0498,Acetaminophen,GC-MS
SMP-00924,4.12,91744.9,14336.2,14710.6,0.0915,Caffeine,GC-MS
SMP-00924,5.56,20308.6,4472.7,4529.4,0.0204,Aspirin,GC-MS
SMP-00924,7.17,51409.4,8876.0,8601.6,0.0521,Benzoic Acid,GC-MS
SMP-00924,8.92,32177.8,6684.8,6678.5,0.0323,Phenacetin,GC-MS
SMP-00924,10.44,14578.2,3553.1,3628.6,0.0142,Salicylic Acid,GC-MS
SMP-00924,12.11,58706.8,10004.1,10640.3,0.0585,Chlorpheniramine,GC-MS
SMP-00925,1.21,12557.7,3274.6,3341.6,0.0127,Uracil,GC-MS
SMP-00925,2.72,41865.8,7953.9,8064.4,0.0421,Acetaminophen,GC-MS
SMP-00925,4.11,82659.7,14446.0,15193.7,0.0827,Caffeine,GC-MS
SMP-00925,5.58,20842.9,4661.7,5039.6,0.0208,Aspirin,GC-MS
SMP-00925,7.22,68323.1,11448.1,11813.9,0.0678,Benzoic Acid,GC-MS
SMP-00925,8.94,34216.6,6937.3,7175.8,0.0341,Phenacetin,GC-MS
SMP-00925,10.41,17151.8,4206.0,4425.1,0.0178,Salicylic Acid,GC-MS
SMP-00925,12.09,55443.3,10117.6,10444.9,0.0561,Chlorpheniramine,GC-MS
SMP-00926,1.25,11500.6,2949.8,3003.8,0.0118,Uracil,GC-MS
SMP-00926,2.85,54844.5,10875.3,11302.6,0.0559,Acetaminophen,GC-MS
SMP-00926,4.11,106068.4,17167.3,18060.7,0.1041,Caffeine,GC-MS
SMP-00926,5.59,19985.9,4454.0,4556.0,0.0199,Aspirin,GC-MS
SMP-00926,7.19,70551.7,11922.7,11972.6,0.0697,Benzoic Acid,GC-MS
SMP-00926,8.9,29186.0,5859.5,6159.3,0.03,Phenacetin,GC-MS
SMP-00926,10.41,15875.0,3894.6,3923.8,0.0158,Salicylic Acid,GC-MS
SMP-00926,12.15,58785.3,10793.5,11158.5,0.0589,Chlorpheniramine,GC-MS
SMP-00927,1.23,11363.0,3040.3,3189.6,0.0112,Uracil,GC-MS
SMP-00927,2.85,44818.0,8599.4,9083.6,0.0447,Acetaminophen,GC-MS
SMP-00927,4.14,94324.5,15934.6,16835.6,0.0934,Caffeine,GC-MS
SMP-00927,5.59,21377.2,4586.1,4868.3,0.0216,Aspirin,GC-MS
SMP-00927,7.2,60802.9,9803.3,10230.8,0.0596,Benzoic Acid,GC-MS
SMP-00927,8.93,28882.4,6076.5,6319.5,0.0298,Phenacetin,GC-MS
SMP-00927,10.35,15445.2,3713.8,3778.4,0.0156,Salicylic Acid,GC-MS
SMP-00927,12.12,49537.7,8940.3,9364.0,0.0496,Chlorpheniramine,GC-MS
SMP-00928,1.26,11549.5,2974.9,3155.6,0.0117,Uracil,GC-MS
SMP-00928,2.78,50718.2,9404.8,9777.0,0.0499,Acetaminophen,GC-MS
SMP-00928,4.16,87620.6,13692.2,13761.2,0.0863,Caffeine,GC-MS
SMP-00928,5.61,22024.7,4581.8,4767.5,0.0205,Aspirin,GC-MS
SMP-00928,7.19,63269.2,10561.7,10731.1,0.0672,Benzoic Acid,GC-MS
SMP-00928,8.89,27990.0,5738.1,5934.5,0.029,Phenacetin,GC-MS
SMP-00928,10.36,14406.1,3521.5,3509.2,0.0142,Salicylic Acid,GC-MS
SMP-00928,12.13,312962.5,49805.8,59794.3,0.3153,Chlorpheniramine,GC-MS
SMP-00929,1.22,12724.8,3191.5,3304.3,0.0129,Uracil,GC-MS
SMP-00929,2.78,42632.3,8411.4,8739.7,0.0404,Acetaminophen,GC-MS
SMP-00929,4.17,97430.9,15704.1,15730.1,0.0996,Caffeine,GC-MS
SMP-00929,5.64,18911.6,4166.3,4271.8,0.019,Aspirin,GC-MS
SMP-00929,7.25,62483.9,10337.1,10368.8,0.0616,Benzoic Acid,GC-MS
SMP-00929,8.95,34661.1,6905.4,7126.6,0.0344,Phenacetin,GC-MS
SMP-00929,10.36,14850.5,3676.6,3810.4,0.0149,Salicylic Acid,GC-MS
SMP-00929,12.04,55308.9,9957.5,10173.0,0.0557,Chlorpheniramine,GC-MS
SMP-00930,1.28,13117.7,3364.3,3539.2,0.0138,Uracil,GC-MS
SMP-00930,2.77,47272.3,9019.5,9242.7,0.0475,Acetaminophen,GC-MS
SMP-00930,4.12,75353.7,12205.3,12862.2,0.0772,Caffeine,GC-MS
SMP-00930,5.59,24973.3,5551.7,5907.8,0.025,Aspirin,GC-MS
SMP-00930,7.15,60034.2,10163.9,10274.3,0.0601,Benzoic Acid,GC-MS
SMP-00930,8.9,25829.2,4866.7,4987.1,0.026,Phenacetin,GC-MS
SMP-00930,10.35,14459.2,3537.5,3670.0,0.0142,Salicylic Acid,GC-MS
SMP-00930,12.09,56856.5,9557.9,9513.6,0.0596,Chlorpheniramine,GC-MS
SMP-00931,1.25,12356.7,3138.3,3135.3,0.0125,Uracil,GC-MS
SMP-00931,2.8,38950.8,8034.6,8493.1,0.0394,Acetaminophen,GC-MS
SMP-00931,4.17,79325.4,13693.1,14100.4,0.0797,Caffeine,GC-MS
SMP-00931,5.61,25564.2,5619.6,5970.2,0.0258,Aspirin,GC-MS
SMP-00931,7.21,57719.5,9769.6,10034.5,0.0599,Benzoic Acid,GC-MS
SMP-00931,8.92,29542.9,6106.8,6281.7,0.03,Phenacetin,GC-MS
SMP-00931,10.37,16681.3,3940.7,3974.0,0.0167,Salicylic Acid,GC-MS
SMP-00931,12.07,55593.9,9808.6,10338.5,0.0564,Chlorpheniramine,GC-MS
SMP-00932,1.26,12673.3,3278.6,3272.7,0.0127,Uracil,GC-MS
SMP-00932,2.82,41404.7,7700.5,7860.1,0.0415,Acetaminophen,GC-MS
SMP-00932,4.15,76095.9,12391.3,12633.4,0.0748,Caffeine,GC-MS
SMP-00932,5.58,23136.7,5132.9,5113.1,0.0226,Aspirin,GC-MS
SMP-00932,7.22,72100.9,11882.7,12153.3,0.0717,Benzoic Acid,GC-MS
SMP-00932,8.9,31073.0,6573.4,6614.9,0.0309,Phenacetin,GC-MS
SMP-00932,10.43,14734.8,3664.2,3637.1,0.0149,Salicylic Acid,GC-MS
SMP-00932,12.09,53351.4,9748.7,9842.3,0.0518,Chlorpheniramine,GC-MS
SMP-00933,1.19,13734.8,3599.0,3730.4,0.014,Uracil,GC-MS
SMP-00933,2.75,47456.0,8916.4,8970.8,0.0474,Acetaminophen,GC-MS
SMP-00933,4.13,83866.4,13426.3,13833.8,0.0852,Caffeine,GC-MS
SMP-00933,5.61,22335.3,5252.6,5455.0,0.0224,Aspirin,GC-MS
SMP-00933,7.2,64370.2,10846.7,11303.1,0.0653,Benzoic Acid,GC-MS
SMP-00933,8.95,30970.7,6478.5,6583.7,0.0314,Phenacetin,GC-MS
SMP-00933,10.43,14628.1,3626.8,3725.2,0.0143,Salicylic Acid,GC-MS
SMP-00933,12.11,59759.1,10950.1,11397.6,0.0579,Chlorpheniramine,GC-MS
SMP-00934,1.24,12350.1,3084.4,3158.4,0.0125,Uracil,GC-MS
SMP-00934,2.83,50784.0,9906.9,10340.2,0.0503,Acetaminophen,GC-MS
SMP-00934,4.13,83497.6,13155.5,13324.3,0.0839,Caffeine,GC-MS
SMP-00934,5.63,16449.4,3564.6,3697.0,0.0165,Aspirin,GC-MS
SMP-00934,7.13,62071.8,10709.0,11232.0,0.0621,Benzoic Acid,GC-MS
SMP-00934,8.94,27793.2,5672.7,5882.8,0.0278,Phenacetin,GC-MS
SMP-00934,10.45,15813.6,3877.8,3975.7,0.0152,Salicylic Acid,GC-MS
SMP-00934,12.09,59791.5,11467.1,11647.4,0.0597,Chlorpheniramine,GC-MS
SMP-00935,1.29,11919.8,3069.0,3209.1,0.012,Uracil,GC-MS
SMP-00935,2.76,54274.4,11066.4,11695.7,0.0562,Acetaminophen,GC-MS
SMP-00935,4.13,81184.5,12414.4,13041.2,0.0836,Caffeine,GC-MS
SMP-00935,5.56,20715.9,4673.1,4859.3,0.0199,Aspirin,GC-MS
SMP-00935,7.21,80900.3,13352.1,13817.5,0.0823,Benzoic Acid,GC-MS
SMP-00935,8.91,29191.1,5982.7,6305.8,0.0279,Phenacetin,GC-MS
SMP-00935,10.43,16724.6,4097.6,4245.3,0.0169,Salicylic Acid,GC-MS
SMP-00935,12.12,63538.9,11850.4,12354.8,0.063,Chlorpheniramine,GC-MS
SMP-00936,1.29,12809.2,3357.7,3454.9,0.0129,Uracil,GC-MS
SMP-00936,2.82,155741.4,28033.7,35414.6,0.1548,Acetaminophen,GC-MS
SMP-00936,4.21,82893.7,13496.6,13545.9,0.0826,Caffeine,GC-MS
SMP-00936,5.64,27424.9,6040.8,6469.8,0.0266,Aspirin,GC-MS
SMP-00936,7.19,78510.3,12870.9,13247.4,0.0797,Benzoic Acid,GC-MS
SMP-00936,8.97,24992.3,5515.1,5534.2,0.0248,Phenacetin,GC-MS
SMP-00936,10.4,15913.7,3908.1,3886.7,0.0164,Salicylic Acid,GC-MS
SMP-00936,12.1,45177.6,8642.6,8920.6,0.0466,Chlorpheniramine,GC-MS
SMP-00937,1.22,10827.5,2840.6,2881.1,0.0109,Uracil,GC-MS
SMP-00937,2.73,40944.9,7884.1,8130.3,0.0419,Acetaminophen,GC-MS
SMP-00937,4.15,83848.4,13403.6,14200.5,0.0853,Caffeine,GC-MS
SMP-00937,5.63,23450.7,4925.3,5063.4,0.0228,Aspirin,GC-MS
SMP-00937,7.22,69086.6,10582.6,11109.8,0.0706,Benzoic Acid,GC-MS
SMP-00937,8.99,30499.5,6232.1,6445.2,0.0323,Phenacetin,GC-MS
SMP-00937,10.41,19346.7,4670.7,4933.3,0.0191,Salicylic Acid,GC-MS
SMP-00937,12.16,52780.0,9184.8,9360.2,0.0531,Chlorpheniramine,GC-MS
SMP-00938,1.24,12224.5,3150.6,3305.5,0.0123,Uracil,GC-MS
SMP-00938,2.79,40316.1,7651.4,7701.3,0.04,Acetaminophen,GC-MS
SMP-00938,4.21,94646.9,15184.5,15789.3,0.0956,Caffeine,GC-MS
SMP-00938,5.63,21758.5,4834.9,4856.0,0.0221,Aspirin,GC-MS
SMP-00938,7.22,67784.1,10996.2,11076.8,0.0671,Benzoic Acid,GC-MS
SMP-00938,8.99,31012.3,6266.1,6361.1,0.0312,Phenacetin,GC-MS
SMP-00938,10.42,15032.8,3689.9,3866.4,0.0147,Salicylic Acid,GC-MS
SMP-00938,12.08,52879.2,9530.7,9931.7,0.0536,Chlorpheniramine,GC-MS
SMP-00939,1.24,14192.0,3810.9,4034.1,0.0146,Uracil,GC-MS
SMP-00939,2.79,44621.2,8862.1,9115.0,0.0426,Acetaminophen,GC-MS
SMP-00939,4.23,74098.5,11641.8,12130.4,0.0734,Caffeine,GC-MS
SMP-00939,5.61,19078.8,4132.1,4275.2,0.0191,Aspirin,GC-MS
SMP-00939,7.2,67882.2,11472.2,11764.5,0.0694,Benzoic Acid,GC-MS
SMP-00939,8.95,32324.6,6742.1,6706.9,0.0327,Phenacetin,GC-MS
SMP-00939,10.42,14712.4,3520.9,3524.8,0.0143,Salicylic Acid,GC-MS
SMP-00939,12.06,48763.9,8758.9,8824.3,0.0478,Chlorpheniramine,GC-MS
SMP-00940,1.28,10691.2,2759.1,2925.9,0.0111,Uracil,GC-MS
SMP-00940,2.81,41103.4,8186.2,8695.2,0.0403,Acetaminophen,GC-MS
SMP-00940,4.18,101564.9,16619.5,17347.7,0.1024,Caffeine,GC-MS
SMP-00940,5.59,21237.9,4974.3,5129.5,0.0209,Aspirin,GC-MS
SMP-00940,7.24,66799.4,11727.1,12085.6,0.0671,Benzoic Acid,GC-MS
SMP-00940,8.94,29975.2,6113.1,6437.1,0.031,Phenacetin,GC-MS
SMP-00940,10.38,20397.1,5174.2,5442.8,0.0201,Salicylic Acid,GC-MS
SMP-00940,12.11,52372.0,9160.0,9443.1,0.0507,Chlorpheniramine,GC-MS
SMP-00941,1.21,11739.4,3234.5,3345.8,0.0117,Uracil,GC-MS
SMP-00941,2.79,38791.1,7433.8,7739.9,0.0399,Acetaminophen,GC-MS
SMP-00941,4.11,87058.6,14431.3,14848.7,0.0879,Caffeine,GC-MS
SMP-00941,5.61,26403.7,5432.3,5623.3,0.0269,Aspirin,GC-MS
SMP-00941,7.22,386068.2,63422.3,56507.6,0.3754,Benzoic Acid,GC-MS
SMP-00941,8.93,39177.9,7951.6,8103.4,0.0389,Phenacetin,GC-MS
SMP-00941,10.41,17661.3,4195.8,4268.1,0.0176,Salicylic Acid,GC-MS
SMP-00941,12.09,51543.9,9640.7,9939.8,0.0526,Chlorpheniramine,GC-MS
SMP-00942,1.27,13352.7,3202.7,3304.8,0.014,Uracil,GC-MS
SMP-00942,2.82,42435.6,8459.4,8580.2,0.041,Acetaminophen,GC-MS
SMP-00942,4.13,67348.0,10736.4,10851.0,0.0664,Caffeine,GC-MS
SMP-00942,5.62,25970.6,5620.5,5578.2,0.0256,Aspirin,GC-MS
SMP-00942,7.23,61308.8,10046.6,10593.1,0.0596,Benzoic Acid,GC-MS
SMP-00942,8.91,34103.0,6849.6,7070.9,0.0354,Phenacetin,GC-MS
SMP-00942,10.42,12591.6,3163.0,3274.1,0.0124,Salicylic Acid,GC-MS
SMP-00942,12.08,60315.8,11536.0,11736.5,0.0609,Chlorpheniramine,GC-MS
SMP-00943,1.26,13666.7,3704.0,3822.7,0.0136,Uracil,GC-MS
SMP-00943,2.83,43823.7,9284.3,9505.6,0.0455,Acetaminophen,GC-MS
SMP-00943,4.19,78163.9,13199.7,13538.2,0.0782,Caffeine,GC-MS
SMP-00943,5.62,23845.4,4932.0,5024.2,0.0242,Aspirin,GC-MS
SMP-00943,7.16,58805.0,9731.2,10103.7,0.0579,Benzoic Acid,GC-MS
SMP-00943,8.89,32203.0,6910.4,7038.5,0.0327,Phenacetin,GC-MS
SMP-00943,10.42,16476.8,3944.6,4149.2,0.0163,Salicylic Acid,GC-MS
SMP-00943,12.11,54335.5,9704.6,10095.5,0.0538,Chlorpheniramine,GC-MS
SMP-00944,1.26,12537.1,3112.3,3226.9,0.0125,Uracil,GC-MS
SMP-00944,2.87,47155.9,9011.4,8938.4,0.0472,Acetaminophen,GC-MS
SMP-00944,4.14,80422.6,12785.3,13284.8,0.0809,Caffeine,GC-MS
SMP-00944,5.55,23535.4,5071.5,5074.4,0.0228,Aspirin,GC-MS
SMP-00944,7.22,74356.9,12255.3,12975.7,0.073,Benzoic Acid,GC-MS
SMP-00944,8.99,29452.4,6207.8,6240.5,0.0306,Phenacetin,GC-MS
SMP-00944,10.38,16502.8,3896.6,4097.8,0.0162,Salicylic Acid,GC-MS
SMP-00944,12.09,61079.0,11113.7,11280.6,0.06,Chlorpheniramine,GC-MS
SMP-00945,1.27,13978.0,3551.6,3700.6,0.0144,Uracil,GC-MS
SMP-00945,2.81,44156.3,8589.6,8759.8,0.0452,Acetaminophen,GC-MS
SMP-00945,4.12,91567.4,15495.1,16591.5,0.0902,Caffeine,GC-MS
SMP-00945,5.61,21590.6,4840.4,5061.8,0.0223,Aspirin,GC-MS
SMP-00945,7.21,69482.2,11647.1,11905.3,0.0726,Benzoic Acid,GC-MS
SMP-00945,8.94,30527.0,6144.3,6097.9,0.031,Phenacetin,GC-MS
SMP-00945,10.39,13840.0,3363.1,3426.6,0.0142,Salicylic Acid,GC-MS
SMP-00945,12.09,51108.4,8919.5,9318.3,0.0509,Chlorpheniramine,GC-MS
SMP-00946,1.26,10610.3,2571.4,2627.8,0.0105,Uracil,GC-MS
SMP-00946,2.82,46219.5,8967.8,9163.6,0.0457,Acetaminophen,GC-MS
SMP-00946,4.11,88856.0,14756.2,15297.8,0.0891,Caffeine,GC-MS
SMP-00946,5.59,23284.7,5352.0,5536.6,0.0234,Aspirin,GC-MS
SMP-00946,7.17,67985.4,11623.5,11881.8,0.0711,Benzoic Acid,GC-MS
SMP-00946,9.0,29082.1,5881.8,6159.1,0.0294,Phenacetin,GC-MS
SMP-00946,10.44,14878.0,3687.1,3750.3,0.0153,Salicylic Acid,GC-MS
SMP-00946,12.09,55065.3,10060.8,10538.1,0.0536,Chlorpheniramine,GC-MS
SMP-00947,1.31,12449.8,3061.1,3061.0,0.0122,Uracil,GC-MS
SMP-00947,2.78,146989.6,28405.1,28289.9,0.1468,Acetaminophen,GC-MS
SMP-00947,4.16,95169.4,15383.3,15885.2,0.0959,Caffeine,GC-MS
SMP-00947,5.57,22237.5,4887.1,4936.0,0.0224,Aspirin,GC-MS
SMP-00947,7.17,64742.7,10507.2,11145.7,0.0655,Benzoic Acid,GC-MS
SMP-00947,8.92,26950.3,5531.3,5714.7,0.0274,Phenacetin,GC-MS
SMP-00947,10.48,13751.0,3331.3,3534.1,0.0142,Salicylic Acid,GC-MS
SMP-00947,12.15,44644.4,7702.0,8104.2,0.0432,Chlorpheniramine,GC-MS
SMP-00948,1.25,12165.5,3267.4,3312.3,0.0122,Uracil,GC-MS
SMP-00948,2.8,50387.0,9334.6,9466.9,0.0514,Acetaminophen,GC-MS
SMP-00948,4.16,80936.8,13193.7,13258.5,0.0786,Caffeine,GC-MS
SMP-00948,5.59,25322.8,5751.1,5855.2,0.0248,Aspirin,GC-MS
SMP-00948,7.24,71023.7,11690.1,11879.9,0.0717,Benzoic Acid,GC-MS
SMP-00948,8.96,35105.6,6883.2,7061.5,0.0362,Phenacetin,GC-MS
SMP-00948,10.39,13215.5,3274.4,3395.8,0.013,Salicylic Acid,GC-MS
SMP-00948,12.11,53680.2,9873.8,10057.9,0.0534,Chlorpheniramine,GC-MS
SMP-00949,1.27,14104.3,3664.8,3815.8,0.0143,Uracil,GC-MS
SMP-00949,2.82,42910.3,8966.3,9291.0,0.0433,Acetaminophen,GC-MS
SMP-00949,4.16,88711.7,14657.1,15173.9,0.0891,Caffeine,GC-MS
SMP-00949,5.58,24085.2,5180.8,5372.3,0.0239,Aspirin,GC-MS
SMP-00949,7.21,65911.1,11295.9,11597.0,0.0657,Benzoic Acid,GC-MS
SMP-00949,8.99,31021.1,6303.7,6452.0,0.0314,Phenacetin,GC-MS
SMP-00949,10.41,16050.8,3756.5,3714.6,0.0163,Salicylic Acid,GC-MS
SMP-00949,12.11,40753.6,7106.8,7118.4,0.0421,Chlorpheniramine,GC-MS
SMP-00950,1.29,12956.2,3352.7,3407.0,0.0129,Uracil,GC-MS
SMP-00950,2.82,45164.3,8808.6,8944.2,0.0453,Acetaminophen,GC-MS
SMP-00950,4.14,87531.5,13297.7,13343.7,0.087,Caffeine,GC-MS
SMP-00950,5.59,22025.9,4784.3,4803.7,0.0219,Aspirin,GC-MS
SMP-00950,7.19,68140.5,10897.8,11008.7,0.0678,Benzoic Acid,GC-MS
SMP-00950,8.91,26536.0,5248.9,5484.2,0.026,Phenacetin,GC-MS
SMP-00950,10.38,17049.0,4110.3,4288.2,0.0168,Salicylic Acid,GC-MS
SMP-00950,12.12,51351.2,9382.9,9373.9,0.0511,Chlorpheniramine,GC-MS
SMP-00951,1.27,13509.6,3474.4,3524.0,0.0131,Uracil,GC-MS
SMP-00951,2.82,43424.2,8770.5,8713.6,0.0446,Acetaminophen,GC-MS
SMP-00951,4.18,426136.0,69787.5,76904.8,0.4203,Caffeine,GC-MS
SMP-00951,5.59,23266.4,5451.2,5630.1,0.0229,Aspirin,GC-MS
SMP-00951,7.14,496717.6,77324.6,74210.7,0.5163,Benzoic Acid,GC-MS
SMP-00951,8.99,24797.3,5041.3,5130.6,0.0248,Phenacetin,GC-MS
SMP-00951,10.36,15554.1,4028.8,4257.5,0.0154,Salicylic Acid,GC-MS
SMP-00951,12.09,41533.8,7081.7,7393.0,0.0434,Chlorpheniramine,GC-MS
SMP-00952,1.25,13278.3,3402.3,3502.7,0.0131,Uracil,GC-MS
SMP-00952,2.84,40699.0,7765.3,7765.7,0.0403,Acetaminophen,GC-MS
SMP-00952,4.12,88112.3,14557.2,14759.5,0.0863,Caffeine,GC-MS
SMP-00952,5.59,22994.2,5320.6,5485.9,0.0235,Aspirin,GC-MS
SMP-00952,7.19,69299.2,11861.5,11821.5,0.0686,Benzoic Acid,GC-MS
SMP-00952,8.92,31892.3,6550.7,6814.5,0.0316,Phenacetin,GC-MS
SMP-00952,10.42,16519.0,4024.2,4236.9,0.0174,Salicylic Acid,GC-MS
SMP-00952,12.1,58740.2,10953.3,11318.7,0.0574,Chlorpheniramine,GC-MS
SMP-00953,1.26,10721.1,2799.6,2929.6,0.0105,Uracil,GC-MS
SMP-00953,2.82,49649.5,9470.5,9428.2,0.0497,Acetaminophen,GC-MS
SMP-00953,4.15,101098.6,15960.8,15757.5,0.1021,Caffeine,GC-MS
SMP-00953,5.6,25642.7,5627.8,5925.6,0.0248,Aspirin,GC-MS
SMP-00953,7.18,68517.1,11184.6,11214.5,0.0697,Benzoic Acid,GC-MS
SMP-00953,8.91,31336.3,6397.8,6709.7,0.0313,Phenacetin,GC-MS
SMP-00953,10.38,14562.2,3608.9,3693.3,0.0142,Salicylic Acid,GC-MS
SMP-00953,12.11,57484.8,10418.8,10767.8,0.0576,Chlorpheniramine,GC-MS
SMP-00954,1.25,12149.8,3251.0,3373.0,0.0127,Uracil,GC-MS
SMP-00954,2.81,41177.4,8375.6,8862.2,0.0419,Acetaminophen,GC-MS
SMP-00954,4.13,101080.0,16587.4,16785.2,0.1023,Caffeine,GC-MS
SMP-00954,5.55,21384.1,4657.1,4848.6,0.0218,Aspirin,GC-MS
SMP-00954,7.21,59829.9,9165.1,9417.5,0.0585,Benzoic Acid,GC-MS
SMP-00954,8.96,30363.1,5999.4,5931.2,0.0307,Phenacetin,GC-MS
SMP-00954,10.41,77550.9,20456.2,21695.8,0.0782,Salicylic Acid,GC-MS
SMP-00954,12.1,64568.6,11452.3,11764.3,0.0657,Chlorpheniramine,GC-MS
SMP-00955,1.23,11635.6,3173.4,3299.5,0.0116,Uracil,GC-MS
SMP-00955,2.81,44727.2,9308.0,9578.3,0.0469,Acetaminophen,GC-MS
SMP-00955,4.2,93047.8,14638.9,15486.8,0.0948,Caffeine,GC-MS
SMP-00955,5.6,25843.6,5418.0,5650.6,0.0257,Aspirin,GC-MS
SMP-00955,7.19,68449.3,11970.2,12490.7,0.0697,Benzoic Acid,GC-MS
SMP-00955,9.0,31327.3,5791.2,6028.7,0.0304,Phenacetin,GC-MS
SMP-00955,10.48,16943.5,4303.9,4328.8,0.0171,Salicylic Acid,GC-MS
SMP-00955,12.08,61404.7,11384.9,11724.5,0.0599,Chlorpheniramine,GC-MS
SMP-00956,1.28,10852.6,2796.3,2951.0,0.011,Uracil,GC-MS
SMP-00956,2.84,47160.7,9133.9,9437.5,0.0472,Acetaminophen,GC-MS
SMP-00956,4.16,78537.4,12419.1,12684.0,0.08,Caffeine,GC-MS
SMP-00956,5.57,25106.1,5542.5,5692.6,0.0255,Aspirin,GC-MS
SMP-00956,7.2,77335.4,12938.5,13336.5,0.0778,Benzoic Acid,GC-MS
SMP-00956,8.97,31363.1,6172.9,6378.3,0.0324,Phenacetin,GC-MS
SMP-00956,10.45,17790.1,4378.4,4436.8,0.0177,Salicylic Acid,GC-MS
SMP-00956,12.12,51690.5,9679.8,10005.2,0.0515,Chlorpheniramine,GC-MS
SMP-00957,1.28,10980.4,2755.7,2909.4,0.011,Uracil,GC-MS
SMP-00957,2.78,46366.7,8404.6,8731.2,0.0454,Acetaminophen,GC-MS
SMP-00957,4.16,95375.8,15109.2,15272.3,0.0939,Caffeine,GC-MS
SMP-00957,5.6,22590.5,5142.1,5352.6,0.0221,Aspirin,GC-MS
SMP-00957,7.19,68686.0,11402.5,11975.0,0.0688,Benzoic Acid,GC-MS
SMP-00957,8.94,34777.4,7194.1,7610.9,0.0336,Phenacetin,GC-MS
SMP-00957,10.39,16247.8,3897.3,4032.0,0.0159,Salicylic Acid,GC-MS
SMP-00957,12.13,53652.2,9310.7,9350.8,0.0541,Chlorpheniramine,GC-MS
SMP-00958,1.29,13391.8,3512.7,3716.7,0.0136,Uracil,GC-MS
SMP-00958,2.8,40907.2,8300.2,8568.3,0.0413,Acetaminophen,GC-MS
SMP-00958,4.09,79731.6,12223.4,12811.8,0.0813,Caffeine,GC-MS
SMP-00958,5.61,106726.0,19672.0,19859.8,0.1053,Aspirin,GC-MS
SMP-00958,7.19,70616.9,11763.7,11980.5,0.069,Benzoic Acid,GC-MS
SMP-00958,8.89,29117.6,5994.3,5984.3,0.0296,Phenacetin,GC-MS
SMP-00958,10.34,14478.4,3727.1,3831.2,0.0138,Salicylic Acid,GC-MS
SMP-00958,12.11,59108.5,10516.3,10532.4,0.0603,Chlorpheniramine,GC-MS
SMP-00959,1.24,12070.2,3244.6,3391.8,0.0118,Uracil,GC-MS
SMP-00959,2.79,44405.2,8735.3,8906.4,0.045,Acetaminophen,GC-MS
SMP-00959,4.07,71417.5,11660.2,12001.9,0.0714,Caffeine,GC-MS
SMP-00959,5.61,22768.7,5110.6,5404.6,0.0224,Aspirin,GC-MS
SMP-00959,7.19,62308.8,10418.3,10363.2,0.0616,Benzoic Acid,GC-MS
SMP-00959,8.91,31612.7,6443.8,6545.3,0.032,Phenacetin,GC-MS
SMP-00959,10.36,15423.5,3679.6,3826.5,0.0153,Salicylic Acid,GC-MS
SMP-00959,12.12,55272.8,9904.9,10041.7,0.0561,Chlorpheniramine,GC-MS
SMP-00960,1.25,12261.6,3169.0,3247.6,0.0124,Uracil,GC-MS
SMP-00960,2.83,43376.3,8322.5,8659.6,0.044,Acetaminophen,GC-MS
SMP-00960,4.12,81807.3,13371.1,13332.6,0.0853,Caffeine,GC-MS
SMP-00960,5.6,22182.3,4692.8,4815.2,0.0226,Aspirin,GC-MS
SMP-00960,7.28,71422.7,11450.3,11892.5,0.073,Benzoic Acid,GC-MS
SMP-00960,8.93,27756.8,5671.3,5695.4,0.0284,Phenacetin,GC-MS
SMP-00960,10.39,16357.0,4034.7,4120.9,0.0163,Salicylic Acid,GC-MS
SMP-00960,12.09,53979.9,9863.0,10086.1,0.0563,Chlorpheniramine,GC-MS
SMP-00961,1.29,11434.2,2821.3,2943.5,0.0117,Uracil,GC-MS
SMP-00961,2.83,46661.9,9334.4,9522.1,0.0447,Acetaminophen,GC-MS
SMP-00961,4.15,93397.4,14998.8,15734.1,0.0948,Caffeine,GC-MS
SMP-00961,5.59,19410.8,4397.7,4703.4,0.0192,Aspirin,GC-MS
SMP-00961,7.18,70491.4,11766.5,12150.6,0.0722,Benzoic Acid,GC-MS
SMP-00961,8.95,39386.7,8259.8,8487.2,0.039,Phenacetin,GC-MS
SMP-00961,10.37,16253.2,3768.0,3756.4,0.0164,Salicylic Acid,GC-MS
SMP-00961,12.11,54448.6,9551.2,9789.5,0.0562,Chlorpheniramine,GC-MS
SMP-00962,1.23,13759.1,3589.8,3760.4,0.014,Uracil,GC-MS
SMP-00962,2.79,49288.7,9928.1,10231.7,0.0483,Acetaminophen,GC-MS
SMP-00962,4.15,84438.3,13627.1,13901.2,0.0846,Caffeine,GC-MS
SMP-00962,5.66,19050.3,4082.8,4145.4,0.0193,Aspirin,GC-MS
SMP-00962,7.2,65409.1,11815.8,11821.3,0.0638,Benzoic Acid,GC-MS
SMP-00962,8.94,28505.2,6284.8,6406.5,0.0286,Phenacetin,GC-MS
SMP-00962,10.41,12778.4,3244.3,3391.8,0.0123,Salicylic Acid,GC-MS
SMP-00962,12.06,54620.4,9995.4,10206.1,0.0544,Chlorpheniramine,GC-MS
SMP-00963,1.21,13264.7,3349.6,3456.6,0.0136,Uracil,GC-MS
SMP-00963,2.84,47459.2,9179.8,9565.0,0.0484,Acetaminophen,GC-MS
SMP-00963,4.11,88912.7,14379.1,14640.6,0.0895,Caffeine,GC-MS
SMP-00963,5.6,27096.9,5792.3,6021.8,0.0266,Aspirin,GC-MS
SMP-00963,7.24,56386.0,9218.6,9416.1,0.0531,Benzoic Acid,GC-MS
SMP-00963,9.0,32658.4,6919.9,7055.6,0.0328,Phenacetin,GC-MS
SMP-00963,10.39,14089.0,3627.7,3785.5,0.0145,Salicylic Acid,GC-MS
SMP-00963,12.08,54597.4,9691.2,9972.5,0.0549,Chlorpheniramine,GC-MS
SMP-00964,1.25,13684.3,3388.6,3559.0,0.0134,Uracil,GC-MS
SMP-00964,2.84,39702.9,8122.4,8281.3,0.0397,Acetaminophen,GC-MS
SMP-00964,4.16,110187.9,17789.9,18470.0,0.1097,Caffeine,GC-MS
SMP-00964,5.58,24983.0,5466.9,5735.3,0.025,Aspirin,GC-MS
SMP-00964,7.23,76925.8,12420.7,13249.6,0.0781,Benzoic Acid,GC-MS
SMP-00964,8.91,30961.2,6379.0,6722.4,0.0314,Phenacetin,GC-MS
SMP-00964,10.46,15768.9,3837.3,3951.7,0.0164,Salicylic Acid,GC-MS
SMP-00964,12.12,55843.8,10005.2,10255.1,0.0541,Chlorpheniramine,GC-MS
SMP-00965,1.25,14090.4,3680.6,3733.2,0.0145,Uracil,GC-MS
SMP-00965,2.78,36451.7,6756.2,6917.9,0.0371,Acetaminophen,GC-MS
SMP-00965,4.19,84070.4,13394.5,13688.1,0.0877,Caffeine,GC-MS
SMP-00965,5.61,22080.2,5193.1,5356.8,0.0232,Aspirin,GC-MS
SMP-00965,7.17,62478.5,10299.4,10736.8,0.0636,Benzoic Acid,GC-MS
SMP-00965,8.97,32175.8,6375.2,6541.0,0.0325,Phenacetin,GC-MS
SMP-00965,10.41,18153.9,4513.0,4717.0,0.0182,Salicylic Acid,GC-MS
SMP-00965,12.07,47328.4,8348.9,8558.3,0.0481,Chlorpheniramine,GC-MS
SMP-00966,1.26,13004.0,3182.7,3251.0,0.0133,Uracil,GC-MS
SMP-00966,2.82,44864.3,8672.3,9041.2,0.0431,Acetaminophen,GC-MS
SMP-00966,4.16,390970.5,64640.8,67421.9,0.4006,Caffeine,GC-MS
SMP-00966,5.6,23900.0,5281.8,5520.5,0.0249,Aspirin,GC-MS
SMP-00966,7.14,72894.8,11344.9,11808.1,0.0712,Benzoic Acid,GC-MS
SMP-00966,8.92,32357.9,6706.0,6883.7,0.0315,Phenacetin,GC-MS
SMP-00966,10.42,17808.3,4457.9,4497.7,0.0183,Salicylic Acid,GC-MS
SMP-00966,12.08,47411.9,8190.2,8670.0,0.0468,Chlorpheniramine,GC-MS
SMP-00967,1.24,11583.9,2939.8,3079.0,0.0119,Uracil,GC-MS
SMP-00967,2.8,45740.2,8701.6,8633.9,0.0467,Acetaminophen,GC-MS
SMP-00967,4.14,90101.1,14854.4,15228.8,0.0888,Caffeine,GC-MS
SMP-00967,5.58,21375.0,4722.7,4955.5,0.0225,Aspirin,GC-MS
SMP-00967,7.19,70626.7,11958.1,12252.7,0.0698,Benzoic Acid,GC-MS
SMP-00967,9.01,28871.6,5889.2,6065.7,0.0287,Phenacetin,GC-MS
SMP-00967,10.39,14260.7,3662.1,3700.4,0.0144,Salicylic Acid,GC-MS
SMP-00967,12.08,51670.7,9819.5,10199.1,0.0504,Chlorpheniramine,GC-MS
SMP-00968,1.28,11819.3,3125.1,3214.5,0.0118,Uracil,GC-MS
SMP-00968,2.77,54760.7,10658.9,11203.3,0.0559,Acetaminophen,GC-MS
SMP-00968,4.18,103982.7,16838.2,17043.1,0.1017,Caffeine,GC-MS
SMP-00968,5.65,23926.0,5223.9,5343.5,0.0244,Aspirin,GC-MS
SMP-00968,7.18,54279.9,9524.7,9669.9,0.0535,Benzoic Acid,GC-MS
SMP-00968,8.93,33089.4,6504.2,6889.5,0.0337,Phenacetin,GC-MS
SMP-00968,10.38,17432.4,4302.2,4285.1,0.0172,Salicylic Acid,GC-MS
SMP-00968,12.1,57422.4,10378.9,10274.9,0.0588,Chlorpheniramine,GC-MS
SMP-00969,1.21,11320.3,2864.4,2906.5,0.011,Uracil,GC-MS
SMP-00969,2.78,50886.9,9645.7,9620.9,0.0519,Acetaminophen,GC-MS
SMP-00969,4.21,91291.9,14733.0,15103.8,0.0918,Caffeine,GC-MS
SMP-00969,5.6,21962.3,4696.3,4917.1,0.0219,Aspirin,GC-MS
SMP-00969,7.2,71971.8,11821.0,12087.0,0.0717,Benzoic Acid,GC-MS
SMP-00969,8.95,30618.0,6260.8,6491.6,0.0313,Phenacetin,GC-MS
SMP-00969,10.43,16304.5,3927.6,4072.3,0.0161,Salicylic Acid,GC-MS
SMP-00969,12.1,47242.2,9062.4,9415.5,0.0475,Chlorpheniramine,GC-MS
SMP-00970,1.27,14560.1,3695.9,3814.8,0.0147,Uracil,GC-MS
SMP-00970,2.76,45620.6,9221.6,9253.1,0.0447,Acetaminophen,GC-MS
SMP-00970,4.14,97303.6,16720.3,16959.6,0.0957,Caffeine,GC-MS
SMP-00970,5.61,20720.0,4400.8,4738.5,0.0201,Aspirin,GC-MS
SMP-00970,7.21,67644.9,10771.9,11107.7,0.0666,Benzoic Acid,GC-MS
SMP-00970,8.91,29708.9,6028.8,6154.3,0.0297,Phenacetin,GC-MS
SMP-00970,10.41,14629.8,3656.8,3767.8,0.0144,Salicylic Acid,GC-MS
SMP-00970,12.09,55014.6,9866.0,10181.7,0.0563,Chlorpheniramine,GC-MS
SMP-00971,1.24,12181.0,3512.0,3538.7,0.012,Uracil,GC-MS
SMP-00971,2.8,48883.0,9541.0,9735.1,0.0487,Acetaminophen,GC-MS
SMP-00971,4.15,77652.2,12265.7,12491.2,0.0767,Caffeine,GC-MS
SMP-00971,5.58,25717.4,5669.9,5912.9,0.0259,Aspirin,GC-MS
SMP-00971,7.25,66835.5,11739.3,12466.9,0.0663,Benzoic Acid,GC-MS
SMP-00971,8.98,31398.9,6029.5,6254.4,0.032,Phenacetin,GC-MS
SMP-00971,10.32,14935.9,3794.3,3873.5,0.0147,Salicylic Acid,GC-MS
SMP-00971,12.07,56082.6,10107.0,10320.7,0.0578,Chlorpheniramine,GC-MS
SMP-00972,1.29,13433.1,3406.4,3510.2,0.0134,Uracil,GC-MS
SMP-00972,2.81,41462.9,7829.4,7926.4,0.0415,Acetaminophen,GC-MS
SMP-00972,4.12,94007.7,15359.8,16132.7,0.0915,Caffeine,GC-MS
SMP-00972,5.61,25606.5,5600.3,5693.4,0.0253,Aspirin,GC-MS
SMP-00972,7.17,68220.1,11117.5,11028.6,0.0682,Benzoic Acid,GC-MS
SMP-00972,8.91,28300.1,5765.4,6114.4,0.0276,Phenacetin,GC-MS
SMP-00972,10.4,16574.1,3996.5,4092.1,0.0165,Salicylic Acid,GC-MS
SMP-00972,12.13,54127.3,9373.3,9521.4,0.0535,Chlorpheniramine,GC-MS
SMP-00973,1.27,13295.0,3403.4,3370.5,0.0132,Uracil,GC-MS
SMP-00973,2.76,43232.9,8243.2,8597.1,0.0438,Acetaminophen,GC-MS
SMP-00973,4.13,87681.5,13100.8,13848.0,0.0909,Caffeine,GC-MS
SMP-00973,5.57,17508.5,3885.1,3952.4,0.0178,Aspirin,GC-MS
SMP-00973,7.23,67131.2,11333.8,11825.5,0.0661,Benzoic Acid,GC-MS
SMP-00973,8.93,32142.1,6989.2,7238.5,0.0314,Phenacetin,GC-MS
SMP-00973,10.4,13134.8,3046.4,3258.4,0.0128,Salicylic Acid,GC-MS
SMP-00973,12.12,55459.9,9790.8,9871.0,0.0552,Chlorpheniramine,GC-MS
SMP-00974,1.24,15459.9,3933.3,4251.0,0.0155,Uracil,GC-MS
SMP-00974,2.82,46279.9,8894.0,9180.5,0.0473,Acetaminophen,GC-MS
SMP-00974,4.12,90601.7,14863.0,15603.0,0.0892,Caffeine,GC-MS
SMP-00974,5.61,26228.3,5617.0,5644.4,0.0266,Aspirin,GC-MS
SMP-00974,7.18,67163.7,10272.6,10587.3,0.0674,Benzoic Acid,GC-MS
SMP-00974,8.96,34747.4,7169.0,7336.6,0.0345,Phenacetin,GC-MS
SMP-00974,10.4,16343.7,4125.2,4234.8,0.0159,Salicylic Acid,GC-MS
SMP-00974,12.12,54928.6,9732.3,9857.5,0.0555,Chlorpheniramine,GC-MS
SMP-00975,1.25,12980.7,3516.3,3679.5,0.0126,Uracil,GC-MS
SMP-00975,2.77,47199.9,8891.0,9110.7,0.0475,Acetaminophen,GC-MS
SMP-00975,4.14,94554.7,15817.4,16360.5,0.0944,Caffeine,GC-MS
SMP-00975,5.6,17714.1,3962.4,3916.6,0.0174,Aspirin,GC-MS
SMP-00975,7.18,66591.0,10916.5,11337.0,0.067,Benzoic Acid,GC-MS
SMP-00975,8.99,33794.3,6929.3,7237.7,0.0329,Phenacetin,GC-MS
SMP-00975,10.37,15148.4,3656.9,3838.5,0.015,Salicylic Acid,GC-MS
SMP-00975,12.06,55664.8,10051.9,10446.0,0.0565,Chlorpheniramine,GC-MS
SMP-00976,1.28,11604.3,2959.8,3070.1,0.0118,Uracil,GC-MS
SMP-00976,2.82,47670.3,8597.5,8901.3,0.047,Acetaminophen,GC-MS
SMP-00976,4.15,87137.2,14530.8,15063.9,0.0867,Caffeine,GC-MS
SMP-00976,5.63,21308.4,4582.0,4895.1,0.0216,Aspirin,GC-MS
SMP-00976,7.22,72746.3,11971.7,12519.9,0.071,Benzoic Acid,GC-MS
SMP-00976,8.93,32709.2,7004.8,7285.0,0.0318,Phenacetin,GC-MS
SMP-00976,10.41,15332.5,3691.5,3825.2,0.015,Salicylic Acid,GC-MS
SMP-00976,12.11,49623.0,8579.4,8759.1,0.0482,Chlorpheniramine,GC-MS
SMP-00977,1.27,13038.6,3467.9,3464.7,0.0132,Uracil,GC-MS
SMP-00977,2.82,39136.1,7145.3,7209.5,0.0388,Acetaminophen,GC-MS
SMP-00977,4.16,89687.7,14154.5,14736.3,0.0913,Caffeine,GC-MS
SMP-00977,5.59,18156.6,3957.4,3927.1,0.0184,Aspirin,GC-MS
SMP-00977,7.2,59488.5,9805.3,9957.7,0.0614,Benzoic Acid,GC-MS
SMP-00977,8.95,28465.8,5902.1,6216.4,0.0276,Phenacetin,GC-MS
SMP-00977,10.42,16111.4,3814.2,3998.8,0.0162,Salicylic Acid,GC-MS
SMP-00977,12.09,55246.0,9644.3,9941.6,0.055,Chlorpheniramine,GC-MS
SMP-00978,1.24,11985.8,2990.2,3068.7,0.0123,Uracil,GC-MS
SMP-00978,2.8,53405.7,10061.8,10475.2,0.0538,Acetaminophen,GC-MS
SMP-00978,4.18,92427.3,15068.2,15307.7,0.0914,Caffeine,GC-MS
SMP-00978,5.61,24959.0,5381.5,5785.8,0.0252,Aspirin,GC-MS
SMP-00978,7.14,74472.5,11971.4,12674.9,0.073,Benzoic Acid,GC-MS
SMP-00978,8.91,31990.0,6597.0,6862.0,0.0325,Phenacetin,GC-MS
SMP-00978,10.4,15825.1,3866.0,4038.4,0.0153,Salicylic Acid,GC-MS
SMP-00978,12.06,60708.5,10958.7,11197.0,0.0612,Chlorpheniramine,GC-MS
SMP-00979,1.26,12325.8,2995.4,3130.8,0.0123,Uracil,GC-MS
SMP-00979,2.78,56171.0,10456.2,10621.9,0.0549,Acetaminophen,GC-MS
SMP-00979,4.17,94619.4,15772.8,16084.5,0.0957,Caffeine,GC-MS
SMP-00979,5.6,21922.3,4572.9,4635.5,0.0211,Aspirin,GC-MS
SMP-00979,7.15,71665.0,11958.8,11854.4,0.0736,Benzoic Acid,GC-MS
SMP-00979,8.92,33138.2,6807.0,6671.1,0.0336,Phenacetin,GC-MS
SMP-00979,10.44,16032.2,3961.4,4074.5,0.0161,Salicylic Acid,GC-MS
SMP-00979,12.09,57491.7,10570.1,10746.7,0.0559,Chlorpheniramine,GC-MS
SMP-00980,1.26,12659.1,3192.2,3257.4,0.0127,Uracil,GC-MS
SMP-00980,2.82,50738.1,9871.2,9874.2,0.0513,Acetaminophen,GC-MS
SMP-00980,4.12,86090.2,14227.5,14533.7,0.085,Caffeine,GC-MS
SMP-00980,5.62,26047.4,5575.9,5724.5,0.0262,Aspirin,GC-MS
SMP-00980,7.22,78720.6,13447.8,13903.5,0.0781,Benzoic Acid,GC-MS
SMP-00980,8.93,36261.8,8032.9,8565.5,0.037,Phenacetin,GC-MS
SMP-00980,10.41,17749.0,4282.7,4481.3,0.0179,Salicylic Acid,GC-MS
SMP-00980,12.12,59155.2,10728.8,10841.4,0.058,Chlorpheniramine,GC-MS
SMP-00981,1.21,13333.5,3348.4,3425.0,0.0137,Uracil,GC-MS
SMP-00981,2.86,39845.6,7705.8,8030.5,0.0401,Acetaminophen,GC-MS
SMP-00981,4.12,110874.5,17343.3,17777.1,0.1112,Caffeine,GC-MS
SMP-00981,5.61,23024.7,4972.4,5024.5,0.0234,Aspirin,GC-MS
SMP-00981,7.19,63369.2,10705.9,10895.1,0.0621,Benzoic Acid,GC-MS
SMP-00981,8.94,37805.8,7823.8,8078.1,0.0369,Phenacetin,GC-MS
SMP-00981,10.4,16783.6,4216.4,4370.8,0.0164,Salicylic Acid,GC-MS
SMP-00981,12.07,58585.2,10325.4,10634.1,0.0563,Chlorpheniramine,GC-MS
SMP-00982,1.2,11446.8,3027.4,3058.4,0.0114,Uracil,GC-MS
SMP-00982,2.78,43472.5,8088.5,8046.0,0.0451,Acetaminophen,GC-MS
SMP-00982,4.1,92801.2,15321.8,15714.5,0.091,Caffeine,GC-MS
SMP-00982,5.57,24058.3,5198.7,5318.9,0.0241,Aspirin,GC-MS
SMP-00982,7.19,62299.3,10566.8,10765.3,0.0634,Benzoic Acid,GC-MS
SMP-00982,8.99,30249.5,6009.4,5855.4,0.0308,Phenacetin,GC-MS
SMP-00982,10.39,12598.1,3043.4,3112.4,0.013,Salicylic Acid,GC-MS
SMP-00982,12.08,51094.7,9435.1,9639.5,0.0516,Chlorpheniramine,GC-MS
SMP-00983,1.24,10442.4,2588.4,2735.6,0.0101,Uracil,GC-MS
SMP-00983,2.86,52745.1,10083.2,10406.5,0.0531,Acetaminophen,GC-MS
SMP-00983,4.14,107390.0,16862.4,17778.7,0.1066,Caffeine,GC-MS
SMP-00983,5.59,25020.5,5279.5,5533.9,0.0252,Aspirin,GC-MS
SMP-00983,7.21,70488.4,11500.8,11677.5,0.0711,Benzoic Acid,GC-MS
SMP-00983,8.95,32576.3,6365.1,6470.8,0.0327,Phenacetin,GC-MS
SMP-00983,10.4,15049.1,3791.4,3938.6,0.0151,Salicylic Acid,GC-MS
SMP-00983,12.08,44301.7,8174.7,8374.7,0.0442,Chlorpheniramine,GC-MS
SMP-00984,1.23,13438.7,3397.9,3435.6,0.0135,Uracil,GC-MS
SMP-00984,2.79,34364.0,6946.3,7270.8,0.0324,Acetaminophen,GC-MS
SMP-00984,4.15,104564.5,16069.2,16333.6,0.1053,Caffeine,GC-MS
SMP-00984,5.61,23486.5,5446.1,5685.2,0.0236,Aspirin,GC-MS
SMP-00984,7.21,68038.6,11194.7,11504.9,0.07,Benzoic Acid,GC-MS
SMP-00984,8.92,34882.7,7015.1,7337.8,0.0349,Phenacetin,GC-MS
SMP-00984,10.42,18062.2,4581.8,4740.8,0.018,Salicylic Acid,GC-MS
SMP-00984,12.08,62002.3,11088.7,11478.5,0.0622,Chlorpheniramine,GC-MS
SMP-00985,1.25,11641.4,2896.3,2941.3,0.0116,Uracil,GC-MS
SMP-00985,2.83,48951.0,9511.5,10048.8,0.0492,Acetaminophen,GC-MS
SMP-00985,4.13,93599.8,15255.9,15726.3,0.0947,Caffeine,GC-MS
SMP-00985,5.62,25686.1,5893.8,5986.3,0.0263,Aspirin,GC-MS
SMP-00985,7.21,63019.5,10236.9,10913.9,0.0635,Benzoic Acid,GC-MS
SMP-00985,8.93,34434.2,6916.3,7082.2,0.0332,Phenacetin,GC-MS
SMP-00985,10.41,15013.7,3554.9,3745.6,0.0147,Salicylic Acid,GC-MS
SMP-00985,12.11,60869.3,10683.7,10946.6,0.0613,Chlorpheniramine,GC-MS
SMP-00986,1.27,11204.3,2665.4,2657.1,0.0117,Uracil,GC-MS
SMP-00986,2.82,44727.1,8936.9,9219.2,0.045,Acetaminophen,GC-MS
SMP-00986,4.11,83424.3,13686.5,13895.1,0.081,Caffeine,GC-MS
SMP-00986,5.57,22746.8,4894.2,5097.0,0.0223,Aspirin,GC-MS
SMP-00986,7.13,79121.1,13058.9,13554.4,0.0796,Benzoic Acid,GC-MS
SMP-00986,8.97,29253.1,5998.3,6134.1,0.0296,Phenacetin,GC-MS
SMP-00986,10.41,14071.3,3646.2,3805.2,0.0136,Salicylic Acid,GC-MS
SMP-00986,12.13,57733.2,10455.3,10747.3,0.0565,Chlorpheniramine,GC-MS
SMP-00987,1.29,12173.4,3030.5,3136.3,0.0123,Uracil,GC-MS
SMP-00987,2.81,48181.6,9508.8,9690.4,0.0483,Acetaminophen,GC-MS
SMP-00987,4.14,88790.3,14418.2,14881.4,0.0907,Caffeine,GC-MS
SMP-00987,5.58,22824.2,5070.9,5233.4,0.0225,Aspirin,GC-MS
SMP-00987,7.23,68842.1,11914.9,11779.0,0.0692,Benzoic Acid,GC-MS
SMP-00987,8.95,31100.5,6356.5,6484.3,0.0309,Phenacetin,GC-MS
SMP-00987,10.4,16070.1,3897.7,3895.7,0.0162,Salicylic Acid,GC-MS
SMP-00987,12.08,60365.6,11343.9,11542.0,0.0609,Chlorpheniramine,GC-MS
SMP-00988,1.2,11323.7,2821.5,2973.4,0.0115,Uracil,GC-MS
SMP-00988,2.76,49827.5,9802.1,10126.1,0.051,Acetaminophen,GC-MS
SMP-00988,4.1,80054.6,13852.4,14187.5,0.0789,Caffeine,GC-MS
SMP-00988,5.59,21640.8,4997.2,5222.3,0.0215,Aspirin,GC-MS
SMP-00988,7.22,74418.3,12386.5,13188.1,0.0721,Benzoic Acid,GC-MS
SMP-00988,8.95,29500.5,6050.8,6389.5,0.0297,Phenacetin,GC-MS
SMP-00988,10.38,16338.7,3986.7,3997.6,0.0158,Salicylic Acid,GC-MS
SMP-00988,12.05,51447.7,8962.1,8852.6,0.0502,Chlorpheniramine,GC-MS
SMP-00989,1.26,13742.7,3469.2,3628.4,0.0137,Uracil,GC-MS
SMP-00989,2.78,46020.3,8701.5,8920.7,0.0454,Acetaminophen,GC-MS
SMP-00989,4.18,104107.7,17124.7,17087.0,0.1032,Caffeine,GC-MS
SMP-00989,5.56,22589.0,4576.8,4613.3,0.0234,Aspirin,GC-MS
SMP-00989,7.16,70883.0,11587.5,12012.3,0.0707,Benzoic Acid,GC-MS
SMP-00989,8.93,28896.6,6145.4,6351.3,0.0292,Phenacetin,GC-MS
SMP-00989,10.4,13074.5,3177.9,3187.4,0.0132,Salicylic Acid,GC-MS
SMP-00989,12.11,61207.5,11209.1,11474.8,0.0602,Chlorpheniramine,GC-MS
SMP-00990,1.21,13769.8,3426.7,3589.6,0.0137,Uracil,GC-MS
SMP-00990,2.8,46522.3,9198.7,9270.1,0.0465,Acetaminophen,GC-MS
SMP-00990,4.16,92666.2,15473.0,15709.7,0.0941,Caffeine,GC-MS
SMP-00990,5.59,22844.9,5172.8,5326.8,0.0224,Aspirin,GC-MS
SMP-00990,7.21,74476.9,12545.8,12614.4,0.076,Benzoic Acid,GC-MS
SMP-00990,9.0,32374.4,6234.4,6460.4,0.0329,Phenacetin,GC-MS
SMP-00990,10.44,15840.8,3997.6,4093.2,0.0167,Salicylic Acid,GC-MS
SMP-00990,12.1,46738.7,8695.6,9089.1,0.0483,Chlorpheniramine,GC-MS
SMP-00991,1.28,11105.4,2880.7,2979.5,0.0112,Uracil,GC-MS
SMP-00991,2.76,55543.6,11138.9,11482.0,0.0551,Acetaminophen,GC-MS
SMP-00991,4.14,81065.5,12594.7,12852.6,0.0802,Caffeine,GC-MS
SMP-00991,5.54,21318.1,4500.9,4607.6,0.0215,Aspirin,GC-MS
SMP-00991,7.17,69752.4,11603.8,12172.3,0.07,Benzoic Acid,GC-MS
SMP-00991,8.98,31076.7,6380.6,6610.9,0.0307,Phenacetin,GC-MS
SMP-00991,10.39,11544.0,2765.7,2933.6,0.011,Salicylic Acid,GC-MS
SMP-00991,12.09,50740.3,9283.6,9512.2,0.0485,Chlorpheniramine,GC-MS
SMP-00992,1.19,13888.3,3396.7,3377.7,0.0138,Uracil,GC-MS
SMP-00992,2.78,47592.9,9042.9,9120.2,0.0479,Acetaminophen,GC-MS
SMP-00992,4.13,90568.9,14744.6,14721.4,0.0906,Caffeine,GC-MS
SMP-00992,5.57,22144.7,4868.2,5059.8,0.0221,Aspirin,GC-MS
SMP-00992,7.2,70828.7,11971.1,12246.9,0.0706,Benzoic Acid,GC-MS
SMP-00992,8.97,29004.0,5513.3,5611.3,0.0285,Phenacetin,GC-MS
SMP-00992,10.4,17485.6,4221.4,4446.2,0.0182,Salicylic Acid,GC-MS
SMP-00992,12.13,49140.5,8933.5,9300.2,0.0475,Chlorpheniramine,GC-MS
SMP-00993,1.21,11464.8,2876.5,2877.1,0.0113,Uracil,GC-MS
SMP-00993,2.82,40807.4,7823.2,7843.9,0.0423,Acetaminophen,GC-MS
SMP-00993,4.14,106553.3,16892.6,17375.6,0.109,Caffeine,GC-MS
SMP-00993,5.58,20249.4,4164.7,4343.0,0.0206,Aspirin,GC-MS
SMP-00993,7.23,69936.5,11849.3,11861.0,0.07,Benzoic Acid,GC-MS
SMP-00993,8.9,30612.3,6384.4,6634.0,0.0306,Phenacetin,GC-MS
SMP-00993,10.41,12992.5,3080.0,3215.2,0.0132,Salicylic Acid,GC-MS
SMP-00993,12.17,49549.9,9064.3,9239.8,0.0496,Chlorpheniramine,GC-MS
SMP-00994,1.25,13024.1,3414.0,3427.4,0.0134,Uracil,GC-MS
SMP-00994,2.83,51350.8,9977.6,10215.6,0.0502,Acetaminophen,GC-MS
SMP-00994,4.15,78372.0,12753.1,13601.7,0.0786,Caffeine,GC-MS
SMP-00994,5.59,22179.6,4732.1,4839.3,0.0223,Aspirin,GC-MS
SMP-00994,7.16,59638.6,9939.7,10024.3,0.0613,Benzoic Acid,GC-MS
SMP-00994,8.96,28388.4,5514.6,5711.4,0.0285,Phenacetin,GC-MS
SMP-00994,10.42,13686.5,3510.7,3591.2,0.0142,Salicylic Acid,GC-MS
SMP-00994,12.11,51317.2,9548.9,9842.7,0.0514,Chlorpheniramine,GC-MS
SMP-00995,1.25,49147.2,11006.9,13057.4,0.049,Uracil,GC-MS
SMP-00995,2.83,46898.4,8647.6,8737.0,0.0476,Acetaminophen,GC-MS
SMP-00995,4.15,98639.8,16944.5,17816.0,0.0981,Caffeine,GC-MS
SMP-00995,5.59,25222.8,5658.2,5923.2,0.025,Aspirin,GC-MS
SMP-00995,7.22,70732.2,11809.1,12315.8,0.0725,Benzoic Acid,GC-MS
SMP-00995,8.95,26175.0,5462.3,5712.6,0.0266,Phenacetin,GC-MS
SMP-00995,10.4,15245.8,3518.6,3694.6,0.0154,Salicylic Acid,GC-MS
SMP-00995,12.11,43146.7,7978.6,8229.8,0.0429,Chlorpheniramine,GC-MS
SMP-00996,1.22,11275.5,2846.1,2860.2,0.0112,Uracil,GC-MS
SMP-00996,2.74,41321.1,7900.7,8214.4,0.0406,Acetaminophen,GC-MS
SMP-00996,4.14,91701.0,14664.6,15556.8,0.0948,Caffeine,GC-MS
SMP-00996,5.55,23072.2,5021.7,4958.4,0.023,Aspirin,GC-MS
SMP-00996,7.22,283669.6,47804.0,47179.1,0.2871,Benzoic Acid,GC-MS
SMP-00996,9.01,30159.8,6300.7,6610.4,0.0295,Phenacetin,GC-MS
SMP-00996,10.41,17738.9,4383.2,4598.1,0.0176,Salicylic Acid,GC-MS
SMP-00996,12.11,59070.9,10481.0,10744.3,0.0578,Chlorpheniramine,GC-MS
SMP-00997,1.28,11115.4,2865.6,2973.6,0.0112,Uracil,GC-MS
SMP-00997,2.85,41813.4,8273.6,8407.1,0.0427,Acetaminophen,GC-MS
SMP-00997,4.13,98728.8,15781.2,17160.2,0.0985,Caffeine,GC-MS
SMP-00997,5.57,20103.9,4599.3,4607.3,0.0199,Aspirin,GC-MS
SMP-00997,7.23,74983.4,12970.9,13635.8,0.0767,Benzoic Acid,GC-MS
SMP-00997,8.96,134125.3,30065.8,23838.4,0.1322,Phenacetin,GC-MS
SMP-00997,10.37,12557.3,3109.4,3241.5,0.0127,Salicylic Acid,GC-MS
SMP-00997,12.17,59298.9,10175.4,10402.7,0.0612,Chlorpheniramine,GC-MS
SMP-00998,1.3,13624.1,3537.1,3561.2,0.0133,Uracil,GC-MS
SMP-00998,2.83,40333.1,7806.2,8421.7,0.0408,Acetaminophen,GC-MS
SMP-00998,4.15,93737.4,15127.3,15807.1,0.0944,Caffeine,GC-MS
SMP-00998,5.65,23043.1,5172.9,5182.7,0.0229,Aspirin,GC-MS
SMP-00998,7.17,56947.6,9580.1,9774.3,0.0545,Benzoic Acid,GC-MS
SMP-00998,8.94,32895.3,6636.8,6796.1,0.0322,Phenacetin,GC-MS
SMP-00998,10.38,16890.9,4173.0,4284.7,0.0166,Salicylic Acid,GC-MS
SMP-00998,12.06,55274.5,10370.5,10553.7,0.055,Chlorpheniramine,GC-MS
SMP-00999,1.22,9467.7,2416.6,2463.8,0.009,Uracil,GC-MS
SMP-00999,2.78,48191.2,9512.7,9327.9,0.0477,Acetaminophen,GC-MS
SMP-00999,4.14,72002.7,12284.2,12734.8,0.0737,Caffeine,GC-MS
SMP-00999,5.53,21321.6,5064.9,5145.0,0.0207,Aspirin,GC-MS
SMP-00999,7.2,76347.9,12589.2,12573.0,0.0739,Benzoic Acid,GC-MS
SMP-00999,8.92,32279.8,6508.4,6933.0,0.0331,Phenacetin,GC-MS
SMP-00999,10.38,17958.0,4389.2,4502.9,0.0181,Salicylic Acid,GC-MS
SMP-00999,12.07,52530.2,10387.7,10844.9,0.0532,Chlorpheniramine,GC-MS
SMP-01000,1.25,11070.8,3096.9,3204.5,0.0111,Uracil,GC-MS
SMP-01000,2.79,48525.0,9110.3,9435.4,0.0487,Acetaminophen,GC-MS
SMP-01000,4.15,96199.7,14997.2,15436.7,0.0971,Caffeine,GC-MS
SMP-01000,5.56,23071.8,4903.2,5052.1,0.0235,Aspirin,GC-MS
SMP-01000,7.2,69361.6,11155.7,11588.6,0.0693,Benzoic Acid,GC-MS
SMP-01000,8.91,33636.8,7028.6,7352.6,0.0337,Phenacetin,GC-MS
SMP-01000,10.37,15310.8,3739.0,3926.2,0.0151,Salicylic Acid,GC-MS
SMP-01000,12.12,49470.1,8738.4,8659.4,0.0495,Chlorpheniramine,GC-MS
SMP-01001,1.24,12565.6,3195.5,3345.8,0.012,Uracil,GC-MS
SMP-01001,2.79,49118.1,9810.1,9952.9,0.0495,Acetaminophen,GC-MS
SMP-01001,4.16,83922.3,13316.7,13291.3,0.0852,Caffeine,GC-MS
SMP-01001,5.63,17153.2,4119.5,4345.0,0.0167,Aspirin,GC-MS
SMP-01001,7.21,60456.1,10330.6,10655.2,0.0586,Benzoic Acid,GC-MS
SMP-01001,8.97,27483.4,5447.8,5574.0,0.0281,Phenacetin,GC-MS
SMP-01001,10.4,15962.8,3840.7,3883.8,0.0157,Salicylic Acid,GC-MS
SMP-01001,12.09,55771.4,10107.1,10532.3,0.0558,Chlorpheniramine,GC-MS
SMP-01002,1.2,11197.7,2953.2,3013.1,0.0117,Uracil,GC-MS
SMP-01002,2.84,46499.5,9261.2,9747.5,0.047,Acetaminophen,GC-MS
SMP-01002,4.16,98448.0,15220.6,16184.2,0.0969,Caffeine,GC-MS
SMP-01002,5.62,23351.4,4999.9,5153.7,0.0233,Aspirin,GC-MS
SMP-01002,7.22,66855.7,11142.7,11573.1,0.0653,Benzoic Acid,GC-MS
SMP-01002,8.99,29136.3,5904.5,5985.5,0.0293,Phenacetin,GC-MS
SMP-01002,10.41,12910.4,3185.6,3273.2,0.013,Salicylic Acid,GC-MS
SMP-01002,12.09,50117.7,9468.6,9318.8,0.0496,Chlorpheniramine,GC-MS
SMP-01003,1.25,13990.6,3504.8,3607.7,0.0139,Uracil,GC-MS
SMP-01003,2.79,38650.6,7365.9,7692.0,0.0391,Acetaminophen,GC-MS
SMP-01003,4.15,95782.4,16452.1,17129.0,0.0969,Caffeine,GC-MS
SMP-01003,5.61,26225.8,6038.9,6274.1,0.025,Aspirin,GC-MS
SMP-01003,7.22,66466.2,11606.2,12348.0,0.0656,Benzoic Acid,GC-MS
SMP-01003,8.9,33554.3,6966.5,7037.5,0.0335,Phenacetin,GC-MS
SMP-01003,10.45,16075.7,3890.0,3967.5,0.0161,Salicylic Acid,GC-MS
SMP-01003,12.1,51011.6,9306.6,9713.6,0.0496,Chlorpheniramine,GC-MS
SMP-01004,1.27,12750.5,3175.9,3168.1,0.0132,Uracil,GC-MS
SMP-01004,2.83,39722.4,7523.3,7488.5,0.0399,Acetaminophen,GC-MS
SMP-01004,4.16,90804.6,14137.3,15014.7,0.0886,Caffeine,GC-MS
SMP-01004,5.56,23346.7,5425.0,5622.6,0.0234,Aspirin,GC-MS
SMP-01004,7.21,57566.5,9454.6,9830.6,0.0593,Benzoic Acid,GC-MS
SMP-01004,8.87,32600.0,6696.4,6777.5,0.0329,Phenacetin,GC-MS
SMP-01004,10.39,16491.3,3952.6,4135.5,0.0166,Salicylic Acid,GC-MS
SMP-01004,12.12,52520.1,9520.3,10235.4,0.0523,Chlorpheniramine,GC-MS
SMP-01005,1.28,14324.6,3735.1,3878.4,0.0144,Uracil,GC-MS
SMP-01005,2.85,44782.4,8429.1,8527.0,0.0449,Acetaminophen,GC-MS
SMP-01005,4.15,105154.2,17174.2,17749.8,0.107,Caffeine,GC-MS
SMP-01005,5.59,23620.1,4962.7,5084.6,0.0238,Aspirin,GC-MS
SMP-01005,7.22,79035.9,13147.0,13745.1,0.0802,Benzoic Acid,GC-MS
SMP-01005,8.95,28093.3,5510.6,5619.5,0.0279,Phenacetin,GC-MS
SMP-01005,10.45,18303.6,4433.4,4444.9,0.0182,Salicylic Acid,GC-MS
SMP-01005,12.07,52841.4,9474.6,9810.4,0.0529,Chlorpheniramine,GC-MS
SMP-01006,1.29,12423.7,3328.2,3413.8,0.0124,Uracil,GC-MS
SMP-01006,2.8,37471.5,7469.0,7658.8,0.0368,Acetaminophen,GC-MS
SMP-01006,4.19,78216.1,12820.5,12977.4,0.0779,Caffeine,GC-MS
SMP-01006,5.59,23336.7,5243.2,5313.1,0.0236,Aspirin,GC-MS
SMP-01006,7.17,63399.0,10664.1,11287.2,0.0639,Benzoic Acid,GC-MS
SMP-01006,8.94,27398.8,6052.6,5996.0,0.0278,Phenacetin,GC-MS
SMP-01006,10.39,13487.3,3245.5,3359.2,0.0134,Salicylic Acid,GC-MS
SMP-01006,12.11,55521.1,10000.5,10088.9,0.0563,Chlorpheniramine,GC-MS
SMP-01007,1.21,11439.1,2937.5,3010.9,0.0115,Uracil,GC-MS
SMP-01007,2.82,44314.9,8171.7,8698.5,0.0444,Acetaminophen,GC-MS
SMP-01007,4.14,97644.4,16185.7,16609.3,0.099,Caffeine,GC-MS
SMP-01007,5.67,26828.0,5877.9,6059.2,0.0263,Aspirin,GC-MS
SMP-01007,7.24,62726.7,10427.1,10371.6,0.0644,Benzoic Acid,GC-MS
SMP-01007,8.96,33805.1,7263.4,7669.3,0.0333,Phenacetin,GC-MS
SMP-01007,10.36,14580.3,3576.0,3635.4,0.0145,Salicylic Acid,GC-MS
SMP-01007,12.11,55627.4,10067.3,10491.0,0.0556,Chlorpheniramine,GC-MS
SMP-01008,1.27,11051.1,2947.8,3054.0,0.0118,Uracil,GC-MS
SMP-01008,2.8,42179.6,8227.6,8215.6,0.0443,Acetaminophen,GC-MS
SMP-01008,4.17,83059.1,13436.2,13409.0,0.0805,Caffeine,GC-MS
SMP-01008,5.63,19936.0,4461.2,4624.4,0.0199,Aspirin,GC-MS
SMP-01008,7.21,69783.7,11007.3,10805.1,0.0684,Benzoic Acid,GC-MS
SMP-01008,8.98,32761.7,6677.0,6928.1,0.0324,Phenacetin,GC-MS
SMP-01008,10.35,13092.4,3041.6,3171.3,0.013,Salicylic Acid,GC-MS
SMP-01008,12.09,55019.1,10233.3,10705.3,0.0554,Chlorpheniramine,GC-MS
SMP-01009,1.21,13699.3,3341.7,3342.0,0.0144,Uracil,GC-MS
SMP-01009,2.84,41424.6,7890.6,8147.4,0.0404,Acetaminophen,GC-MS
SMP-01009,4.18,86125.8,14414.2,15270.3,0.0851,Caffeine,GC-MS
SMP-01009,5.62,18799.6,4204.7,4373.8,0.0185,Aspirin,GC-MS
SMP-01009,7.2,80948.3,13391.2,13855.7,0.0795,Benzoic Acid,GC-MS
SMP-01009,8.93,151551.7,26759.3,28678.8,0.1501,Phenacetin,GC-MS
SMP-01009,10.38,15511.0,3759.5,3900.6,0.0152,Salicylic Acid,GC-MS
SMP-01009,12.1,49019.3,8853.0,9161.4,0.0483,Chlorpheniramine,GC-MS
SMP-01010,1.23,13152.9,3393.2,3595.1,0.0135,Uracil,GC-MS
SMP-01010,2.82,45654.7,8537.8,8690.3,0.0444,Acetaminophen,GC-MS
SMP-01010,4.11,98938.2,16449.0,16733.6,0.1006,Caffeine,GC-MS
SMP-01010,5.58,25096.2,5589.6,5695.4,0.0261,Aspirin,GC-MS
SMP-01010,7.22,75027.0,12644.0,13054.0,0.0764,Benzoic Acid,GC-MS
SMP-01010,8.91,32336.8,6663.1,7010.7,0.0326,Phenacetin,GC-MS
SMP-01010,10.42,16990.1,4185.2,4339.4,0.0175,Salicylic Acid,GC-MS
SMP-01010,12.07,67088.6,11961.6,12456.5,0.0674,Chlorpheniramine,GC-MS
SMP-01011,1.31,12925.8,3300.7,3367.7,0.013,Uracil,GC-MS
SMP-01011,2.79,44928.0,8643.6,8504.2,0.0448,Acetaminophen,GC-MS
SMP-01011,4.17,86948.5,13621.1,13946.7,0.0852,Caffeine,GC-MS
SMP-01011,5.54,21249.1,4653.0,4869.4,0.0209,Aspirin,GC-MS
SMP-01011,7.19,71237.5,12026.2,12585.2,0.0735,Benzoic Acid,GC-MS
SMP-01011,8.91,36688.3,7506.3,7577.9,0.0369,Phenacetin,GC-MS
SMP-01011,10.41,14088.2,3149.7,3203.6,0.0146,Salicylic Acid,GC-MS
SMP-01011,12.13,55748.2,9898.8,10654.5,0.0556,Chlorpheniramine,GC-MS
SMP-01012,1.23,39076.0,8233.5,8470.5,0.0405,Uracil,GC-MS
SMP-01012,2.82,51008.0,9946.1,10458.5,0.0505,Acetaminophen,GC-MS
SMP-01012,4.17,92975.4,15657.0,15904.2,0.091,Caffeine,GC-MS
SMP-01012,5.59,23819.3,5510.3,5709.7,0.0237,Aspirin,GC-MS
SMP-01012,7.18,52933.2,8791.7,8777.4,0.0546,Benzoic Acid,GC-MS
SMP-01012,8.96,36802.2,7366.0,7865.4,0.0369,Phenacetin,GC-MS
SMP-01012,10.41,17874.1,4416.3,4556.2,0.0178,Salicylic Acid,GC-MS
SMP-01012,12.09,53318.2,9527.3,9955.6,0.0513,Chlorpheniramine,GC-MS
SMP-01013,1.25,12637.7,3472.2,3546.6,0.0126,Uracil,GC-MS
SMP-01013,2.81,46672.7,8997.6,9078.9,0.0462,Acetaminophen,GC-MS
SMP-01013,4.17,98435.1,16157.2,16000.0,0.1015,Caffeine,GC-MS
SMP-01013,5.6,21075.5,4481.9,4563.4,0.0211,Aspirin,GC-MS
SMP-01013,7.21,72577.6,12639.7,13031.8,0.075,Benzoic Acid,GC-MS
SMP-01013,8.97,35907.7,7539.4,7780.9,0.0367,Phenacetin,GC-MS
SMP-01013,10.43,13076.1,3286.7,3259.7,0.0131,Salicylic Acid,GC-MS
SMP-01013,12.05,55698.6,10133.9,10622.6,0.0534,Chlorpheniramine,GC-MS
SMP-01014,1.25,11942.4,3210.3,3348.8,0.0123,Uracil,GC-MS
SMP-01014,2.86,47644.2,9064.5,9215.5,0.0473,Acetaminophen,GC-MS
SMP-01014,4.18,91010.8,14798.1,15188.7,0.0921,Caffeine,GC-MS
SMP-01014,5.58,20627.0,4293.9,4466.0,0.0201,Aspirin,GC-MS
SMP-01014,7.18,68552.1,10909.2,11416.4,0.0653,Benzoic Acid,GC-MS
SMP-01014,8.96,27648.6,5359.2,5549.7,0.0278,Phenacetin,GC-MS
SMP-01014,10.38,17547.3,4242.6,4401.6,0.0177,Salicylic Acid,GC-MS
SMP-01014,12.1,58783.3,10893.8,11037.8,0.0576,Chlorpheniramine,GC-MS
SMP-01015,1.27,12516.7,3079.2,3135.1,0.013,Uracil,GC-MS
SMP-01015,2.86,54184.6,10264.9,10466.5,0.0557,Acetaminophen,GC-MS
SMP-01015,4.16,71833.3,11771.0,12481.4,0.0709,Caffeine,GC-MS
SMP-01015,5.65,25172.3,5516.8,5783.9,0.025,Aspirin,GC-MS
SMP-01015,7.18,68007.9,11629.3,11686.9,0.0679,Benzoic Acid,GC-MS
SMP-01015,9.0,34683.3,7397.5,7541.4,0.035,Phenacetin,GC-MS
SMP-01015,10.42,16724.3,3954.3,4032.6,0.0171,Salicylic Acid,GC-MS
SMP-01015,12.12,67317.6,12146.4,12519.9,0.0675,Chlorpheniramine,GC-MS
SMP-01016,1.25,13165.0,3396.9,3484.9,0.013,Uracil,GC-MS
SMP-01016,2.8,43939.1,8591.0,8782.4,0.0449,Acetaminophen,GC-MS
SMP-01016,4.15,91946.3,15325.5,15319.1,0.0921,Caffeine,GC-MS
SMP-01016,5.57,25557.1,5623.4,5732.8,0.0257,Aspirin,GC-MS
SMP-01016,7.2,59771.3,9782.1,10108.2,0.0597,Benzoic Acid,GC-MS
SMP-01016,8.98,27341.0,5666.5,5649.4,0.0273,Phenacetin,GC-MS
SMP-01016,10.46,18470.2,4559.5,4800.9,0.0187,Salicylic Acid,GC-MS
SMP-01016,12.07,50018.1,9480.7,9476.7,0.0486,Chlorpheniramine,GC-MS
SMP-01017,1.26,14672.2,3942.2,4087.4,0.0148,Uracil,GC-MS
SMP-01017,2.72,54839.7,10490.3,10907.8,0.0547,Acetaminophen,GC-MS
SMP-01017,4.14,88490.3,14432.7,15003.8,0.089,Caffeine,GC-MS
SMP-01017,5.58,23075.5,5116.7,5353.7,0.0237,Aspirin,GC-MS
SMP-01017,7.21,76568.3,12397.8,12668.5,0.0787,Benzoic Acid,GC-MS
SMP-01017,8.95,33833.3,6543.6,6803.9,0.0336,Phenacetin,GC-MS
SMP-01017,10.46,13289.8,3285.0,3318.8,0.0133,Salicylic Acid,GC-MS
SMP-01017,12.05,56928.1,10642.8,10942.8,0.0587,Chlorpheniramine,GC-MS
SMP-01018,1.26,42872.2,10184.9,12463.3,0.0423,Uracil,GC-MS
SMP-01018,2.74,49198.3,9620.3,9970.0,0.0488,Acetaminophen,GC-MS
SMP-01018,4.08,89068.9,14365.4,14645.0,0.0916,Caffeine,GC-MS
SMP-01018,5.55,20937.8,4839.0,4977.7,0.0214,Aspirin,GC-MS
SMP-01018,7.16,72719.1,11533.0,11710.2,0.0709,Benzoic Acid,GC-MS
SMP-01018,8.9,34082.5,7238.2,7573.7,0.034,Phenacetin,GC-MS
SMP-01018,10.43,16224.7,4012.0,4037.3,0.0162,Salicylic Acid,GC-MS
SMP-01018,12.05,57197.0,10682.7,11219.4,0.0564,Chlorpheniramine,GC-MS
SMP-01019,1.23,12826.0,3514.3,3671.5,0.0129,Uracil,GC-MS
SMP-01019,2.8,46730.9,9322.7,9838.1,0.0464,Acetaminophen,GC-MS
SMP-01019,4.14,88094.8,14431.2,15466.6,0.0887,Caffeine,GC-MS
SMP-01019,5.58,20857.6,4718.6,4746.1,0.0209,Aspirin,GC-MS
SMP-01019,7.18,65061.6,10851.0,11113.6,0.065,Benzoic Acid,GC-MS
SMP-01019,8.99,29568.5,5924.7,6093.5,0.0292,Phenacetin,GC-MS
SMP-01019,10.4,18265.6,4474.4,4689.1,0.0181,Salicylic Acid,GC-MS
SMP-01019,12.09,49693.8,9117.0,9914.1,0.0505,Chlorpheniramine,GC-MS
SMP-01020,1.22,13672.1,3645.3,3813.0,0.0139,Uracil,GC-MS
SMP-01020,2.82,46973.1,9036.0,9404.5,0.0469,Acetaminophen,GC-MS
SMP-01020,4.16,95144.0,15548.7,15842.9,0.0938,Caffeine,GC-MS
SMP-01020,5.58,25003.7,5644.9,5935.8,0.0246,Aspirin,GC-MS
SMP-01020,7.18,67655.4,10949.1,11053.2,0.0657,Benzoic Acid,GC-MS
SMP-01020,8.94,35667.8,7302.2,7678.0,0.0356,Phenacetin,GC-MS
SMP-01020,10.34,16257.1,4105.8,4240.1,0.0168,Salicylic Acid,GC-MS
SMP-01020,12.11,54413.2,9783.6,9915.8,0.0544,Chlorpheniramine,GC-MS
SMP-01021,1.22,13169.8,3265.2,3433.7,0.0128,Uracil,GC-MS
SMP-01021,2.84,43908.2,8335.9,8389.7,0.0448,Acetaminophen,GC-MS
SMP-01021,4.15,91229.3,14591.3,14578.5,0.0912,Caffeine,GC-MS
SMP-01021,5.59,25952.3,5918.2,6073.2,0.026,Aspirin,GC-MS
SMP-01021,7.19,75517.9,12530.2,12956.1,0.0777,Benzoic Acid,GC-MS
SMP-01021,8.91,26735.6,5171.4,5433.1,0.026,Phenacetin,GC-MS
SMP-01021,10.4,14993.3,3773.7,3874.5,0.0147,Salicylic Acid,GC-MS
SMP-01021,12.1,57064.7,10255.4,10371.8,0.0579,Chlorpheniramine,GC-MS
SMP-01022,1.26,12540.5,3252.9,3342.4,0.0125,Uracil,GC-MS
SMP-01022,2.79,56018.7,11001.9,11015.9,0.0564,Acetaminophen,GC-MS
SMP-01022,4.15,89156.9,14827.1,15200.1,0.0883,Caffeine,GC-MS
SMP-01022,5.65,22566.6,5067.3,5243.9,0.0228,Aspirin,GC-MS
SMP-01022,7.19,61093.9,9910.5,10439.8,0.0602,Benzoic Acid,GC-MS
SMP-01022,8.95,36675.9,7052.9,7044.5,0.0374,Phenacetin,GC-MS
SMP-01022,10.46,14603.1,3611.4,3637.1,0.0147,Salicylic Acid,GC-MS
SMP-01022,12.12,304068.8,45959.9,50257.2,0.3032,Chlorpheniramine,GC-MS
SMP-01023,1.23,12506.6,3258.8,3411.5,0.0128,Uracil,GC-MS
SMP-01023,2.87,42643.1,8409.2,8673.3,0.0413,Acetaminophen,GC-MS
SMP-01023,4.18,103106.6,17402.0,17837.6,0.1026,Caffeine,GC-MS
SMP-01023,5.62,23430.8,5341.1,5320.5,0.0232,Aspirin,GC-MS
SMP-01023,7.2,77579.6,13318.4,13964.8,0.0761,Benzoic Acid,GC-MS
SMP-01023,8.93,37810.4,7666.9,8275.6,0.0379,Phenacetin,GC-MS
SMP-01023,10.4,14128.0,3462.2,3546.8,0.014,Salicylic Acid,GC-MS
SMP-01023,12.14,58561.7,11145.6,11614.2,0.0569,Chlorpheniramine,GC-MS
SMP-01024,1.2,12317.7,2992.0,3147.3,0.0123,Uracil,GC-MS
SMP-01024,2.84,48819.6,9669.5,10011.8,0.0464,Acetaminophen,GC-MS
SMP-01024,4.14,80513.5,12729.0,13300.3,0.0796,Caffeine,GC-MS
SMP-01024,5.58,20221.1,4709.0,4749.9,0.0203,Aspirin,GC-MS
SMP-01024,7.22,77627.6,12622.3,13321.8,0.0765,Benzoic Acid,GC-MS
SMP-01024,8.93,28774.8,6134.4,6313.0,0.0299,Phenacetin,GC-MS
SMP-01024,10.37,15615.8,3841.0,3998.6,0.0156,Salicylic Acid,GC-MS
SMP-01024,12.14,53225.7,9073.5,9290.1,0.0524,Chlorpheniramine,GC-MS
SMP-01025,1.26,12568.5,3216.2,3395.9,0.0126,Uracil,GC-MS
SMP-01025,2.79,50721.3,9599.2,9878.5,0.0504,Acetaminophen,GC-MS
SMP-01025,4.14,107999.4,18197.4,18852.7,0.1092,Caffeine,GC-MS
SMP-01025,5.59,22959.6,5032.8,5216.2,0.0236,Aspirin,GC-MS
SMP-01025,7.15,60285.9,9476.9,9953.5,0.0617,Benzoic Acid,GC-MS
SMP-01025,8.91,29741.2,6352.4,6742.6,0.0297,Phenacetin,GC-MS
SMP-01025,10.4,14814.5,3360.8,3493.7,0.0149,Salicylic Acid,GC-MS
SMP-01025,12.12,48667.6,8770.7,9414.6,0.0476,Chlorpheniramine,GC-MS
SMP-01026,1.24,11249.6,2971.2,2982.6,0.0111,Uracil,GC-MS
SMP-01026,2.77,44408.4,8584.1,8879.7,0.0448,Acetaminophen,GC-MS
SMP-01026,4.16,87997.0,14222.0,14483.4,0.0869,Caffeine,GC-MS
SMP-01026,5.58,23074.3,5079.9,5220.8,0.0222,Aspirin,GC-MS
SMP-01026,7.2,60172.9,9917.7,10204.8,0.0581,Benzoic Acid,GC-MS
SMP-01026,8.93,30698.0,6271.7,6437.2,0.0307,Phenacetin,GC-MS
SMP-01026,10.35,14933.9,3660.2,3900.8,0.0146,Salicylic Acid,GC-MS
SMP-01026,12.15,63592.5,11915.4,12342.9,0.0627,Chlorpheniramine,GC-MS
SMP-01027,1.23,11519.3,3082.9,3102.4,0.0115,Uracil,GC-MS
SMP-01027,2.76,50461.2,10153.7,10643.6,0.051,Acetaminophen,GC-MS
SMP-01027,4.17,89797.1,14102.8,14261.3,0.0864,Caffeine,GC-MS
SMP-01027,5.59,25396.9,5636.7,5695.0,0.0254,Aspirin,GC-MS
SMP-01027,7.22,60290.7,10090.0,10293.8,0.0617,Benzoic Acid,GC-MS
SMP-01027,8.98,29318.7,5833.5,6085.0,0.0296,Phenacetin,GC-MS
SMP-01027,10.44,15846.0,3902.2,3966.9,0.0161,Salicylic Acid,GC-MS
SMP-01027,12.14,49881.9,8731.0,8905.8,0.05,Chlorpheniramine,GC-MS
SMP-01028,1.28,12857.6,3400.3,3518.3,0.0127,Uracil,GC-MS
SMP-01028,2.81,49452.3,9367.7,9684.7,0.0512,Acetaminophen,GC-MS
SMP-01028,4.2,96234.4,15566.5,15705.6,0.0981,Caffeine,GC-MS
SMP-01028,5.63,19673.6,4299.2,4369.3,0.0199,Aspirin,GC-MS
SMP-01028,7.21,53126.4,8909.6,9366.4,0.0537,Benzoic Acid,GC-MS
SMP-01028,8.99,35475.3,7368.9,7591.8,0.0349,Phenacetin,GC-MS
SMP-01028,10.4,14161.3,3600.8,3972.5,0.0143,Salicylic Acid,GC-MS
SMP-01028,12.07,55660.5,10779.6,10839.0,0.0557,Chlorpheniramine,GC-MS
SMP-01029,1.23,13534.4,3592.2,3706.3,0.0135,Uracil,GC-MS
SMP-01029,2.85,45112.1,8821.2,9007.1,0.0448,Acetaminophen,GC-MS
SMP-01029,4.17,85418.3,14284.1,14607.0,0.086,Caffeine,GC-MS
SMP-01029,5.61,183025.4,41736.8,38584.8,0.1832,Aspirin,GC-MS
SMP-01029,7.22,57650.5,9528.8,10001.9,0.0584,Benzoic Acid,GC-MS
SMP-01029,8.98,29951.3,6299.7,6424.9,0.0294,Phenacetin,GC-MS
SMP-01029,10.38,14926.2,3571.4,3703.4,0.0147,Salicylic Acid,GC-MS
SMP-01029,12.08,52476.4,9658.2,9957.7,0.0531,Chlorpheniramine,GC-MS
SMP-01030,1.22,14101.4,3511.8,3616.2,0.0147,Uracil,GC-MS
SMP-01030,2.79,51927.1,9984.2,10629.0,0.052,Acetaminophen,GC-MS
SMP-01030,4.17,112158.9,17506.1,18388.5,0.1124,Caffeine,GC-MS
SMP-01030,5.59,20238.7,4439.6,4558.0,0.0203,Aspirin,GC-MS
SMP-01030,7.2,58191.4,9802.7,10412.2,0.0559,Benzoic Acid,GC-MS
SMP-01030,8.93,31397.6,6419.8,6848.8,0.0308,Phenacetin,GC-MS
SMP-01030,10.43,15505.1,3642.9,3598.8,0.0155,Salicylic Acid,GC-MS
SMP-01030,12.12,50593.7,8813.3,8968.2,0.0501,Chlorpheniramine,GC-MS
SMP-01031,1.25,11919.9,2979.4,3173.7,0.0121,Uracil,GC-MS
SMP-01031,2.81,39981.9,8163.5,8538.3,0.0423,Acetaminophen,GC-MS
SMP-01031,4.09,91795.6,15110.7,15627.5,0.0907,Caffeine,GC-MS
SMP-01031,5.67,23957.2,5259.0,5300.4,0.024,Aspirin,GC-MS
SMP-01031,7.24,57701.3,9619.6,9990.4,0.0558,Benzoic Acid,GC-MS
SMP-01031,8.98,26376.7,5446.4,5637.2,0.0269,Phenacetin,GC-MS
SMP-01031,10.38,15059.5,3467.0,3783.6,0.0157,Salicylic Acid,GC-MS
SMP-01031,12.08,59033.7,11033.2,11533.8,0.0582,Chlorpheniramine,GC-MS
SMP-01032,1.28,11817.6,2931.9,3036.7,0.0117,Uracil,GC-MS
SMP-01032,2.79,42385.0,7863.7,8038.8,0.0411,Acetaminophen,GC-MS
SMP-01032,4.16,105945.0,17153.0,17785.7,0.1044,Caffeine,GC-MS
SMP-01032,5.6,21834.6,4800.2,5037.9,0.0214,Aspirin,GC-MS
SMP-01032,7.19,65670.4,10466.7,10928.7,0.0662,Benzoic Acid,GC-MS
SMP-01032,8.91,37842.1,7910.3,8267.5,0.0376,Phenacetin,GC-MS
SMP-01032,10.39,17357.5,4195.4,4473.4,0.0173,Salicylic Acid,GC-MS
SMP-01032,12.03,59170.7,10771.4,11235.6,0.0609,Chlorpheniramine,GC-MS
SMP-01033,1.29,12048.4,3056.5,3155.1,0.0123,Uracil,GC-MS
SMP-01033,2.85,37583.8,7281.5,7467.5,0.0389,Acetaminophen,GC-MS
SMP-01033,4.15,86912.9,14963.8,15831.5,0.0885,Caffeine,GC-MS
SMP-01033,5.6,19659.2,4449.7,4532.2,0.02,Aspirin,GC-MS
SMP-01033,7.23,61875.7,10566.0,11093.8,0.0621,Benzoic Acid,GC-MS
SMP-01033,8.87,30664.6,6249.9,6582.9,0.0319,Phenacetin,GC-MS
SMP-01033,10.38,16675.5,3952.5,4017.0,0.0169,Salicylic Acid,GC-MS
SMP-01033,12.12,68337.1,12701.5,13256.1,0.0695,Chlorpheniramine,GC-MS
SMP-01034,1.21,12969.8,3221.7,3353.9,0.0129,Uracil,GC-MS
SMP-01034,2.83,46608.9,9105.5,9380.7,0.0454,Acetaminophen,GC-MS
SMP-01034,4.17,86572.7,14341.7,15155.5,0.0868,Caffeine,GC-MS
SMP-01034,5.58,20194.3,4358.0,4652.7,0.0198,Aspirin,GC-MS
SMP-01034,7.17,56888.4,9345.6,9549.5,0.057,Benzoic Acid,GC-MS
SMP-01034,8.91,27908.8,5641.9,5809.5,0.0286,Phenacetin,GC-MS
SMP-01034,10.37,15682.1,3963.4,3998.5,0.0158,Salicylic Acid,GC-MS
SMP-01034,12.11,48708.2,8198.3,8301.1,0.047,Chlorpheniramine,GC-MS
SMP-01035,1.3,12535.2,3203.2,3270.9,0.0122,Uracil,GC-MS
SMP-01035,2.84,41257.1,7743.1,8065.7,0.0417,Acetaminophen,GC-MS
SMP-01035,4.18,92911.1,15057.7,15643.2,0.0926,Caffeine,GC-MS
SMP-01035,5.64,25493.7,5570.1,5610.8,0.0261,Aspirin,GC-MS
SMP-01035,7.22,67374.3,11819.8,12412.1,0.0664,Benzoic Acid,GC-MS
SMP-01035,8.97,30132.0,6279.6,6485.5,0.0297,Phenacetin,GC-MS
SMP-01035,10.42,18392.8,4556.1,4752.1,0.0182,Salicylic Acid,GC-MS
SMP-01035,12.08,63546.9,11764.4,11842.7,0.0647,Chlorpheniramine,GC-MS
SMP-01036,1.26,11081.6,3057.5,3173.6,0.0113,Uracil,GC-MS
SMP-01036,2.85,48000.8,9460.2,9956.8,0.0487,Acetaminophen,GC-MS
SMP-01036,4.12,79030.3,12984.5,13542.4,0.0776,Caffeine,GC-MS
SMP-01036,5.65,25445.3,5690.9,6084.0,0.0253,Aspirin,GC-MS
SMP-01036,7.18,76302.9,12804.4,13018.5,0.0772,Benzoic Acid,GC-MS
SMP-01036,8.92,35497.5,7186.2,7455.7,0.0361,Phenacetin,GC-MS
SMP-01036,10.43,19335.0,4779.9,4915.5,0.0194,Salicylic Acid,GC-MS
SMP-01036,12.12,61639.8,10959.8,11276.1,0.0618,Chlorpheniramine,GC-MS
SMP-01037,1.26,13110.2,3362.6,3491.3,0.0133,Uracil,GC-MS
SMP-01037,2.79,47476.7,8822.3,9372.9,0.0479,Acetaminophen,GC-MS
SMP-01037,4.18,79597.7,12472.2,12453.9,0.0758,Caffeine,GC-MS
SMP-01037,5.63,23425.1,5299.0,5461.1,0.0234,Aspirin,GC-MS
SMP-01037,7.18,72240.0,11845.2,12059.2,0.0716,Benzoic Acid,GC-MS
SMP-01037,8.97,32525.8,6487.7,6704.6,0.0318,Phenacetin,GC-MS
SMP-01037,10.42,16561.0,3946.8,4146.0,0.0162,Salicylic Acid,GC-MS
SMP-01037,12.1,56361.3,9952.3,10332.5,0.0556,Chlorpheniramine,GC-MS
SMP-01038,1.25,11924.1,3069.9,3063.3,0.0118,Uracil,GC-MS
SMP-01038,2.83,39520.5,7486.9,7694.8,0.04,Acetaminophen,GC-MS
SMP-01038,4.06,86325.2,13970.0,13891.0,0.0862,Caffeine,GC-MS
SMP-01038,5.58,19550.8,4472.3,4518.3,0.0195,Aspirin,GC-MS
SMP-01038,7.22,69720.1,11421.5,11739.4,0.0701,Benzoic Acid,GC-MS
SMP-01038,8.92,26959.7,5854.3,5857.2,0.0268,Phenacetin,GC-MS
SMP-01038,10.38,16568.3,4049.8,4278.4,0.0161,Salicylic Acid,GC-MS
SMP-01038,12.13,54284.5,10346.0,10501.8,0.0526,Chlorpheniramine,GC-MS
SMP-01039,1.25,12698.7,3499.9,3588.1,0.0127,Uracil,GC-MS
SMP-01039,2.76,44485.6,8577.7,8755.7,0.0458,Acetaminophen,GC-MS
SMP-01039,4.13,91641.7,14915.8,15992.0,0.0899,Caffeine,GC-MS
SMP-01039,5.54,23252.8,5086.7,5091.8,0.024,Aspirin,GC-MS
SMP-01039,7.23,75002.1,12409.6,12729.9,0.0747,Benzoic Acid,GC-MS
SMP-01039,8.95,33449.2,7024.7,7155.6,0.0321,Phenacetin,GC-MS
SMP-01039,10.4,15514.9,3673.6,3777.0,0.0156,Salicylic Acid,GC-MS
SMP-01039,12.1,50196.5,9005.8,9357.3,0.0512,Chlorpheniramine,GC-MS
SMP-01040,1.2,10463.4,2672.9,2756.0,0.0105,Uracil,GC-MS
SMP-01040,2.83,45976.2,9332.1,9616.1,0.0462,Acetaminophen,GC-MS
SMP-01040,4.11,80460.0,12571.8,13359.5,0.0813,Caffeine,GC-MS
SMP-01040,5.61,21930.0,4737.2,4899.6,0.0223,Aspirin,GC-MS
SMP-01040,7.16,61765.1,10321.5,10364.2,0.0599,Benzoic Acid,GC-MS
SMP-01040,8.96,35071.2,7440.9,7781.6,0.0347,Phenacetin,GC-MS
SMP-01040,10.39,15932.6,4073.1,4349.0,0.0161,Salicylic Acid,GC-MS
SMP-01040,12.09,60048.8,10855.2,10809.9,0.0601,Chlorpheniramine,GC-MS
SMP-01041,1.25,11814.7,2981.3,3040.9,0.0116,Uracil,GC-MS
SMP-01041,2.78,51803.0,9747.5,10053.7,0.0525,Acetaminophen,GC-MS
SMP-01041,4.12,90046.8,14408.6,14842.9,0.091,Caffeine,GC-MS
SMP-01041,5.59,26773.6,5910.8,6078.0,0.0274,Aspirin,GC-MS
SMP-01041,7.23,69435.9,11421.3,11717.5,0.0685,Benzoic Acid,GC-MS
SMP-01041,8.95,29458.5,6091.0,6500.2,0.0299,Phenacetin,GC-MS
SMP-01041,10.39,15886.2,3977.8,4101.7,0.0165,Salicylic Acid,GC-MS
SMP-01041,12.15,52379.4,9166.1,9464.1,0.0521,Chlorpheniramine,GC-MS
SMP-01042,1.25,12313.9,3114.2,3173.0,0.0123,Uracil,GC-MS
SMP-01042,2.8,44172.4,8240.0,8301.4,0.0444,Acetaminophen,GC-MS
SMP-01042,4.14,96554.0,15134.4,15831.4,0.0967,Caffeine,GC-MS
SMP-01042,5.57,26653.4,6039.2,6296.4,0.027,Aspirin,GC-MS
SMP-01042,7.16,78921.4,13083.0,13217.4,0.0782,Benzoic Acid,GC-MS
SMP-01042,8.98,29083.5,5832.7,5920.3,0.029,Phenacetin,GC-MS
SMP-01042,10.41,14362.6,3526.8,3694.5,0.0142,Salicylic Acid,GC-MS
SMP-01042,12.08,58354.6,11151.9,11678.8,0.0575,Chlorpheniramine,GC-MS
SMP-01043,1.21,9308.7,2387.8,2444.1,0.01,Uracil,GC-MS
SMP-01043,2.76,51546.2,9931.4,10011.0,0.0508,Acetaminophen,GC-MS
SMP-01043,4.11,85636.1,13685.7,14065.1,0.0851,Caffeine,GC-MS
SMP-01043,5.64,21957.4,4606.2,4718.6,0.022,Aspirin,GC-MS
SMP-01043,7.18,71050.4,11968.7,12370.2,0.0711,Benzoic Acid,GC-MS
SMP-01043,8.91,31511.2,6701.0,6787.8,0.0319,Phenacetin,GC-MS
SMP-01043,10.34,13578.2,3157.4,3244.1,0.0136,Salicylic Acid,GC-MS
SMP-01043,12.14,55163.0,10149.7,10454.4,0.0546,Chlorpheniramine,GC-MS
SMP-01044,1.25,12154.3,3057.3,3147.4,0.0122,Uracil,GC-MS
SMP-01044,2.77,50481.2,10209.2,10608.6,0.0521,Acetaminophen,GC-MS
SMP-01044,4.13,76149.4,12846.6,13339.5,0.0753,Caffeine,GC-MS
SMP-01044,5.62,25818.3,5590.2,5822.8,0.0264,Aspirin,GC-MS
SMP-01044,7.22,68917.0,11831.9,12042.7,0.0662,Benzoic Acid,GC-MS
SMP-01044,8.87,31640.8,6317.2,6715.4,0.0315,Phenacetin,GC-MS
SMP-01044,10.4,15661.1,3772.7,3937.0,0.0152,Salicylic Acid,GC-MS
SMP-01044,12.07,56586.7,10719.7,11203.1,0.0561,Chlorpheniramine,GC-MS
SMP-01045,1.23,12427.0,3273.5,3265.8,0.0125,Uracil,GC-MS
SMP-01045,2.77,49274.0,9953.4,10410.2,0.0502,Acetaminophen,GC-MS
SMP-01045,4.14,87941.3,14626.5,15338.2,0.0887,Caffeine,GC-MS
SMP-01045,5.61,23783.5,4900.2,5017.5,0.0238,Aspirin,GC-MS
SMP-01045,7.22,65677.1,11362.1,11903.2,0.0671,Benzoic Acid,GC-MS
SMP-01045,8.93,31204.5,6327.9,6465.8,0.0311,Phenacetin,GC-MS
SMP-01045,10.4,17336.4,4215.0,4238.1,0.0178,Salicylic Acid,GC-MS
SMP-01045,12.1,46165.2,7986.6,8271.2,0.0476,Chlorpheniramine,GC-MS
SMP-01046,1.3,11908.3,3066.1,3251.4,0.0121,Uracil,GC-MS
SMP-01046,2.76,42667.9,8317.1,8497.4,0.0421,Acetaminophen,GC-MS
SMP-01046,4.12,91935.9,15273.4,15999.1,0.0883,Caffeine,GC-MS
SMP-01046,5.57,24338.1,5124.5,5224.1,0.024,Aspirin,GC-MS
SMP-01046,7.21,67498.2,11616.0,12143.5,0.0695,Benzoic Acid,GC-MS
SMP-01046,8.99,24946.0,4938.0,5060.9,0.0249,Phenacetin,GC-MS
SMP-01046,10.37,14998.3,3868.0,3966.7,0.0156,Salicylic Acid,GC-MS
SMP-01046,12.1,255223.3,38227.1,46468.2,0.2457,Chlorpheniramine,GC-MS
SMP-01047,1.25,13477.1,3275.5,3345.5,0.0136,Uracil,GC-MS
SMP-01047,2.83,41701.8,7942.5,8409.5,0.0428,Acetaminophen,GC-MS
SMP-01047,4.12,80458.5,13028.2,13464.1,0.0778,Caffeine,GC-MS
SMP-01047,5.63,21273.0,4745.5,4864.2,0.0213,Aspirin,GC-MS
SMP-01047,7.23,78012.3,13406.6,14009.4,0.0788,Benzoic Acid,GC-MS
SMP-01047,8.92,34748.9,7276.8,7284.6,0.0348,Phenacetin,GC-MS
SMP-01047,10.41,15487.2,3721.7,3787.2,0.0153,Salicylic Acid,GC-MS
SMP-01047,12.1,53044.8,9155.3,9582.9,0.0536,Chlorpheniramine,GC-MS
SMP-01048,1.25,11699.0,2961.0,3105.2,0.0119,Uracil,GC-MS
SMP-01048,2.75,41945.8,8079.7,8327.0,0.0412,Acetaminophen,GC-MS
SMP-01048,4.19,86750.5,13656.3,14365.8,0.0858,Caffeine,GC-MS
SMP-01048,5.59,20003.3,4275.5,4569.0,0.0199,Aspirin,GC-MS
SMP-01048,7.21,68222.6,10853.6,11539.2,0.0703,Benzoic Acid,GC-MS
SMP-01048,8.95,34397.9,7252.0,7416.5,0.035,Phenacetin,GC-MS
SMP-01048,10.4,12751.6,3274.7,3373.7,0.013,Salicylic Acid,GC-MS
SMP-01048,12.08,51351.6,9260.2,9847.4,0.0525,Chlorpheniramine,GC-MS
SMP-01049,1.23,12932.2,3309.5,3428.0,0.0132,Uracil,GC-MS
SMP-01049,2.79,44347.3,8618.1,8675.8,0.0435,Acetaminophen,GC-MS
SMP-01049,4.16,87598.3,14980.6,15562.0,0.0868,Caffeine,GC-MS
SMP-01049,5.58,22663.7,4766.0,5058.2,0.0228,Aspirin,GC-MS
SMP-01049,7.22,73402.6,11658.9,12020.6,0.0723,Benzoic Acid,GC-MS
SMP-01049,8.98,28337.7,5953.1,6154.3,0.029,Phenacetin,GC-MS
SMP-01049,10.36,17733.3,4200.5,4340.8,0.0178,Salicylic Acid,GC-MS
SMP-01049,12.12,61934.5,11302.3,11637.2,0.0619,Chlorpheniramine,GC-MS
SMP-01050,1.26,12118.5,3250.5,3277.1,0.012,Uracil,GC-MS
SMP-01050,2.81,45693.7,9097.9,9300.6,0.0451,Acetaminophen,GC-MS
SMP-01050,4.14,77274.5,13031.0,13227.3,0.0786,Caffeine,GC-MS
SMP-01050,5.63,24373.6,5023.7,5418.1,0.0243,Aspirin,GC-MS
SMP-01050,7.14,69493.1,11965.8,12222.6,0.071,Benzoic Acid,GC-MS
SMP-01050,8.94,34751.7,7178.2,7102.9,0.0346,Phenacetin,GC-MS
SMP-01050,10.39,14681.7,3502.0,3479.8,0.0148,Salicylic Acid,GC-MS
SMP-01050,12.06,39739.4,7248.0,7563.8,0.0425,Chlorpheniramine,GC-MS
SMP-01051,1.28,14386.1,3693.4,3747.6,0.0147,Uracil,GC-MS
SMP-01051,2.81,42644.2,8401.4,8659.5,0.0438,Acetaminophen,GC-MS
SMP-01051,4.14,94922.2,15450.4,15806.7,0.0956,Caffeine,GC-MS
SMP-01051,5.59,26380.6,5596.5,5804.0,0.026,Aspirin,GC-MS
SMP-01051,7.24,63551.0,10573.0,10279.7,0.0632,Benzoic Acid,GC-MS
SMP-01051,8.92,28045.8,6191.5,6296.6,0.0277,Phenacetin,GC-MS
SMP-01051,10.34,15083.4,3479.3,3463.5,0.0148,Salicylic Acid,GC-MS
SMP-01051,12.12,51228.5,9427.5,9776.0,0.0494,Chlorpheniramine,GC-MS
SMP-01052,1.23,12834.9,3142.6,3144.2,0.0124,Uracil,GC-MS
SMP-01052,2.81,44192.7,8421.2,8519.2,0.0453,Acetaminophen,GC-MS
SMP-01052,4.17,82838.2,13075.6,13408.2,0.0825,Caffeine,GC-MS
SMP-01052,5.49,20329.1,4458.1,4653.1,0.0202,Aspirin,GC-MS
SMP-01052,7.22,68616.0,11089.6,11500.4,0.0696,Benzoic Acid,GC-MS
SMP-01052,8.93,30100.2,6352.5,6604.3,0.0305,Phenacetin,GC-MS
SMP-01052,10.4,15328.9,3659.9,3776.4,0.0151,Salicylic Acid,GC-MS
SMP-01052,12.1,58490.4,11104.2,11628.6,0.058,Chlorpheniramine,GC-MS
SMP-01053,1.25,12817.0,3195.2,3302.0,0.013,Uracil,GC-MS
SMP-01053,2.81,47034.8,8878.9,9127.6,0.0472,Acetaminophen,GC-MS
SMP-01053,4.17,92007.6,15144.8,15811.2,0.0912,Caffeine,GC-MS
SMP-01053,5.57,23768.2,5301.1,5399.8,0.0237,Aspirin,GC-MS
SMP-01053,7.2,73085.4,12312.7,12136.5,0.075,Benzoic Acid,GC-MS
SMP-01053,8.95,32658.6,6952.0,7054.0,0.0324,Phenacetin,GC-MS
SMP-01053,10.43,12418.6,3052.3,3207.3,0.0122,Salicylic Acid,GC-MS
SMP-01053,12.09,50111.7,8903.6,9009.9,0.0502,Chlorpheniramine,GC-MS
SMP-01054,1.27,11511.9,3074.9,3190.8,0.0118,Uracil,GC-MS
SMP-01054,2.78,41060.0,8101.9,8744.8,0.0409,Acetaminophen,GC-MS
SMP-01054,4.14,372005.5,50200.9,58254.2,0.3761,Caffeine,GC-MS
SMP-01054,5.59,20847.2,4768.8,4771.2,0.0207,Aspirin,GC-MS
SMP-01054,7.26,66158.4,11146.9,11592.8,0.0659,Benzoic Acid,GC-MS
SMP-01054,8.88,34239.3,6901.6,7264.7,0.0345,Phenacetin,GC-MS
SMP-01054,10.44,15842.3,3727.4,3786.8,0.0163,Salicylic Acid,GC-MS
SMP-01054,12.04,39713.9,7574.9,7775.6,0.0371,Chlorpheniramine,GC-MS
SMP-01055,1.24,11784.4,2906.5,2905.2,0.0115,Uracil,GC-MS
SMP-01055,2.79,46601.4,8960.9,9117.3,0.047,Acetaminophen,GC-MS
SMP-01055,4.09,90545.3,14303.6,14963.3,0.0906,Caffeine,GC-MS
SMP-01055,5.61,23942.7,5414.1,5477.7,0.0236,Aspirin,GC-MS
SMP-01055,7.2,62555.9,10507.3,10933.8,0.0609,Benzoic Acid,GC-MS
SMP-01055,8.93,31490.0,6621.0,6909.8,0.0322,Phenacetin,GC-MS
SMP-01055,10.37,12948.9,3178.2,3298.7,0.0135,Salicylic Acid,GC-MS
SMP-01055,12.12,58154.2,10389.7,10781.6,0.0571,Chlorpheniramine,GC-MS
SMP-01056,1.24,11045.4,2948.0,3035.1,0.0109,Uracil,GC-MS
SMP-01056,2.78,47888.4,9414.8,9717.5,0.0465,Acetaminophen,GC-MS
SMP-01056,4.09,86711.6,13061.7,13358.6,0.086,Caffeine,GC-MS
SMP-01056,5.62,20992.4,4698.7,4769.0,0.0203,Aspirin,GC-MS
SMP-01056,7.21,62406.5,10818.7,11056.3,0.0624,Benzoic Acid,GC-MS
SMP-01056,8.97,33244.4,6692.3,6849.4,0.0331,Phenacetin,GC-MS
SMP-01056,10.4,17978.2,4208.0,4478.6,0.0178,Salicylic Acid,GC-MS
SMP-01056,12.06,59726.7,11132.3,11255.1,0.0601,Chlorpheniramine,GC-MS
SMP-01057,1.27,13608.7,3306.1,3465.5,0.0136,Uracil,GC-MS
SMP-01057,2.81,52977.8,10146.1,10291.8,0.0522,Acetaminophen,GC-MS
SMP-01057,4.16,90754.8,14442.6,14841.3,0.0924,Caffeine,GC-MS
SMP-01057,5.56,20462.1,4303.0,4421.8,0.0219,Aspirin,GC-MS
SMP-01057,7.22,57993.5,9506.9,9646.1,0.0556,Benzoic Acid,GC-MS
SMP-01057,8.92,36710.0,7553.9,7400.1,0.0375,Phenacetin,GC-MS
SMP-01057,10.41,13917.5,3369.5,3510.9,0.0138,Salicylic Acid,GC-MS
SMP-01057,12.11,252413.9,36826.3,41492.2,0.2566,Chlorpheniramine,GC-MS
SMP-01058,1.23,10991.6,2774.7,2801.0,0.0109,Uracil,GC-MS
SMP-01058,2.82,48492.1,9267.1,9736.8,0.0471,Acetaminophen,GC-MS
SMP-01058,4.15,88149.7,14084.6,14178.8,0.0889,Caffeine,GC-MS
SMP-01058,5.62,18713.4,4135.7,4327.1,0.018,Aspirin,GC-MS
SMP-01058,7.23,61292.8,10877.6,11283.0,0.058,Benzoic Acid,GC-MS
SMP-01058,8.95,35518.8,7170.9,7035.4,0.0351,Phenacetin,GC-MS
SMP-01058,10.38,12138.7,2998.6,3010.0,0.012,Salicylic Acid,GC-MS
SMP-01058,12.08,52038.7,9642.6,9803.5,0.0532,Chlorpheniramine,GC-MS
SMP-01059,1.22,10489.5,2805.9,2887.6,0.0107,Uracil,GC-MS
SMP-01059,2.77,51441.8,9848.7,10433.7,0.0513,Acetaminophen,GC-MS
SMP-01059,4.2,82552.6,13230.0,13121.7,0.0829,Caffeine,GC-MS
SMP-01059,5.63,23266.3,5331.0,5449.3,0.0232,Aspirin,GC-MS
SMP-01059,7.18,68479.2,11741.3,12029.1,0.0679,Benzoic Acid,GC-MS
SMP-01059,8.94,35039.6,7588.7,7644.4,0.0356,Phenacetin,GC-MS
SMP-01059,10.48,18259.3,4416.8,4280.3,0.0184,Salicylic Acid,GC-MS
SMP-01059,12.11,57416.3,11003.8,11020.1,0.0573,Chlorpheniramine,GC-MS
SMP-01060,1.28,12219.6,3308.2,3503.9,0.0123,Uracil,GC-MS
SMP-01060,2.81,56614.4,10546.9,10855.2,0.0573,Acetaminophen,GC-MS
SMP-01060,4.13,84862.3,13017.7,13126.4,0.0894,Caffeine,GC-MS
SMP-01060,5.6,23144.2,5175.1,5371.3,0.0236,Aspirin,GC-MS
SMP-01060,7.22,66246.6,11413.8,11624.8,0.064,Benzoic Acid,GC-MS
SMP-01060,8.97,129924.7,23383.0,28815.3,0.1288,Phenacetin,GC-MS
SMP-01060,10.43,13526.8,3278.7,3361.3,0.0138,Salicylic Acid,GC-MS
SMP-01060,12.17,55280.3,9559.7,9926.7,0.056,Chlorpheniramine,GC-MS
SMP-01061,1.25,11969.5,3178.0,3263.6,0.0118,Uracil,GC-MS
SMP-01061,2.84,48247.6,9647.6,10089.9,0.0486,Acetaminophen,GC-MS
SMP-01061,4.15,94300.9,15049.1,15789.3,0.0964,Caffeine,GC-MS
SMP-01061,5.55,27496.8,5918.5,5988.1,0.0275,Aspirin,GC-MS
SMP-01061,7.14,65786.0,10946.9,11449.3,0.0668,Benzoic Acid,GC-MS
SMP-01061,8.95,24337.4,4932.0,5175.3,0.0238,Phenacetin,GC-MS
SMP-01061,10.39,16706.1,4173.9,4271.5,0.0169,Salicylic Acid,GC-MS
SMP-01061,12.13,49962.3,9183.7,9310.5,0.0497,Chlorpheniramine,GC-MS
SMP-01062,1.22,13239.2,3308.2,3391.6,0.0131,Uracil,GC-MS
SMP-01062,2.82,41973.5,8435.3,8458.0,0.0435,Acetaminophen,GC-MS
SMP-01062,4.13,104331.0,17126.7,17534.5,0.1048,Caffeine,GC-MS
SMP-01062,5.63,19576.6,4339.1,4478.8,0.0203,Aspirin,GC-MS
SMP-01062,7.18,60082.3,10013.4,10216.9,0.0593,Benzoic Acid,GC-MS
SMP-01062,8.89,34677.9,7305.3,7475.1,0.0363,Phenacetin,GC-MS
SMP-01062,10.4,14491.9,3457.0,3607.8,0.0149,Salicylic Acid,GC-MS
SMP-01062,12.11,52045.9,9589.2,9932.9,0.0533,Chlorpheniramine,GC-MS
SMP-01063,1.22,11556.9,2888.4,2892.5,0.0117,Uracil,GC-MS
SMP-01063,2.79,41437.7,8247.0,8446.9,0.0437,Acetaminophen,GC-MS
SMP-01063,4.1,81439.2,13178.9,13627.7,0.0838,Caffeine,GC-MS
SMP-01063,5.57,24058.2,5570.6,5750.7,0.024,Aspirin,GC-MS
SMP-01063,7.15,70987.7,11720.5,12351.3,0.0729,Benzoic Acid,GC-MS
SMP-01063,8.94,31880.0,6382.2,6634.0,0.0306,Phenacetin,GC-MS
SMP-01063,10.39,17139.3,4122.6,4289.4,0.0172,Salicylic Acid,GC-MS
SMP-01063,12.04,49773.5,8928.3,9217.3,0.0464,Chlorpheniramine,GC-MS
SMP-01064,1.29,55802.5,15239.6,15604.0,0.0579,Uracil,GC-MS
SMP-01064,2.76,36728.3,7238.1,7622.2,0.0344,Acetaminophen,GC-MS
SMP-01064,4.18,102715.5,17467.9,17726.5,0.104,Caffeine,GC-MS
SMP-01064,5.58,22311.4,4863.8,5100.9,0.0222,Aspirin,GC-MS
SMP-01064,7.17,66313.7,11177.0,11840.6,0.0677,Benzoic Acid,GC-MS
SMP-01064,8.93,35385.3,7466.0,7667.2,0.0352,Phenacetin,GC-MS
SMP-01064,10.43,16064.2,3970.1,4085.8,0.0158,Salicylic Acid,GC-MS
SMP-01064,12.12,57948.8,10409.0,10500.7,0.0566,Chlorpheniramine,GC-MS
SMP-01065,1.22,13452.9,3449.6,3656.8,0.014,Uracil,GC-MS
SMP-01065,2.78,48548.9,9353.4,9640.3,0.0488,Acetaminophen,GC-MS
SMP-01065,4.17,103034.0,16381.8,16601.7,0.0992,Caffeine,GC-MS
SMP-01065,5.63,25266.2,5350.0,5547.3,0.0254,Aspirin,GC-MS
SMP-01065,7.2,62946.1,10420.2,10505.9,0.0609,Benzoic Acid,GC-MS
SMP-01065,8.93,33558.7,6871.1,7241.2,0.0322,Phenacetin,GC-MS
SMP-01065,10.41,16211.8,3861.7,4067.5,0.0164,Salicylic Acid,GC-MS
SMP-01065,12.1,54031.4,9760.6,9962.5,0.0545,Chlorpheniramine,GC-MS
SMP-01066,1.23,10761.9,2734.9,2919.1,0.0105,Uracil,GC-MS
SMP-01066,2.81,49665.4,9817.6,9944.1,0.0503,Acetaminophen,GC-MS
SMP-01066,4.16,87631.9,13944.2,14102.9,0.0871,Caffeine,GC-MS
SMP-01066,5.57,20703.4,4613.8,4840.7,0.0213,Aspirin,GC-MS
SMP-01066,7.12,68300.8,11925.3,12020.3,0.0685,Benzoic Acid,GC-MS
SMP-01066,8.95,31218.3,6289.9,6490.5,0.0316,Phenacetin,GC-MS
SMP-01066,10.41,16903.1,4336.6,4369.1,0.0172,Salicylic Acid,GC-MS
SMP-01066,12.14,49085.0,8963.9,8708.5,0.0498,Chlorpheniramine,GC-MS
SMP-01067,1.3,10709.2,2749.0,2786.4,0.0106,Uracil,GC-MS
SMP-01067,2.79,51394.8,9720.3,10005.1,0.0522,Acetaminophen,GC-MS
SMP-01067,4.1,87275.7,13883.3,14458.6,0.0895,Caffeine,GC-MS
SMP-01067,5.61,21403.9,4804.4,4948.6,0.0216,Aspirin,GC-MS
SMP-01067,7.23,68984.9,12063.5,12348.1,0.0704,Benzoic Acid,GC-MS
SMP-01067,8.92,27418.7,5905.7,6145.3,0.026,Phenacetin,GC-MS
SMP-01067,10.34,16276.1,3727.2,3895.0,0.0161,Salicylic Acid,GC-MS
SMP-01067,12.08,59854.2,10997.9,11186.2,0.0598,Chlorpheniramine,GC-MS
SMP-01068,1.22,11935.1,3251.3,3368.7,0.012,Uracil,GC-MS
SMP-01068,2.78,41639.0,8109.4,8225.3,0.0416,Acetaminophen,GC-MS
SMP-01068,4.12,89957.9,14765.1,14921.7,0.0924,Caffeine,GC-MS
SMP-01068,5.63,26867.3,5860.7,6209.9,0.0267,Aspirin,GC-MS
SMP-01068,7.13,55601.9,9659.2,9763.1,0.0545,Benzoic Acid,GC-MS
SMP-01068,8.98,33206.0,6645.2,6929.6,0.0334,Phenacetin,GC-MS
SMP-01068,10.37,15794.2,3757.5,3782.7,0.0151,Salicylic Acid,GC-MS
SMP-01068,12.14,56683.2,10413.9,10787.5,0.0566,Chlorpheniramine,GC-MS
SMP-01069,1.27,12134.2,3133.0,3340.6,0.012,Uracil,GC-MS
SMP-01069,2.83,40579.7,8053.1,8633.2,0.0404,Acetaminophen,GC-MS
SMP-01069,4.15,92334.1,14807.7,15289.8,0.0916,Caffeine,GC-MS
SMP-01069,5.58,25987.5,5852.2,6064.1,0.0254,Aspirin,GC-MS
SMP-01069,7.16,70247.0,12008.6,12199.6,0.0703,Benzoic Acid,GC-MS
SMP-01069,8.92,31004.1,6174.6,6440.5,0.0316,Phenacetin,GC-MS
SMP-01069,10.41,14383.6,3600.7,3651.3,0.0148,Salicylic Acid,GC-MS
SMP-01069,12.13,57784.3,10170.0,10414.4,0.0565,Chlorpheniramine,GC-MS
SMP-01070,1.27,12823.3,3275.2,3336.7,0.013,Uracil,GC-MS
SMP-01070,2.85,47721.8,9087.6,9098.9,0.0467,Acetaminophen,GC-MS
SMP-01070,4.17,84149.9,13249.9,14054.0,0.0856,Caffeine,GC-MS
SMP-01070,5.57,21161.3,4534.9,4553.1,0.0212,Aspirin,GC-MS
SMP-01070,7.18,72423.6,12299.7,12896.9,0.0727,Benzoic Acid,GC-MS
SMP-01070,8.98,31277.4,6643.5,6828.9,0.0322,Phenacetin,GC-MS
SMP-01070,10.4,13670.1,3283.0,3360.2,0.0136,Salicylic Acid,GC-MS
SMP-01070,12.11,54805.9,10173.0,10158.2,0.0541,Chlorpheniramine,GC-MS
SMP-01071,1.26,11836.1,2947.9,3016.1,0.0116,Uracil,GC-MS
SMP-01071,2.81,47791.9,9517.0,9576.8,0.0469,Acetaminophen,GC-MS
SMP-01071,4.2,89305.3,14938.9,15323.1,0.0913,Caffeine,GC-MS
SMP-01071,5.56,21985.0,4703.8,4788.0,0.0227,Aspirin,GC-MS
SMP-01071,7.25,67519.3,10721.3,10959.7,0.0674,Benzoic Acid,GC-MS
SMP-01071,8.91,29405.4,6007.4,5997.1,0.0302,Phenacetin,GC-MS
SMP-01071,10.44,16373.5,3958.5,3939.3,0.0164,Salicylic Acid,GC-MS
SMP-01071,12.15,53881.9,9986.7,10378.6,0.054,Chlorpheniramine,GC-MS
SMP-01072,1.24,10037.5,2431.4,2494.7,0.0095,Uracil,GC-MS
SMP-01072,2.82,40221.7,7427.6,7839.0,0.0387,Acetaminophen,GC-MS
SMP-01072,4.14,84195.8,13149.3,13692.7,0.0829,Caffeine,GC-MS
SMP-01072,5.58,23921.2,5154.6,5200.1,0.024,Aspirin,GC-MS
SMP-01072,7.2,65360.1,10880.5,11451.3,0.0664,Benzoic Acid,GC-MS
SMP-01072,9.0,35198.4,7013.1,7061.3,0.0351,Phenacetin,GC-MS
SMP-01072,10.37,14934.4,3509.5,3623.0,0.0149,Salicylic Acid,GC-MS
SMP-01072,12.1,60163.7,10964.7,11406.0,0.0615,Chlorpheniramine,GC-MS
SMP-01073,1.28,11877.1,3105.9,3240.8,0.0116,Uracil,GC-MS
SMP-01073,2.8,42499.2,8071.2,8585.7,0.0423,Acetaminophen,GC-MS
SMP-01073,4.14,91794.3,14888.4,15056.1,0.0943,Caffeine,GC-MS
SMP-01073,5.59,21551.8,4807.4,4845.5,0.0223,Aspirin,GC-MS
SMP-01073,7.17,71570.6,11775.5,12016.5,0.072,Benzoic Acid,GC-MS
SMP-01073,8.95,26813.2,5427.6,5785.9,0.0281,Phenacetin,GC-MS
SMP-01073,10.43,15069.9,3782.1,3873.9,0.0145,Salicylic Acid,GC-MS
SMP-01073,12.05,67943.4,12217.4,12445.6,0.0689,Chlorpheniramine,GC-MS
SMP-01074,1.3,11418.5,2910.1,2998.5,0.0109,Uracil,GC-MS
SMP-01074,2.79,44380.8,8705.8,9074.7,0.0452,Acetaminophen,GC-MS
SMP-01074,4.15,95544.7,15464.5,15882.1,0.0941,Caffeine,GC-MS
SMP-01074,5.65,22062.1,4964.8,5022.3,0.0215,Aspirin,GC-MS
SMP-01074,7.14,262411.8,45034.0,46580.6,0.2754,Benzoic Acid,GC-MS
SMP-01074,8.96,29831.2,6259.9,6362.9,0.0299,Phenacetin,GC-MS
SMP-01074,10.43,15804.7,3609.0,3684.7,0.0154,Salicylic Acid,GC-MS
SMP-01074,12.08,60408.8,10889.9,11070.6,0.0603,Chlorpheniramine,GC-MS
SMP-01075,1.25,13277.7,3413.6,3490.1,0.013,Uracil,GC-MS
SMP-01075,2.82,42666.8,8242.6,8361.2,0.0421,Acetaminophen,GC-MS
SMP-01075,4.16,83905.9,13663.3,13635.2,0.0822,Caffeine,GC-MS
SMP-01075,5.6,26763.5,5784.7,6138.7,0.0272,Aspirin,GC-MS
SMP-01075,7.25,66298.8,10537.9,10693.6,0.0654,Benzoic Acid,GC-MS
SMP-01075,8.92,29608.6,6207.9,6357.9,0.0308,Phenacetin,GC-MS
SMP-01075,10.39,11852.7,2955.0,3018.9,0.012,Salicylic Acid,GC-MS
SMP-01075,12.05,60667.3,10860.9,11026.0,0.0603,Chlorpheniramine,GC-MS
SMP-01076,1.24,14205.6,3540.1,3701.4,0.0144,Uracil,GC-MS
SMP-01076,2.81,42938.3,8655.4,8870.8,0.0426,Acetaminophen,GC-MS
SMP-01076,4.15,81070.7,12780.8,13282.6,0.083,Caffeine,GC-MS
SMP-01076,5.58,24143.5,5360.9,5576.7,0.024,Aspirin,GC-MS
SMP-01076,7.19,78081.1,13278.9,13997.4,0.079,Benzoic Acid,GC-MS
SMP-01076,8.94,36851.2,7711.7,7735.0,0.0365,Phenacetin,GC-MS
SMP-01076,10.37,16312.5,3853.0,4136.1,0.0167,Salicylic Acid,GC-MS
SMP-01076,12.08,55959.0,9897.2,10131.2,0.0561,Chlorpheniramine,GC-MS
SMP-01077,1.22,12229.2,3183.2,3282.2,0.012,Uracil,GC-MS
SMP-01077,2.78,46748.4,8550.9,9105.3,0.0475,Acetaminophen,GC-MS
SMP-01077,4.1,93684.9,15283.1,15540.2,0.0943,Caffeine,GC-MS
SMP-01077,5.61,28078.7,6324.5,6358.4,0.0279,Aspirin,GC-MS
SMP-01077,7.12,56012.5,9520.8,9692.4,0.0555,Benzoic Acid,GC-MS
SMP-01077,9.0,27210.0,5640.2,5940.9,0.0289,Phenacetin,GC-MS
SMP-01077,10.42,14861.8,3542.1,3496.8,0.0152,Salicylic Acid,GC-MS
SMP-01077,12.1,49798.4,8983.2,9338.9,0.0478,Chlorpheniramine,GC-MS
SMP-01078,1.25,11814.5,2923.2,3026.1,0.0119,Uracil,GC-MS
SMP-01078,2.85,287493.4,45024.0,52467.8,0.2681,Acetaminophen,GC-MS
SMP-01078,4.19,90629.5,15067.7,15775.8,0.0878,Caffeine,GC-MS
SMP-01078,5.58,22555.4,4826.2,5062.0,0.0221,Aspirin,GC-MS
SMP-01078,7.2,68592.4,11258.9,11684.8,0.0702,Benzoic Acid,GC-MS
SMP-01078,8.91,38685.8,7848.2,8249.8,0.0387,Phenacetin,GC-MS
SMP-01078,10.44,19226.6,4701.6,5050.3,0.0193,Salicylic Acid,GC-MS
SMP-01078,12.12,48454.3,8461.3,8852.5,0.0471,Chlorpheniramine,GC-MS
SMP-01079,1.21,11207.7,2903.2,2955.1,0.0117,Uracil,GC-MS
SMP-01079,2.81,49085.0,9500.5,10017.6,0.0504,Acetaminophen,GC-MS
SMP-01079,4.12,80808.0,13654.6,14037.4,0.0827,Caffeine,GC-MS
SMP-01079,5.6,23532.4,5278.9,5294.0,0.0233,Aspirin,GC-MS
SMP-01079,7.21,66541.1,10465.5,10501.1,0.0639,Benzoic Acid,GC-MS
SMP-01079,8.95,31798.8,6245.8,6345.2,0.0319,Phenacetin,GC-MS
SMP-01079,10.41,14004.0,3265.5,3419.3,0.0144,Salicylic Acid,GC-MS
SMP-01079,12.13,45605.8,8605.5,8866.1,0.047,Chlorpheniramine,GC-MS
SMP-01080,1.24,12304.3,3446.6,3633.0,0.0122,Uracil,GC-MS
SMP-01080,2.79,48572.4,9589.0,9657.9,0.0482,Acetaminophen,GC-MS
SMP-01080,4.13,84926.7,13818.9,13982.4,0.0842,Caffeine,GC-MS
SMP-01080,5.61,27076.1,5903.8,5889.3,0.0268,Aspirin,GC-MS
SMP-01080,7.24,67857.1,11652.1,12206.2,0.0669,Benzoic Acid,GC-MS
SMP-01080,8.94,26024.8,5334.8,5575.3,0.0261,Phenacetin,GC-MS
SMP-01080,10.44,15543.5,3927.8,3983.2,0.0157,Salicylic Acid,GC-MS
SMP-01080,12.07,46710.9,8801.5,8899.0,0.0454,Chlorpheniramine,GC-MS
SMP-01081,1.27,11952.6,3210.3,3322.6,0.012,Uracil,GC-MS
SMP-01081,2.8,49253.8,9555.5,9861.6,0.0491,Acetaminophen,GC-MS
SMP-01081,4.2,77914.8,13210.6,13318.5,0.078,Caffeine,GC-MS
SMP-01081,5.58,25997.8,5613.9,5825.9,0.0254,Aspirin,GC-MS
SMP-01081,7.26,69358.5,11001.2,11644.1,0.0717,Benzoic Acid,GC-MS
SMP-01081,8.95,36061.8,7323.1,7895.1,0.0366,Phenacetin,GC-MS
SMP-01081,10.38,13115.0,3135.2,3200.8,0.0128,Salicylic Acid,GC-MS
SMP-01081,12.08,64968.2,11661.0,12344.4,0.0639,Chlorpheniramine,GC-MS
SMP-01082,1.23,14324.2,3542.7,3669.3,0.0145,Uracil,GC-MS
SMP-01082,2.8,55247.8,10788.0,11105.4,0.0556,Acetaminophen,GC-MS
SMP-01082,4.17,78622.9,12505.9,12599.3,0.075,Caffeine,GC-MS
SMP-01082,5.58,22875.7,4956.3,5075.4,0.0232,Aspirin,GC-MS
SMP-01082,7.25,71604.5,11567.3,11828.6,0.0717,Benzoic Acid,GC-MS
SMP-01082,8.96,31191.6,6336.7,6857.6,0.0304,Phenacetin,GC-MS
SMP-01082,10.42,13390.1,3295.9,3363.3,0.0135,Salicylic Acid,GC-MS
SMP-01082,12.06,60003.6,10739.4,10985.5,0.059,Chlorpheniramine,GC-MS
SMP-01083,1.23,11104.6,2716.7,2790.0,0.0114,Uracil,GC-MS
SMP-01083,2.78,49923.1,9410.2,9676.7,0.0509,Acetaminophen,GC-MS
SMP-01083,4.16,110139.9,17727.8,18062.3,0.1091,Caffeine,GC-MS
SMP-01083,5.6,19943.0,4483.0,4549.1,0.0199,Aspirin,GC-MS
SMP-01083,7.27,75248.8,12391.8,12870.8,0.0727,Benzoic Acid,GC-MS
SMP-01083,8.92,30759.6,6314.1,6421.8,0.03,Phenacetin,GC-MS
SMP-01083,10.38,15781.2,3808.1,3986.0,0.0154,Salicylic Acid,GC-MS
SMP-01083,12.12,58470.0,10593.5,10927.3,0.0559,Chlorpheniramine,GC-MS
SMP-01084,1.23,12565.9,3278.7,3472.6,0.0124,Uracil,GC-MS
SMP-01084,2.75,52082.2,9866.2,10266.6,0.0534,Acetaminophen,GC-MS
SMP-01084,4.13,96528.6,15900.0,16198.2,0.0935,Caffeine,GC-MS
SMP-01084,5.58,22502.6,4940.1,4978.8,0.0226,Aspirin,GC-MS
SMP-01084,7.17,63589.7,10614.9,11182.7,0.063,Benzoic Acid,GC-MS
SMP-01084,8.93,37892.9,7626.4,7904.3,0.0371,Phenacetin,GC-MS
SMP-01084,10.38,15840.3,3814.9,3910.0,0.0159,Salicylic Acid,GC-MS
SMP-01084,12.06,62310.8,11231.3,11709.1,0.061,Chlorpheniramine,GC-MS
SMP-01085,1.26,10111.8,2716.2,2833.4,0.01,Uracil,GC-MS
SMP-01085,2.74,43011.0,8054.2,8345.1,0.0438,Acetaminophen,GC-MS
SMP-01085,4.17,95491.6,15795.2,16777.0,0.0985,Caffeine,GC-MS
SMP-01085,5.59,24637.7,5325.1,5517.7,0.0246,Aspirin,GC-MS
SMP-01085,7.2,69432.0,11849.4,12177.0,0.0687,Benzoic Acid,GC-MS
SMP-01085,8.99,29283.0,6007.0,6016.2,0.0289,Phenacetin,GC-MS
SMP-01085,10.43,18085.4,4560.8,4715.6,0.0182,Salicylic Acid,GC-MS
SMP-01085,12.14,57896.9,10656.7,10904.4,0.057,Chlorpheniramine,GC-MS
SMP-01086,1.2,13695.4,3467.2,3634.9,0.0137,Uracil,GC-MS
SMP-01086,2.79,43391.6,8387.6,8465.1,0.0429,Acetaminophen,GC-MS
SMP-01086,4.12,79116.6,13080.2,13532.8,0.0809,Caffeine,GC-MS
SMP-01086,5.58,20844.2,4589.7,4789.7,0.021,Aspirin,GC-MS
SMP-01086,7.21,65217.2,10775.1,11329.1,0.0655,Benzoic Acid,GC-MS
SMP-01086,8.91,30249.4,6386.2,6533.6,0.0289,Phenacetin,GC-MS
SMP-01086,10.44,14206.4,3512.7,3645.2,0.0142,Salicylic Acid,GC-MS
SMP-01086,12.12,64560.6,11685.2,12311.6,0.0648,Chlorpheniramine,GC-MS
SMP-01087,1.28,11470.8,3042.2,3108.5,0.0117,Uracil,GC-MS
SMP-01087,2.78,46151.1,8785.0,9198.8,0.0469,Acetaminophen,GC-MS
SMP-01087,4.12,85378.4,13940.4,14322.6,0.0872,Caffeine,GC-MS
SMP-01087,5.61,26095.9,5907.6,6080.1,0.0261,Aspirin,GC-MS
SMP-01087,7.17,63221.5,10177.6,10348.6,0.0638,Benzoic Acid,GC-MS
SMP-01087,8.96,28479.2,5790.9,5889.6,0.0275,Phenacetin,GC-MS
SMP-01087,10.35,18487.7,4582.3,4999.4,0.0187,Salicylic Acid,GC-MS
SMP-01087,12.15,39884.4,6497.6,6859.8,0.0397,Chlorpheniramine,GC-MS
SMP-01088,1.28,13697.7,3554.1,3761.4,0.0139,Uracil,GC-MS
SMP-01088,2.78,43849.5,8776.6,8996.4,0.0437,Acetaminophen,GC-MS
SMP-01088,4.19,92871.3,15298.0,16190.7,0.0934,Caffeine,GC-MS
SMP-01088,5.61,20940.8,4775.9,4860.6,0.0214,Aspirin,GC-MS
SMP-01088,7.22,59381.4,9441.7,9669.5,0.06,Benzoic Acid,GC-MS
SMP-01088,8.96,31150.1,6332.3,6244.6,0.0314,Phenacetin,GC-MS
SMP-01088,10.36,18486.9,4563.4,4538.3,0.0188,Salicylic Acid,GC-MS
SMP-01088,12.14,60812.5,11275.5,11822.6,0.0603,Chlorpheniramine,GC-MS
SMP-01089,1.26,10612.9,2837.9,2990.4,0.0101,Uracil,GC-MS
SMP-01089,2.79,43436.3,8678.7,8808.2,0.0428,Acetaminophen,GC-MS
SMP-01089,4.19,87108.3,14103.2,14480.4,0.0869,Caffeine,GC-MS
SMP-01089,5.61,18520.0,4358.5,4329.1,0.0178,Aspirin,GC-MS
SMP-01089,7.22,53574.2,9224.5,9555.0,0.0516,Benzoic Acid,GC-MS
SMP-01089,8.97,32422.5,6713.4,6867.3,0.0324,Phenacetin,GC-MS
SMP-01089,10.38,17579.5,4470.3,4519.7,0.0178,Salicylic Acid,GC-MS
SMP-01089,12.1,51521.1,9296.8,9644.0,0.052,Chlorpheniramine,GC-MS
SMP-01090,1.26,12763.5,3206.5,3160.2,0.0131,Uracil,GC-MS
SMP-01090,2.82,48417.4,9373.2,9629.2,0.0487,Acetaminophen,GC-MS
SMP-01090,4.19,77847.2,12365.6,12613.8,0.0795,Caffeine,GC-MS
SMP-01090,5.58,21653.3,4828.2,5021.5,0.0219,Aspirin,GC-MS
SMP-01090,7.19,59588.0,10189.3,10426.2,0.0589,Benzoic Acid,GC-MS
SMP-01090,8.96,31227.9,6293.7,6494.5,0.0318,Phenacetin,GC-MS
SMP-01090,10.44,15375.3,3919.5,4166.2,0.0153,Salicylic Acid,GC-MS
SMP-01090,12.05,50665.2,9534.9,9803.7,0.0493,Chlorpheniramine,GC-MS
SMP-01091,1.28,11167.4,3043.2,3170.5,0.0108,Uracil,GC-MS
SMP-01091,2.83,54457.1,11096.2,11453.8,0.0543,Acetaminophen,GC-MS
SMP-01091,4.18,99476.9,16066.5,16708.1,0.0995,Caffeine,GC-MS
SMP-01091,5.63,25371.1,5385.0,5491.0,0.0257,Aspirin,GC-MS
SMP-01091,7.23,72493.2,11896.8,12146.5,0.0735,Benzoic Acid,GC-MS
SMP-01091,8.96,32143.5,6716.7,7155.9,0.0331,Phenacetin,GC-MS
SMP-01091,10.41,16378.5,4086.8,4224.9,0.0157,Salicylic Acid,GC-MS
SMP-01091,12.1,53035.5,9619.2,9746.4,0.0523,Chlorpheniramine,GC-MS
SMP-01092,1.18,11119.3,2832.2,2944.0,0.011,Uracil,GC-MS
SMP-01092,2.85,39605.4,7523.3,7866.1,0.0405,Acetaminophen,GC-MS
SMP-01092,4.13,79761.3,13285.7,13107.3,0.0785,Caffeine,GC-MS
SMP-01092,5.61,23172.3,5265.8,5168.4,0.0232,Aspirin,GC-MS
SMP-01092,7.19,74793.6,12236.9,12817.9,0.0739,Benzoic Acid,GC-MS
SMP-01092,8.96,29547.6,5872.8,6134.2,0.0286,Phenacetin,GC-MS
SMP-01092,10.38,15920.8,3890.2,3928.3,0.0156,Salicylic Acid,GC-MS
SMP-01092,12.08,57117.9,10490.5,10517.0,0.0571,Chlorpheniramine,GC-MS
SMP-01093,1.24,13230.1,3371.7,3416.6,0.0134,Uracil,GC-MS
SMP-01093,2.78,54159.1,10573.5,10905.3,0.0542,Acetaminophen,GC-MS
SMP-01093,4.11,83467.8,13712.5,14280.4,0.0821,Caffeine,GC-MS
SMP-01093,5.58,22683.1,5140.3,5473.8,0.0223,Aspirin,GC-MS
SMP-01093,7.17,64062.4,10948.2,11017.5,0.0617,Benzoic Acid,GC-MS
SMP-01093,8.98,28422.0,5773.9,5944.2,0.0294,Phenacetin,GC-MS
SMP-01093,10.44,16349.1,3890.6,4007.9,0.0167,Salicylic Acid,GC-MS
SMP-01093,12.1,45909.2,7926.8,8472.5,0.0444,Chlorpheniramine,GC-MS
SMP-01094,1.26,10336.3,2647.1,2672.3,0.0106,Uracil,GC-MS
SMP-01094,2.78,45041.6,8842.9,9403.7,0.0438,Acetaminophen,GC-MS
SMP-01094,4.16,80202.8,13407.0,14225.3,0.0785,Caffeine,GC-MS
SMP-01094,5.6,23643.2,5418.4,5542.2,0.024,Aspirin,GC-MS
SMP-01094,7.24,65357.5,10669.3,11099.1,0.0656,Benzoic Acid,GC-MS
SMP-01094,8.95,32810.8,6787.8,6910.8,0.0326,Phenacetin,GC-MS
SMP-01094,10.41,14981.9,3482.8,3465.3,0.0154,Salicylic Acid,GC-MS
SMP-01094,12.09,58766.5,10372.1,10666.9,0.0602,Chlorpheniramine,GC-MS
SMP-01095,1.25,10775.6,2711.9,2737.0,0.0107,Uracil,GC-MS
SMP-01095,2.77,46199.7,9384.3,9827.6,0.0469,Acetaminophen,GC-MS
SMP-01095,4.12,86865.1,13714.7,13259.5,0.0842,Caffeine,GC-MS
SMP-01095,5.64,26106.4,5869.6,6143.3,0.0259,Aspirin,GC-MS
SMP-01095,7.24,56582.7,8377.8,8333.3,0.0581,Benzoic Acid,GC-MS
SMP-01095,8.95,30700.5,6350.2,6578.1,0.0305,Phenacetin,GC-MS
SMP-01095,10.36,16046.2,3674.9,3883.7,0.0162,Salicylic Acid,GC-MS
SMP-01095,12.07,51180.9,9395.4,10077.4,0.0524,Chlorpheniramine,GC-MS
SMP-01096,1.21,12322.1,3059.3,3203.0,0.0125,Uracil,GC-MS
SMP-01096,2.78,44937.4,8862.8,9373.6,0.0453,Acetaminophen,GC-MS
SMP-01096,4.17,77604.0,12689.1,13131.1,0.0763,Caffeine,GC-MS
SMP-01096,5.6,23600.5,5365.8,5578.5,0.0238,Aspirin,GC-MS
SMP-01096,7.22,66156.9,10610.1,10884.0,0.0664,Benzoic Acid,GC-MS
SMP-01096,8.94,31347.6,6270.3,6425.3,0.0318,Phenacetin,GC-MS
SMP-01096,10.41,14117.4,3681.3,3765.8,0.0148,Salicylic Acid,GC-MS
SMP-01096,12.1,55015.9,9639.4,9976.1,0.0556,Chlorpheniramine,GC-MS
SMP-01097,1.25,14050.9,3508.8,3530.2,0.0139,Uracil,GC-MS
SMP-01097,2.78,33904.3,6672.2,6731.7,0.0332,Acetaminophen,GC-MS
SMP-01097,4.19,92042.2,15282.1,15237.1,0.0919,Caffeine,GC-MS
SMP-01097,5.55,23266.2,5118.6,5291.6,0.023,Aspirin,GC-MS
SMP-01097,7.19,62547.7,10525.0,11226.1,0.0634,Benzoic Acid,GC-MS
SMP-01097,8.95,30147.9,5863.3,5966.3,0.0299,Phenacetin,GC-MS
SMP-01097,10.45,15620.4,3942.5,3930.7,0.0156,Salicylic Acid,GC-MS
SMP-01097,12.09,57427.9,10848.7,11067.0,0.0573,Chlorpheniramine,GC-MS
SMP-01098,1.25,11376.1,3072.8,3132.2,0.0115,Uracil,GC-MS
SMP-01098,2.79,43955.3,8491.8,8766.7,0.0436,Acetaminophen,GC-MS
SMP-01098,4.14,99575.4,17118.1,17375.2,0.0998,Caffeine,GC-MS
SMP-01098,5.59,23161.9,5085.6,5139.7,0.0233,Aspirin,GC-MS
SMP-01098,7.18,76609.1,12635.3,12745.6,0.077,Benzoic Acid,GC-MS
SMP-01098,8.91,27904.3,5740.1,6022.8,0.0284,Phenacetin,GC-MS
SMP-01098,10.38,16205.5,3792.2,3775.0,0.0167,Salicylic Acid,GC-MS
SMP-01098,12.08,52630.6,9156.2,9473.7,0.0531,Chlorpheniramine,GC-MS
SMP-01099,1.2,11649.4,3174.0,3251.3,0.0122,Uracil,GC-MS
SMP-01099,2.78,38809.2,7409.6,7622.4,0.0386,Acetaminophen,GC-MS
SMP-01099,4.15,105353.8,16978.4,17384.1,0.1057,Caffeine,GC-MS
SMP-01099,5.61,20203.6,4467.1,4617.7,0.0203,Aspirin,GC-MS
SMP-01099,7.2,65493.6,10497.3,10914.4,0.0644,Benzoic Acid,GC-MS
SMP-01099,8.91,39111.6,8002.1,8115.7,0.0394,Phenacetin,GC-MS
SMP-01099,10.33,15877.4,3951.3,4155.3,0.0157,Salicylic Acid,GC-MS
SMP-01099,12.12,57002.9,10543.0,10895.5,0.0591,Chlorpheniramine,GC-MS
SMP-01100,1.25,13954.3,3653.2,3750.8,0.0143,Uracil,GC-MS
SMP-01100,2.83,33699.0,6899.7,6852.2,0.0326,Acetaminophen,GC-MS
SMP-01100,4.17,92095.1,15089.1,14881.4,0.0919,Caffeine,GC-MS
SMP-01100,5.64,21974.9,4765.0,4864.7,0.0224,Aspirin,GC-MS
SMP-01100,7.19,70451.1,11185.6,11335.5,0.0696,Benzoic Acid,GC-MS
SMP-01100,8.9,35866.3,7421.4,7488.3,0.0362,Phenacetin,GC-MS
SMP-01100,10.4,14778.4,3342.9,3423.0,0.0152,Salicylic Acid,GC-MS
SMP-01100,12.03,57218.5,10601.3,10846.1,0.0567,Chlorpheniramine,GC-MS
SMP-01101,1.22,15864.6,4112.9,4211.8,0.0158,Uracil,GC-MS
SMP-01101,2.83,42750.2,8098.2,8242.5,0.0434,Acetaminophen,GC-MS
SMP-01101,4.13,75195.8,12361.3,12898.5,0.0781,Caffeine,GC-MS
SMP-01101,5.61,25870.9,5466.4,5608.7,0.0262,Aspirin,GC-MS
SMP-01101,7.22,72409.0,12470.4,12511.7,0.072,Benzoic Acid,GC-MS
SMP-01101,8.96,33966.6,7084.5,7270.2,0.0342,Phenacetin,GC-MS
SMP-01101,10.4,15413.9,3707.3,3819.9,0.0158,Salicylic Acid,GC-MS
SMP-01101,12.14,64317.8,11616.5,12016.5,0.0655,Chlorpheniramine,GC-MS
SMP-01102,1.21,11221.7,3031.9,3030.8,0.0113,Uracil,GC-MS
SMP-01102,2.8,41267.2,7795.9,8115.1,0.0411,Acetaminophen,GC-MS
SMP-01102,4.07,94080.7,15146.0,15611.1,0.0925,Caffeine,GC-MS
SMP-01102,5.63,28055.7,6186.1,6381.0,0.0291,Aspirin,GC-MS
SMP-01102,7.2,68789.6,11213.9,11595.1,0.0698,Benzoic Acid,GC-MS
SMP-01102,8.97,29196.6,6185.7,6562.4,0.0288,Phenacetin,GC-MS
SMP-01102,10.38,16224.0,3827.9,3997.2,0.0163,Salicylic Acid,GC-MS
SMP-01102,12.12,57218.6,10156.9,10417.2,0.0566,Chlorpheniramine,GC-MS
SMP-01103,1.28,11801.3,3148.5,3460.3,0.0121,Uracil,GC-MS
SMP-01103,2.79,47557.6,9774.0,10025.3,0.0481,Acetaminophen,GC-MS
SMP-01103,4.14,84934.3,13907.2,14336.5,0.0859,Caffeine,GC-MS
SMP-01103,5.61,23091.6,5011.6,5086.0,0.023,Aspirin,GC-MS
SMP-01103,7.17,65938.8,10500.8,10735.4,0.0662,Benzoic Acid,GC-MS
SMP-01103,8.95,32361.1,6616.5,6727.7,0.0321,Phenacetin,GC-MS
SMP-01103,10.45,13533.4,3304.8,3361.8,0.0129,Salicylic Acid,GC-MS
SMP-01103,12.12,57367.2,10818.9,11213.6,0.0569,Chlorpheniramine,GC-MS
SMP-01104,1.28,13258.5,3530.8,3694.2,0.0134,Uracil,GC-MS
SMP-01104,2.84,47831.9,9278.3,9385.8,0.0475,Acetaminophen,GC-MS
SMP-01104,4.11,93432.1,15474.0,15878.9,0.0923,Caffeine,GC-MS
SMP-01104,5.58,27176.9,5905.0,6183.4,0.0269,Aspirin,GC-MS
SMP-01104,7.18,62830.2,10448.7,10677.8,0.0637,Benzoic Acid,GC-MS
SMP-01104,8.99,39032.0,8107.1,8500.6,0.0393,Phenacetin,GC-MS
SMP-01104,10.43,12303.5,3018.2,3109.2,0.0126,Salicylic Acid,GC-MS
SMP-01104,12.1,41101.9,7402.0,7616.7,0.0397,Chlorpheniramine,GC-MS
SMP-01105,1.22,11366.2,2977.1,3083.6,0.0112,Uracil,GC-MS
SMP-01105,2.79,46501.7,8739.8,9003.3,0.0476,Acetaminophen,GC-MS
SMP-01105,4.11,98912.3,16369.2,16964.3,0.0977,Caffeine,GC-MS
SMP-01105,5.62,22940.1,5101.1,5355.5,0.0234,Aspirin,GC-MS
SMP-01105,7.16,73862.7,12081.0,12219.8,0.0761,Benzoic Acid,GC-MS
SMP-01105,8.99,27551.6,5599.6,5869.4,0.0282,Phenacetin,GC-MS
SMP-01105,10.39,15774.7,3961.7,4148.0,0.0159,Salicylic Acid,GC-MS
SMP-01105,12.09,51564.5,9311.7,9689.3,0.0489,Chlorpheniramine,GC-MS
SMP-01106,1.23,12733.7,3359.8,3552.5,0.0128,Uracil,GC-MS
SMP-01106,2.8,51612.1,9942.2,9999.1,0.0535,Acetaminophen,GC-MS
SMP-01106,4.2,94784.2,15551.9,15938.7,0.0936,Caffeine,GC-MS
SMP-01106,5.6,24446.9,5321.1,5506.6,0.0241,Aspirin,GC-MS
SMP-01106,7.2,63949.6,10911.5,11139.8,0.0645,Benzoic Acid,GC-MS
SMP-01106,8.94,30291.4,6296.1,6572.4,0.0303,Phenacetin,GC-MS
SMP-01106,10.42,14861.4,3596.0,3666.5,0.0149,Salicylic Acid,GC-MS
SMP-01106,12.09,50744.5,8715.8,8833.8,0.0514,Chlorpheniramine,GC-MS
SMP-01107,1.28,11956.3,2987.2,3020.7,0.0121,Uracil,GC-MS
SMP-01107,2.81,36961.0,7067.5,7264.4,0.0361,Acetaminophen,GC-MS
SMP-01107,4.17,85087.8,13814.0,14528.0,0.0873,Caffeine,GC-MS
SMP-01107,5.61,23875.7,5548.4,5825.3,0.0246,Aspirin,GC-MS
SMP-01107,7.27,68570.5,11739.5,12379.9,0.0685,Benzoic Acid,GC-MS
SMP-01107,8.99,29843.6,6231.2,6421.2,0.0285,Phenacetin,GC-MS
SMP-01107,10.39,16596.7,3903.3,4126.2,0.0166,Salicylic Acid,GC-MS
SMP-01107,12.05,51932.9,9437.1,9960.1,0.0521,Chlorpheniramine,GC-MS
SMP-01108,1.26,13470.4,3479.5,3576.9,0.0134,Uracil,GC-MS
SMP-01108,2.83,40989.0,7644.3,8069.7,0.0405,Acetaminophen,GC-MS
SMP-01108,4.22,87229.6,14237.8,14432.7,0.0878,Caffeine,GC-MS
SMP-01108,5.61,28419.6,6532.2,6601.3,0.0283,Aspirin,GC-MS
SMP-01108,7.22,72257.9,11955.8,12462.2,0.0708,Benzoic Acid,GC-MS
SMP-01108,8.91,32435.0,6621.0,6976.9,0.0326,Phenacetin,GC-MS
SMP-01108,10.39,16397.7,4097.4,4245.7,0.0165,Salicylic Acid,GC-MS
SMP-01108,12.12,57799.8,10601.8,11065.3,0.0582,Chlorpheniramine,GC-MS
SMP-01109,1.29,12507.4,3217.4,3322.5,0.0128,Uracil,GC-MS
SMP-01109,2.85,50140.4,9588.3,10039.7,0.0488,Acetaminophen,GC-MS
SMP-01109,4.15,93923.8,14395.6,15303.0,0.0909,Caffeine,GC-MS
SMP-01109,5.64,20104.0,4111.9,4235.1,0.0205,Aspirin,GC-MS
SMP-01109,7.19,72770.2,12357.5,12419.7,0.0707,Benzoic Acid,GC-MS
SMP-01109,9.01,30740.4,6343.9,6169.1,0.0314,Phenacetin,GC-MS
SMP-01109,10.36,14231.5,3333.3,3420.4,0.0143,Salicylic Acid,GC-MS
SMP-01109,12.06,54537.7,9425.7,9988.7,0.0542,Chlorpheniramine,GC-MS
SMP-01110,1.22,12299.3,3271.7,3441.1,0.0122,Uracil,GC-MS
SMP-01110,2.79,48213.9,9875.5,9893.7,0.0476,Acetaminophen,GC-MS
SMP-01110,4.13,93263.0,15394.4,16252.0,0.0948,Caffeine,GC-MS
SMP-01110,5.57,25243.1,5791.3,6007.2,0.0252,Aspirin,GC-MS
SMP-01110,7.23,84720.0,13887.5,14858.7,0.0867,Benzoic Acid,GC-MS
SMP-01110,8.94,28038.1,5869.0,6040.2,0.0274,Phenacetin,GC-MS
SMP-01110,10.39,15228.6,3673.5,3727.4,0.0157,Salicylic Acid,GC-MS
SMP-01110,12.06,52234.0,9218.7,9425.2,0.0536,Chlorpheniramine,GC-MS
SMP-01111,1.27,15016.1,3928.7,4220.2,0.0149,Uracil,GC-MS
SMP-01111,2.77,48806.6,9316.8,9340.8,0.0489,Acetaminophen,GC-MS
SMP-01111,4.14,98675.7,16398.6,16340.1,0.0973,Caffeine,GC-MS
SMP-01111,5.62,23981.9,5333.9,5586.5,0.0229,Aspirin,GC-MS
SMP-01111,7.21,64858.5,10581.7,10817.9,0.0616,Benzoic Acid,GC-MS
SMP-01111,8.99,29033.9,6169.4,6521.5,0.0292,Phenacetin,GC-MS
SMP-01111,10.38,15321.9,3643.5,3725.9,0.0154,Salicylic Acid,GC-MS
SMP-01111,12.12,46107.8,8293.9,8780.2,0.0457,Chlorpheniramine,GC-MS
SMP-01112,1.29,12765.2,3293.5,3412.2,0.0127,Uracil,GC-MS
SMP-01112,2.73,49157.5,9596.7,10028.9,0.0487,Acetaminophen,GC-MS
SMP-01112,4.18,302695.9,41380.8,49766.3,0.2962,Caffeine,GC-MS
SMP-01112,5.62,24735.5,5617.2,5986.6,0.0251,Aspirin,GC-MS
SMP-01112,7.21,65744.3,10840.7,11173.7,0.0663,Benzoic Acid,GC-MS
SMP-01112,8.96,33438.8,6644.1,6990.1,0.0338,Phenacetin,GC-MS
SMP-01112,10.41,16813.0,4011.5,4185.0,0.0166,Salicylic Acid,GC-MS
SMP-01112,12.08,50611.3,8518.8,8811.7,0.0501,Chlorpheniramine,GC-MS
SMP-01113,1.26,14457.4,3797.0,3857.0,0.0142,Uracil,GC-MS
SMP-01113,2.83,37247.3,7263.0,7338.9,0.0365,Acetaminophen,GC-MS
SMP-01113,4.2,88636.7,15192.3,15919.8,0.0868,Caffeine,GC-MS
SMP-01113,5.62,23358.5,5036.4,5173.2,0.0244,Aspirin,GC-MS
SMP-01113,7.22,78609.0,13147.5,13508.2,0.0804,Benzoic Acid,GC-MS
SMP-01113,8.94,35893.1,7503.3,7486.1,0.0354,Phenacetin,GC-MS
SMP-01113,10.41,14968.6,4081.0,4256.9,0.0151,Salicylic Acid,GC-MS
SMP-01113,12.05,59794.8,10978.0,11268.8,0.059,Chlorpheniramine,GC-MS
SMP-01114,1.29,54811.3,13411.7,13418.7,0.0541,Uracil,GC-MS
SMP-01114,2.75,57173.7,11242.0,11395.6,0.0583,Acetaminophen,GC-MS
SMP-01114,4.15,84088.2,14009.7,14347.6,0.0851,Caffeine,GC-MS
SMP-01114,5.59,23267.9,5125.0,5388.5,0.0228,Aspirin,GC-MS
SMP-01114,7.14,67220.8,11229.8,11753.0,0.0679,Benzoic Acid,GC-MS
SMP-01114,8.94,29784.4,6195.0,6314.6,0.0295,Phenacetin,GC-MS
SMP-01114,10.42,12051.3,2768.8,2798.9,0.012,Salicylic Acid,GC-MS
SMP-01114,12.09,44462.2,7868.5,8214.2,0.0452,Chlorpheniramine,GC-MS
SMP-01115,1.28,14108.9,3729.5,3896.2,0.0144,Uracil,GC-MS
SMP-01115,2.79,43915.5,8058.0,8402.5,0.0428,Acetaminophen,GC-MS
SMP-01115,4.16,91793.3,14723.4,15142.4,0.0919,Caffeine,GC-MS
SMP-01115,5.61,21129.9,4675.7,5004.5,0.0212,Aspirin,GC-MS
SMP-01115,7.17,72179.5,12438.6,12901.0,0.0709,Benzoic Acid,GC-MS
SMP-01115,8.98,26267.8,5572.4,5829.2,0.0253,Phenacetin,GC-MS
SMP-01115,10.42,15581.2,3820.0,4087.1,0.0159,Salicylic Acid,GC-MS
SMP-01115,12.13,57525.1,10164.1,10581.1,0.0574,Chlorpheniramine,GC-MS
SMP-01116,1.2,11957.5,2983.6,3216.3,0.0117,Uracil,GC-MS
SMP-01116,2.78,46933.5,8909.4,9184.4,0.0476,Acetaminophen,GC-MS
SMP-01116,4.15,78843.2,12318.7,12676.7,0.0783,Caffeine,GC-MS
SMP-01116,5.53,25917.7,5749.4,5889.3,0.026,Aspirin,GC-MS
SMP-01116,7.24,66247.2,9957.6,10052.5,0.0673,Benzoic Acid,GC-MS
SMP-01116,8.96,34310.6,7093.7,7443.1,0.0343,Phenacetin,GC-MS
SMP-01116,10.42,16337.3,4153.6,4250.9,0.0159,Salicylic Acid,GC-MS
SMP-01116,12.14,54085.2,9577.6,9946.2,0.0532,Chlorpheniramine,GC-MS
SMP-01117,1.23,11181.4,2918.6,2952.7,0.0117,Uracil,GC-MS
SMP-01117,2.76,51863.1,9926.9,10549.8,0.0527,Acetaminophen,GC-MS
SMP-01117,4.14,92918.8,14976.5,15715.1,0.0889,Caffeine,GC-MS
SMP-01117,5.65,21818.0,4730.5,4925.2,0.0216,Aspirin,GC-MS
SMP-01117,7.16,67389.6,11384.8,11952.2,0.066,Benzoic Acid,GC-MS
SMP-01117,8.96,34013.5,7003.0,7096.7,0.0343,Phenacetin,GC-MS
SMP-01117,10.4,14469.3,3473.3,3605.9,0.0146,Salicylic Acid,GC-MS
SMP-01117,12.08,57702.8,9974.6,10315.0,0.0576,Chlorpheniramine,GC-MS
SMP-01118,1.32,15991.5,4119.9,4197.8,0.016,Uracil,GC-MS
SMP-01118,2.79,47994.9,9436.7,9982.3,0.0472,Acetaminophen,GC-MS
SMP-01118,4.2,97740.5,16330.5,17023.7,0.0974,Caffeine,GC-MS
SMP-01118,5.59,22119.6,5110.6,5157.0,0.022,Aspirin,GC-MS
SMP-01118,7.25,67476.2,11473.8,11796.7,0.0688,Benzoic Acid,GC-MS
SMP-01118,8.93,36749.6,7668.9,7824.7,0.0364,Phenacetin,GC-MS
SMP-01118,10.41,14772.6,3498.7,3522.6,0.0144,Salicylic Acid,GC-MS
SMP-01118,12.09,53056.0,9198.7,9453.0,0.0524,Chlorpheniramine,GC-MS
SMP-01119,1.25,12746.1,3154.0,3291.9,0.0127,Uracil,GC-MS
SMP-01119,2.83,49833.5,9434.8,9597.9,0.0497,Acetaminophen,GC-MS
SMP-01119,4.15,78445.2,12444.5,12744.5,0.0762,Caffeine,GC-MS
SMP-01119,5.57,20542.5,4575.9,4690.4,0.0209,Aspirin,GC-MS
SMP-01119,7.17,65570.6,10157.0,10611.1,0.0651,Benzoic Acid,GC-MS
SMP-01119,8.99,27031.3,5467.6,5489.7,0.0273,Phenacetin,GC-MS
SMP-01119,10.43,14975.6,3460.8,3597.2,0.0148,Salicylic Acid,GC-MS
SMP-01119,12.09,50795.3,9173.5,10037.9,0.0498,Chlorpheniramine,GC-MS
SMP-01120,1.24,11662.6,3012.5,3094.0,0.0119,Uracil,GC-MS
SMP-01120,2.79,45041.2,8534.2,8472.5,0.0464,Acetaminophen,GC-MS
SMP-01120,4.1,90449.2,15099.2,15408.7,0.0906,Caffeine,GC-MS
SMP-01120,5.61,23552.1,5174.7,5135.6,0.0229,Aspirin,GC-MS
SMP-01120,7.25,73813.3,12093.1,12696.1,0.074,Benzoic Acid,GC-MS
SMP-01120,8.98,28762.9,5637.6,5762.4,0.0285,Phenacetin,GC-MS
SMP-01120,10.37,16792.4,3994.4,4266.3,0.0168,Salicylic Acid,GC-MS
SMP-01120,12.06,50487.1,9202.4,9587.3,0.0504,Chlorpheniramine,GC-MS
SMP-01121,1.26,13444.9,3519.2,3603.3,0.0138,Uracil,GC-MS
SMP-01121,2.82,47294.3,9419.4,9625.1,0.0482,Acetaminophen,GC-MS
SMP-01121,4.14,88233.1,14180.1,14483.5,0.0873,Caffeine,GC-MS
SMP-01121,5.6,23701.8,5207.0,5244.5,0.0238,Aspirin,GC-MS
SMP-01121,7.21,59287.7,10461.3,10572.6,0.0587,Benzoic Acid,GC-MS
SMP-01121,8.97,34504.4,7391.8,7767.6,0.0348,Phenacetin,GC-MS
SMP-01121,10.38,13658.9,3342.2,3387.9,0.0136,Salicylic Acid,GC-MS
SMP-01121,12.12,59296.3,10516.3,10649.7,0.0584,Chlorpheniramine,GC-MS
SMP-01122,1.25,11844.1,2902.9,3012.9,0.0118,Uracil,GC-MS
SMP-01122,2.82,49071.1,9788.9,10128.2,0.0509,Acetaminophen,GC-MS
SMP-01122,4.13,91186.3,14349.5,14701.4,0.0911,Caffeine,GC-MS
SMP-01122,5.64,23478.3,5357.9,5492.5,0.0231,Aspirin,GC-MS
SMP-01122,7.22,71948.9,12863.1,12918.3,0.0725,Benzoic Acid,GC-MS
SMP-01122,8.96,35633.7,7228.0,7315.4,0.0349,Phenacetin,GC-MS
SMP-01122,10.4,17181.7,4201.1,4203.8,0.0174,Salicylic Acid,GC-MS
SMP-01122,12.12,49206.4,9076.3,9365.7,0.049,Chlorpheniramine,GC-MS
SMP-01123,1.19,11917.8,3160.6,3279.0,0.0116,Uracil,GC-MS
SMP-01123,2.78,53317.4,10719.2,11071.9,0.0535,Acetaminophen,GC-MS
SMP-01123,4.13,83647.6,13563.9,14014.4,0.0832,Caffeine,GC-MS
SMP-01123,5.58,20338.0,4568.6,4567.2,0.0206,Aspirin,GC-MS
SMP-01123,7.23,64190.5,10692.1,10896.6,0.0613,Benzoic Acid,GC-MS
SMP-01123,8.9,34306.8,7106.8,7353.0,0.0349,Phenacetin,GC-MS
SMP-01123,10.42,14344.7,3644.6,3736.7,0.0145,Salicylic Acid,GC-MS
SMP-01123,12.11,62179.2,10969.8,11259.7,0.0615,Chlorpheniramine,GC-MS
SMP-01124,1.25,14373.0,3389.2,3556.0,0.0147,Uracil,GC-MS
SMP-01124,2.76,44319.5,8185.6,8377.9,0.0444,Acetaminophen,GC-MS
SMP-01124,4.15,82515.2,13355.1,13817.0,0.0831,Caffeine,GC-MS
SMP-01124,5.65,23833.0,5230.5,5357.5,0.0241,Aspirin,GC-MS
SMP-01124,7.2,75264.6,12960.9,13636.4,0.0745,Benzoic Acid,GC-MS
SMP-01124,8.98,31849.9,6344.5,6885.3,0.0312,Phenacetin,GC-MS
SMP-01124,10.42,13022.3,3169.3,3355.6,0.0129,Salicylic Acid,GC-MS
SMP-01124,12.09,56928.3,9896.9,10249.9,0.0565,Chlorpheniramine,GC-MS
SMP-01125,1.23,11873.1,3067.3,3253.2,0.0123,Uracil,GC-MS
SMP-01125,2.82,48012.3,9407.1,9756.7,0.0477,Acetaminophen,GC-MS
SMP-01125,4.16,84742.5,13728.8,13799.2,0.0818,Caffeine,GC-MS
SMP-01125,5.6,22533.1,4896.5,5159.2,0.0231,Aspirin,GC-MS
SMP-01125,7.2,66553.8,11143.8,11860.7,0.0663,Benzoic Acid,GC-MS
SMP-01125,8.95,31024.0,6345.9,6417.4,0.0315,Phenacetin,GC-MS
SMP-01125,10.42,18354.7,4488.2,4535.3,0.018,Salicylic Acid,GC-MS
SMP-01125,12.15,56798.6,10511.7,10750.3,0.0576,Chlorpheniramine,GC-MS
SMP-01126,1.3,11025.1,2876.2,2978.1,0.0105,Uracil,GC-MS
SMP-01126,2.81,47710.5,9194.2,9663.2,0.0487,Acetaminophen,GC-MS
SMP-01126,4.16,76119.3,12700.7,13531.6,0.0755,Caffeine,GC-MS
SMP-01126,5.65,23311.7,4954.3,5127.6,0.0233,Aspirin,GC-MS
SMP-01126,7.14,59482.9,10369.7,10407.0,0.06,Benzoic Acid,GC-MS
SMP-01126,8.96,28986.6,6189.2,6314.4,0.0288,Phenacetin,GC-MS
SMP-01126,10.37,17602.0,4116.9,4199.1,0.0176,Salicylic Acid,GC-MS
SMP-01126,12.11,59758.3,10283.3,10428.2,0.0572,Chlorpheniramine,GC-MS
SMP-01127,1.25,11440.9,2789.2,2846.9,0.0117,Uracil,GC-MS
SMP-01127,2.83,46949.1,9274.8,9789.4,0.047,Acetaminophen,GC-MS
SMP-01127,4.19,79824.2,12260.4,12462.5,0.0784,Caffeine,GC-MS
SMP-01127,5.64,23506.1,5303.5,5519.2,0.0235,Aspirin,GC-MS
SMP-01127,7.21,63025.7,10174.7,10703.4,0.0645,Benzoic Acid,GC-MS
SMP-01127,8.93,31390.2,6415.2,6662.6,0.0321,Phenacetin,GC-MS
SMP-01127,10.4,14392.3,3467.7,3415.1,0.0143,Salicylic Acid,GC-MS
SMP-01127,12.11,61116.6,11070.8,11389.1,0.0597,Chlorpheniramine,GC-MS
SMP-01128,1.24,12611.6,3238.4,3381.2,0.0124,Uracil,GC-MS
SMP-01128,2.82,41041.2,8034.1,8256.3,0.0413,Acetaminophen,GC-MS
SMP-01128,4.08,84921.1,14129.5,14952.4,0.0845,Caffeine,GC-MS
SMP-01128,5.55,24422.3,5292.5,5237.8,0.0245,Aspirin,GC-MS
SMP-01128,7.24,53116.8,8642.0,9201.4,0.0529,Benzoic Acid,GC-MS
SMP-01128,8.95,36119.8,7411.6,7898.7,0.0359,Phenacetin,GC-MS
SMP-01128,10.39,17326.7,4009.6,4151.5,0.0169,Salicylic Acid,GC-MS
SMP-01128,12.1,53015.6,9629.4,9778.2,0.0514,Chlorpheniramine,GC-MS
SMP-01129,1.23,9416.2,2318.6,2364.4,0.0096,Uracil,GC-MS
SMP-01129,2.8,39880.3,7704.6,7797.8,0.0389,Acetaminophen,GC-MS
SMP-01129,4.15,93442.9,14442.5,14604.9,0.0935,Caffeine,GC-MS
SMP-01129,5.61,23589.1,5226.3,5501.7,0.0241,Aspirin,GC-MS
SMP-01129,7.19,62585.5,10454.3,10642.7,0.0638,Benzoic Acid,GC-MS
SMP-01129,8.92,27810.2,5419.7,5726.6,0.0261,Phenacetin,GC-MS
SMP-01129,10.41,19424.2,4778.6,4973.0,0.0197,Salicylic Acid,GC-MS
SMP-01129,12.11,53682.4,9496.2,9766.2,0.0518,Chlorpheniramine,GC-MS
SMP-01130,1.24,10895.2,2832.9,2914.2,0.011,Uracil,GC-MS
SMP-01130,2.8,45116.6,8673.1,8710.3,0.0458,Acetaminophen,GC-MS
SMP-01130,4.11,92662.8,15428.3,15184.4,0.0906,Caffeine,GC-MS
SMP-01130,5.63,25534.2,5625.2,5715.1,0.0258,Aspirin,GC-MS
SMP-01130,7.17,58868.7,9505.9,9721.5,0.0577,Benzoic Acid,GC-MS
SMP-01130,8.97,32829.9,6670.4,6879.6,0.0317,Phenacetin,GC-MS
SMP-01130,10.39,15911.0,4053.0,4208.6,0.0155,Salicylic Acid,GC-MS
SMP-01130,12.11,49364.0,8807.3,9080.0,0.0503,Chlorpheniramine,GC-MS
SMP-01131,1.23,15459.1,4127.6,4172.6,0.0154,Uracil,GC-MS
SMP-01131,2.77,50498.9,9613.5,9831.3,0.0516,Acetaminophen,GC-MS
SMP-01131,4.13,79870.4,12848.3,13172.0,0.0792,Caffeine,GC-MS
SMP-01131,5.58,21256.4,4785.0,4957.3,0.0212,Aspirin,GC-MS
SMP-01131,7.14,55867.0,8692.0,9152.2,0.053,Benzoic Acid,GC-MS
SMP-01131,8.93,30073.6,6200.6,6367.1,0.0302,Phenacetin,GC-MS
SMP-01131,10.41,15767.5,3870.8,3955.7,0.0157,Salicylic Acid,GC-MS
SMP-01131,12.1,57056.8,10645.3,10701.5,0.0566,Chlorpheniramine,GC-MS
SMP-01132,1.22,12884.2,3463.7,3463.7,0.0129,Uracil,GC-MS
SMP-01132,2.84,44082.4,8902.0,9011.8,0.0443,Acetaminophen,GC-MS
SMP-01132,4.09,92723.9,14788.7,14592.3,0.0947,Caffeine,GC-MS
SMP-01132,5.58,80769.2,16636.4,20367.0,0.0817,Aspirin,GC-MS
SMP-01132,7.2,66580.0,11335.4,12142.3,0.0665,Benzoic Acid,GC-MS
SMP-01132,8.99,31926.6,6345.2,6415.7,0.0329,Phenacetin,GC-MS
SMP-01132,10.39,14894.9,3469.7,3467.1,0.0152,Salicylic Acid,GC-MS
SMP-01132,12.13,60001.1,11211.7,11666.9,0.0596,Chlorpheniramine,GC-MS
SMP-01133,1.23,11935.4,3098.0,3199.4,0.0117,Uracil,GC-MS
SMP-01133,2.83,54862.8,10374.9,10834.4,0.0551,Acetaminophen,GC-MS
SMP-01133,4.14,94207.2,16064.8,16398.4,0.0944,Caffeine,GC-MS
SMP-01133,5.6,26713.3,6041.4,6286.0,0.027,Aspirin,GC-MS
SMP-01133,7.19,69057.8,11655.7,11966.6,0.0699,Benzoic Acid,GC-MS
SMP-01133,8.93,28045.5,6137.1,6376.7,0.0279,Phenacetin,GC-MS
SMP-01133,10.38,14206.1,3500.3,3707.0,0.0142,Salicylic Acid,GC-MS
SMP-01133,12.14,56887.4,10468.0,10868.5,0.0562,Chlorpheniramine,GC-MS
SMP-01134,1.25,12988.1,3363.2,3483.0,0.0128,Uracil,GC-MS
SMP-01134,2.81,48524.5,9473.2,9988.6,0.0495,Acetaminophen,GC-MS
SMP-01134,4.17,95854.4,16235.9,16183.8,0.0954,Caffeine,GC-MS
SMP-01134,5.64,21358.7,4673.0,4767.7,0.0212,Aspirin,GC-MS
SMP-01134,7.24,67072.5,11217.6,11838.7,0.0657,Benzoic Acid,GC-MS
SMP-01134,8.95,29646.3,6403.3,6507.0,0.0295,Phenacetin,GC-MS
SMP-01134,10.39,17057.5,4066.1,4135.1,0.0163,Salicylic Acid,GC-MS
SMP-01134,12.07,51731.8,9224.2,9788.1,0.0526,Chlorpheniramine,GC-MS
SMP-01135,1.25,11248.6,2829.4,2937.2,0.0115,Uracil,GC-MS
SMP-01135,2.79,44739.9,8784.7,9256.2,0.0449,Acetaminophen,GC-MS
SMP-01135,4.15,79669.1,13338.2,13875.8,0.0814,Caffeine,GC-MS
SMP-01135,5.58,26389.9,5753.3,5995.2,0.0259,Aspirin,GC-MS
SMP-01135,7.2,71991.5,11756.9,12174.3,0.0714,Benzoic Acid,GC-MS
SMP-01135,8.94,27697.5,6021.0,6314.1,0.0276,Phenacetin,GC-MS
SMP-01135,10.4,14677.0,3483.2,3515.7,0.0149,Salicylic Acid,GC-MS
SMP-01135,12.09,61728.8,11322.7,11775.2,0.062,Chlorpheniramine,GC-MS
SMP-01136,1.29,12019.4,3103.7,3143.6,0.0123,Uracil,GC-MS
SMP-01136,2.78,56059.6,10798.5,10927.4,0.056,Acetaminophen,GC-MS
SMP-01136,4.13,86864.1,13792.3,14588.4,0.0861,Caffeine,GC-MS
SMP-01136,5.6,115042.0,26373.2,26041.1,0.1148,Aspirin,GC-MS
SMP-01136,7.21,67356.5,11453.5,11655.4,0.0635,Benzoic Acid,GC-MS
SMP-01136,8.9,25419.3,5056.3,5243.1,0.025,Phenacetin,GC-MS
SMP-01136,10.43,13687.3,3279.8,3331.1,0.0137,Salicylic Acid,GC-MS
SMP-01136,12.13,59024.8,10734.0,10803.8,0.058,Chlorpheniramine,GC-MS
SMP-01137,1.23,11593.7,2810.9,2906.1,0.0113,Uracil,GC-MS
SMP-01137,2.79,54562.5,10727.1,10807.8,0.0541,Acetaminophen,GC-MS
SMP-01137,4.14,84768.8,13954.0,14116.2,0.0874,Caffeine,GC-MS
SMP-01137,5.65,24025.0,5270.5,5359.3,0.0239,Aspirin,GC-MS
SMP-01137,7.17,58748.3,10028.4,10659.1,0.0595,Benzoic Acid,GC-MS
SMP-01137,8.93,29588.1,6069.8,6030.2,0.0292,Phenacetin,GC-MS
SMP-01137,10.41,13012.3,3320.1,3479.8,0.0132,Salicylic Acid,GC-MS
SMP-01137,12.04,41730.1,7801.1,8335.6,0.0417,Chlorpheniramine,GC-MS
SMP-01138,1.22,12689.4,3251.1,3467.6,0.0131,Uracil,GC-MS
SMP-01138,2.82,47856.2,8906.9,9185.8,0.0489,Acetaminophen,GC-MS
SMP-01138,4.15,96163.3,16421.7,16463.3,0.0961,Caffeine,GC-MS
SMP-01138,5.6,24897.2,5518.5,5725.8,0.0256,Aspirin,GC-MS
SMP-01138,7.23,54948.9,8716.4,9095.6,0.0554,Benzoic Acid,GC-MS
SMP-01138,8.95,27367.2,5410.3,5579.1,0.0278,Phenacetin,GC-MS
SMP-01138,10.38,17422.3,4230.4,4357.3,0.0171,Salicylic Acid,GC-MS
SMP-01138,12.11,52089.8,9784.3,9695.0,0.0515,Chlorpheniramine,GC-MS
SMP-01139,1.23,13025.3,3391.4,3371.0,0.0131,Uracil,GC-MS
SMP-01139,2.78,40211.4,8204.6,8286.7,0.0405,Acetaminophen,GC-MS
SMP-01139,4.2,93543.0,14985.3,15001.4,0.0926,Caffeine,GC-MS
SMP-01139,5.58,24017.6,5328.7,5415.8,0.0239,Aspirin,GC-MS
SMP-01139,7.18,73705.1,12235.7,12149.4,0.0731,Benzoic Acid,GC-MS
SMP-01139,8.94,30454.9,6382.4,6322.4,0.0302,Phenacetin,GC-MS
SMP-01139,10.42,13933.7,3433.5,3524.2,0.0143,Salicylic Acid,GC-MS
SMP-01139,12.15,64177.3,11951.9,12042.7,0.0656,Chlorpheniramine,GC-MS
SMP-01140,1.27,13522.4,3776.6,3862.8,0.0134,Uracil,GC-MS
SMP-01140,2.78,50160.2,9857.0,10531.0,0.05,Acetaminophen,GC-MS
SMP-01140,4.21,95536.9,15591.4,16391.5,0.0951,Caffeine,GC-MS
SMP-01140,5.56,24316.1,5348.8,5335.4,0.0239,Aspirin,GC-MS
SMP-01140,7.2,61815.7,10606.6,11040.3,0.0601,Benzoic Acid,GC-MS
SMP-01140,9.05,37348.9,7700.2,7997.6,0.0377,Phenacetin,GC-MS
SMP-01140,10.44,15209.6,3763.5,3792.0,0.0146,Salicylic Acid,GC-MS
SMP-01140,12.06,59944.8,10681.1,10849.5,0.0606,Chlorpheniramine,GC-MS
SMP-01141,1.21,11258.2,2960.0,2932.0,0.0113,Uracil,GC-MS
SMP-01141,2.84,44938.1,8903.7,9230.4,0.0445,Acetaminophen,GC-MS
SMP-01141,4.18,62937.9,9960.1,10439.2,0.0659,Caffeine,GC-MS
SMP-01141,5.58,25020.0,5568.7,5835.4,0.0254,Aspirin,GC-MS
SMP-01141,7.2,63344.1,10447.5,10952.8,0.0647,Benzoic Acid,GC-MS
SMP-01141,8.95,30003.0,6096.9,6344.6,0.0291,Phenacetin,GC-MS
SMP-01141,10.37,15384.0,3802.4,3926.2,0.015,Salicylic Acid,GC-MS
SMP-01141,12.07,63799.8,11560.5,11675.7,0.0632,Chlorpheniramine,GC-MS
SMP-01142,1.24,14483.8,3793.9,3967.8,0.0141,Uracil,GC-MS
SMP-01142,2.83,42005.7,8432.2,8734.0,0.0428,Acetaminophen,GC-MS
SMP-01142,4.17,92610.1,14637.8,14821.0,0.0926,Caffeine,GC-MS
SMP-01142,5.64,23238.8,5168.5,5321.6,0.0236,Aspirin,GC-MS
SMP-01142,7.15,70878.7,11915.0,11909.7,0.0707,Benzoic Acid,GC-MS
SMP-01142,8.92,26133.3,5195.2,5237.5,0.0259,Phenacetin,GC-MS
SMP-01142,10.42,15620.0,3920.3,4079.9,0.0157,Salicylic Acid,GC-MS
SMP-01142,12.08,46450.3,8342.8,8828.2,0.0458,Chlorpheniramine,GC-MS
SMP-01143,1.24,12499.2,3286.7,3314.4,0.0121,Uracil,GC-MS
SMP-01143,2.78,43016.8,8714.0,9206.8,0.0433,Acetaminophen,GC-MS
SMP-01143,4.17,85211.0,14075.7,14249.7,0.0844,Caffeine,GC-MS
SMP-01143,5.59,19650.6,4363.3,4485.3,0.0199,Aspirin,GC-MS
SMP-01143,7.14,67271.0,11556.9,11650.8,0.0688,Benzoic Acid,GC-MS
SMP-01143,8.96,26552.3,5469.4,5530.0,0.0262,Phenacetin,GC-MS
SMP-01143,10.41,16134.1,3976.5,4199.2,0.0166,Salicylic Acid,GC-MS
SMP-01143,12.11,49566.1,8806.6,8973.6,0.0498,Chlorpheniramine,GC-MS
SMP-01144,1.23,10414.4,2768.8,2830.8,0.0105,Uracil,GC-MS
SMP-01144,2.87,41713.5,7786.5,7815.2,0.0428,Acetaminophen,GC-MS
SMP-01144,4.15,95920.1,14825.2,15379.8,0.0974,Caffeine,GC-MS
SMP-01144,5.59,24664.8,5557.3,5676.6,0.0247,Aspirin,GC-MS
SMP-01144,7.19,54951.9,8966.1,9410.6,0.0531,Benzoic Acid,GC-MS
SMP-01144,8.98,31146.4,6643.6,7207.3,0.032,Phenacetin,GC-MS
SMP-01144,10.39,16186.1,3995.8,4192.4,0.0159,Salicylic Acid,GC-MS
SMP-01144,12.16,55168.6,9815.3,9854.4,0.0553,Chlorpheniramine,GC-MS
SMP-01145,1.23,14770.8,3814.9,3986.9,0.0149,Uracil,GC-MS
SMP-01145,2.8,43237.9,8333.0,8778.0,0.0432,Acetaminophen,GC-MS
SMP-01145,4.17,96705.6,15346.9,15780.3,0.0963,Caffeine,GC-MS
SMP-01145,5.63,21610.2,4518.4,4517.6,0.0217,Aspirin,GC-MS
SMP-01145,7.2,56749.3,9786.0,10234.4,0.0558,Benzoic Acid,GC-MS
SMP-01145,8.89,94874.0,17407.8,21471.3,0.0976,Phenacetin,GC-MS
SMP-01145,10.39,15668.1,3754.5,3885.8,0.0163,Salicylic Acid,GC-MS
SMP-01145,12.09,49955.3,8649.1,8834.8,0.0505,Chlorpheniramine,GC-MS
SMP-01146,1.28,11382.4,2905.8,2917.4,0.0111,Uracil,GC-MS
SMP-01146,2.76,54445.6,10766.7,11240.5,0.0533,Acetaminophen,GC-MS
SMP-01146,4.17,88469.8,14522.9,14755.0,0.0903,Caffeine,GC-MS
SMP-01146,5.65,21581.7,4906.4,4975.4,0.0207,Aspirin,GC-MS
SMP-01146,7.21,57280.8,9697.8,10019.8,0.0545,Benzoic Acid,GC-MS
SMP-01146,8.92,31319.3,6614.4,6893.3,0.0313,Phenacetin,GC-MS
SMP-01146,10.42,14740.6,3351.5,3398.3,0.015,Salicylic Acid,GC-MS
SMP-01146,12.14,64672.7,11010.4,11257.4,0.0662,Chlorpheniramine,GC-MS
SMP-01147,1.22,11334.4,3090.8,3216.5,0.0115,Uracil,GC-MS
SMP-01147,2.81,50878.5,9898.5,10534.3,0.0499,Acetaminophen,GC-MS
SMP-01147,4.15,91567.1,14454.0,15223.7,0.093,Caffeine,GC-MS
SMP-01147,5.66,18205.5,3989.8,4125.5,0.0183,Aspirin,GC-MS
SMP-01147,7.21,69874.7,11689.6,11677.8,0.0693,Benzoic Acid,GC-MS
SMP-01147,8.97,29425.9,6081.6,6228.3,0.0292,Phenacetin,GC-MS
SMP-01147,10.44,14556.0,3550.9,3478.6,0.0144,Salicylic Acid,GC-MS
SMP-01147,12.07,59850.4,10882.0,11353.0,0.0607,Chlorpheniramine,GC-MS
SMP-01148,1.28,13061.2,3275.0,3421.6,0.0134,Uracil,GC-MS
SMP-01148,2.78,48833.7,9287.1,9139.9,0.0485,Acetaminophen,GC-MS
SMP-01148,4.15,90149.9,14024.0,14386.1,0.0915,Caffeine,GC-MS
SMP-01148,5.6,22040.3,5006.7,5155.5,0.0213,Aspirin,GC-MS
SMP-01148,7.22,72697.1,12276.8,12826.8,0.0734,Benzoic Acid,GC-MS
SMP-01148,8.9,36701.4,7378.2,7575.5,0.0371,Phenacetin,GC-MS
SMP-01148,10.44,15783.1,3803.4,3867.3,0.0154,Salicylic Acid,GC-MS
SMP-01148,12.07,58799.4,11052.2,11604.7,0.0599,Chlorpheniramine,GC-MS
SMP-01149,1.23,12679.1,3199.2,3318.9,0.0123,Uracil,GC-MS
SMP-01149,2.76,51674.0,10336.4,10747.2,0.0518,Acetaminophen,GC-MS
SMP-01149,4.11,88651.2,14076.8,14559.4,0.0876,Caffeine,GC-MS
SMP-01149,5.58,23632.7,4924.6,5085.4,0.0223,Aspirin,GC-MS
SMP-01149,7.19,58893.9,9938.0,9843.4,0.0568,Benzoic Acid,GC-MS
SMP-01149,8.92,28191.8,5622.3,5705.5,0.0272,Phenacetin,GC-MS
SMP-01149,10.41,15232.3,3725.4,3927.6,0.0155,Salicylic Acid,GC-MS
SMP-01149,12.1,49611.3,8750.7,9044.7,0.0514,Chlorpheniramine,GC-MS
SMP-01150,1.23,11785.5,3183.9,3351.6,0.0117,Uracil,GC-MS
SMP-01150,2.77,49451.3,9401.6,9758.5,0.0512,Acetaminophen,GC-MS
SMP-01150,4.15,483169.6,70912.5,61520.1,0.4872,Caffeine,GC-MS
SMP-01150,5.56,24666.8,5534.7,5671.3,0.0247,Aspirin,GC-MS
SMP-01150,7.18,75604.5,12521.3,12393.6,0.0776,Benzoic Acid,GC-MS
SMP-01150,8.91,34219.3,6851.0,7185.4,0.035,Phenacetin,GC-MS
SMP-01150,10.43,14513.7,3793.0,3898.4,0.0141,Salicylic Acid,GC-MS
SMP-01150,12.1,52662.8,8891.0,9431.0,0.0524,Chlorpheniramine,GC-MS
SMP-01151,1.25,13360.8,3526.9,3639.8,0.0136,Uracil,GC-MS
SMP-01151,2.78,42468.6,7868.2,8256.6,0.0443,Acetaminophen,GC-MS
SMP-01151,4.17,98343.2,15824.3,16753.6,0.0991,Caffeine,GC-MS
SMP-01151,5.59,23393.4,5061.1,5261.6,0.0226,Aspirin,GC-MS
SMP-01151,7.2,68871.4,11384.5,11853.7,0.0682,Benzoic Acid,GC-MS
SMP-01151,8.97,27015.5,5557.7,5575.6,0.0261,Phenacetin,GC-MS
SMP-01151,10.41,14654.8,3583.9,3755.6,0.0152,Salicylic Acid,GC-MS
SMP-01151,12.11,57727.3,9982.7,10555.2,0.0583,Chlorpheniramine,GC-MS
SMP-01152,1.31,13364.6,3390.0,3571.0,0.0134,Uracil,GC-MS
SMP-01152,2.81,39478.0,7784.8,8061.4,0.0401,Acetaminophen,GC-MS
SMP-01152,4.16,102370.1,16727.4,17268.1,0.1026,Caffeine,GC-MS
SMP-01152,5.62,25951.0,5607.8,5753.4,0.0259,Aspirin,GC-MS
SMP-01152,7.21,61186.6,9748.0,9793.2,0.0616,Benzoic Acid,GC-MS
SMP-01152,8.99,28930.7,5781.2,5733.4,0.0285,Phenacetin,GC-MS
SMP-01152,10.4,15110.6,3801.1,3913.5,0.0149,Salicylic Acid,GC-MS
SMP-01152,12.09,48061.1,8705.5,8900.4,0.0503,Chlorpheniramine,GC-MS
SMP-01153,1.27,11487.0,3015.7,3049.4,0.0113,Uracil,GC-MS
SMP-01153,2.85,42901.5,8083.5,8618.9,0.0431,Acetaminophen,GC-MS
SMP-01153,4.18,92985.0,15938.2,16320.9,0.0911,Caffeine,GC-MS
SMP-01153,5.58,27058.3,6017.3,6190.0,0.0264,Aspirin,GC-MS
SMP-01153,7.23,72682.0,12262.6,12519.0,0.0736,Benzoic Acid,GC-MS
SMP-01153,8.92,31536.2,6357.1,6349.7,0.0322,Phenacetin,GC-MS
SMP-01153,10.39,16499.4,4101.9,4238.4,0.0165,Salicylic Acid,GC-MS
SMP-01153,12.11,53390.5,9682.8,10349.2,0.0548,Chlorpheniramine,GC-MS
SMP-01154,1.25,12867.5,3296.8,3225.3,0.013,Uracil,GC-MS
SMP-01154,2.81,40135.2,8057.4,8025.7,0.0394,Acetaminophen,GC-MS
SMP-01154,4.14,87156.1,13354.7,14207.6,0.0879,Caffeine,GC-MS
SMP-01154,5.59,22167.1,4737.8,4913.3,0.0218,Aspirin,GC-MS
SMP-01154,7.2,66229.8,10886.3,10993.2,0.0679,Benzoic Acid,GC-MS
SMP-01154,8.93,25580.0,5187.6,5369.9,0.0257,Phenacetin,GC-MS
SMP-01154,10.4,15278.5,3633.4,3646.3,0.015,Salicylic Acid,GC-MS
SMP-01154,12.04,60322.4,11608.9,11883.3,0.0628,Chlorpheniramine,GC-MS
SMP-01155,1.2,13131.8,3487.7,3569.5,0.0126,Uracil,GC-MS
SMP-01155,2.79,47151.9,8820.1,8990.0,0.0481,Acetaminophen,GC-MS
SMP-01155,4.1,75363.5,12123.5,12685.9,0.0771,Caffeine,GC-MS
SMP-01155,5.63,25001.4,5666.7,5934.0,0.0259,Aspirin,GC-MS
SMP-01155,7.17,70211.4,12182.6,12136.8,0.0719,Benzoic Acid,GC-MS
SMP-01155,8.94,30908.7,6217.4,6441.4,0.031,Phenacetin,GC-MS
SMP-01155,10.36,15893.3,4032.9,4115.8,0.0162,Salicylic Acid,GC-MS
SMP-01155,12.1,53954.5,9653.6,10087.5,0.0552,Chlorpheniramine,GC-MS
SMP-01156,1.24,15400.5,3963.0,4102.3,0.0156,Uracil,GC-MS
SMP-01156,2.76,44699.7,8678.5,8982.9,0.0441,Acetaminophen,GC-MS
SMP-01156,4.14,99272.1,16078.1,16753.9,0.0976,Caffeine,GC-MS
SMP-01156,5.6,26746.6,5888.6,6061.8,0.027,Aspirin,GC-MS
SMP-01156,7.24,59863.3,9622.1,9921.2,0.0601,Benzoic Acid,GC-MS
SMP-01156,8.95,32770.9,6865.0,7039.7,0.0329,Phenacetin,GC-MS
SMP-01156,10.43,14367.4,3352.6,3308.4,0.0143,Salicylic Acid,GC-MS
SMP-01156,12.1,52270.2,9463.4,9819.6,0.0539,Chlorpheniramine,GC-MS
SMP-01157,1.32,14528.0,3586.6,3589.4,0.0138,Uracil,GC-MS
SMP-01157,2.8,43690.7,8429.2,8704.7,0.0423,Acetaminophen,GC-MS
SMP-01157,4.17,98572.5,15947.8,16050.6,0.0966,Caffeine,GC-MS
SMP-01157,5.61,22394.5,5139.5,5176.3,0.0217,Aspirin,GC-MS
SMP-01157,7.23,67387.8,10480.8,10585.4,0.0644,Benzoic Acid,GC-MS
SMP-01157,8.96,34430.2,7126.4,7623.5,0.0339,Phenacetin,GC-MS
SMP-01157,10.36,15123.0,3873.6,4058.6,0.0147,Salicylic Acid,GC-MS
SMP-01157,12.11,47851.6,8490.9,8608.2,0.0471,Chlorpheniramine,GC-MS
SMP-01158,1.2,10311.0,2685.7,2790.3,0.0106,Uracil,GC-MS
SMP-01158,2.85,43840.4,8231.0,8567.1,0.0439,Acetaminophen,GC-MS
SMP-01158,4.19,100407.0,16537.7,17168.6,0.1035,Caffeine,GC-MS
SMP-01158,5.58,24403.7,5264.1,5389.4,0.0244,Aspirin,GC-MS
SMP-01158,7.13,66926.6,11125.2,11147.2,0.0669,Benzoic Acid,GC-MS
SMP-01158,8.96,30030.3,6797.8,6920.1,0.0301,Phenacetin,GC-MS
SMP-01158,10.42,15417.7,3616.8,3836.9,0.0157,Salicylic Acid,GC-MS
SMP-01158,12.11,52096.8,9565.3,9702.1,0.0512,Chlorpheniramine,GC-MS
SMP-01159,1.22,14834.6,4073.4,4098.6,0.0149,Uracil,GC-MS
SMP-01159,2.81,43979.3,8458.5,8807.6,0.0424,Acetaminophen,GC-MS
SMP-01159,4.1,94213.7,15629.0,16090.2,0.0943,Caffeine,GC-MS
SMP-01159,5.6,28133.1,6340.5,6554.9,0.0273,Aspirin,GC-MS
SMP-01159,7.21,70073.1,11884.0,12047.2,0.07,Benzoic Acid,GC-MS
SMP-01159,8.96,33697.8,7179.7,7553.3,0.0345,Phenacetin,GC-MS
SMP-01159,10.39,17698.1,4315.5,4500.3,0.0176,Salicylic Acid,GC-MS
SMP-01159,12.11,50648.8,9504.9,9935.0,0.0517,Chlorpheniramine,GC-MS
SMP-01160,1.27,12891.0,3481.4,3630.8,0.0128,Uracil,GC-MS
SMP-01160,2.78,41855.6,8032.3,8208.1,0.0412,Acetaminophen,GC-MS
SMP-01160,4.2,93337.6,15288.1,15664.3,0.0913,Caffeine,GC-MS
SMP-01160,5.6,18857.6,4017.9,4093.4,0.0194,Aspirin,GC-MS
SMP-01160,7.28,70055.5,12369.4,12873.3,0.0681,Benzoic Acid,GC-MS
SMP-01160,8.89,34128.9,7103.8,7480.7,0.0342,Phenacetin,GC-MS
SMP-01160,10.41,65097.2,14237.1,12954.0,0.066,Salicylic Acid,GC-MS
SMP-01160,12.13,64296.4,11596.7,11925.7,0.064,Chlorpheniramine,GC-MS
SMP-01161,1.22,13379.8,3413.9,3514.0,0.0133,Uracil,GC-MS
SMP-01161,2.77,41186.7,8370.3,8523.7,0.0393,Acetaminophen,GC-MS
SMP-01161,4.13,79427.3,12378.8,12900.6,0.0804,Caffeine,GC-MS
SMP-01161,5.61,22971.7,5068.5,5406.7,0.023,Aspirin,GC-MS
SMP-01161,7.21,60122.5,10252.3,10399.4,0.0601,Benzoic Acid,GC-MS
SMP-01161,8.94,35364.7,7129.8,7099.8,0.0347,Phenacetin,GC-MS
SMP-01161,10.43,12612.4,3112.0,3279.0,0.0128,Salicylic Acid,GC-MS
SMP-01161,12.12,61381.4,11112.2,11597.3,0.0612,Chlorpheniramine,GC-MS
SMP-01162,1.27,13881.5,3593.9,3772.6,0.0139,Uracil,GC-MS
SMP-01162,2.8,42654.3,8249.6,8185.2,0.0425,Acetaminophen,GC-MS
SMP-01162,4.14,75452.5,12117.5,12222.8,0.0781,Caffeine,GC-MS
SMP-01162,5.64,21239.6,4910.2,5005.2,0.0218,Aspirin,GC-MS
SMP-01162,7.18,66134.8,10397.4,10771.1,0.0647,Benzoic Acid,GC-MS
SMP-01162,8.93,32133.1,6472.8,6549.4,0.0313,Phenacetin,GC-MS
SMP-01162,10.44,15883.8,3875.7,3981.3,0.0155,Salicylic Acid,GC-MS
SMP-01162,12.08,52205.3,9466.4,9890.4,0.0517,Chlorpheniramine,GC-MS
SMP-01163,1.23,11534.8,2972.8,3089.6,0.0112,Uracil,GC-MS
SMP-01163,2.81,46571.2,8758.3,8738.0,0.0471,Acetaminophen,GC-MS
SMP-01163,4.12,100039.9,16453.2,16917.1,0.1013,Caffeine,GC-MS
SMP-01163,5.64,22816.8,5175.0,5081.2,0.0229,Aspirin,GC-MS
SMP-01163,7.19,63863.6,10484.7,10519.2,0.0636,Benzoic Acid,GC-MS
SMP-01163,8.94,35079.7,7228.6,7515.7,0.0337,Phenacetin,GC-MS
SMP-01163,10.4,13466.5,3122.9,3254.0,0.0128,Salicylic Acid,GC-MS
SMP-01163,12.11,54002.1,9240.7,9893.4,0.0558,Chlorpheniramine,GC-MS
SMP-01164,1.23,14929.5,3847.3,3780.0,0.015,Uracil,GC-MS
SMP-01164,2.82,42852.6,8365.0,8614.7,0.0442,Acetaminophen,GC-MS
SMP-01164,4.17,79654.2,12800.4,12795.5,0.0785,Caffeine,GC-MS
SMP-01164,5.57,22033.4,4585.7,4713.0,0.0212,Aspirin,GC-MS
SMP-01164,7.23,72575.0,12784.3,13055.4,0.0734,Benzoic Acid,GC-MS
SMP-01164,8.89,31336.3,6198.9,6460.2,0.0313,Phenacetin,GC-MS
SMP-01164,10.37,12847.1,3185.2,3424.5,0.0126,Salicylic Acid,GC-MS
SMP-01164,12.07,53188.0,9252.5,9452.7,0.0524,Chlorpheniramine,GC-MS
SMP-01165,1.23,13834.6,3434.3,3508.7,0.0141,Uracil,GC-MS
SMP-01165,2.8,42489.0,8657.4,9129.8,0.0438,Acetaminophen,GC-MS
SMP-01165,4.18,105896.3,17290.3,17481.1,0.1066,Caffeine,GC-MS
SMP-01165,5.6,19672.9,4029.7,4235.9,0.0199,Aspirin,GC-MS
SMP-01165,7.2,71927.6,11906.7,12108.9,0.0705,Benzoic Acid,GC-MS
SMP-01165,8.91,27759.7,5981.7,6296.7,0.0283,Phenacetin,GC-MS
SMP-01165,10.4,11465.4,2912.5,2915.1,0.0112,Salicylic Acid,GC-MS
SMP-01165,12.12,54870.2,9716.7,10337.3,0.0559,Chlorpheniramine,GC-MS
SMP-01166,1.24,13229.2,3348.6,3480.0,0.0133,Uracil,GC-MS
SMP-01166,2.81,51099.0,10096.1,10101.0,0.0509,Acetaminophen,GC-MS
SMP-01166,4.14,94358.0,15625.6,15833.2,0.0944,Caffeine,GC-MS
SMP-01166,5.58,19015.6,4193.7,4282.0,0.0178,Aspirin,GC-MS
SMP-01166,7.24,74760.0,12405.2,13114.5,0.074,Benzoic Acid,GC-MS
SMP-01166,8.96,35021.7,7035.6,7343.9,0.0355,Phenacetin,GC-MS
SMP-01166,10.41,16893.1,4201.4,4232.2,0.0177,Salicylic Acid,GC-MS
SMP-01166,12.11,61168.2,11202.7,11366.0,0.0607,Chlorpheniramine,GC-MS
SMP-01167,1.28,13631.9,3453.4,3602.1,0.0137,Uracil,GC-MS
SMP-01167,2.82,43912.2,8107.2,8325.8,0.0455,Acetaminophen,GC-MS
SMP-01167,4.14,88018.4,13965.3,14566.5,0.0869,Caffeine,GC-MS
SMP-01167,5.55,22891.9,5129.9,5246.5,0.0226,Aspirin,GC-MS
SMP-01167,7.27,57788.3,9751.9,9856.0,0.0594,Benzoic Acid,GC-MS
SMP-01167,8.97,28041.6,5275.7,5403.0,0.028,Phenacetin,GC-MS
SMP-01167,10.44,14617.6,3618.5,3649.6,0.0153,Salicylic Acid,GC-MS
SMP-01167,12.08,46956.7,8605.7,8771.9,0.0479,Chlorpheniramine,GC-MS
SMP-01168,1.22,12212.0,3197.0,3318.5,0.0122,Uracil,GC-MS
SMP-01168,2.79,47200.2,9417.0,9646.3,0.0491,Acetaminophen,GC-MS
SMP-01168,4.12,98063.0,16200.7,16793.1,0.097,Caffeine,GC-MS
SMP-01168,5.62,26493.4,5866.5,6059.4,0.0264,Aspirin,GC-MS
SMP-01168,7.18,57685.5,10115.0,10464.2,0.0586,Benzoic Acid,GC-MS
SMP-01168,8.87,30556.6,6259.6,6700.3,0.0322,Phenacetin,GC-MS
SMP-01168,10.42,16148.1,4138.9,4376.8,0.0161,Salicylic Acid,GC-MS
SMP-01168,12.11,64182.2,11673.5,11706.9,0.0644,Chlorpheniramine,GC-MS
SMP-01169,1.27,11172.3,2866.4,2873.8,0.0112,Uracil,GC-MS
SMP-01169,2.83,51482.6,10011.7,10510.3,0.0519,Acetaminophen,GC-MS
SMP-01169,4.14,103765.3,16744.9,17287.1,0.1017,Caffeine,GC-MS
SMP-01169,5.59,26970.7,5732.4,5865.1,0.0276,Aspirin,GC-MS
SMP-01169,7.21,80410.8,13534.9,14289.1,0.0796,Benzoic Acid,GC-MS
SMP-01169,8.89,29503.6,6409.9,6608.8,0.0286,Phenacetin,GC-MS
SMP-01169,10.4,17558.4,4328.7,4479.2,0.0179,Salicylic Acid,GC-MS
SMP-01169,12.07,56872.6,10858.1,10944.5,0.0584,Chlorpheniramine,GC-MS
SMP-01170,1.24,12552.5,3497.6,3544.4,0.0125,Uracil,GC-MS
SMP-01170,2.82,44520.9,8903.7,9015.2,0.0442,Acetaminophen,GC-MS
SMP-01170,4.16,95991.5,15671.5,16222.8,0.0955,Caffeine,GC-MS
SMP-01170,5.59,22852.6,5183.1,5228.0,0.0233,Aspirin,GC-MS
SMP-01170,7.14,65704.6,11666.8,11961.2,0.067,Benzoic Acid,GC-MS
SMP-01170,8.97,28227.9,5982.1,6339.3,0.0278,Phenacetin,GC-MS
SMP-01170,10.39,18735.7,4559.8,4658.6,0.0181,Salicylic Acid,GC-MS
SMP-01170,12.11,57949.8,10551.6,10722.1,0.057,Chlorpheniramine,GC-MS
SMP-01171,1.22,14017.9,3629.7,3728.5,0.0137,Uracil,GC-MS
SMP-01171,2.78,45834.1,8864.7,8969.4,0.0467,Acetaminophen,GC-MS
SMP-01171,4.15,105077.3,17141.5,17429.5,0.1058,Caffeine,GC-MS
SMP-01171,5.6,21371.6,5060.2,5138.1,0.0215,Aspirin,GC-MS
SMP-01171,7.16,67623.2,11117.2,11413.0,0.0683,Benzoic Acid,GC-MS
SMP-01171,8.89,30848.0,6025.6,6239.7,0.031,Phenacetin,GC-MS
SMP-01171,10.4,16747.3,3878.3,3846.0,0.0166,Salicylic Acid,GC-MS
SMP-01171,12.1,52485.7,9649.3,9952.0,0.0517,Chlorpheniramine,GC-MS
SMP-01172,1.31,13053.4,3498.5,3548.1,0.0129,Uracil,GC-MS
SMP-01172,2.76,51097.5,10488.8,10752.5,0.0495,Acetaminophen,GC-MS
SMP-01172,4.13,96029.3,15194.8,15581.8,0.0989,Caffeine,GC-MS
SMP-01172,5.58,22120.0,5033.4,5190.3,0.0219,Aspirin,GC-MS
SMP-01172,7.18,65007.1,10615.0,10869.7,0.0666,Benzoic Acid,GC-MS
SMP-01172,8.89,33115.5,7040.5,7401.9,0.0327,Phenacetin,GC-MS
SMP-01172,10.38,13879.2,3383.1,3573.0,0.0136,Salicylic Acid,GC-MS
SMP-01172,12.14,54190.4,9396.6,9670.4,0.0542,Chlorpheniramine,GC-MS
SMP-01173,1.28,12353.2,3140.4,3215.6,0.0122,Uracil,GC-MS
SMP-01173,2.83,43608.4,8811.8,9191.8,0.0442,Acetaminophen,GC-MS
SMP-01173,4.11,77961.7,12642.6,12912.3,0.0796,Caffeine,GC-MS
SMP-01173,5.61,23886.4,5414.8,5281.4,0.0242,Aspirin,GC-MS
SMP-01173,7.22,72095.1,12035.3,12231.4,0.0711,Benzoic Acid,GC-MS
SMP-01173,8.96,30935.9,6117.3,6286.8,0.0312,Phenacetin,GC-MS
SMP-01173,10.44,16526.4,3915.6,3959.3,0.0163,Salicylic Acid,GC-MS
SMP-01173,12.11,48071.9,8443.6,8802.3,0.0488,Chlorpheniramine,GC-MS
SMP-01174,1.21,10701.9,2595.2,2717.2,0.0109,Uracil,GC-MS
SMP-01174,2.78,37390.8,7217.9,7531.6,0.0374,Acetaminophen,GC-MS
SMP-01174,4.13,78628.8,13008.8,13673.1,0.0799,Caffeine,GC-MS
SMP-01174,5.58,25044.3,5342.2,5583.0,0.0251,Aspirin,GC-MS
SMP-01174,7.19,74629.9,12501.1,12560.9,0.0733,Benzoic Acid,GC-MS
SMP-01174,8.93,26426.2,5447.7,5691.9,0.0258,Phenacetin,GC-MS
SMP-01174,10.39,14738.2,3646.7,3769.6,0.0148,Salicylic Acid,GC-MS
SMP-01174,12.04,54111.9,9551.0,9677.0,0.0522,Chlorpheniramine,GC-MS
SMP-01175,1.23,14349.9,3565.4,3666.5,0.0146,Uracil,GC-MS
SMP-01175,2.79,46776.8,9306.2,9358.0,0.0475,Acetaminophen,GC-MS
SMP-01175,4.18,103848.7,17094.0,17657.9,0.1077,Caffeine,GC-MS
SMP-01175,5.63,25625.5,5521.8,5633.8,0.0256,Aspirin,GC-MS
SMP-01175,7.18,65710.1,11263.7,11585.8,0.0648,Benzoic Acid,GC-MS
SMP-01175,8.9,34666.1,6939.9,7164.4,0.0345,Phenacetin,GC-MS
SMP-01175,10.45,14679.8,3659.0,3757.6,0.0147,Salicylic Acid,GC-MS
SMP-01175,12.1,52792.6,9696.6,9859.0,0.0533,Chlorpheniramine,GC-MS
SMP-01176,1.25,10366.0,2567.7,2664.2,0.0103,Uracil,GC-MS
SMP-01176,2.85,51935.4,9852.8,10472.1,0.0519,Acetaminophen,GC-MS
SMP-01176,4.19,87456.4,14364.2,14406.0,0.0858,Caffeine,GC-MS
SMP-01176,5.62,23612.4,5430.0,5507.8,0.0239,Aspirin,GC-MS
SMP-01176,7.23,69248.9,11677.0,12218.6,0.0711,Benzoic Acid,GC-MS
SMP-01176,8.92,29480.8,5896.2,6073.6,0.0296,Phenacetin,GC-MS
SMP-01176,10.42,54018.8,14102.5,13787.5,0.0529,Salicylic Acid,GC-MS
SMP-01176,12.09,60391.0,11231.8,12039.7,0.0622,Chlorpheniramine,GC-MS
SMP-01177,1.23,10573.1,2647.1,2735.3,0.0108,Uracil,GC-MS
SMP-01177,2.76,43687.0,8705.8,8979.7,0.043,Acetaminophen,GC-MS
SMP-01177,4.18,90683.4,14233.1,14746.3,0.0943,Caffeine,GC-MS
SMP-01177,5.6,21360.1,4645.3,4742.0,0.0212,Aspirin,GC-MS
SMP-01177,7.23,73994.0,11762.1,11934.0,0.0741,Benzoic Acid,GC-MS
SMP-01177,8.96,36344.7,7832.1,8084.7,0.0362,Phenacetin,GC-MS
SMP-01177,10.36,16830.6,4200.0,4466.5,0.0168,Salicylic Acid,GC-MS
SMP-01177,12.1,53774.1,9843.2,10112.9,0.0533,Chlorpheniramine,GC-MS
SMP-01178,1.24,11765.4,3058.5,3165.2,0.012,Uracil,GC-MS
SMP-01178,2.77,49835.1,9425.3,9429.0,0.0499,Acetaminophen,GC-MS
SMP-01178,4.19,93387.8,14399.1,14967.5,0.0932,Caffeine,GC-MS
SMP-01178,5.56,20012.0,4183.8,4255.8,0.0199,Aspirin,GC-MS
SMP-01178,7.22,54885.7,8621.9,8622.9,0.0561,Benzoic Acid,GC-MS
SMP-01178,8.95,29804.1,5960.4,6188.5,0.0289,Phenacetin,GC-MS
SMP-01178,10.43,14724.7,3584.1,3666.3,0.0144,Salicylic Acid,GC-MS
SMP-01178,12.12,66102.6,12034.0,12642.4,0.0662,Chlorpheniramine,GC-MS
SMP-01179,1.26,13382.4,3599.0,3647.9,0.0137,Uracil,GC-MS
SMP-01179,2.83,48424.5,9267.1,9324.8,0.0494,Acetaminophen,GC-MS
SMP-01179,4.16,96070.1,15823.9,16257.3,0.0971,Caffeine,GC-MS
SMP-01179,5.61,21941.6,4952.0,5262.5,0.0224,Aspirin,GC-MS
SMP-01179,7.19,76520.6,12172.6,11952.1,0.0765,Benzoic Acid,GC-MS
SMP-01179,8.99,29268.1,6104.2,6417.1,0.0293,Phenacetin,GC-MS
SMP-01179,10.39,12380.1,2937.7,2964.8,0.0124,Salicylic Acid,GC-MS
SMP-01179,12.07,53488.0,9633.3,9806.9,0.054,Chlorpheniramine,GC-MS
SMP-01180,1.25,10520.9,2784.9,2707.3,0.0106,Uracil,GC-MS
SMP-01180,2.76,43905.7,8845.3,9266.2,0.0424,Acetaminophen,GC-MS
SMP-01180,4.14,82720.2,13939.6,13702.6,0.0829,Caffeine,GC-MS
SMP-01180,5.58,24576.5,5575.2,5883.3,0.0248,Aspirin,GC-MS
SMP-01180,7.18,61454.7,10521.5,10644.4,0.063,Benzoic Acid,GC-MS
SMP-01180,8.9,32073.2,6485.2,6692.1,0.032,Phenacetin,GC-MS
SMP-01180,10.39,14219.6,3421.9,3536.0,0.0145,Salicylic Acid,GC-MS
SMP-01180,12.08,54005.2,9457.2,9894.8,0.0539,Chlorpheniramine,GC-MS
SMP-01181,1.24,10415.0,2522.3,2560.2,0.0106,Uracil,GC-MS
SMP-01181,2.81,42288.9,7975.5,8017.4,0.0428,Acetaminophen,GC-MS
SMP-01181,4.15,86058.6,14393.9,14864.0,0.0838,Caffeine,GC-MS
SMP-01181,5.63,21721.7,4834.2,4883.1,0.0221,Aspirin,GC-MS
SMP-01181,7.17,370650.1,57313.2,62682.1,0.3602,Benzoic Acid,GC-MS
SMP-01181,8.96,32478.1,6374.1,6588.8,0.0327,Phenacetin,GC-MS
SMP-01181,10.39,17247.0,4153.0,4131.5,0.0165,Salicylic Acid,GC-MS
SMP-01181,12.08,54865.1,10464.6,10987.1,0.0548,Chlorpheniramine,GC-MS
SMP-01182,1.22,14600.8,3762.6,3756.3,0.0147,Uracil,GC-MS
SMP-01182,2.8,36878.7,7385.9,7382.5,0.0369,Acetaminophen,GC-MS
SMP-01182,4.17,89048.2,15050.5,15874.2,0.0917,Caffeine,GC-MS
SMP-01182,5.63,17705.1,3949.7,4045.1,0.0181,Aspirin,GC-MS
SMP-01182,7.22,64786.3,11233.3,11581.7,0.0612,Benzoic Acid,GC-MS
SMP-01182,8.96,146819.2,24486.4,25427.7,0.1449,Phenacetin,GC-MS
SMP-01182,10.4,14419.8,3489.9,3630.8,0.0145,Salicylic Acid,GC-MS
SMP-01182,12.06,55296.9,9816.4,10147.7,0.0546,Chlorpheniramine,GC-MS
SMP-01183,1.23,14094.1,3698.7,3709.6,0.0139,Uracil,GC-MS
SMP-01183,2.77,51110.4,9492.9,9961.6,0.0529,Acetaminophen,GC-MS
SMP-01183,4.11,97989.7,15998.0,16145.7,0.0963,Caffeine,GC-MS
SMP-01183,5.6,25922.6,5642.8,5824.0,0.0257,Aspirin,GC-MS
SMP-01183,7.22,66784.5,11369.4,11608.4,0.0703,Benzoic Acid,GC-MS
SMP-01183,8.88,31552.4,6282.2,6474.2,0.0322,Phenacetin,GC-MS
SMP-01183,10.39,15296.6,3604.7,3849.8,0.0152,Salicylic Acid,GC-MS
SMP-01183,12.11,63219.4,10994.7,11437.5,0.0634,Chlorpheniramine,GC-MS
SMP-01184,1.28,12479.1,3208.9,3218.0,0.0129,Uracil,GC-MS
SMP-01184,2.8,44058.8,8618.8,8735.3,0.045,Acetaminophen,GC-MS
SMP-01184,4.17,85242.8,14101.4,14373.4,0.0857,Caffeine,GC-MS
SMP-01184,5.61,21473.8,4590.8,4696.6,0.0218,Aspirin,GC-MS
SMP-01184,7.16,81296.6,13859.0,13904.9,0.0833,Benzoic Acid,GC-MS
SMP-01184,8.97,27139.7,5435.2,5693.7,0.0272,Phenacetin,GC-MS
SMP-01184,10.36,17112.9,4174.8,4274.5,0.0178,Salicylic Acid,GC-MS
SMP-01184,12.1,46202.7,7927.2,8197.9,0.0469,Chlorpheniramine,GC-MS
SMP-01185,1.19,12578.4,3195.0,3354.4,0.0126,Uracil,GC-MS
SMP-01185,2.79,43267.0,8435.1,8631.5,0.0447,Acetaminophen,GC-MS
SMP-01185,4.12,92438.1,14819.4,15579.7,0.0916,Caffeine,GC-MS
SMP-01185,5.61,24606.3,5320.4,5510.2,0.0245,Aspirin,GC-MS
SMP-01185,7.18,58456.0,9921.8,10263.7,0.0578,Benzoic Acid,GC-MS
SMP-01185,8.94,30647.0,6352.8,6333.5,0.031,Phenacetin,GC-MS
SMP-01185,10.37,13993.8,3471.2,3667.0,0.0143,Salicylic Acid,GC-MS
SMP-01185,12.09,55522.5,9995.8,10107.2,0.0556,Chlorpheniramine,GC-MS
SMP-01186,1.23,12615.9,3207.5,3267.7,0.0124,Uracil,GC-MS
SMP-01186,2.79,49576.6,9621.1,9673.4,0.0491,Acetaminophen,GC-MS
SMP-01186,4.15,81286.9,13212.6,13807.0,0.0833,Caffeine,GC-MS
SMP-01186,5.58,24372.7,5314.6,5540.4,0.0238,Aspirin,GC-MS
SMP-01186,7.22,64453.6,10189.6,10367.0,0.0648,Benzoic Acid,GC-MS
SMP-01186,8.92,35990.7,7345.3,7463.3,0.0364,Phenacetin,GC-MS
SMP-01186,10.41,12877.1,2983.3,3145.7,0.0137,Salicylic Acid,GC-MS
SMP-01186,12.14,55761.4,10166.9,10493.6,0.0549,Chlorpheniramine,GC-MS
SMP-01187,1.24,14344.7,3566.1,3619.8,0.0141,Uracil,GC-MS
SMP-01187,2.81,47967.4,9570.1,9653.3,0.0477,Acetaminophen,GC-MS
SMP-01187,4.14,80278.9,12859.0,13297.5,0.079,Caffeine,GC-MS
SMP-01187,5.62,18580.5,4265.1,4436.6,0.0187,Aspirin,GC-MS
SMP-01187,7.2,73169.2,12095.6,12310.3,0.0749,Benzoic Acid,GC-MS
SMP-01187,8.97,33985.4,6871.1,7080.7,0.0333,Phenacetin,GC-MS
SMP-01187,10.44,16153.6,4173.8,4393.7,0.0164,Salicylic Acid,GC-MS
SMP-01187,12.09,65073.0,11724.5,11817.3,0.0658,Chlorpheniramine,GC-MS
SMP-01188,1.27,11904.0,2998.3,3072.3,0.0122,Uracil,GC-MS
SMP-01188,2.8,53162.8,10685.8,11283.3,0.0518,Acetaminophen,GC-MS
SMP-01188,4.16,87148.8,14736.8,14934.1,0.0894,Caffeine,GC-MS
SMP-01188,5.6,28283.5,6497.6,6515.4,0.029,Aspirin,GC-MS
SMP-01188,7.15,71129.8,11822.8,11601.3,0.0713,Benzoic Acid,GC-MS
SMP-01188,8.89,34814.6,6909.8,7089.2,0.0345,Phenacetin,GC-MS
SMP-01188,10.34,15124.9,3681.2,3778.2,0.0149,Salicylic Acid,GC-MS
SMP-01188,12.09,54910.0,9806.2,9794.7,0.0539,Chlorpheniramine,GC-MS
SMP-01189,1.27,12710.4,3208.8,3410.4,0.0129,Uracil,GC-MS
SMP-01189,2.83,45071.0,8795.1,9168.5,0.0456,Acetaminophen,GC-MS
SMP-01189,4.14,72686.0,12104.5,12259.9,0.071,Caffeine,GC-MS
SMP-01189,5.61,26536.4,5707.9,6004.1,0.0263,Aspirin,GC-MS
SMP-01189,7.18,63047.9,10161.7,10422.6,0.061,Benzoic Acid,GC-MS
SMP-01189,8.91,24965.9,5042.4,5186.2,0.0262,Phenacetin,GC-MS
SMP-01189,10.44,13455.6,3259.7,3368.8,0.014,Salicylic Acid,GC-MS
SMP-01189,12.07,58620.2,10621.7,11133.3,0.0586,Chlorpheniramine,GC-MS
SMP-01190,1.33,13769.1,3447.7,3525.3,0.0138,Uracil,GC-MS
SMP-01190,2.79,48107.3,9175.2,9449.7,0.0507,Acetaminophen,GC-MS
SMP-01190,4.15,82354.9,13744.3,13994.9,0.0842,Caffeine,GC-MS
SMP-01190,5.58,23472.9,5140.6,5219.4,0.0229,Aspirin,GC-MS
SMP-01190,7.16,56265.9,9540.3,9541.0,0.0579,Benzoic Acid,GC-MS
SMP-01190,9.01,29047.1,5914.9,6216.9,0.0295,Phenacetin,GC-MS
SMP-01190,10.43,17273.1,4148.6,4283.7,0.0174,Salicylic Acid,GC-MS
SMP-01190,12.11,55535.0,9494.0,9566.9,0.0557,Chlorpheniramine,GC-MS
SMP-01191,1.25,13501.2,3545.2,3642.8,0.0132,Uracil,GC-MS
SMP-01191,2.85,38271.0,7721.1,7782.0,0.0388,Acetaminophen,GC-MS
SMP-01191,4.17,87229.3,14521.9,15287.6,0.091,Caffeine,GC-MS
SMP-01191,5.6,25240.1,5630.5,5663.0,0.0253,Aspirin,GC-MS
SMP-01191,7.25,70472.1,11993.0,12297.1,0.0696,Benzoic Acid,GC-MS
SMP-01191,8.95,27591.7,5613.0,5860.6,0.0271,Phenacetin,GC-MS
SMP-01191,10.37,16248.9,3844.5,4039.4,0.0162,Salicylic Acid,GC-MS
SMP-01191,12.09,54795.6,10016.9,10128.7,0.0553,Chlorpheniramine,GC-MS
SMP-01192,1.25,13494.0,3434.9,3494.7,0.0135,Uracil,GC-MS
SMP-01192,2.79,43407.5,8747.2,8947.6,0.0433,Acetaminophen,GC-MS
SMP-01192,4.2,104203.6,16931.0,17882.7,0.1046,Caffeine,GC-MS
SMP-01192,5.61,23915.6,5296.9,5431.7,0.0235,Aspirin,GC-MS
SMP-01192,7.25,76944.9,11990.2,12222.7,0.0778,Benzoic Acid,GC-MS
SMP-01192,8.94,33711.5,7079.5,7089.8,0.0346,Phenacetin,GC-MS
SMP-01192,10.41,14593.5,3497.6,3675.4,0.0144,Salicylic Acid,GC-MS
SMP-01192,12.06,46788.2,8739.8,9357.7,0.0457,Chlorpheniramine,GC-MS
SMP-01193,1.3,13062.0,3315.0,3367.6,0.013,Uracil,GC-MS
SMP-01193,2.83,43272.3,8732.7,8989.8,0.0429,Acetaminophen,GC-MS
SMP-01193,4.09,96576.9,16429.0,16538.5,0.0966,Caffeine,GC-MS
SMP-01193,5.63,21935.3,4664.2,4755.0,0.0219,Aspirin,GC-MS
SMP-01193,7.2,58527.6,9962.0,9745.0,0.0607,Benzoic Acid,GC-MS
SMP-01193,8.95,31699.7,6636.7,6678.0,0.0313,Phenacetin,GC-MS
SMP-01193,10.39,18146.8,4494.0,4691.8,0.0178,Salicylic Acid,GC-MS
SMP-01193,12.1,52120.1,9207.8,9248.3,0.0536,Chlorpheniramine,GC-MS
SMP-01194,1.24,10886.1,2856.4,2949.7,0.0106,Uracil,GC-MS
SMP-01194,2.83,51866.5,9825.1,10351.6,0.0523,Acetaminophen,GC-MS
SMP-01194,4.12,91390.8,13878.9,14513.7,0.0901,Caffeine,GC-MS
SMP-01194,5.62,25785.3,5682.1,5842.7,0.0254,Aspirin,GC-MS
SMP-01194,7.18,68131.6,11738.9,11812.3,0.0692,Benzoic Acid,GC-MS
SMP-01194,9.0,26671.1,5747.8,5947.3,0.0266,Phenacetin,GC-MS
SMP-01194,10.35,15444.3,3533.2,3683.3,0.0158,Salicylic Acid,GC-MS
SMP-01194,12.12,54902.7,10182.0,10499.3,0.0547,Chlorpheniramine,GC-MS
SMP-01195,1.24,14073.2,3581.3,3694.6,0.0142,Uracil,GC-MS
SMP-01195,2.82,45461.7,9156.6,9354.7,0.0449,Acetaminophen,GC-MS
SMP-01195,4.19,80346.1,12611.2,12532.8,0.0789,Caffeine,GC-MS
SMP-01195,5.63,24068.4,5239.0,5359.9,0.0239,Aspirin,GC-MS
SMP-01195,7.17,78697.3,13694.7,14398.2,0.0774,Benzoic Acid,GC-MS
SMP-01195,8.98,27690.2,5438.7,5658.9,0.0287,Phenacetin,GC-MS
SMP-01195,10.4,15875.1,3961.6,4179.5,0.0161,Salicylic Acid,GC-MS
SMP-01195,12.09,54159.3,9142.3,9325.3,0.0537,Chlorpheniramine,GC-MS
SMP-01196,1.31,9049.6,2411.9,2480.7,0.0092,Uracil,GC-MS
SMP-01196,2.76,47421.0,9123.9,9267.1,0.0478,Acetaminophen,GC-MS
SMP-01196,4.11,84846.7,13854.8,14576.8,0.0842,Caffeine,GC-MS
SMP-01196,5.59,26475.9,5747.2,5623.3,0.0266,Aspirin,GC-MS
SMP-01196,7.18,71865.5,12475.9,12452.1,0.0712,Benzoic Acid,GC-MS
SMP-01196,8.92,26370.0,5619.2,5704.4,0.0263,Phenacetin,GC-MS
SMP-01196,10.39,17516.5,4314.4,4609.3,0.017,Salicylic Acid,GC-MS
SMP-01196,12.14,58638.9,10854.1,10820.2,0.059,Chlorpheniramine,GC-MS
SMP-01197,1.26,14207.6,3693.6,3835.9,0.0144,Uracil,GC-MS
SMP-01197,2.86,45761.5,8841.8,9182.7,0.0467,Acetaminophen,GC-MS
SMP-01197,4.17,79782.7,13475.7,14198.2,0.0811,Caffeine,GC-MS
SMP-01197,5.61,24115.7,5627.9,5789.1,0.0243,Aspirin,GC-MS
SMP-01197,7.18,79071.0,13360.6,13067.3,0.078,Benzoic Acid,GC-MS
SMP-01197,9.0,26301.0,5468.2,5490.9,0.0266,Phenacetin,GC-MS
SMP-01197,10.37,13365.9,3297.3,3449.4,0.0128,Salicylic Acid,GC-MS
SMP-01197,12.13,59306.6,11078.0,11318.4,0.0584,Chlorpheniramine,GC-MS
SMP-01198,1.25,12153.2,3054.4,3081.9,0.0121,Uracil,GC-MS
SMP-01198,2.82,43381.0,8311.7,8748.9,0.0429,Acetaminophen,GC-MS
SMP-01198,4.16,88369.2,14588.9,15732.6,0.0867,Caffeine,GC-MS
SMP-01198,5.56,27428.7,5906.6,6049.0,0.0274,Aspirin,GC-MS
SMP-01198,7.16,74388.6,11785.3,12178.6,0.0738,Benzoic Acid,GC-MS
SMP-01198,8.92,28396.8,6075.6,6449.9,0.0273,Phenacetin,GC-MS
SMP-01198,10.44,17373.9,4079.2,4287.8,0.018,Salicylic Acid,GC-MS
SMP-01198,12.1,63762.8,11637.1,12005.3,0.0646,Chlorpheniramine,GC-MS
SMP-01199,1.27,13962.2,3527.8,3723.9,0.0139,Uracil,GC-MS
SMP-01199,2.78,49580.6,9841.4,10111.4,0.0501,Acetaminophen,GC-MS
SMP-01199,4.17,87062.4,14903.2,15475.8,0.0889,Caffeine,GC-MS
SMP-01199,5.62,21959.3,4891.7,4968.6,0.0227,Aspirin,GC-MS
SMP-01199,7.21,68223.0,11296.5,12050.8,0.0679,Benzoic Acid,GC-MS
SMP-01199,8.95,33428.1,6950.9,7174.3,0.0332,Phenacetin,GC-MS
SMP-01199,10.39,15630.2,3589.0,3661.3,0.0151,Salicylic Acid,GC-MS
SMP-01199,12.11,62119.7,10980.8,11300.7,0.0633,Chlorpheniramine,GC-MS
SMP-01200,1.29,13442.6,3494.3,3628.7,0.0131,Uracil,GC-MS
SMP-01200,2.81,44823.5,8921.9,9206.9,0.045,Acetaminophen,GC-MS
SMP-01200,4.18,89257.9,14978.9,15247.9,0.0908,Caffeine,GC-MS
SMP-01200,5.56,19889.6,4363.5,4444.4,0.0201,Aspirin,GC-MS
SMP-01200,7.13,55554.6,9178.8,9523.9,0.0565,Benzoic Acid,GC-MS
SMP-01200,8.95,29040.1,6474.1,6745.9,0.0293,Phenacetin,GC-MS
SMP-01200,10.47,17312.9,4366.6,4219.5,0.0178,Salicylic Acid,GC-MS
SMP-01200,12.13,60006.6,10932.1,11385.7,0.0607,Chlorpheniramine,GC-MS
SMP-01201,1.27,13357.3,3338.4,3412.2,0.0137,Uracil,GC-MS
SMP-01201,2.78,40088.6,7783.4,7922.4,0.0392,Acetaminophen,GC-MS
SMP-01201,4.14,92395.0,15096.9,15622.6,0.0916,Caffeine,GC-MS
SMP-01201,5.61,22627.3,5012.6,5217.2,0.023,Aspirin,GC-MS
SMP-01201,7.2,69226.8,11006.3,11393.8,0.0703,Benzoic Acid,GC-MS
SMP-01201,8.9,35915.0,7324.7,7343.3,0.0357,Phenacetin,GC-MS
SMP-01201,10.46,14758.1,3608.5,3691.3,0.0146,Salicylic Acid,GC-MS
SMP-01201,12.1,214481.2,30958.9,35963.0,0.2118,Chlorpheniramine,GC-MS
SMP-01202,1.23,13029.5,3301.8,3317.2,0.0128,Uracil,GC-MS
SMP-01202,2.79,49438.5,9936.4,10291.9,0.0498,Acetaminophen,GC-MS
SMP-01202,4.12,77855.0,12388.4,12756.8,0.0766,Caffeine,GC-MS
SMP-01202,5.63,26415.9,5710.9,5658.8,0.0269,Aspirin,GC-MS
SMP-01202,7.18,67777.8,10628.6,10947.1,0.0677,Benzoic Acid,GC-MS
SMP-01202,8.96,34526.2,7390.3,7640.0,0.0337,Phenacetin,GC-MS
SMP-01202,10.38,12415.7,3072.5,3241.0,0.0125,Salicylic Acid,GC-MS
SMP-01202,12.15,47579.2,8397.6,9084.8,0.0462,Chlorpheniramine,GC-MS
SMP-01203,1.2,14994.0,3885.8,4105.7,0.015,Uracil,GC-MS
SMP-01203,2.83,45866.5,9447.0,9721.0,0.0458,Acetaminophen,GC-MS
SMP-01203,4.17,68732.0,10894.4,11402.2,0.0697,Caffeine,GC-MS
SMP-01203,5.57,23059.9,5173.1,5281.0,0.0229,Aspirin,GC-MS
SMP-01203,7.27,54497.8,8646.4,8698.5,0.0523,Benzoic Acid,GC-MS
SMP-01203,8.98,34695.7,7008.9,7278.7,0.0347,Phenacetin,GC-MS
SMP-01203,10.36,14383.5,3613.0,3692.0,0.0142,Salicylic Acid,GC-MS
SMP-01203,12.08,58937.5,11025.8,11628.1,0.059,Chlorpheniramine,GC-MS
SMP-01204,1.31,12780.0,3475.1,3547.6,0.0126,Uracil,GC-MS
SMP-01204,2.84,41272.5,8181.7,8226.7,0.0409,Acetaminophen,GC-MS
SMP-01204,4.21,88545.7,15424.7,15984.3,0.0889,Caffeine,GC-MS
SMP-01204,5.6,23562.8,5223.6,5499.5,0.023,Aspirin,GC-MS
SMP-01204,7.24,67610.8,11243.3,11627.7,0.0673,Benzoic Acid,GC-MS
SMP-01204,8.96,32214.5,6787.8,7080.7,0.0324,Phenacetin,GC-MS
SMP-01204,10.39,16661.9,4180.2,4356.3,0.0169,Salicylic Acid,GC-MS
SMP-01204,12.09,54781.1,9685.7,10056.2,0.0541,Chlorpheniramine,GC-MS
SMP-01205,1.21,9630.0,2579.4,2599.3,0.0096,Uracil,GC-MS
SMP-01205,2.82,52364.2,10240.1,10322.4,0.0506,Acetaminophen,GC-MS
SMP-01205,4.17,95567.7,15991.9,16885.9,0.0955,Caffeine,GC-MS
SMP-01205,5.6,21073.0,4615.6,4697.1,0.0214,Aspirin,GC-MS
SMP-01205,7.17,78683.9,12724.4,12810.2,0.0811,Benzoic Acid,GC-MS
SMP-01205,8.9,33595.1,6601.7,6900.6,0.034,Phenacetin,GC-MS
SMP-01205,10.42,17389.9,4451.2,4564.0,0.0172,Salicylic Acid,GC-MS
SMP-01205,12.09,46101.7,8179.2,8403.5,0.0447,Chlorpheniramine,GC-MS
SMP-01206,1.3,11974.4,3079.8,3047.1,0.012,Uracil,GC-MS
SMP-01206,2.82,43470.3,8842.0,8910.3,0.0441,Acetaminophen,GC-MS
SMP-01206,4.11,87174.0,13339.0,14200.8,0.0861,Caffeine,GC-MS
SMP-01206,5.59,21924.2,4970.3,5069.8,0.0223,Aspirin,GC-MS
SMP-01206,7.23,57130.6,10340.0,11004.8,0.0567,Benzoic Acid,GC-MS
SMP-01206,8.99,28914.1,5718.9,6193.9,0.028,Phenacetin,GC-MS
SMP-01206,10.42,13092.2,3109.7,3100.2,0.0136,Salicylic Acid,GC-MS
SMP-01206,12.12,49783.0,8626.2,8914.4,0.0495,Chlorpheniramine,GC-MS
SMP-01207,1.28,12200.4,3358.1,3304.2,0.0122,Uracil,GC-MS
SMP-01207,2.8,41371.4,8117.8,8282.5,0.0411,Acetaminophen,GC-MS
SMP-01207,4.16,94584.6,15777.7,16321.3,0.0962,Caffeine,GC-MS
SMP-01207,5.6,23586.4,5026.2,4990.0,0.0233,Aspirin,GC-MS
SMP-01207,7.18,62515.0,10461.4,10819.8,0.0613,Benzoic Acid,GC-MS
SMP-01207,8.96,26639.0,5344.8,5549.6,0.0273,Phenacetin,GC-MS
SMP-01207,10.41,17056.3,4064.1,4054.3,0.0175,Salicylic Acid,GC-MS
SMP-01207,12.08,50272.9,9286.8,9558.4,0.0519,Chlorpheniramine,GC-MS
SMP-01208,1.25,13219.8,3306.1,3470.2,0.0134,Uracil,GC-MS
SMP-01208,2.86,45431.3,8488.1,8666.4,0.045,Acetaminophen,GC-MS
SMP-01208,4.14,97629.8,16047.9,16514.4,0.0956,Caffeine,GC-MS
SMP-01208,5.63,25447.3,5863.3,6040.0,0.0258,Aspirin,GC-MS
SMP-01208,7.27,67742.8,11530.1,12047.4,0.0681,Benzoic Acid,GC-MS
SMP-01208,8.95,35476.2,7125.8,7386.6,0.0352,Phenacetin,GC-MS
SMP-01208,10.41,15834.4,3904.0,3804.6,0.0157,Salicylic Acid,GC-MS
SMP-01208,12.12,47065.0,8830.6,9236.0,0.0451,Chlorpheniramine,GC-MS
SMP-01209,1.23,11893.3,3000.8,3067.5,0.0124,Uracil,GC-MS
SMP-01209,2.8,39395.2,7816.9,8205.9,0.0413,Acetaminophen,GC-MS
SMP-01209,4.17,76133.4,12085.4,12376.5,0.0765,Caffeine,GC-MS
SMP-01209,5.63,19489.8,4475.6,4617.6,0.0204,Aspirin,GC-MS
SMP-01209,7.23,77788.4,13138.1,13423.3,0.0771,Benzoic Acid,GC-MS
SMP-01209,8.94,31287.9,6814.7,6744.2,0.032,Phenacetin,GC-MS
SMP-01209,10.35,15349.6,3658.7,3778.2,0.0158,Salicylic Acid,GC-MS
SMP-01209,12.13,52727.0,9756.4,10224.4,0.0538,Chlorpheniramine,GC-MS
SMP-01210,1.3,11884.1,3014.5,3054.8,0.0115,Uracil,GC-MS
SMP-01210,2.84,44223.7,8191.6,8525.1,0.044,Acetaminophen,GC-MS
SMP-01210,4.15,86882.1,13999.5,14702.9,0.0849,Caffeine,GC-MS
SMP-01210,5.6,19961.6,4270.8,4447.4,0.0191,Aspirin,GC-MS
SMP-01210,7.18,67335.2,11136.6,11613.4,0.0668,Benzoic Acid,GC-MS
SMP-01210,8.94,28261.9,5929.5,6159.7,0.0282,Phenacetin,GC-MS
SMP-01210,10.36,14164.2,3458.5,3691.3,0.0145,Salicylic Acid,GC-MS
SMP-01210,12.13,60997.9,11506.4,11601.5,0.0597,Chlorpheniramine,GC-MS
SMP-01211,1.27,12034.4,3139.3,3319.3,0.0123,Uracil,GC-MS
SMP-01211,2.84,37643.4,7811.3,7710.2,0.0373,Acetaminophen,GC-MS
SMP-01211,4.14,98154.4,15754.1,16879.8,0.0971,Caffeine,GC-MS
SMP-01211,5.55,25804.5,5699.5,5775.2,0.0259,Aspirin,GC-MS
SMP-01211,7.19,75395.7,12608.4,13009.9,0.0739,Benzoic Acid,GC-MS
SMP-01211,8.98,33313.4,6690.1,6752.8,0.034,Phenacetin,GC-MS
SMP-01211,10.38,16133.0,3902.0,4059.7,0.0158,Salicylic Acid,GC-MS
SMP-01211,12.09,55545.1,9568.4,10199.8,0.0554,Chlorpheniramine,GC-MS
SMP-01212,1.21,11872.8,3100.9,3213.2,0.0119,Uracil,GC-MS
SMP-01212,2.78,44506.6,8515.3,8816.6,0.0434,Acetaminophen,GC-MS
SMP-01212,4.18,93032.7,15321.5,15415.2,0.0913,Caffeine,GC-MS
SMP-01212,5.57,25128.2,5424.9,5591.2,0.0255,Aspirin,GC-MS
SMP-01212,7.18,60111.3,9732.2,10147.3,0.0608,Benzoic Acid,GC-MS
SMP-01212,8.98,34408.2,7173.9,7357.9,0.035,Phenacetin,GC-MS
SMP-01212,10.41,16141.7,3970.1,4134.9,0.0162,Salicylic Acid,GC-MS
SMP-01212,12.11,55042.3,9658.7,10032.9,0.0552,Chlorpheniramine,GC-MS
SMP-01213,1.25,12152.2,3068.5,3123.2,0.0122,Uracil,GC-MS
SMP-01213,2.79,44966.7,8833.5,9397.9,0.0445,Acetaminophen,GC-MS
SMP-01213,4.16,98148.6,16087.6,17041.3,0.0977,Caffeine,GC-MS
SMP-01213,5.62,20840.5,4832.1,4989.0,0.0203,Aspirin,GC-MS
SMP-01213,7.18,68037.5,12049.0,12037.9,0.0677,Benzoic Acid,GC-MS
SMP-01213,8.97,34044.9,7191.0,7551.2,0.0339,Phenacetin,GC-MS
SMP-01213,10.44,16002.8,3768.8,3815.5,0.0155,Salicylic Acid,GC-MS
SMP-01213,12.11,56958.5,10417.5,10700.6,0.056,Chlorpheniramine,GC-MS
SMP-01214,1.22,14006.2,3481.2,3648.5,0.0141,Uracil,GC-MS
SMP-01214,2.81,46911.7,8674.4,8942.0,0.0463,Acetaminophen,GC-MS
SMP-01214,4.11,74209.6,12786.0,13628.1,0.0731,Caffeine,GC-MS
SMP-01214,5.62,24677.2,5472.0,5659.3,0.0249,Aspirin,GC-MS
SMP-01214,7.23,76262.7,12469.2,12731.1,0.0736,Benzoic Acid,GC-MS
SMP-01214,8.97,32859.8,6762.1,7152.6,0.0329,Phenacetin,GC-MS
SMP-01214,10.42,14117.1,3367.5,3457.4,0.0138,Salicylic Acid,GC-MS
SMP-01214,12.05,51217.1,9412.1,9524.9,0.0502,Chlorpheniramine,GC-MS
SMP-01215,1.24,13681.6,3584.6,3691.8,0.0138,Uracil,GC-MS
SMP-01215,2.74,42126.8,8479.9,8533.8,0.0415,Acetaminophen,GC-MS
SMP-01215,4.14,87382.1,14689.2,14788.1,0.0851,Caffeine,GC-MS
SMP-01215,5.59,17935.3,4056.2,4195.5,0.017,Aspirin,GC-MS
SMP-01215,7.21,65147.1,10788.2,11476.4,0.0669,Benzoic Acid,GC-MS
SMP-01215,8.95,28554.9,5847.8,6170.5,0.0278,Phenacetin,GC-MS
SMP-01215,10.43,18705.3,4628.3,4562.5,0.0189,Salicylic Acid,GC-MS
SMP-01215,12.09,50588.0,9549.4,9815.6,0.0523,Chlorpheniramine,GC-MS
SMP-01216,1.18,13936.9,3635.3,3635.5,0.0142,Uracil,GC-MS
SMP-01216,2.81,46103.3,8872.7,9168.3,0.0462,Acetaminophen,GC-MS
SMP-01216,4.15,84335.1,14100.9,14664.7,0.083,Caffeine,GC-MS
SMP-01216,5.57,138440.2,29531.1,26315.0,0.1427,Aspirin,GC-MS
SMP-01216,7.21,72031.2,11987.5,12355.1,0.0724,Benzoic Acid,GC-MS
SMP-01216,8.97,23653.6,4943.9,5110.2,0.0247,Phenacetin,GC-MS
SMP-01216,10.36,15208.9,3519.4,3681.3,0.0155,Salicylic Acid,GC-MS
SMP-01216,12.09,56574.4,10020.4,10056.1,0.0584,Chlorpheniramine,GC-MS
SMP-01217,1.29,13141.0,3282.4,3381.1,0.0128,Uracil,GC-MS
SMP-01217,2.79,49353.2,9516.3,9763.3,0.0479,Acetaminophen,GC-MS
SMP-01217,4.13,84686.4,13564.2,14016.4,0.0845,Caffeine,GC-MS
SMP-01217,5.58,23621.2,4958.1,5248.8,0.0237,Aspirin,GC-MS
SMP-01217,7.21,73110.1,11909.5,12381.9,0.0732,Benzoic Acid,GC-MS
SMP-01217,8.97,30579.6,6408.0,6530.7,0.0298,Phenacetin,GC-MS
SMP-01217,10.41,16768.1,4058.4,4148.4,0.0171,Salicylic Acid,GC-MS
SMP-01217,12.15,58976.9,11028.7,11043.7,0.0596,Chlorpheniramine,GC-MS
SMP-01218,1.24,11448.0,2939.6,3091.5,0.0113,Uracil,GC-MS
SMP-01218,2.78,45619.1,9171.8,9346.2,0.0455,Acetaminophen,GC-MS
SMP-01218,4.22,86264.1,14770.7,15169.5,0.0886,Caffeine,GC-MS
SMP-01218,5.56,17768.7,4086.2,4217.5,0.0172,Aspirin,GC-MS
SMP-01218,7.18,64493.5,10958.8,11154.1,0.0661,Benzoic Acid,GC-MS
SMP-01218,8.92,35831.0,7683.0,8031.6,0.0358,Phenacetin,GC-MS
SMP-01218,10.44,18278.9,4531.4,4834.4,0.0177,Salicylic Acid,GC-MS
SMP-01218,12.04,46313.0,8586.2,8789.5,0.0483,Chlorpheniramine,GC-MS
SMP-01219,1.29,12975.5,3347.8,3433.0,0.0132,Uracil,GC-MS
SMP-01219,2.8,48252.2,9664.0,10258.8,0.0492,Acetaminophen,GC-MS
SMP-01219,4.13,101856.2,16834.2,16824.6,0.1022,Caffeine,GC-MS
SMP-01219,5.6,20627.0,4714.5,4872.5,0.0208,Aspirin,GC-MS
SMP-01219,7.21,61707.1,9659.6,9754.0,0.0617,Benzoic Acid,GC-MS
SMP-01219,8.94,30507.3,6006.0,6305.2,0.0289,Phenacetin,GC-MS
SMP-01219,10.43,15836.9,3860.5,4062.2,0.0158,Salicylic Acid,GC-MS
SMP-01219,12.14,54393.0,9695.6,9794.0,0.0529,Chlorpheniramine,GC-MS
SMP-01220,1.24,10982.3,3011.1,3117.0,0.0111,Uracil,GC-MS
SMP-01220,2.8,51753.3,10430.6,10673.3,0.0501,Acetaminophen,GC-MS
SMP-01220,4.16,99832.7,16518.5,17163.0,0.0978,Caffeine,GC-MS
SMP-01220,5.57,22691.5,5224.5,5543.2,0.0223,Aspirin,GC-MS
SMP-01220,7.18,63520.9,9805.8,10082.8,0.0654,Benzoic Acid,GC-MS
SMP-01220,8.96,33815.9,6969.1,7000.9,0.0333,Phenacetin,GC-MS
SMP-01220,10.41,13296.7,3202.3,3206.0,0.013,Salicylic Acid,GC-MS
SMP-01220,12.11,51867.6,9712.4,9797.4,0.0514,Chlorpheniramine,GC-MS
SMP-01221,1.31,11172.0,3012.0,3031.1,0.0106,Uracil,GC-MS
SMP-01221,2.78,45683.4,9003.6,9095.6,0.0451,Acetaminophen,GC-MS
SMP-01221,4.14,89827.6,14242.1,14674.7,0.0873,Caffeine,GC-MS
SMP-01221,5.61,21171.9,4656.3,4857.0,0.0209,Aspirin,GC-MS
SMP-01221,7.2,57168.4,9541.8,9632.3,0.0597,Benzoic Acid,GC-MS
SMP-01221,8.9,23477.7,5077.9,5260.1,0.0229,Phenacetin,GC-MS
SMP-01221,10.34,16885.0,4191.4,4387.7,0.0169,Salicylic Acid,GC-MS
SMP-01221,12.09,42166.8,7622.1,7986.7,0.0426,Chlorpheniramine,GC-MS
SMP-01222,1.3,11588.2,2823.0,2852.6,0.0119,Uracil,GC-MS
SMP-01222,2.83,39876.6,7987.4,8242.0,0.0397,Acetaminophen,GC-MS
SMP-01222,4.13,85738.2,13787.7,14318.9,0.0887,Caffeine,GC-MS
SMP-01222,5.59,23464.4,5110.4,5206.9,0.0237,Aspirin,GC-MS
SMP-01222,7.14,66724.8,10756.6,10892.4,0.0652,Benzoic Acid,GC-MS
SMP-01222,8.91,32078.4,6519.1,6724.0,0.0327,Phenacetin,GC-MS
SMP-01222,10.41,14948.9,3658.8,3860.9,0.0149,Salicylic Acid,GC-MS
SMP-01222,12.08,56916.9,10208.0,10518.9,0.0559,Chlorpheniramine,GC-MS
SMP-01223,1.27,11577.9,3027.2,3120.5,0.0117,Uracil,GC-MS
SMP-01223,2.8,33218.8,6540.6,6829.9,0.0331,Acetaminophen,GC-MS
SMP-01223,4.18,81959.2,12655.1,12967.4,0.0779,Caffeine,GC-MS
SMP-01223,5.59,22087.1,4714.3,4795.7,0.0229,Aspirin,GC-MS
SMP-01223,7.22,73684.8,12358.6,12475.4,0.0722,Benzoic Acid,GC-MS
SMP-01223,8.93,32890.6,6661.2,7047.6,0.0329,Phenacetin,GC-MS
SMP-01223,10.39,14580.1,3732.2,3849.2,0.0145,Salicylic Acid,GC-MS
SMP-01223,12.07,49269.1,9249.4,9388.9,0.0488,Chlorpheniramine,GC-MS
SMP-01224,1.3,11240.9,2788.9,2923.5,0.0116,Uracil,GC-MS
SMP-01224,2.77,52818.8,9833.5,9916.1,0.0532,Acetaminophen,GC-MS
SMP-01224,4.15,82643.0,13757.3,14732.9,0.0828,Caffeine,GC-MS
SMP-01224,5.61,27292.0,6203.8,6386.9,0.0279,Aspirin,GC-MS
SMP-01224,7.22,65907.6,11332.6,11576.7,0.0655,Benzoic Acid,GC-MS
SMP-01224,8.94,35657.2,7494.1,7749.8,0.036,Phenacetin,GC-MS
SMP-01224,10.39,14128.9,3633.0,3673.5,0.0144,Salicylic Acid,GC-MS
SMP-01224,12.07,52708.0,9583.4,10252.1,0.0547,Chlorpheniramine,GC-MS
SMP-01225,1.26,9354.5,2482.9,2547.2,0.0093,Uracil,GC-MS
SMP-01225,2.78,53834.1,10254.5,10705.3,0.0544,Acetaminophen,GC-MS
SMP-01225,4.15,103134.6,16475.5,16905.0,0.1032,Caffeine,GC-MS
SMP-01225,5.6,22896.2,5203.8,5277.9,0.0222,Aspirin,GC-MS
SMP-01225,7.19,70127.6,11258.5,11301.9,0.0672,Benzoic Acid,GC-MS
SMP-01225,8.95,25032.4,4894.9,5007.9,0.0241,Phenacetin,GC-MS
SMP-01225,10.41,14754.9,3790.6,3887.2,0.0148,Salicylic Acid,GC-MS
SMP-01225,12.11,52346.0,9667.7,9913.4,0.0521,Chlorpheniramine,GC-MS
SMP-01226,1.29,9887.6,2401.1,2487.4,0.0105,Uracil,GC-MS
SMP-01226,2.86,45830.2,8137.4,8307.3,0.0453,Acetaminophen,GC-MS
SMP-01226,4.14,113631.6,18206.7,18270.0,0.1128,Caffeine,GC-MS
SMP-01226,5.58,23950.8,5425.0,5678.1,0.0239,Aspirin,GC-MS
SMP-01226,7.2,57935.1,9039.0,9361.5,0.0588,Benzoic Acid,GC-MS
SMP-01226,8.95,37680.2,8038.4,8365.3,0.0379,Phenacetin,GC-MS
SMP-01226,10.46,17168.6,4013.2,4145.2,0.0168,Salicylic Acid,GC-MS
SMP-01226,12.06,59883.4,11178.7,11805.9,0.061,Chlorpheniramine,GC-MS
SMP-01227,1.24,12532.1,3201.1,3331.3,0.0124,Uracil,GC-MS
SMP-01227,2.75,49233.0,9899.2,10087.5,0.0488,Acetaminophen,GC-MS
SMP-01227,4.16,94450.9,16128.1,16302.0,0.0952,Caffeine,GC-MS
SMP-01227,5.64,19740.7,4545.5,4685.4,0.0194,Aspirin,GC-MS
SMP-01227,7.18,64411.8,10955.1,11572.1,0.0664,Benzoic Acid,GC-MS
SMP-01227,8.96,27600.7,5681.4,5862.7,0.026,Phenacetin,GC-MS
SMP-01227,10.34,14713.6,3538.4,3642.7,0.0146,Salicylic Acid,GC-MS
SMP-01227,12.15,49593.1,8752.6,9067.3,0.0503,Chlorpheniramine,GC-MS
SMP-01228,1.25,12280.1,3232.8,3353.2,0.0122,Uracil,GC-MS
SMP-01228,2.78,35122.8,6892.5,7311.7,0.0352,Acetaminophen,GC-MS
SMP-01228,4.13,90737.5,14736.1,14774.8,0.0907,Caffeine,GC-MS
SMP-01228,5.59,24769.2,5328.8,5612.6,0.0244,Aspirin,GC-MS
SMP-01228,7.15,64094.6,10422.6,10932.9,0.0653,Benzoic Acid,GC-MS
SMP-01228,8.92,35668.2,7029.5,7325.9,0.0359,Phenacetin,GC-MS
SMP-01228,10.41,17152.5,4330.7,4427.3,0.017,Salicylic Acid,GC-MS
SMP-01228,12.07,65664.3,12292.2,12596.9,0.0643,Chlorpheniramine,GC-MS
SMP-01229,1.23,11253.9,3057.0,3088.5,0.011,Uracil,GC-MS
SMP-01229,2.78,42507.3,8117.6,8129.6,0.0448,Acetaminophen,GC-MS
SMP-01229,4.1,70461.1,12011.6,12321.2,0.07,Caffeine,GC-MS
SMP-01229,5.57,24280.8,5272.2,5292.7,0.0247,Aspirin,GC-MS
SMP-01229,7.17,74650.1,12599.4,13181.4,0.0759,Benzoic Acid,GC-MS
SMP-01229,8.99,31151.6,6297.5,6511.1,0.0305,Phenacetin,GC-MS
SMP-01229,10.49,14276.7,3406.4,3614.4,0.0141,Salicylic Acid,GC-MS
SMP-01229,12.09,55785.8,9718.8,10054.5,0.0581,Chlorpheniramine,GC-MS
SMP-01230,1.21,13257.8,3326.0,3507.0,0.0131,Uracil,GC-MS
SMP-01230,2.75,50232.2,9732.9,10086.9,0.0493,Acetaminophen,GC-MS
SMP-01230,4.18,84841.1,13416.4,13817.7,0.0855,Caffeine,GC-MS
SMP-01230,5.61,25761.7,6019.9,5997.2,0.0258,Aspirin,GC-MS
SMP-01230,7.18,60345.8,10328.7,10494.1,0.0617,Benzoic Acid,GC-MS
SMP-01230,8.9,30607.9,6134.5,6453.7,0.0295,Phenacetin,GC-MS
SMP-01230,10.41,16467.5,3943.5,4034.3,0.0171,Salicylic Acid,GC-MS
SMP-01230,12.06,55527.4,9969.8,10394.8,0.0541,Chlorpheniramine,GC-MS
SMP-01231,1.27,14771.0,3944.5,3962.0,0.0151,Uracil,GC-MS
SMP-01231,2.78,56372.8,10983.0,11297.8,0.0565,Acetaminophen,GC-MS
SMP-01231,4.12,87201.9,14327.4,14732.3,0.0889,Caffeine,GC-MS
SMP-01231,5.6,20797.9,4279.9,4452.2,0.0205,Aspirin,GC-MS
SMP-01231,7.25,66730.5,10945.2,11267.9,0.067,Benzoic Acid,GC-MS
SMP-01231,8.93,33032.5,6548.0,6816.8,0.0327,Phenacetin,GC-MS
SMP-01231,10.38,14934.6,3544.9,3549.3,0.0145,Salicylic Acid,GC-MS
SMP-01231,12.07,62068.2,11218.4,11966.8,0.0614,Chlorpheniramine,GC-MS
SMP-01232,1.26,14875.4,3792.2,3905.1,0.015,Uracil,GC-MS
SMP-01232,2.74,39941.1,7929.1,8193.1,0.0402,Acetaminophen,GC-MS
SMP-01232,4.14,90009.7,14656.5,15031.4,0.0922,Caffeine,GC-MS
SMP-01232,5.55,23677.1,5357.2,5474.4,0.0242,Aspirin,GC-MS
SMP-01232,7.22,64719.0,10466.6,10855.7,0.0635,Benzoic Acid,GC-MS
SMP-01232,8.94,30048.3,6130.0,6336.8,0.0302,Phenacetin,GC-MS
SMP-01232,10.35,16719.1,4134.3,4262.2,0.0165,Salicylic Acid,GC-MS
SMP-01232,12.1,49408.5,9018.6,9294.5,0.0479,Chlorpheniramine,GC-MS
SMP-01233,1.24,11887.1,2850.0,3009.0,0.0121,Uracil,GC-MS
SMP-01233,2.84,39738.0,7285.2,7600.0,0.0387,Acetaminophen,GC-MS
SMP-01233,4.15,100355.6,16891.7,17862.3,0.1,Caffeine,GC-MS
SMP-01233,5.56,18275.0,4078.5,4162.8,0.0184,Aspirin,GC-MS
SMP-01233,7.23,75441.1,12446.8,13399.8,0.0767,Benzoic Acid,GC-MS
SMP-01233,8.94,31845.1,6633.0,6573.8,0.0327,Phenacetin,GC-MS
SMP-01233,10.4,15380.5,3610.6,3630.6,0.0156,Salicylic Acid,GC-MS
SMP-01233,12.12,54753.3,9499.8,9895.1,0.0537,Chlorpheniramine,GC-MS
SMP-01234,1.17,11143.6,3027.6,3196.7,0.0114,Uracil,GC-MS
SMP-01234,2.82,47034.3,9049.9,9084.2,0.0468,Acetaminophen,GC-MS
SMP-01234,4.14,89540.5,14124.8,14084.6,0.0914,Caffeine,GC-MS
SMP-01234,5.62,21493.0,4831.6,4973.1,0.022,Aspirin,GC-MS
SMP-01234,7.21,229575.9,34426.5,31281.8,0.2253,Benzoic Acid,GC-MS
SMP-01234,8.92,31090.5,6493.3,6642.6,0.0307,Phenacetin,GC-MS
SMP-01234,10.4,15357.6,3763.4,3824.5,0.0153,Salicylic Acid,GC-MS
SMP-01234,12.15,53630.4,9981.3,10142.4,0.0524,Chlorpheniramine,GC-MS
SMP-01235,1.23,10350.7,2472.2,2547.4,0.0103,Uracil,GC-MS
SMP-01235,2.78,46899.9,8935.8,9074.3,0.0473,Acetaminophen,GC-MS
SMP-01235,4.13,97400.9,15300.9,15845.3,0.0976,Caffeine,GC-MS
SMP-01235,5.63,21495.1,4683.2,4772.8,0.0213,Aspirin,GC-MS
SMP-01235,7.16,69462.2,11542.8,11928.7,0.0706,Benzoic Acid,GC-MS
SMP-01235,8.92,32960.8,6624.3,6730.8,0.0328,Phenacetin,GC-MS
SMP-01235,10.36,13911.6,3556.1,3488.3,0.0138,Salicylic Acid,GC-MS
SMP-01235,12.12,53376.8,9893.5,9965.9,0.0518,Chlorpheniramine,GC-MS
SMP-01236,1.21,11130.1,2830.9,3033.4,0.0112,Uracil,GC-MS
SMP-01236,2.82,45636.9,8551.6,8584.6,0.0439,Acetaminophen,GC-MS
SMP-01236,4.16,95293.1,15295.8,15681.3,0.0928,Caffeine,GC-MS
SMP-01236,5.59,19843.4,4325.9,4409.1,0.0204,Aspirin,GC-MS
SMP-01236,7.22,73655.9,12304.5,12697.4,0.075,Benzoic Acid,GC-MS
SMP-01236,8.96,29264.4,5830.5,5838.6,0.029,Phenacetin,GC-MS
SMP-01236,10.4,15146.4,3781.1,3899.7,0.0156,Salicylic Acid,GC-MS
SMP-01236,12.08,47484.8,8436.8,8620.7,0.0485,Chlorpheniramine,GC-MS
SMP-01237,1.27,11816.1,3003.3,3051.7,0.0116,Uracil,GC-MS
SMP-01237,2.83,50971.1,10019.9,10435.2,0.0506,Acetaminophen,GC-MS
SMP-01237,4.18,83451.7,14092.4,14456.5,0.0818,Caffeine,GC-MS
SMP-01237,5.64,19843.8,4467.6,4553.5,0.0198,Aspirin,GC-MS
SMP-01237,7.24,62912.9,10978.0,11483.5,0.066,Benzoic Acid,GC-MS
SMP-01237,8.91,26893.1,5080.8,5124.4,0.0274,Phenacetin,GC-MS
SMP-01237,10.39,16753.7,3990.9,4148.3,0.0171,Salicylic Acid,GC-MS
SMP-01237,12.07,51903.6,9468.0,9600.3,0.0545,Chlorpheniramine,GC-MS
SMP-01238,1.24,12538.3,3445.7,3536.5,0.0128,Uracil,GC-MS
SMP-01238,2.81,55558.1,10285.6,10826.0,0.056,Acetaminophen,GC-MS
SMP-01238,4.15,81063.6,13444.0,13493.8,0.0845,Caffeine,GC-MS
SMP-01238,5.61,21750.1,4900.0,5090.7,0.0217,Aspirin,GC-MS
SMP-01238,7.16,78492.5,13107.3,13686.1,0.079,Benzoic Acid,GC-MS
SMP-01238,8.97,28496.8,5731.2,5911.8,0.0283,Phenacetin,GC-MS
SMP-01238,10.39,14443.8,3577.5,3682.4,0.0148,Salicylic Acid,GC-MS
SMP-01238,12.06,52912.8,9541.5,9736.4,0.0527,Chlorpheniramine,GC-MS
SMP-01239,1.27,9391.5,2375.5,2453.8,0.0093,Uracil,GC-MS
SMP-01239,2.76,40800.2,7808.2,8140.1,0.0402,Acetaminophen,GC-MS
SMP-01239,4.15,83259.7,13312.4,13326.7,0.084,Caffeine,GC-MS
SMP-01239,5.63,22069.5,4714.9,4809.8,0.0221,Aspirin,GC-MS
SMP-01239,7.19,67777.7,11454.1,11562.1,0.0667,Benzoic Acid,GC-MS
SMP-01239,8.94,29469.8,5895.2,6041.1,0.0293,Phenacetin,GC-MS
SMP-01239,10.38,18715.4,4654.4,4743.7,0.0189,Salicylic Acid,GC-MS
SMP-01239,12.06,58615.0,10345.5,10957.9,0.0572,Chlorpheniramine,GC-MS
SMP-01240,1.2,12337.3,3214.6,3344.2,0.0122,Uracil,GC-MS
SMP-01240,2.77,46484.1,8812.6,9293.3,0.0453,Acetaminophen,GC-MS
SMP-01240,4.14,94526.3,15767.4,16095.5,0.0942,Caffeine,GC-MS
SMP-01240,5.64,22279.6,4870.1,5123.1,0.0229,Aspirin,GC-MS
SMP-01240,7.2,70969.6,11827.3,12362.6,0.0708,Benzoic Acid,GC-MS
SMP-01240,8.97,26533.5,5560.4,5721.3,0.0273,Phenacetin,GC-MS
SMP-01240,10.43,14061.5,3616.7,3658.4,0.0142,Salicylic Acid,GC-MS
SMP-01240,12.14,55869.4,10008.3,10408.4,0.0561,Chlorpheniramine,GC-MS
SMP-01241,1.25,10499.8,2754.4,2817.5,0.01,Uracil,GC-MS
SMP-01241,2.81,43537.5,8481.5,8743.9,0.045,Acetaminophen,GC-MS
SMP-01241,4.19,94129.0,14492.7,14995.5,0.0936,Caffeine,GC-MS
SMP-01241,5.57,19658.0,4416.8,4568.9,0.0194,Aspirin,GC-MS
SMP-01241,7.28,63058.4,10134.4,9930.4,0.0624,Benzoic Acid,GC-MS
SMP-01241,8.94,35442.1,7344.8,7695.7,0.0353,Phenacetin,GC-MS
SMP-01241,10.44,14602.5,3283.8,3387.5,0.0146,Salicylic Acid,GC-MS
SMP-01241,12.07,53586.2,9483.1,9827.6,0.0544,Chlorpheniramine,GC-MS
SMP-01242,1.22,12089.2,3162.6,3269.3,0.0126,Uracil,GC-MS
SMP-01242,2.79,45585.9,8617.4,8878.1,0.0449,Acetaminophen,GC-MS
SMP-01242,4.19,102584.3,16214.5,16839.2,0.1008,Caffeine,GC-MS
SMP-01242,5.55,22361.5,4779.2,5011.7,0.0217,Aspirin,GC-MS
SMP-01242,7.2,62635.9,9636.0,10248.5,0.06,Benzoic Acid,GC-MS
SMP-01242,8.97,29123.4,5794.3,5796.6,0.0286,Phenacetin,GC-MS
SMP-01242,10.43,14963.9,3740.7,3758.7,0.015,Salicylic Acid,GC-MS
SMP-01242,12.1,53662.3,9663.1,9905.5,0.0542,Chlorpheniramine,GC-MS
SMP-01243,1.29,14493.6,3742.2,3699.2,0.0141,Uracil,GC-MS
SMP-01243,2.8,43037.1,8718.0,9014.9,0.0415,Acetaminophen,GC-MS
SMP-01243,4.12,89617.6,13702.1,14286.0,0.0899,Caffeine,GC-MS
SMP-01243,5.57,19784.7,4476.9,4682.0,0.0195,Aspirin,GC-MS
SMP-01243,7.21,67555.4,11239.6,12022.6,0.0687,Benzoic Acid,GC-MS
SMP-01243,8.95,29271.6,5981.4,6012.4,0.0297,Phenacetin,GC-MS
SMP-01243,10.39,15787.3,3913.6,4153.7,0.0158,Salicylic Acid,GC-MS
SMP-01243,12.06,53921.2,10335.1,10940.3,0.0531,Chlorpheniramine,GC-MS
SMP-01244,1.23,12901.1,3209.8,3334.2,0.0134,Uracil,GC-MS
SMP-01244,2.85,44500.9,8961.5,9236.9,0.0462,Acetaminophen,GC-MS
SMP-01244,4.16,92755.6,15084.3,16102.5,0.0928,Caffeine,GC-MS
SMP-01244,5.6,22328.4,4681.3,4942.5,0.0214,Aspirin,GC-MS
SMP-01244,7.23,70388.5,11670.1,12165.0,0.0706,Benzoic Acid,GC-MS
SMP-01244,8.89,28906.0,5778.1,6027.5,0.0288,Phenacetin,GC-MS
SMP-01244,10.39,16783.3,4222.5,4332.2,0.0166,Salicylic Acid,GC-MS
SMP-01244,12.07,63241.5,11783.3,12270.1,0.0635,Chlorpheniramine,GC-MS
SMP-01245,1.24,13369.0,3504.3,3609.7,0.0135,Uracil,GC-MS
SMP-01245,2.87,47684.1,9039.1,9068.9,0.0487,Acetaminophen,GC-MS
SMP-01245,4.11,94183.1,15818.0,16593.9,0.0939,Caffeine,GC-MS
SMP-01245,5.62,24600.0,5400.1,5611.7,0.024,Aspirin,GC-MS
SMP-01245,7.2,73627.0,12447.0,12781.2,0.0723,Benzoic Acid,GC-MS
SMP-01245,8.96,32678.1,6346.2,6539.8,0.032,Phenacetin,GC-MS
SMP-01245,10.38,17997.1,4359.7,4417.8,0.018,Salicylic Acid,GC-MS
SMP-01245,12.13,52637.1,9326.7,9582.5,0.0559,Chlorpheniramine,GC-MS
SMP-01246,1.26,11218.5,2878.8,2955.9,0.0116,Uracil,GC-MS
SMP-01246,2.8,41631.0,8218.1,8735.3,0.0407,Acetaminophen,GC-MS
SMP-01246,4.14,100924.7,16515.1,16714.2,0.0997,Caffeine,GC-MS
SMP-01246,5.63,22516.1,5006.4,5044.2,0.0221,Aspirin,GC-MS
SMP-01246,7.15,75447.7,12573.1,13167.2,0.0752,Benzoic Acid,GC-MS
SMP-01246,9.04,29633.5,6230.7,6406.5,0.0294,Phenacetin,GC-MS
SMP-01246,10.39,14133.2,3234.0,3349.4,0.0139,Salicylic Acid,GC-MS
SMP-01246,12.08,62569.9,11167.0,11504.9,0.0615,Chlorpheniramine,GC-MS
SMP-01247,1.28,13453.7,3407.6,3566.5,0.0136,Uracil,GC-MS
SMP-01247,2.81,43366.7,8655.4,9334.3,0.0421,Acetaminophen,GC-MS
SMP-01247,4.22,80726.1,12778.7,12879.0,0.0793,Caffeine,GC-MS
SMP-01247,5.61,26444.0,5848.6,6021.0,0.0269,Aspirin,GC-MS
SMP-01247,7.24,58526.4,10170.6,10330.7,0.0581,Benzoic Acid,GC-MS
SMP-01247,8.97,34487.1,6941.1,7327.5,0.0352,Phenacetin,GC-MS
SMP-01247,10.38,15139.3,3444.6,3573.8,0.0156,Salicylic Acid,GC-MS
SMP-01247,12.1,55059.2,10073.9,10531.1,0.0549,Chlorpheniramine,GC-MS
SMP-01248,1.32,12508.2,3142.6,3288.8,0.0124,Uracil,GC-MS
SMP-01248,2.79,46590.9,9288.6,9525.0,0.0472,Acetaminophen,GC-MS
SMP-01248,4.16,86342.2,14402.7,14487.2,0.0879,Caffeine,GC-MS
SMP-01248,5.61,21906.8,4905.0,5065.8,0.0221,Aspirin,GC-MS
SMP-01248,7.19,65458.8,10405.6,10938.5,0.069,Benzoic Acid,GC-MS
SMP-01248,9.0,33385.3,6782.9,6829.9,0.0332,Phenacetin,GC-MS
SMP-01248,10.42,15151.4,3878.3,4066.7,0.0152,Salicylic Acid,GC-MS
SMP-01248,12.14,46250.7,8054.2,8187.9,0.0453,Chlorpheniramine,GC-MS
SMP-01249,1.25,14011.3,3560.7,3657.2,0.0137,Uracil,GC-MS
SMP-01249,2.8,42388.1,7957.9,8326.2,0.0412,Acetaminophen,GC-MS
SMP-01249,4.15,93241.4,14639.6,15108.0,0.0893,Caffeine,GC-MS
SMP-01249,5.59,22547.1,5138.3,5575.8,0.023,Aspirin,GC-MS
SMP-01249,7.22,60156.9,9242.0,9677.9,0.0611,Benzoic Acid,GC-MS
SMP-01249,8.95,33748.4,6983.7,7189.0,0.0337,Phenacetin,GC-MS
SMP-01249,10.41,17790.7,4270.9,4354.7,0.0176,Salicylic Acid,GC-MS
SMP-01249,12.08,51403.3,9233.1,9717.7,0.0522,Chlorpheniramine,GC-MS
SMP-01250,1.28,13517.9,3494.3,3585.8,0.0134,Uracil,GC-MS
SMP-01250,2.8,38031.2,7348.7,7375.6,0.037,Acetaminophen,GC-MS
SMP-01250,4.1,91361.3,14777.6,15239.0,0.0894,Caffeine,GC-MS
SMP-01250,5.61,22889.5,5089.8,5455.4,0.0233,Aspirin,GC-MS
SMP-01250,7.23,63355.8,11165.6,11817.6,0.0635,Benzoic Acid,GC-MS
SMP-01250,8.94,35950.7,7257.7,7257.7,0.0361,Phenacetin,GC-MS
SMP-01250,10.46,12330.7,3014.9,3068.4,0.0123,Salicylic Acid,GC-MS
SMP-01250,12.1,253643.8,43855.0,51220.7,0.2531,Chlorpheniramine,GC-MS
