Sample ID,Retention Time,Peak Area,Peak Height,Intensity,Concentration,Compound Name,Analysis Type
SMP-00001,1.23,12750.0,3095.0,3274.3,0.013,Uracil,LC-MS/MS
SMP-00001,2.79,47191.8,9099.4,9331.2,0.0479,Acetaminophen,LC-MS/MS
SMP-00001,4.15,88438.3,14446.3,14702.2,0.0877,Caffeine,LC-MS/MS
SMP-00001,5.6,83685.3,16526.9,16274.3,0.0832,Aspirin,LC-MS/MS
SMP-00001,7.24,59109.8,9881.9,9947.2,0.0609,Benzoic Acid,LC-MS/MS
SMP-00001,8.98,28437.5,5965.2,6082.2,0.0282,Phenacetin,LC-MS/MS
SMP-00001,10.43,15919.6,3806.3,3857.6,0.0164,Salicylic Acid,LC-MS/MS
SMP-00001,12.12,66035.6,11700.7,12650.6,0.0695,Chlorpheniramine,LC-MS/MS
SMP-00002,1.27,11624.0,3083.1,3148.3,0.0117,Uracil,LC-MS/MS
SMP-00002,2.81,51699.6,9898.5,10000.4,0.0508,Acetaminophen,LC-MS/MS
SMP-00002,4.11,81057.4,13739.0,13988.1,0.0815,Caffeine,LC-MS/MS
SMP-00002,5.61,19078.8,4105.5,4413.8,0.0188,Aspirin,LC-MS/MS
SMP-00002,7.21,66369.0,10810.3,11412.9,0.0661,Benzoic Acid,LC-MS/MS
SMP-00002,8.93,31379.3,6526.6,6771.1,0.0306,Phenacetin,LC-MS/MS
SMP-00002,10.39,14268.9,3553.0,3701.4,0.0137,Salicylic Acid,LC-MS/MS
SMP-00002,12.06,54836.5,10513.3,10748.3,0.0551,Chlorpheniramine,LC-MS/MS
SMP-00003,1.22,10013.7,2571.0,2696.9,0.01,Uracil,LC-MS/MS
SMP-00003,2.81,45633.4,9006.1,9364.1,0.0467,Acetaminophen,LC-MS/MS
SMP-00003,4.08,90224.3,14400.5,14824.7,0.0932,Caffeine,LC-MS/MS
SMP-00003,5.62,25285.0,5653.2,5949.3,0.0251,Aspirin,LC-MS/MS
SMP-00003,7.23,72254.9,12474.8,12902.0,0.0744,Benzoic Acid,LC-MS/MS
SMP-00003,8.92,24844.6,4885.2,5111.7,0.0239,Phenacetin,LC-MS/MS
SMP-00003,10.46,16921.8,4326.2,4370.2,0.0162,Salicylic Acid,LC-MS/MS
SMP-00003,12.06,54693.7,9953.5,10063.2,0.0564,Chlorpheniramine,LC-MS/MS
SMP-00004,1.27,12413.8,3209.0,3235.0,0.0124,Uracil,LC-MS/MS
SMP-00004,2.77,49689.6,9275.3,9469.5,0.0476,Acetaminophen,LC-MS/MS
SMP-00004,4.17,94742.8,16670.5,17483.9,0.0931,Caffeine,LC-MS/MS
SMP-00004,5.57,24922.0,5616.3,5686.0,0.0256,Aspirin,LC-MS/MS
SMP-00004,7.22,62845.7,10881.6,11020.7,0.0604,Benzoic Acid,LC-MS/MS
SMP-00004,8.94,31335.7,6797.5,7155.9,0.0317,Phenacetin,LC-MS/MS
SMP-00004,10.38,16775.6,4212.9,4403.0,0.0167,Salicylic Acid,LC-MS/MS
SMP-00004,12.11,55416.7,9912.5,10434.6,0.056,Chlorpheniramine,LC-MS/MS
SMP-00005,1.24,13419.3,3474.6,3593.0,0.0131,Uracil,LC-MS/MS
SMP-00005,2.81,46148.5,9005.1,9305.2,0.0465,Acetaminophen,LC-MS/MS
SMP-00005,4.16,90608.1,14840.4,15561.4,0.0897,Caffeine,LC-MS/MS
SMP-00005,5.62,23343.5,5081.4,5271.3,0.0237,Aspirin,LC-MS/MS
SMP-00005,7.2,67836.5,11051.1,11245.8,0.0657,Benzoic Acid,LC-MS/MS
SMP-00005,8.9,29276.7,5898.3,6011.4,0.0295,Phenacetin,LC-MS/MS
SMP-00005,10.38,14474.5,3396.9,3485.5,0.0144,Salicylic Acid,LC-MS/MS
SMP-00005,12.15,62211.3,11860.4,11927.5,0.0629,Chlorpheniramine,LC-MS/MS
SMP-00006,1.26,15098.3,4124.3,4328.8,0.0153,Uracil,LC-MS/MS
SMP-00006,2.77,49007.2,9503.4,9535.6,0.0489,Acetaminophen,LC-MS/MS
SMP-00006,4.18,88240.3,14227.0,14655.5,0.0885,Caffeine,LC-MS/MS
SMP-00006,5.62,28159.7,6342.0,6348.6,0.0282,Aspirin,LC-MS/MS
SMP-00006,7.15,71843.5,11965.3,12159.8,0.069,Benzoic Acid,LC-MS/MS
SMP-00006,8.95,31299.9,6553.3,6949.6,0.0311,Phenacetin,LC-MS/MS
SMP-00006,10.4,14826.1,3583.6,3760.0,0.0145,Salicylic Acid,LC-MS/MS
SMP-00006,12.14,54394.6,9910.6,9928.1,0.057,Chlorpheniramine,LC-MS/MS
SMP-00007,1.26,12522.0,3261.8,3317.1,0.0126,Uracil,LC-MS/MS
SMP-00007,2.81,42694.0,8535.9,8771.4,0.0429,Acetaminophen,LC-MS/MS
SMP-00007,4.17,91589.6,14907.8,15045.2,0.0935,Caffeine,LC-MS/MS
SMP-00007,5.6,26973.3,5938.3,5905.9,0.0267,Aspirin,LC-MS/MS
SMP-00007,7.19,71626.0,11590.9,11920.0,0.0719,Benzoic Acid,LC-MS/MS
SMP-00007,8.92,31472.4,6623.8,6742.6,0.031,Phenacetin,LC-MS/MS
SMP-00007,10.41,14753.6,3555.7,3646.0,0.0144,Salicylic Acid,LC-MS/MS
SMP-00007,12.08,62783.0,11200.3,11638.7,0.0632,Chlorpheniramine,LC-MS/MS
SMP-00008,1.21,11895.8,3121.1,3179.0,0.0118,Uracil,LC-MS/MS
SMP-00008,2.79,47231.4,9297.3,9656.0,0.0469,Acetaminophen,LC-MS/MS
SMP-00008,4.17,87990.2,13301.6,13972.0,0.0861,Caffeine,LC-MS/MS
SMP-00008,5.65,24861.2,5627.5,6005.4,0.0244,Aspirin,LC-MS/MS
SMP-00008,7.21,60881.8,10793.6,10992.0,0.0599,Benzoic Acid,LC-MS/MS
SMP-00008,8.98,29325.1,5900.7,6137.2,0.0284,Phenacetin,LC-MS/MS
SMP-00008,10.37,14923.1,3618.9,3861.0,0.0152,Salicylic Acid,LC-MS/MS
SMP-00008,12.09,58940.0,10783.5,11299.2,0.0604,Chlorpheniramine,LC-MS/MS
SMP-00009,1.18,12423.4,3200.8,3315.1,0.0123,Uracil,LC-MS/MS
SMP-00009,2.82,48605.7,9801.0,9670.4,0.0471,Acetaminophen,LC-MS/MS
SMP-00009,4.17,96278.3,15526.8,15845.4,0.0966,Caffeine,LC-MS/MS
SMP-00009,5.55,20534.6,4551.7,4746.3,0.0213,Aspirin,LC-MS/MS
SMP-00009,7.21,78778.2,12830.7,12969.4,0.0781,Benzoic Acid,LC-MS/MS
SMP-00009,9.01,30112.0,6428.2,6560.3,0.0304,Phenacetin,LC-MS/MS
SMP-00009,10.42,16772.4,4007.1,4244.0,0.0171,Salicylic Acid,LC-MS/MS
SMP-00009,12.12,48384.3,8776.7,8834.5,0.0492,Chlorpheniramine,LC-MS/MS
SMP-00010,1.29,13360.4,3347.3,3473.2,0.0137,Uracil,LC-MS/MS
SMP-00010,2.8,38040.1,7164.0,7114.0,0.0398,Acetaminophen,LC-MS/MS
SMP-00010,4.17,87392.7,13570.9,14025.8,0.0863,Caffeine,LC-MS/MS
SMP-00010,5.6,23353.7,5128.7,5203.1,0.0229,Aspirin,LC-MS/MS
SMP-00010,7.24,56587.0,9183.0,9428.7,0.0564,Benzoic Acid,LC-MS/MS
SMP-00010,9.01,32447.8,6467.2,6417.8,0.0323,Phenacetin,LC-MS/MS
SMP-00010,10.41,11987.6,2763.1,2852.8,0.0123,Salicylic Acid,LC-MS/MS
SMP-00010,12.1,60016.6,11221.6,11406.4,0.0605,Chlorpheniramine,LC-MS/MS
SMP-00011,1.22,13183.0,3251.7,3360.3,0.0133,Uracil,LC-MS/MS
SMP-00011,2.77,47544.3,9205.9,9755.6,0.0469,Acetaminophen,LC-MS/MS
SMP-00011,4.17,81566.9,12696.2,13308.2,0.0823,Caffeine,LC-MS/MS
SMP-00011,5.57,20540.4,4633.8,4909.2,0.0215,Aspirin,LC-MS/MS
SMP-00011,7.17,59775.3,9613.5,9996.0,0.0615,Benzoic Acid,LC-MS/MS
SMP-00011,8.97,34095.3,7055.0,7723.3,0.0344,Phenacetin,LC-MS/MS
SMP-00011,10.42,14751.7,3468.1,3601.4,0.0151,Salicylic Acid,LC-MS/MS
SMP-00011,12.13,52164.2,9912.0,10251.9,0.0527,Chlorpheniramine,LC-MS/MS
SMP-00012,1.21,12223.7,3318.5,3420.5,0.0126,Uracil,LC-MS/MS
SMP-00012,2.75,49040.0,9239.4,9564.9,0.0487,Acetaminophen,LC-MS/MS
SMP-00012,4.15,91365.4,14657.1,14700.7,0.0896,Caffeine,LC-MS/MS
SMP-00012,5.65,23637.2,5347.8,5612.7,0.023,Aspirin,LC-MS/MS
SMP-00012,7.2,54645.9,8989.7,8993.6,0.0538,Benzoic Acid,LC-MS/MS
SMP-00012,8.97,29181.0,5765.8,5944.4,0.031,Phenacetin,LC-MS/MS
SMP-00012,10.34,15743.2,4128.0,4265.8,0.0161,Salicylic Acid,LC-MS/MS
SMP-00012,12.14,59896.3,10913.5,11200.7,0.0596,Chlorpheniramine,LC-MS/MS
SMP-00013,1.26,10862.2,2764.9,2845.7,0.0109,Uracil,LC-MS/MS
SMP-00013,2.82,45323.9,8707.6,8753.4,0.0446,Acetaminophen,LC-MS/MS
SMP-00013,4.15,71015.4,11946.1,12136.6,0.0694,Caffeine,LC-MS/MS
SMP-00013,5.63,21456.6,4683.0,4708.9,0.0218,Aspirin,LC-MS/MS
SMP-00013,7.19,76780.1,13068.3,13428.0,0.0778,Benzoic Acid,LC-MS/MS
SMP-00013,8.94,31985.6,6559.6,7025.3,0.0322,Phenacetin,LC-MS/MS
SMP-00013,10.36,15308.2,3639.6,3919.8,0.0152,Salicylic Acid,LC-MS/MS
SMP-00013,12.14,57760.1,10029.2,10458.2,0.0585,Chlorpheniramine,LC-MS/MS
SMP-00014,1.26,12580.9,3100.6,3158.7,0.0126,Uracil,LC-MS/MS
SMP-00014,2.82,50389.2,9865.2,10087.6,0.0516,Acetaminophen,LC-MS/MS
SMP-00014,4.16,82390.8,13298.5,13962.9,0.0837,Caffeine,LC-MS/MS
SMP-00014,5.6,23559.6,5057.8,5190.8,0.0233,Aspirin,LC-MS/MS
SMP-00014,7.2,66430.9,10547.9,10696.6,0.0663,Benzoic Acid,LC-MS/MS
SMP-00014,8.96,32032.6,6695.8,6817.0,0.0311,Phenacetin,LC-MS/MS
SMP-00014,10.36,16444.6,3928.7,3967.1,0.0165,Salicylic Acid,LC-MS/MS
SMP-00014,12.1,52869.0,9063.3,9485.9,0.0529,Chlorpheniramine,LC-MS/MS
SMP-00015,1.29,10499.0,2650.1,2729.8,0.0105,Uracil,LC-MS/MS
SMP-00015,2.81,45660.5,9143.1,9790.5,0.0455,Acetaminophen,LC-MS/MS
SMP-00015,4.16,90715.3,14686.2,15240.4,0.0927,Caffeine,LC-MS/MS
SMP-00015,5.66,24269.5,5404.9,5323.9,0.0243,Aspirin,LC-MS/MS
SMP-00015,7.22,73840.7,12657.5,12995.1,0.0737,Benzoic Acid,LC-MS/MS
SMP-00015,8.89,29847.0,6018.6,6261.9,0.0296,Phenacetin,LC-MS/MS
SMP-00015,10.39,16935.0,4378.1,4645.9,0.0172,Salicylic Acid,LC-MS/MS
SMP-00015,12.09,50024.0,8796.6,9095.0,0.0516,Chlorpheniramine,LC-MS/MS
SMP-00016,1.26,10897.7,2684.2,2810.8,0.0108,Uracil,LC-MS/MS
SMP-00016,2.86,46115.9,8949.9,9177.3,0.0465,Acetaminophen,LC-MS/MS
SMP-00016,4.15,98894.3,15936.5,15656.3,0.0977,Caffeine,LC-MS/MS
SMP-00016,5.63,23939.9,5504.1,5554.8,0.0245,Aspirin,LC-MS/MS
SMP-00016,7.22,48120.9,8296.8,8584.4,0.0507,Benzoic Acid,LC-MS/MS
SMP-00016,8.92,28694.2,5964.3,6179.9,0.0283,Phenacetin,LC-MS/MS
SMP-00016,10.45,15228.4,3701.7,3773.3,0.0157,Salicylic Acid,LC-MS/MS
SMP-00016,12.07,53785.8,9454.4,10088.7,0.0543,Chlorpheniramine,LC-MS/MS
SMP-00017,1.24,13128.0,3350.6,3554.5,0.0129,Uracil,LC-MS/MS
SMP-00017,2.84,43850.5,8900.6,9324.3,0.0426,Acetaminophen,LC-MS/MS
SMP-00017,4.16,89640.7,14475.8,14997.8,0.0885,Caffeine,LC-MS/MS
SMP-00017,5.63,26179.0,5659.2,5802.8,0.0261,Aspirin,LC-MS/MS
SMP-00017,7.23,71206.2,12008.5,12342.3,0.0724,Benzoic Acid,LC-MS/MS
SMP-00017,8.98,30669.7,6358.7,6500.0,0.0305,Phenacetin,LC-MS/MS
SMP-00017,10.4,15360.9,3810.6,3975.6,0.0151,Salicylic Acid,LC-MS/MS
SMP-00017,12.12,57052.2,10254.6,10807.4,0.0569,Chlorpheniramine,LC-MS/MS
SMP-00018,1.23,10614.4,2838.1,2952.0,0.0107,Uracil,LC-MS/MS
SMP-00018,2.76,45109.8,8290.9,8695.8,0.045,Acetaminophen,LC-MS/MS
SMP-00018,4.15,80725.4,12668.7,12567.7,0.0808,Caffeine,LC-MS/MS
SMP-00018,5.59,22447.4,4812.4,4980.9,0.0213,Aspirin,LC-MS/MS
SMP-00018,7.18,63972.9,10704.5,10984.4,0.0642,Benzoic Acid,LC-MS/MS
SMP-00018,8.99,33221.0,7054.8,7510.4,0.0335,Phenacetin,LC-MS/MS
SMP-00018,10.43,14048.6,3634.4,3868.8,0.0139,Salicylic Acid,LC-MS/MS
SMP-00018,12.08,53848.2,10113.5,10167.0,0.0548,Chlorpheniramine,LC-MS/MS
SMP-00019,1.29,12373.4,3199.4,3288.6,0.0127,Uracil,LC-MS/MS
SMP-00019,2.85,37664.9,7077.8,7099.6,0.0383,Acetaminophen,LC-MS/MS
SMP-00019,4.22,90019.8,15164.9,15326.7,0.0904,Caffeine,LC-MS/MS
SMP-00019,5.58,22573.9,5222.4,5511.4,0.0228,Aspirin,LC-MS/MS
SMP-00019,7.14,69363.0,11398.9,12065.4,0.0709,Benzoic Acid,LC-MS/MS
SMP-00019,8.93,32952.5,6967.4,7357.2,0.0324,Phenacetin,LC-MS/MS
SMP-00019,10.41,17776.8,4401.0,4654.1,0.0172,Salicylic Acid,LC-MS/MS
SMP-00019,12.11,55662.1,9508.7,10003.3,0.056,Chlorpheniramine,LC-MS/MS
SMP-00020,1.29,10297.5,2597.6,2721.5,0.0104,Uracil,LC-MS/MS
SMP-00020,2.8,44730.6,8924.1,9137.5,0.0454,Acetaminophen,LC-MS/MS
SMP-00020,4.19,110979.7,18257.9,18774.0,0.11,Caffeine,LC-MS/MS
SMP-00020,5.58,21208.7,4357.0,4508.8,0.0211,Aspirin,LC-MS/MS
SMP-00020,7.2,62627.4,10470.6,10558.6,0.0625,Benzoic Acid,LC-MS/MS
SMP-00020,8.9,27419.0,5511.0,5614.4,0.0276,Phenacetin,LC-MS/MS
SMP-00020,10.4,14962.9,3349.6,3441.8,0.0147,Salicylic Acid,LC-MS/MS
SMP-00020,12.08,57754.7,10429.7,10890.3,0.0586,Chlorpheniramine,LC-MS/MS
SMP-00021,1.27,12735.3,3171.7,3259.5,0.0128,Uracil,LC-MS/MS
SMP-00021,2.79,52994.8,10504.1,10375.1,0.052,Acetaminophen,LC-MS/MS
SMP-00021,4.11,93448.4,15792.1,16181.2,0.096,Caffeine,LC-MS/MS
SMP-00021,5.6,96696.3,21625.8,24188.8,0.0937,Aspirin,LC-MS/MS
SMP-00021,7.19,55150.6,8740.6,8933.2,0.0581,Benzoic Acid,LC-MS/MS
SMP-00021,8.95,28412.5,5756.6,6042.7,0.0286,Phenacetin,LC-MS/MS
SMP-00021,10.41,16498.5,3772.5,3914.8,0.0165,Salicylic Acid,LC-MS/MS
SMP-00021,12.13,56453.8,10411.0,10479.4,0.0569,Chlorpheniramine,LC-MS/MS
SMP-00022,1.25,14069.2,3569.2,3628.7,0.0138,Uracil,LC-MS/MS
SMP-00022,2.83,38161.7,7483.1,7328.5,0.0375,Acetaminophen,LC-MS/MS
SMP-00022,4.13,78478.5,12597.0,13224.1,0.0811,Caffeine,LC-MS/MS
SMP-00022,5.62,23932.9,5435.0,5472.4,0.0235,Aspirin,LC-MS/MS
SMP-00022,7.23,73298.2,12255.5,12421.0,0.0718,Benzoic Acid,LC-MS/MS
SMP-00022,8.98,27704.5,5541.3,5696.2,0.0282,Phenacetin,LC-MS/MS
SMP-00022,10.37,17142.7,4243.9,4312.3,0.0169,Salicylic Acid,LC-MS/MS
SMP-00022,12.06,52613.5,9645.7,9966.8,0.0536,Chlorpheniramine,LC-MS/MS
SMP-00023,1.25,12825.5,3328.5,3466.8,0.0126,Uracil,LC-MS/MS
SMP-00023,2.81,48367.9,9245.4,9556.1,0.0496,Acetaminophen,LC-MS/MS
SMP-00023,4.16,92025.9,14249.1,14627.3,0.0933,Caffeine,LC-MS/MS
SMP-00023,5.6,23024.4,4841.9,5065.0,0.0224,Aspirin,LC-MS/MS
SMP-00023,7.2,65100.9,10841.2,11329.8,0.0662,Benzoic Acid,LC-MS/MS
SMP-00023,8.95,28518.9,5569.8,5842.8,0.0278,Phenacetin,LC-MS/MS
SMP-00023,10.41,13498.2,3342.8,3386.7,0.0131,Salicylic Acid,LC-MS/MS
SMP-00023,12.07,55480.3,10448.9,10903.2,0.056,Chlorpheniramine,LC-MS/MS
SMP-00024,1.24,12565.5,3222.4,3327.1,0.0123,Uracil,LC-MS/MS
SMP-00024,2.76,44953.1,8945.8,9073.2,0.0459,Acetaminophen,LC-MS/MS
SMP-00024,4.13,67808.5,11451.3,11509.9,0.0665,Caffeine,LC-MS/MS
SMP-00024,5.61,25426.0,5704.0,5970.0,0.0252,Aspirin,LC-MS/MS
SMP-00024,7.22,72056.0,12271.5,12436.4,0.0705,Benzoic Acid,LC-MS/MS
SMP-00024,8.93,30689.0,6054.4,6206.1,0.031,Phenacetin,LC-MS/MS
SMP-00024,10.38,16387.9,3839.2,3898.9,0.0164,Salicylic Acid,LC-MS/MS
SMP-00024,12.07,55310.6,9691.1,9991.0,0.0551,Chlorpheniramine,LC-MS/MS
SMP-00025,1.27,12535.9,3168.1,3322.9,0.0126,Uracil,LC-MS/MS
SMP-00025,2.8,42691.4,7604.3,7676.5,0.0423,Acetaminophen,LC-MS/MS
SMP-00025,4.1,85485.9,14052.9,14135.3,0.0858,Caffeine,LC-MS/MS
SMP-00025,5.61,21636.4,4561.8,4793.6,0.0218,Aspirin,LC-MS/MS
SMP-00025,7.21,69270.1,11359.3,11780.0,0.0691,Benzoic Acid,LC-MS/MS
SMP-00025,8.94,27006.9,5521.6,5727.8,0.027,Phenacetin,LC-MS/MS
SMP-00025,10.39,15539.4,3780.2,4033.4,0.0151,Salicylic Acid,LC-MS/MS
SMP-00025,12.08,52002.7,9463.4,9842.9,0.0519,Chlorpheniramine,LC-MS/MS
SMP-00026,1.29,15578.6,4036.6,4208.0,0.0156,Uracil,LC-MS/MS
SMP-00026,2.79,47806.6,8996.1,8779.9,0.0498,Acetaminophen,LC-MS/MS
SMP-00026,4.18,80403.6,12340.5,12637.0,0.0805,Caffeine,LC-MS/MS
SMP-00026,5.6,25884.5,5758.2,5959.1,0.0264,Aspirin,LC-MS/MS
SMP-00026,7.21,63285.8,10272.2,10875.2,0.0647,Benzoic Acid,LC-MS/MS
SMP-00026,8.99,32174.3,6846.0,6928.8,0.032,Phenacetin,LC-MS/MS
SMP-00026,10.37,14477.0,3380.3,3523.3,0.0143,Salicylic Acid,LC-MS/MS
SMP-00026,12.11,53067.3,9586.8,9890.3,0.0535,Chlorpheniramine,LC-MS/MS
SMP-00027,1.22,12496.3,3093.3,3271.3,0.0121,Uracil,LC-MS/MS
SMP-00027,2.79,42968.8,8524.2,8860.3,0.0421,Acetaminophen,LC-MS/MS
SMP-00027,4.16,82173.6,12709.9,13275.7,0.0833,Caffeine,LC-MS/MS
SMP-00027,5.58,25728.2,6190.6,6388.8,0.0259,Aspirin,LC-MS/MS
SMP-00027,7.17,78657.4,13803.8,14132.6,0.0777,Benzoic Acid,LC-MS/MS
SMP-00027,8.93,31146.3,6138.9,6228.1,0.0317,Phenacetin,LC-MS/MS
SMP-00027,10.37,13662.2,3439.7,3465.8,0.0136,Salicylic Acid,LC-MS/MS
SMP-00027,12.11,55312.7,10064.7,10160.4,0.0544,Chlorpheniramine,LC-MS/MS
SMP-00028,1.16,11831.7,3023.5,3104.2,0.0118,Uracil,LC-MS/MS
SMP-00028,2.81,52861.6,10292.0,10758.8,0.0522,Acetaminophen,LC-MS/MS
SMP-00028,4.16,86501.0,13289.2,13312.5,0.0872,Caffeine,LC-MS/MS
SMP-00028,5.59,21377.2,4723.0,4912.1,0.0222,Aspirin,LC-MS/MS
SMP-00028,7.19,68824.0,11808.0,12691.9,0.0695,Benzoic Acid,LC-MS/MS
SMP-00028,8.95,27515.4,5450.9,5806.0,0.0273,Phenacetin,LC-MS/MS
SMP-00028,10.44,15659.3,3681.3,3793.4,0.0152,Salicylic Acid,LC-MS/MS
SMP-00028,12.1,40245.5,7477.9,7735.7,0.0411,Chlorpheniramine,LC-MS/MS
SMP-00029,1.26,11192.4,2786.0,2874.0,0.0112,Uracil,LC-MS/MS
SMP-00029,2.81,45657.4,9227.1,9449.6,0.046,Acetaminophen,LC-MS/MS
SMP-00029,4.15,92699.4,14308.0,14573.3,0.0946,Caffeine,LC-MS/MS
SMP-00029,5.62,24144.8,4863.0,4879.7,0.0238,Aspirin,LC-MS/MS
SMP-00029,7.19,64362.0,10415.8,10585.5,0.0617,Benzoic Acid,LC-MS/MS
SMP-00029,8.99,33858.2,6925.2,7003.6,0.0354,Phenacetin,LC-MS/MS
SMP-00029,10.44,16042.6,3801.0,3851.0,0.0159,Salicylic Acid,LC-MS/MS
SMP-00029,12.1,46387.3,8504.3,8598.5,0.0472,Chlorpheniramine,LC-MS/MS
SMP-00030,1.25,12559.1,3188.0,3275.6,0.0126,Uracil,LC-MS/MS
SMP-00030,2.76,42443.3,8136.3,8170.2,0.0412,Acetaminophen,LC-MS/MS
SMP-00030,4.15,83990.6,13704.4,13709.8,0.0823,Caffeine,LC-MS/MS
SMP-00030,5.62,19366.3,4393.4,4471.7,0.0188,Aspirin,LC-MS/MS
SMP-00030,7.23,50163.4,8603.4,8763.2,0.0494,Benzoic Acid,LC-MS/MS
SMP-00030,8.98,34850.6,7195.7,7509.5,0.0361,Phenacetin,LC-MS/MS
SMP-00030,10.37,16245.9,4025.0,4124.2,0.0162,Salicylic Acid,LC-MS/MS
SMP-00030,12.09,48795.7,8004.5,8359.0,0.0501,Chlorpheniramine,LC-MS/MS
SMP-00031,1.26,11906.6,3057.3,3107.3,0.0119,Uracil,LC-MS/MS
SMP-00031,2.78,42288.0,7925.2,8327.1,0.0414,Acetaminophen,LC-MS/MS
SMP-00031,4.11,69453.3,11008.8,11371.6,0.0712,Caffeine,LC-MS/MS
SMP-00031,5.61,17159.4,3849.1,3844.6,0.0168,Aspirin,LC-MS/MS
SMP-00031,7.23,59595.1,9760.5,10191.1,0.0593,Benzoic Acid,LC-MS/MS
SMP-00031,8.91,32634.3,6808.5,6894.2,0.0313,Phenacetin,LC-MS/MS
SMP-00031,10.38,16138.7,3826.1,3878.7,0.0164,Salicylic Acid,LC-MS/MS
SMP-00031,12.12,58136.6,10342.3,10699.8,0.0589,Chlorpheniramine,LC-MS/MS
SMP-00032,1.24,12386.3,3087.9,3225.0,0.0124,Uracil,LC-MS/MS
SMP-00032,2.79,45021.2,8577.6,8702.6,0.0435,Acetaminophen,LC-MS/MS
SMP-00032,4.14,96894.3,15684.0,16400.9,0.0947,Caffeine,LC-MS/MS
SMP-00032,5.62,24700.5,5404.7,5466.6,0.0254,Aspirin,LC-MS/MS
SMP-00032,7.16,65729.6,11021.1,11187.8,0.0662,Benzoic Acid,LC-MS/MS
SMP-00032,8.95,34254.2,6999.4,7140.3,0.0352,Phenacetin,LC-MS/MS
SMP-00032,10.4,12771.1,2951.7,2940.9,0.0128,Salicylic Acid,LC-MS/MS
SMP-00032,12.11,59653.9,10332.8,10360.8,0.0586,Chlorpheniramine,LC-MS/MS
SMP-00033,1.26,11131.4,2791.5,2894.9,0.0112,Uracil,LC-MS/MS
SMP-00033,2.77,45053.6,8484.8,8929.2,0.046,Acetaminophen,LC-MS/MS
SMP-00033,4.18,101232.4,17076.9,18160.0,0.0999,Caffeine,LC-MS/MS
SMP-00033,5.64,22102.2,4609.6,4705.5,0.0226,Aspirin,LC-MS/MS
SMP-00033,7.22,69420.9,11085.1,11516.7,0.0694,Benzoic Acid,LC-MS/MS
SMP-00033,8.91,36172.3,7245.3,7167.7,0.0367,Phenacetin,LC-MS/MS
SMP-00033,10.44,15433.4,3757.4,3913.9,0.0155,Salicylic Acid,LC-MS/MS
SMP-00033,12.13,49298.4,9076.6,9400.5,0.0476,Chlorpheniramine,LC-MS/MS
SMP-00034,1.27,14360.4,3649.1,3678.5,0.0152,Uracil,LC-MS/MS
SMP-00034,2.78,48334.9,9277.5,9632.1,0.0471,Acetaminophen,LC-MS/MS
SMP-00034,4.13,95203.8,15461.7,16294.8,0.0947,Caffeine,LC-MS/MS
SMP-00034,5.57,19728.8,4170.5,4229.4,0.0206,Aspirin,LC-MS/MS
SMP-00034,7.17,76622.4,12509.8,13032.2,0.0736,Benzoic Acid,LC-MS/MS
SMP-00034,8.97,25902.8,5347.9,5511.8,0.0256,Phenacetin,LC-MS/MS
SMP-00034,10.42,15514.8,3891.0,4068.1,0.016,Salicylic Acid,LC-MS/MS
SMP-00034,12.1,48466.2,8944.2,9084.6,0.0491,Chlorpheniramine,LC-MS/MS
SMP-00035,1.24,12729.7,3200.2,3253.1,0.0126,Uracil,LC-MS/MS
SMP-00035,2.82,43983.6,8391.7,8779.3,0.0446,Acetaminophen,LC-MS/MS
SMP-00035,4.22,79753.8,13656.8,14133.1,0.0815,Caffeine,LC-MS/MS
SMP-00035,5.63,20788.9,4709.5,4873.7,0.0212,Aspirin,LC-MS/MS
SMP-00035,7.21,62023.2,10181.9,10433.9,0.0612,Benzoic Acid,LC-MS/MS
SMP-00035,8.91,30765.0,6586.4,7155.7,0.0302,Phenacetin,LC-MS/MS
SMP-00035,10.41,16360.4,3836.8,3774.4,0.0164,Salicylic Acid,LC-MS/MS
SMP-00035,12.14,54101.6,10188.2,10457.5,0.0526,Chlorpheniramine,LC-MS/MS
SMP-00036,1.28,12601.1,3183.6,3282.0,0.0127,Uracil,LC-MS/MS
SMP-00036,2.81,47491.4,9511.9,9821.0,0.0473,Acetaminophen,LC-MS/MS
SMP-00036,4.17,73612.6,12461.7,13256.4,0.0736,Caffeine,LC-MS/MS
SMP-00036,5.58,24640.0,5309.4,5487.3,0.0249,Aspirin,LC-MS/MS
SMP-00036,7.17,65040.6,10617.6,10866.4,0.0636,Benzoic Acid,LC-MS/MS
SMP-00036,8.94,32558.7,6365.9,6481.3,0.0335,Phenacetin,LC-MS/MS
SMP-00036,10.41,18849.8,4590.7,4865.9,0.0186,Salicylic Acid,LC-MS/MS
SMP-00036,12.1,51231.2,9362.1,9309.1,0.0501,Chlorpheniramine,LC-MS/MS
SMP-00037,1.25,13045.9,3513.7,3495.8,0.0123,Uracil,LC-MS/MS
SMP-00037,2.76,46108.0,8522.1,8339.4,0.046,Acetaminophen,LC-MS/MS
SMP-00037,4.12,66353.4,10909.5,11645.8,0.0632,Caffeine,LC-MS/MS
SMP-00037,5.61,18764.6,4293.6,4435.9,0.0187,Aspirin,LC-MS/MS
SMP-00037,7.2,75858.0,13478.8,13935.5,0.0764,Benzoic Acid,LC-MS/MS
SMP-00037,9.0,27332.9,5507.1,5665.4,0.0272,Phenacetin,LC-MS/MS
SMP-00037,10.43,15116.1,3436.8,3619.6,0.0157,Salicylic Acid,LC-MS/MS
SMP-00037,12.14,51309.3,8985.5,9089.4,0.0531,Chlorpheniramine,LC-MS/MS
SMP-00038,1.27,11190.9,2953.1,2977.5,0.0114,Uracil,LC-MS/MS
SMP-00038,2.78,43405.5,7881.5,7841.2,0.0433,Acetaminophen,LC-MS/MS
SMP-00038,4.17,99679.4,15525.1,15522.7,0.0994,Caffeine,LC-MS/MS
SMP-00038,5.58,24240.6,5098.3,5157.7,0.0245,Aspirin,LC-MS/MS
SMP-00038,7.21,68117.3,11308.9,11635.6,0.0699,Benzoic Acid,LC-MS/MS
SMP-00038,8.98,30292.1,6226.7,6276.5,0.029,Phenacetin,LC-MS/MS
SMP-00038,10.4,14801.5,3663.3,3711.9,0.0144,Salicylic Acid,LC-MS/MS
SMP-00038,12.12,49476.4,8934.8,8941.6,0.0485,Chlorpheniramine,LC-MS/MS
SMP-00039,1.28,11041.4,2692.2,2768.5,0.0111,Uracil,LC-MS/MS
SMP-00039,2.83,37580.4,7062.5,7263.5,0.0367,Acetaminophen,LC-MS/MS
SMP-00039,4.15,86259.6,15035.9,15164.5,0.0856,Caffeine,LC-MS/MS
SMP-00039,5.58,23226.3,5246.6,5418.2,0.0235,Aspirin,LC-MS/MS
SMP-00039,7.19,79822.0,13397.6,14037.3,0.0788,Benzoic Acid,LC-MS/MS
SMP-00039,8.98,31247.1,6156.7,6221.2,0.0312,Phenacetin,LC-MS/MS
SMP-00039,10.41,14295.4,3471.9,3575.6,0.0138,Salicylic Acid,LC-MS/MS
SMP-00039,12.09,53008.7,9301.6,9637.7,0.0525,Chlorpheniramine,LC-MS/MS
SMP-00040,1.3,11900.6,2921.2,3076.2,0.0123,Uracil,LC-MS/MS
SMP-00040,2.78,44666.6,8554.1,8561.7,0.0436,Acetaminophen,LC-MS/MS
SMP-00040,4.13,83797.0,13925.8,14188.9,0.0825,Caffeine,LC-MS/MS
SMP-00040,5.61,23390.3,5323.8,5429.7,0.024,Aspirin,LC-MS/MS
SMP-00040,7.18,69953.5,11715.6,12113.4,0.0688,Benzoic Acid,LC-MS/MS
SMP-00040,8.94,33243.9,7051.5,7369.5,0.0337,Phenacetin,LC-MS/MS
SMP-00040,10.43,14877.1,3482.6,3593.1,0.0153,Salicylic Acid,LC-MS/MS
SMP-00040,12.07,54140.0,9605.4,10070.5,0.0541,Chlorpheniramine,LC-MS/MS
SMP-00041,1.26,12867.8,3187.5,3237.5,0.0124,Uracil,LC-MS/MS
SMP-00041,2.78,47050.1,8817.4,9382.9,0.0481,Acetaminophen,LC-MS/MS
SMP-00041,4.09,74308.2,12183.5,12231.2,0.0737,Caffeine,LC-MS/MS
SMP-00041,5.61,24643.9,5234.0,5453.1,0.0249,Aspirin,LC-MS/MS
SMP-00041,7.22,58383.3,8861.0,9180.6,0.0605,Benzoic Acid,LC-MS/MS
SMP-00041,8.92,31554.5,6669.3,6959.3,0.0308,Phenacetin,LC-MS/MS
SMP-00041,10.38,16405.4,4075.8,4121.6,0.0161,Salicylic Acid,LC-MS/MS
SMP-00041,12.09,49735.5,8844.3,9206.8,0.0493,Chlorpheniramine,LC-MS/MS
SMP-00042,1.23,13125.2,3318.7,3432.2,0.0132,Uracil,LC-MS/MS
SMP-00042,2.8,41738.4,8076.7,8261.0,0.0426,Acetaminophen,LC-MS/MS
SMP-00042,4.17,99533.7,16445.1,17167.9,0.099,Caffeine,LC-MS/MS
SMP-00042,5.61,19298.2,4206.1,4228.0,0.0184,Aspirin,LC-MS/MS
SMP-00042,7.21,62760.4,10596.1,11030.6,0.0629,Benzoic Acid,LC-MS/MS
SMP-00042,8.97,36660.8,7125.1,7441.3,0.0359,Phenacetin,LC-MS/MS
SMP-00042,10.43,14961.0,3594.7,3701.0,0.015,Salicylic Acid,LC-MS/MS
SMP-00042,12.13,45698.6,8115.3,8464.4,0.0454,Chlorpheniramine,LC-MS/MS
SMP-00043,1.24,13634.8,3571.1,3583.6,0.0134,Uracil,LC-MS/MS
SMP-00043,2.8,49952.3,9676.0,10222.0,0.0517,Acetaminophen,LC-MS/MS
SMP-00043,4.16,98413.4,16100.8,16696.0,0.0976,Caffeine,LC-MS/MS
SMP-00043,5.61,25416.8,5452.3,5601.2,0.0263,Aspirin,LC-MS/MS
SMP-00043,7.21,72864.9,12305.4,12638.9,0.0726,Benzoic Acid,LC-MS/MS
SMP-00043,8.92,27017.1,5758.7,6078.5,0.0264,Phenacetin,LC-MS/MS
SMP-00043,10.41,15465.8,3783.1,4038.8,0.0157,Salicylic Acid,LC-MS/MS
SMP-00043,12.12,51200.3,9177.4,9434.2,0.0503,Chlorpheniramine,LC-MS/MS
SMP-00044,1.29,12388.0,3109.8,3156.7,0.0128,Uracil,LC-MS/MS
SMP-00044,2.76,39194.8,7502.5,7916.7,0.0404,Acetaminophen,LC-MS/MS
SMP-00044,4.13,96980.0,15701.2,16379.4,0.101,Caffeine,LC-MS/MS
SMP-00044,5.56,27639.6,6087.1,6255.0,0.0269,Aspirin,LC-MS/MS
SMP-00044,7.23,69587.5,11956.0,12237.5,0.0715,Benzoic Acid,LC-MS/MS
SMP-00044,9.01,26234.6,5157.1,5411.9,0.0265,Phenacetin,LC-MS/MS
SMP-00044,10.41,17189.5,4327.6,4488.6,0.0172,Salicylic Acid,LC-MS/MS
SMP-00044,12.1,65098.2,11674.5,12051.6,0.065,Chlorpheniramine,LC-MS/MS
SMP-00045,1.24,13672.2,3517.9,3598.2,0.0132,Uracil,LC-MS/MS
SMP-00045,2.85,43024.6,7603.2,7889.1,0.042,Acetaminophen,LC-MS/MS
SMP-00045,4.14,77830.2,13134.1,13597.9,0.079,Caffeine,LC-MS/MS
SMP-00045,5.6,21894.6,4879.1,4809.1,0.0219,Aspirin,LC-MS/MS
SMP-00045,7.25,73019.0,12183.5,12133.6,0.0732,Benzoic Acid,LC-MS/MS
SMP-00045,8.92,30532.6,6209.8,6505.2,0.0304,Phenacetin,LC-MS/MS
SMP-00045,10.39,14401.1,3630.4,3631.7,0.0142,Salicylic Acid,LC-MS/MS
SMP-00045,12.07,56205.4,10167.9,10400.9,0.0543,Chlorpheniramine,LC-MS/MS
SMP-00046,1.23,12786.2,3145.3,3271.9,0.013,Uracil,LC-MS/MS
SMP-00046,2.79,42561.2,8509.7,8585.0,0.0418,Acetaminophen,LC-MS/MS
SMP-00046,4.12,101970.7,16990.7,16759.5,0.0981,Caffeine,LC-MS/MS
SMP-00046,5.61,24669.3,5662.2,5864.1,0.0242,Aspirin,LC-MS/MS
SMP-00046,7.17,61748.5,9720.9,9836.7,0.0609,Benzoic Acid,LC-MS/MS
SMP-00046,9.0,31500.6,6528.8,6745.1,0.0325,Phenacetin,LC-MS/MS
SMP-00046,10.42,14266.9,3459.5,3597.5,0.0138,Salicylic Acid,LC-MS/MS
SMP-00046,12.1,56935.4,10229.2,11113.0,0.059,Chlorpheniramine,LC-MS/MS
SMP-00047,1.25,13140.2,3410.2,3607.4,0.0125,Uracil,LC-MS/MS
SMP-00047,2.85,51364.7,10592.0,11260.3,0.0502,Acetaminophen,LC-MS/MS
SMP-00047,4.14,91062.9,14827.3,15133.7,0.0902,Caffeine,LC-MS/MS
SMP-00047,5.58,23598.2,5284.5,5386.7,0.0235,Aspirin,LC-MS/MS
SMP-00047,7.15,62866.4,9997.6,10340.9,0.0665,Benzoic Acid,LC-MS/MS
SMP-00047,8.99,35632.0,6899.1,6920.9,0.0356,Phenacetin,LC-MS/MS
SMP-00047,10.41,17732.1,4399.7,4514.4,0.0179,Salicylic Acid,LC-MS/MS
SMP-00047,12.06,50937.7,9348.1,9615.7,0.0513,Chlorpheniramine,LC-MS/MS
SMP-00048,1.18,60040.3,14810.0,12432.8,0.0604,Uracil,LC-MS/MS
SMP-00048,2.8,46584.9,8868.6,9190.8,0.0458,Acetaminophen,LC-MS/MS
SMP-00048,4.14,93114.8,14997.4,15562.0,0.096,Caffeine,LC-MS/MS
SMP-00048,5.64,20018.4,4517.1,4634.0,0.021,Aspirin,LC-MS/MS
SMP-00048,7.17,74406.4,12498.6,12888.9,0.0711,Benzoic Acid,LC-MS/MS
SMP-00048,8.95,31408.9,6289.9,6640.2,0.0314,Phenacetin,LC-MS/MS
SMP-00048,10.35,15250.8,3587.1,3790.8,0.0153,Salicylic Acid,LC-MS/MS
SMP-00048,12.09,61892.1,11223.1,11549.6,0.0639,Chlorpheniramine,LC-MS/MS
SMP-00049,1.28,11971.9,3037.4,3177.7,0.012,Uracil,LC-MS/MS
SMP-00049,2.8,45648.7,8826.5,8853.3,0.0468,Acetaminophen,LC-MS/MS
SMP-00049,4.11,89621.6,14268.6,15047.0,0.0907,Caffeine,LC-MS/MS
SMP-00049,5.57,24509.1,5299.8,5310.1,0.0237,Aspirin,LC-MS/MS
SMP-00049,7.15,59219.6,10061.4,10518.1,0.0576,Benzoic Acid,LC-MS/MS
SMP-00049,8.98,31743.6,6416.0,6618.9,0.032,Phenacetin,LC-MS/MS
SMP-00049,10.37,17280.8,4405.3,4614.1,0.0172,Salicylic Acid,LC-MS/MS
SMP-00049,12.1,59716.4,11158.4,11483.8,0.0601,Chlorpheniramine,LC-MS/MS
SMP-00050,1.24,14230.0,3641.0,3781.2,0.0145,Uracil,LC-MS/MS
SMP-00050,2.8,43088.9,7788.0,7836.2,0.0428,Acetaminophen,LC-MS/MS
SMP-00050,4.16,99116.5,15568.9,15473.3,0.1001,Caffeine,LC-MS/MS
SMP-00050,5.6,21765.4,4936.2,5220.1,0.0212,Aspirin,LC-MS/MS
SMP-00050,7.23,68858.4,11166.1,11428.2,0.0676,Benzoic Acid,LC-MS/MS
SMP-00050,8.96,27079.5,5526.4,5585.6,0.0273,Phenacetin,LC-MS/MS
SMP-00050,10.39,13140.7,3222.6,3288.2,0.0129,Salicylic Acid,LC-MS/MS
SMP-00050,12.13,63002.6,11432.9,11816.6,0.0619,Chlorpheniramine,LC-MS/MS
SMP-00051,1.28,11836.1,3211.0,3225.7,0.0118,Uracil,LC-MS/MS
SMP-00051,2.78,44294.3,8550.7,8832.5,0.0442,Acetaminophen,LC-MS/MS
SMP-00051,4.22,95678.3,15719.7,15877.1,0.0947,Caffeine,LC-MS/MS
SMP-00051,5.61,19671.5,4446.5,4512.3,0.0198,Aspirin,LC-MS/MS
SMP-00051,7.14,62040.3,10430.1,10842.7,0.0631,Benzoic Acid,LC-MS/MS
SMP-00051,8.95,36768.5,7581.0,7933.1,0.0366,Phenacetin,LC-MS/MS
SMP-00051,10.41,16451.7,4115.0,4164.5,0.0162,Salicylic Acid,LC-MS/MS
SMP-00051,12.12,58609.2,10400.1,10620.5,0.0584,Chlorpheniramine,LC-MS/MS
SMP-00052,1.28,13869.9,3550.8,3625.7,0.0142,Uracil,LC-MS/MS
SMP-00052,2.82,39848.2,7953.3,8272.7,0.039,Acetaminophen,LC-MS/MS
SMP-00052,4.12,79836.5,12805.8,12994.4,0.0816,Caffeine,LC-MS/MS
SMP-00052,5.6,23081.3,5209.6,5332.1,0.0233,Aspirin,LC-MS/MS
SMP-00052,7.18,56939.8,8816.6,9246.6,0.0565,Benzoic Acid,LC-MS/MS
SMP-00052,8.94,35855.8,7340.8,7497.8,0.0354,Phenacetin,LC-MS/MS
SMP-00052,10.38,15149.8,3611.9,3648.9,0.0151,Salicylic Acid,LC-MS/MS
SMP-00052,12.1,48755.8,9363.4,9742.1,0.0486,Chlorpheniramine,LC-MS/MS
SMP-00053,1.22,13406.5,3404.5,3508.6,0.0136,Uracil,LC-MS/MS
SMP-00053,2.81,37193.7,6965.1,6902.2,0.0368,Acetaminophen,LC-MS/MS
SMP-00053,4.2,81981.5,13377.3,13881.9,0.0844,Caffeine,LC-MS/MS
SMP-00053,5.62,27152.2,5734.0,5835.7,0.027,Aspirin,LC-MS/MS
SMP-00053,7.18,62879.9,10794.7,10976.5,0.0619,Benzoic Acid,LC-MS/MS
SMP-00053,8.93,27801.5,5444.9,5588.7,0.0284,Phenacetin,LC-MS/MS
SMP-00053,10.41,15705.2,3756.5,3858.3,0.0153,Salicylic Acid,LC-MS/MS
SMP-00053,12.13,45141.9,8534.5,8413.7,0.0442,Chlorpheniramine,LC-MS/MS
SMP-00054,1.23,11940.5,3183.8,3211.8,0.0117,Uracil,LC-MS/MS
SMP-00054,2.78,42596.5,7906.5,8173.9,0.0424,Acetaminophen,LC-MS/MS
SMP-00054,4.19,74751.5,12807.7,13306.8,0.0769,Caffeine,LC-MS/MS
SMP-00054,5.62,24257.7,5552.0,5644.3,0.024,Aspirin,LC-MS/MS
SMP-00054,7.24,77312.4,12456.2,12950.9,0.0772,Benzoic Acid,LC-MS/MS
SMP-00054,8.96,36874.0,7670.6,7825.5,0.0365,Phenacetin,LC-MS/MS
SMP-00054,10.41,17332.4,4379.1,4531.1,0.0175,Salicylic Acid,LC-MS/MS
SMP-00054,12.14,49267.3,8485.9,8507.6,0.0474,Chlorpheniramine,LC-MS/MS
SMP-00055,1.21,13288.6,3335.8,3498.9,0.0135,Uracil,LC-MS/MS
SMP-00055,2.81,39822.5,7074.7,7205.0,0.0402,Acetaminophen,LC-MS/MS
SMP-00055,4.17,94167.0,15340.8,15867.5,0.0939,Caffeine,LC-MS/MS
SMP-00055,5.56,25425.5,5658.8,5883.9,0.0251,Aspirin,LC-MS/MS
SMP-00055,7.24,57101.0,9359.6,9609.5,0.0574,Benzoic Acid,LC-MS/MS
SMP-00055,8.95,26563.1,5385.9,5532.0,0.0269,Phenacetin,LC-MS/MS
SMP-00055,10.43,16830.3,3948.2,4067.8,0.017,Salicylic Acid,LC-MS/MS
SMP-00055,12.14,50937.1,8815.3,8757.6,0.0504,Chlorpheniramine,LC-MS/MS
SMP-00056,1.24,9637.7,2474.1,2603.1,0.0095,Uracil,LC-MS/MS
SMP-00056,2.79,48399.0,9230.9,9350.0,0.0496,Acetaminophen,LC-MS/MS
SMP-00056,4.18,109893.1,17860.0,18386.9,0.1101,Caffeine,LC-MS/MS
SMP-00056,5.58,26415.7,5976.9,6049.6,0.026,Aspirin,LC-MS/MS
SMP-00056,7.22,70565.0,11911.4,12223.3,0.0714,Benzoic Acid,LC-MS/MS
SMP-00056,8.92,27276.4,5641.0,5764.1,0.0264,Phenacetin,LC-MS/MS
SMP-00056,10.41,17776.5,4324.1,4460.4,0.0173,Salicylic Acid,LC-MS/MS
SMP-00056,12.12,59043.6,10602.3,10907.3,0.0594,Chlorpheniramine,LC-MS/MS
SMP-00057,1.24,11501.9,2881.2,3082.4,0.0116,Uracil,LC-MS/MS
SMP-00057,2.76,40363.9,7929.0,8013.1,0.0394,Acetaminophen,LC-MS/MS
SMP-00057,4.16,100536.9,15979.6,16231.3,0.1012,Caffeine,LC-MS/MS
SMP-00057,5.62,21982.8,4647.5,4719.1,0.0213,Aspirin,LC-MS/MS
SMP-00057,7.21,67623.9,11192.3,11237.3,0.0666,Benzoic Acid,LC-MS/MS
SMP-00057,8.96,39022.8,7869.3,8250.2,0.0383,Phenacetin,LC-MS/MS
SMP-00057,10.34,14339.6,3609.0,3713.6,0.0147,Salicylic Acid,LC-MS/MS
SMP-00057,12.13,51025.3,9478.2,10066.5,0.0507,Chlorpheniramine,LC-MS/MS
SMP-00058,1.3,11328.3,2854.3,2920.5,0.0116,Uracil,LC-MS/MS
SMP-00058,2.82,44404.7,8569.4,8962.2,0.0459,Acetaminophen,LC-MS/MS
SMP-00058,4.19,97589.8,16141.7,16394.5,0.0977,Caffeine,LC-MS/MS
SMP-00058,5.58,25802.2,5623.6,5964.6,0.0251,Aspirin,LC-MS/MS
SMP-00058,7.14,72178.1,11689.2,11846.6,0.0734,Benzoic Acid,LC-MS/MS
SMP-00058,8.93,35441.4,7373.1,7591.2,0.0347,Phenacetin,LC-MS/MS
SMP-00058,10.4,15792.9,3766.9,3804.4,0.0154,Salicylic Acid,LC-MS/MS
SMP-00058,12.12,58048.3,10673.9,10875.8,0.0598,Chlorpheniramine,LC-MS/MS
SMP-00059,1.27,11937.1,2959.8,3009.7,0.0121,Uracil,LC-MS/MS
SMP-00059,2.81,32315.5,6473.9,6391.6,0.0341,Acetaminophen,LC-MS/MS
SMP-00059,4.15,98095.5,15819.5,16210.1,0.0974,Caffeine,LC-MS/MS
SMP-00059,5.6,23610.5,4702.3,4833.8,0.0229,Aspirin,LC-MS/MS
SMP-00059,7.22,73638.5,12394.7,12931.3,0.0724,Benzoic Acid,LC-MS/MS
SMP-00059,8.98,31743.6,6659.6,7000.4,0.0317,Phenacetin,LC-MS/MS
SMP-00059,10.42,17984.4,4244.3,4470.6,0.0181,Salicylic Acid,LC-MS/MS
SMP-00059,12.13,48442.2,8845.6,9292.2,0.05,Chlorpheniramine,LC-MS/MS
SMP-00060,1.22,12708.0,3242.6,3344.2,0.013,Uracil,LC-MS/MS
SMP-00060,2.82,47860.9,9041.6,9517.6,0.0473,Acetaminophen,LC-MS/MS
SMP-00060,4.07,99242.8,16010.5,16390.2,0.1019,Caffeine,LC-MS/MS
SMP-00060,5.63,25554.9,5336.4,5525.0,0.0254,Aspirin,LC-MS/MS
SMP-00060,7.16,72326.4,12416.0,12508.4,0.071,Benzoic Acid,LC-MS/MS
SMP-00060,9.02,26311.8,5115.1,5156.2,0.0256,Phenacetin,LC-MS/MS
SMP-00060,10.37,19157.9,4721.0,4961.4,0.0194,Salicylic Acid,LC-MS/MS
SMP-00060,12.06,59485.2,11125.7,11560.0,0.0595,Chlorpheniramine,LC-MS/MS
SMP-00061,1.26,10737.3,2767.1,2851.1,0.0103,Uracil,LC-MS/MS
SMP-00061,2.79,36207.3,6392.8,6357.6,0.0364,Acetaminophen,LC-MS/MS
SMP-00061,4.15,104854.7,17280.9,18351.6,0.1052,Caffeine,LC-MS/MS
SMP-00061,5.65,27853.7,6115.9,6147.8,0.0279,Aspirin,LC-MS/MS
SMP-00061,7.25,68308.0,11482.1,12205.5,0.0686,Benzoic Acid,LC-MS/MS
SMP-00061,8.98,30489.2,6085.5,6579.6,0.0301,Phenacetin,LC-MS/MS
SMP-00061,10.39,15857.6,3897.4,3988.1,0.016,Salicylic Acid,LC-MS/MS
SMP-00061,12.09,54444.8,10270.4,10364.2,0.0531,Chlorpheniramine,LC-MS/MS
SMP-00062,1.25,13610.5,3335.0,3388.4,0.0134,Uracil,LC-MS/MS
SMP-00062,2.76,49361.0,9620.3,9940.3,0.0499,Acetaminophen,LC-MS/MS
SMP-00062,4.16,106914.1,17683.4,17209.6,0.108,Caffeine,LC-MS/MS
SMP-00062,5.62,21652.6,4616.2,4759.0,0.022,Aspirin,LC-MS/MS
SMP-00062,7.14,69760.3,12042.1,12597.0,0.0733,Benzoic Acid,LC-MS/MS
SMP-00062,8.91,34080.3,7293.3,7358.1,0.0341,Phenacetin,LC-MS/MS
SMP-00062,10.41,17649.7,4578.7,4661.5,0.0175,Salicylic Acid,LC-MS/MS
SMP-00062,12.12,287007.9,56435.6,50208.9,0.296,Chlorpheniramine,LC-MS/MS
SMP-00063,1.28,12003.6,3090.8,3232.4,0.0124,Uracil,LC-MS/MS
SMP-00063,2.76,40609.3,7990.8,8326.0,0.0409,Acetaminophen,LC-MS/MS
SMP-00063,4.2,88499.6,14467.5,15228.6,0.0901,Caffeine,LC-MS/MS
SMP-00063,5.56,18865.3,4162.8,4236.3,0.0185,Aspirin,LC-MS/MS
SMP-00063,7.2,56791.8,9027.2,9229.1,0.0574,Benzoic Acid,LC-MS/MS
SMP-00063,8.97,30937.0,6259.7,6403.3,0.0303,Phenacetin,LC-MS/MS
SMP-00063,10.44,16748.3,4161.5,4316.6,0.0168,Salicylic Acid,LC-MS/MS
SMP-00063,12.07,47889.2,8369.0,8775.2,0.0472,Chlorpheniramine,LC-MS/MS
SMP-00064,1.21,12073.5,3005.8,3136.6,0.0126,Uracil,LC-MS/MS
SMP-00064,2.81,41864.7,8322.5,8851.8,0.0414,Acetaminophen,LC-MS/MS
SMP-00064,4.15,82533.1,13241.0,13949.4,0.0833,Caffeine,LC-MS/MS
SMP-00064,5.59,21649.0,4881.8,5242.6,0.0216,Aspirin,LC-MS/MS
SMP-00064,7.21,71122.1,12191.6,12258.3,0.0715,Benzoic Acid,LC-MS/MS
SMP-00064,8.99,33634.2,6864.0,6900.4,0.0349,Phenacetin,LC-MS/MS
SMP-00064,10.43,12554.9,3074.7,3216.2,0.0119,Salicylic Acid,LC-MS/MS
SMP-00064,12.14,46085.3,8296.2,8487.2,0.0454,Chlorpheniramine,LC-MS/MS
SMP-00065,1.22,11478.2,2944.2,3037.2,0.0112,Uracil,LC-MS/MS
SMP-00065,2.8,51365.2,10309.4,10612.8,0.0515,Acetaminophen,LC-MS/MS
SMP-00065,4.15,72120.3,11553.3,11593.2,0.0707,Caffeine,LC-MS/MS
SMP-00065,5.61,26029.1,5780.5,5893.5,0.0263,Aspirin,LC-MS/MS
SMP-00065,7.25,52782.3,8992.6,9359.2,0.052,Benzoic Acid,LC-MS/MS
SMP-00065,8.9,31502.0,6564.3,6687.9,0.0318,Phenacetin,LC-MS/MS
SMP-00065,10.38,16914.9,4171.3,4301.4,0.0172,Salicylic Acid,LC-MS/MS
SMP-00065,12.08,50629.4,9217.1,9695.5,0.0508,Chlorpheniramine,LC-MS/MS
SMP-00066,1.25,10968.6,2927.8,3097.6,0.0114,Uracil,LC-MS/MS
SMP-00066,2.78,45115.3,8656.0,8986.4,0.0463,Acetaminophen,LC-MS/MS
SMP-00066,4.16,91211.9,14938.4,15577.4,0.0896,Caffeine,LC-MS/MS
SMP-00066,5.61,22574.5,4983.6,5087.9,0.0226,Aspirin,LC-MS/MS
SMP-00066,7.16,64919.5,10624.1,10930.1,0.0645,Benzoic Acid,LC-MS/MS
SMP-00066,8.96,34819.3,7004.5,7233.9,0.0344,Phenacetin,LC-MS/MS
SMP-00066,10.39,17260.4,4138.6,4313.5,0.017,Salicylic Acid,LC-MS/MS
SMP-00066,12.1,45280.3,7921.8,8285.9,0.0445,Chlorpheniramine,LC-MS/MS
SMP-00067,1.21,12517.2,3161.3,3257.4,0.0119,Uracil,LC-MS/MS
SMP-00067,2.78,49055.0,9755.8,10168.1,0.0472,Acetaminophen,LC-MS/MS
SMP-00067,4.18,408384.9,61358.5,66092.5,0.4042,Caffeine,LC-MS/MS
SMP-00067,5.61,27342.3,5868.4,6177.5,0.0274,Aspirin,LC-MS/MS
SMP-00067,7.14,73662.3,11839.1,11961.6,0.0732,Benzoic Acid,LC-MS/MS
SMP-00067,8.92,35606.7,7426.0,8001.3,0.0351,Phenacetin,LC-MS/MS
SMP-00067,10.46,13588.1,3339.6,3418.4,0.0135,Salicylic Acid,LC-MS/MS
SMP-00067,12.08,64773.3,11757.9,12465.2,0.0641,Chlorpheniramine,LC-MS/MS
SMP-00068,1.27,13243.9,3386.3,3492.8,0.0136,Uracil,LC-MS/MS
SMP-00068,2.75,43040.3,8070.7,8040.5,0.0438,Acetaminophen,LC-MS/MS
SMP-00068,4.13,86435.5,14915.4,15318.2,0.0863,Caffeine,LC-MS/MS
SMP-00068,5.64,24282.6,5527.0,5587.3,0.0247,Aspirin,LC-MS/MS
SMP-00068,7.18,71220.7,12693.9,13134.0,0.0726,Benzoic Acid,LC-MS/MS
SMP-00068,8.9,32962.8,6572.1,6742.3,0.0342,Phenacetin,LC-MS/MS
SMP-00068,10.41,16433.7,4042.1,4117.6,0.0165,Salicylic Acid,LC-MS/MS
SMP-00068,12.15,55193.2,10373.4,10629.0,0.0562,Chlorpheniramine,LC-MS/MS
SMP-00069,1.22,14453.3,3976.7,4182.7,0.0142,Uracil,LC-MS/MS
SMP-00069,2.73,42205.5,8682.0,9126.6,0.0413,Acetaminophen,LC-MS/MS
SMP-00069,4.13,99096.7,16334.4,17321.2,0.098,Caffeine,LC-MS/MS
SMP-00069,5.58,22705.1,4969.6,5091.9,0.023,Aspirin,LC-MS/MS
SMP-00069,7.2,61588.9,10649.8,11342.6,0.0643,Benzoic Acid,LC-MS/MS
SMP-00069,8.95,28400.7,5630.4,5794.5,0.0276,Phenacetin,LC-MS/MS
SMP-00069,10.38,16049.2,3760.6,3859.9,0.0163,Salicylic Acid,LC-MS/MS
SMP-00069,12.11,57889.3,10576.5,10808.8,0.0581,Chlorpheniramine,LC-MS/MS
SMP-00070,1.23,12827.7,3300.5,3428.4,0.0129,Uracil,LC-MS/MS
SMP-00070,2.75,56796.5,11244.8,11693.4,0.0585,Acetaminophen,LC-MS/MS
SMP-00070,4.17,95595.4,16289.1,16883.7,0.0933,Caffeine,LC-MS/MS
SMP-00070,5.64,22793.4,5124.5,5276.0,0.023,Aspirin,LC-MS/MS
SMP-00070,7.22,52579.7,8666.8,8703.5,0.0527,Benzoic Acid,LC-MS/MS
SMP-00070,8.95,31836.8,6204.5,6263.9,0.0317,Phenacetin,LC-MS/MS
SMP-00070,10.41,13010.6,3321.7,3416.5,0.0135,Salicylic Acid,LC-MS/MS
SMP-00070,12.14,57251.0,10226.4,10486.4,0.0582,Chlorpheniramine,LC-MS/MS
SMP-00071,1.19,12482.4,3233.9,3361.6,0.0127,Uracil,LC-MS/MS
SMP-00071,2.76,53989.6,10689.1,11012.2,0.0528,Acetaminophen,LC-MS/MS
SMP-00071,4.17,88992.2,14271.6,14533.3,0.0876,Caffeine,LC-MS/MS
SMP-00071,5.62,25340.9,5478.3,5790.2,0.0265,Aspirin,LC-MS/MS
SMP-00071,7.23,58558.5,10534.1,10984.5,0.0602,Benzoic Acid,LC-MS/MS
SMP-00071,8.9,32769.0,6722.7,7049.6,0.0323,Phenacetin,LC-MS/MS
SMP-00071,10.4,15088.6,3759.5,3808.2,0.015,Salicylic Acid,LC-MS/MS
SMP-00071,12.08,57276.9,10276.3,10484.6,0.0565,Chlorpheniramine,LC-MS/MS
SMP-00072,1.3,12162.5,3063.5,3162.4,0.0124,Uracil,LC-MS/MS
SMP-00072,2.81,48737.8,9675.4,10011.0,0.0475,Acetaminophen,LC-MS/MS
SMP-00072,4.13,95781.8,16131.4,16497.3,0.0971,Caffeine,LC-MS/MS
SMP-00072,5.59,26338.5,5746.3,5841.0,0.0259,Aspirin,LC-MS/MS
SMP-00072,7.18,62346.5,10721.8,11119.4,0.0621,Benzoic Acid,LC-MS/MS
SMP-00072,8.96,27900.2,5761.0,5950.7,0.0279,Phenacetin,LC-MS/MS
SMP-00072,10.42,12799.7,2999.1,3132.4,0.0128,Salicylic Acid,LC-MS/MS
SMP-00072,12.15,62585.5,11606.7,11979.2,0.0639,Chlorpheniramine,LC-MS/MS
SMP-00073,1.26,12143.7,3077.4,3125.2,0.0123,Uracil,LC-MS/MS
SMP-00073,2.74,50388.1,9902.1,10362.9,0.0503,Acetaminophen,LC-MS/MS
SMP-00073,4.14,84650.4,13280.1,14152.6,0.083,Caffeine,LC-MS/MS
SMP-00073,5.56,21039.7,4831.5,5032.6,0.0212,Aspirin,LC-MS/MS
SMP-00073,7.23,61675.0,10351.9,10515.2,0.0638,Benzoic Acid,LC-MS/MS
SMP-00073,8.99,30734.3,6169.9,6187.9,0.0309,Phenacetin,LC-MS/MS
SMP-00073,10.42,14505.1,3482.9,3556.6,0.0145,Salicylic Acid,LC-MS/MS
SMP-00073,12.1,58054.9,10627.6,10732.5,0.0582,Chlorpheniramine,LC-MS/MS
SMP-00074,1.25,12994.0,3265.9,3278.4,0.0131,Uracil,LC-MS/MS
SMP-00074,2.83,42842.3,8761.0,9139.1,0.0415,Acetaminophen,LC-MS/MS
SMP-00074,4.15,88191.8,13954.5,13870.7,0.0877,Caffeine,LC-MS/MS
SMP-00074,5.62,23548.9,5036.6,5265.8,0.0233,Aspirin,LC-MS/MS
SMP-00074,7.19,63750.5,10593.1,11073.7,0.0641,Benzoic Acid,LC-MS/MS
SMP-00074,8.98,29136.2,5702.2,5681.0,0.0299,Phenacetin,LC-MS/MS
SMP-00074,10.38,15153.3,3685.4,3703.8,0.0152,Salicylic Acid,LC-MS/MS
SMP-00074,12.09,55499.1,9914.3,10413.3,0.0545,Chlorpheniramine,LC-MS/MS
SMP-00075,1.29,12678.5,3489.3,3645.6,0.013,Uracil,LC-MS/MS
SMP-00075,2.78,50086.1,9469.3,9443.7,0.0504,Acetaminophen,LC-MS/MS
SMP-00075,4.19,92893.7,15070.5,15481.8,0.0938,Caffeine,LC-MS/MS
SMP-00075,5.6,24568.8,5601.7,5904.3,0.0251,Aspirin,LC-MS/MS
SMP-00075,7.25,61487.1,10782.5,11122.7,0.0594,Benzoic Acid,LC-MS/MS
SMP-00075,8.96,27089.7,5562.9,5486.7,0.0282,Phenacetin,LC-MS/MS
SMP-00075,10.4,17094.0,4165.2,4185.4,0.0165,Salicylic Acid,LC-MS/MS
SMP-00075,12.12,51852.2,8787.0,9107.9,0.0518,Chlorpheniramine,LC-MS/MS
SMP-00076,1.23,9845.7,2477.9,2590.5,0.0101,Uracil,LC-MS/MS
SMP-00076,2.78,37524.3,7609.6,7768.8,0.0369,Acetaminophen,LC-MS/MS
SMP-00076,4.14,92886.9,14932.6,15782.8,0.094,Caffeine,LC-MS/MS
SMP-00076,5.64,20311.6,4505.8,4712.0,0.0207,Aspirin,LC-MS/MS
SMP-00076,7.16,54883.1,9286.3,9549.0,0.0546,Benzoic Acid,LC-MS/MS
SMP-00076,8.95,29620.4,6220.3,6239.7,0.0289,Phenacetin,LC-MS/MS
SMP-00076,10.39,16572.6,3950.0,4080.0,0.0169,Salicylic Acid,LC-MS/MS
SMP-00076,12.13,51512.8,8878.0,8702.4,0.0509,Chlorpheniramine,LC-MS/MS
SMP-00077,1.24,14881.6,3702.7,3769.6,0.0144,Uracil,LC-MS/MS
SMP-00077,2.78,37560.9,7255.4,7684.0,0.0394,Acetaminophen,LC-MS/MS
SMP-00077,4.17,85408.7,13786.3,14056.1,0.0882,Caffeine,LC-MS/MS
SMP-00077,5.54,20495.3,4430.8,4578.7,0.0202,Aspirin,LC-MS/MS
SMP-00077,7.21,64862.9,11002.0,11127.8,0.0635,Benzoic Acid,LC-MS/MS
SMP-00077,8.95,22197.4,4466.7,4649.4,0.0231,Phenacetin,LC-MS/MS
SMP-00077,10.41,17190.3,4301.4,4528.3,0.0168,Salicylic Acid,LC-MS/MS
SMP-00077,12.05,59886.6,10630.0,10732.5,0.0618,Chlorpheniramine,LC-MS/MS
SMP-00078,1.24,12428.1,3175.0,3340.6,0.0126,Uracil,LC-MS/MS
SMP-00078,2.82,44404.5,8472.0,8820.5,0.0448,Acetaminophen,LC-MS/MS
SMP-00078,4.12,89661.8,14038.5,14661.0,0.0891,Caffeine,LC-MS/MS
SMP-00078,5.62,22554.5,5045.9,5121.6,0.0227,Aspirin,LC-MS/MS
SMP-00078,7.14,64088.4,10668.1,10942.4,0.0646,Benzoic Acid,LC-MS/MS
SMP-00078,8.95,32472.8,6730.5,7059.4,0.0329,Phenacetin,LC-MS/MS
SMP-00078,10.43,14609.8,3584.8,3758.9,0.0146,Salicylic Acid,LC-MS/MS
SMP-00078,12.15,56404.1,10275.6,10644.6,0.0555,Chlorpheniramine,LC-MS/MS
SMP-00079,1.24,11400.4,2941.6,3052.1,0.0117,Uracil,LC-MS/MS
SMP-00079,2.8,48387.4,9684.2,10162.7,0.0482,Acetaminophen,LC-MS/MS
SMP-00079,4.14,108210.5,18019.7,19000.6,0.1065,Caffeine,LC-MS/MS
SMP-00079,5.64,20232.7,4454.0,4418.3,0.0216,Aspirin,LC-MS/MS
SMP-00079,7.19,73527.3,12093.2,12617.6,0.0729,Benzoic Acid,LC-MS/MS
SMP-00079,8.93,31741.7,6322.2,6535.9,0.0317,Phenacetin,LC-MS/MS
SMP-00079,10.45,15332.5,3736.9,3920.6,0.015,Salicylic Acid,LC-MS/MS
SMP-00079,12.08,60113.7,10590.3,11462.9,0.0604,Chlorpheniramine,LC-MS/MS
SMP-00080,1.27,11716.6,3012.1,3068.5,0.0118,Uracil,LC-MS/MS
SMP-00080,2.84,46911.7,9134.2,9387.0,0.0463,Acetaminophen,LC-MS/MS
SMP-00080,4.14,100574.1,16579.0,16885.6,0.0993,Caffeine,LC-MS/MS
SMP-00080,5.63,25489.7,5573.3,5676.4,0.0257,Aspirin,LC-MS/MS
SMP-00080,7.19,78309.4,12810.8,13231.5,0.0783,Benzoic Acid,LC-MS/MS
SMP-00080,8.96,26910.6,5325.5,5546.7,0.0269,Phenacetin,LC-MS/MS
SMP-00080,10.36,16035.9,3856.6,4026.8,0.0161,Salicylic Acid,LC-MS/MS
SMP-00080,12.06,51279.3,9381.9,9795.0,0.0492,Chlorpheniramine,LC-MS/MS
SMP-00081,1.26,12060.0,2913.9,2942.0,0.0124,Uracil,LC-MS/MS
SMP-00081,2.8,44264.1,8471.1,8669.6,0.0451,Acetaminophen,LC-MS/MS
SMP-00081,4.17,87145.7,14341.0,15216.0,0.0887,Caffeine,LC-MS/MS
SMP-00081,5.56,18639.9,4241.0,4358.3,0.017,Aspirin,LC-MS/MS
SMP-00081,7.23,69784.5,11654.0,11655.6,0.0713,Benzoic Acid,LC-MS/MS
SMP-00081,9.03,31435.8,6484.2,6784.9,0.0307,Phenacetin,LC-MS/MS
SMP-00081,10.42,16099.3,3865.0,3976.6,0.0157,Salicylic Acid,LC-MS/MS
SMP-00081,12.13,50989.2,9016.5,9216.5,0.0497,Chlorpheniramine,LC-MS/MS
SMP-00082,1.2,11324.0,2938.0,2910.0,0.0118,Uracil,LC-MS/MS
SMP-00082,2.8,51698.0,10138.3,10580.9,0.0528,Acetaminophen,LC-MS/MS
SMP-00082,4.16,111151.2,18590.9,19783.1,0.1114,Caffeine,LC-MS/MS
SMP-00082,5.67,21894.6,4663.4,5028.0,0.021,Aspirin,LC-MS/MS
SMP-00082,7.18,66556.8,10468.5,10751.2,0.0648,Benzoic Acid,LC-MS/MS
SMP-00082,8.96,26732.1,5679.0,5957.5,0.0254,Phenacetin,LC-MS/MS
SMP-00082,10.38,21249.6,5179.9,5190.1,0.0213,Salicylic Acid,LC-MS/MS
SMP-00082,12.08,61573.8,11138.5,11503.8,0.0628,Chlorpheniramine,LC-MS/MS
SMP-00083,1.26,11093.8,2848.4,2953.7,0.0111,Uracil,LC-MS/MS
SMP-00083,2.78,54600.5,10757.3,10730.8,0.0546,Acetaminophen,LC-MS/MS
SMP-00083,4.16,103792.7,16428.3,16407.8,0.1054,Caffeine,LC-MS/MS
SMP-00083,5.59,25184.6,5411.9,5428.0,0.0247,Aspirin,LC-MS/MS
SMP-00083,7.13,66474.8,10796.6,10663.2,0.0674,Benzoic Acid,LC-MS/MS
SMP-00083,8.97,29880.1,6188.8,6285.1,0.0301,Phenacetin,LC-MS/MS
SMP-00083,10.38,16456.2,4183.6,4350.4,0.0162,Salicylic Acid,LC-MS/MS
SMP-00083,12.1,47558.7,8913.7,9550.6,0.047,Chlorpheniramine,LC-MS/MS
SMP-00084,1.23,12199.4,3080.6,3251.2,0.0125,Uracil,LC-MS/MS
SMP-00084,2.84,53717.5,9983.7,10236.0,0.0538,Acetaminophen,LC-MS/MS
SMP-00084,4.1,86325.1,13725.5,13892.0,0.086,Caffeine,LC-MS/MS
SMP-00084,5.62,26258.1,5720.0,5909.2,0.0265,Aspirin,LC-MS/MS
SMP-00084,7.17,67560.4,10893.7,11308.4,0.0654,Benzoic Acid,LC-MS/MS
SMP-00084,8.95,27668.7,5738.2,5812.4,0.0262,Phenacetin,LC-MS/MS
SMP-00084,10.43,16224.5,4016.9,3911.5,0.0161,Salicylic Acid,LC-MS/MS
SMP-00084,12.09,58662.4,10755.7,10957.3,0.0597,Chlorpheniramine,LC-MS/MS
SMP-00085,1.27,13273.2,3294.9,3404.3,0.0134,Uracil,LC-MS/MS
SMP-00085,2.79,42763.5,8638.8,8720.6,0.043,Acetaminophen,LC-MS/MS
SMP-00085,4.17,88741.7,14033.3,14523.5,0.0922,Caffeine,LC-MS/MS
SMP-00085,5.63,19364.8,4554.2,4801.4,0.0193,Aspirin,LC-MS/MS
SMP-00085,7.25,66988.3,10760.7,11262.3,0.0667,Benzoic Acid,LC-MS/MS
SMP-00085,8.94,26374.1,5318.1,5534.6,0.0257,Phenacetin,LC-MS/MS
SMP-00085,10.34,14196.6,3488.4,3606.1,0.0144,Salicylic Acid,LC-MS/MS
SMP-00085,12.15,51582.9,9504.4,9662.3,0.0528,Chlorpheniramine,LC-MS/MS
SMP-00086,1.24,12442.5,3110.1,3179.9,0.0121,Uracil,LC-MS/MS
SMP-00086,2.8,48778.8,9366.0,9403.9,0.0487,Acetaminophen,LC-MS/MS
SMP-00086,4.12,104740.7,16921.7,18413.6,0.1041,Caffeine,LC-MS/MS
SMP-00086,5.59,21185.1,4793.7,4888.8,0.0212,Aspirin,LC-MS/MS
SMP-00086,7.2,68823.0,11242.9,11794.9,0.0711,Benzoic Acid,LC-MS/MS
SMP-00086,8.92,31666.4,6836.4,7018.4,0.0326,Phenacetin,LC-MS/MS
SMP-00086,10.4,17276.8,4244.3,4337.0,0.0178,Salicylic Acid,LC-MS/MS
SMP-00086,12.1,318309.1,52910.5,51657.1,0.3269,Chlorpheniramine,LC-MS/MS
SMP-00087,1.26,13315.6,3475.3,3569.4,0.0129,Uracil,LC-MS/MS
SMP-00087,2.83,48867.8,9476.6,10025.8,0.0479,Acetaminophen,LC-MS/MS
SMP-00087,4.2,103623.9,17720.0,17823.9,0.103,Caffeine,LC-MS/MS
SMP-00087,5.63,20417.7,4558.4,4622.0,0.0204,Aspirin,LC-MS/MS
SMP-00087,7.22,54639.2,9222.3,9272.6,0.0536,Benzoic Acid,LC-MS/MS
SMP-00087,8.96,27354.1,5152.7,5329.0,0.0275,Phenacetin,LC-MS/MS
SMP-00087,10.45,16991.2,3970.3,4161.3,0.0166,Salicylic Acid,LC-MS/MS
SMP-00087,12.15,63911.4,11187.0,11446.7,0.0625,Chlorpheniramine,LC-MS/MS
SMP-00088,1.31,12638.3,3226.2,3311.8,0.0125,Uracil,LC-MS/MS
SMP-00088,2.82,44444.6,8537.0,8762.7,0.0445,Acetaminophen,LC-MS/MS
SMP-00088,4.14,85419.4,14088.3,14416.2,0.0851,Caffeine,LC-MS/MS
SMP-00088,5.6,24338.1,5095.4,5268.6,0.0246,Aspirin,LC-MS/MS
SMP-00088,7.18,73916.3,12614.4,12765.7,0.0745,Benzoic Acid,LC-MS/MS
SMP-00088,8.89,32261.5,6348.2,6542.6,0.0313,Phenacetin,LC-MS/MS
SMP-00088,10.47,14611.5,3450.8,3442.7,0.0143,Salicylic Acid,LC-MS/MS
SMP-00088,12.1,44796.8,8027.5,8205.5,0.0454,Chlorpheniramine,LC-MS/MS
SMP-00089,1.26,12314.6,3001.4,3028.3,0.0127,Uracil,LC-MS/MS
SMP-00089,2.81,45699.6,8441.4,8647.8,0.0461,Acetaminophen,LC-MS/MS
SMP-00089,4.18,92703.5,15331.5,15622.3,0.0953,Caffeine,LC-MS/MS
SMP-00089,5.61,22548.5,5175.8,5319.3,0.0229,Aspirin,LC-MS/MS
SMP-00089,7.24,74124.6,12857.7,13179.6,0.0754,Benzoic Acid,LC-MS/MS
SMP-00089,8.99,33681.4,6956.9,7337.0,0.032,Phenacetin,LC-MS/MS
SMP-00089,10.38,17507.8,4251.6,4449.0,0.0176,Salicylic Acid,LC-MS/MS
SMP-00089,12.13,54656.5,10057.0,10377.0,0.0543,Chlorpheniramine,LC-MS/MS
SMP-00090,1.3,13635.4,3437.0,3604.7,0.0135,Uracil,LC-MS/MS
SMP-00090,2.77,46874.8,8739.4,9046.2,0.048,Acetaminophen,LC-MS/MS
SMP-00090,4.17,87236.3,13178.1,13654.1,0.086,Caffeine,LC-MS/MS
SMP-00090,5.54,23643.2,5311.1,5624.7,0.0238,Aspirin,LC-MS/MS
SMP-00090,7.2,54699.5,8473.3,8780.9,0.0555,Benzoic Acid,LC-MS/MS
SMP-00090,8.99,33950.4,7088.9,7078.3,0.0336,Phenacetin,LC-MS/MS
SMP-00090,10.36,13793.3,3192.5,3249.1,0.0139,Salicylic Acid,LC-MS/MS
SMP-00090,12.1,52613.1,9223.8,9754.0,0.053,Chlorpheniramine,LC-MS/MS
SMP-00091,1.22,10963.4,2847.7,2942.7,0.0113,Uracil,LC-MS/MS
SMP-00091,2.79,43663.3,8778.3,8909.6,0.0444,Acetaminophen,LC-MS/MS
SMP-00091,4.17,101773.5,16789.9,17959.9,0.1025,Caffeine,LC-MS/MS
SMP-00091,5.61,22726.4,4892.1,5023.6,0.0223,Aspirin,LC-MS/MS
SMP-00091,7.21,73691.1,12471.0,13016.0,0.0719,Benzoic Acid,LC-MS/MS
SMP-00091,8.89,33175.0,6811.0,7056.8,0.0331,Phenacetin,LC-MS/MS
SMP-00091,10.34,16147.4,4136.0,4293.1,0.016,Salicylic Acid,LC-MS/MS
SMP-00091,12.11,56343.7,10777.8,11205.9,0.0557,Chlorpheniramine,LC-MS/MS
SMP-00092,1.28,10441.0,2636.3,2680.3,0.0107,Uracil,LC-MS/MS
SMP-00092,2.81,37248.8,7104.3,7313.8,0.0372,Acetaminophen,LC-MS/MS
SMP-00092,4.17,91439.0,15445.9,15747.4,0.0912,Caffeine,LC-MS/MS
SMP-00092,5.65,26039.3,5545.1,5569.5,0.0265,Aspirin,LC-MS/MS
SMP-00092,7.22,57527.5,9368.7,9527.9,0.0572,Benzoic Acid,LC-MS/MS
SMP-00092,8.9,29082.6,5861.8,5791.6,0.0301,Phenacetin,LC-MS/MS
SMP-00092,10.37,14764.2,3538.2,3590.1,0.0149,Salicylic Acid,LC-MS/MS
SMP-00092,12.13,57602.6,10411.9,11132.2,0.0585,Chlorpheniramine,LC-MS/MS
SMP-00093,1.24,13902.7,3498.8,3530.1,0.0142,Uracil,LC-MS/MS
SMP-00093,2.78,54635.6,10512.4,11049.1,0.0551,Acetaminophen,LC-MS/MS
SMP-00093,4.15,67426.3,11402.4,11767.1,0.0692,Caffeine,LC-MS/MS
SMP-00093,5.6,19975.2,4301.7,4499.8,0.0202,Aspirin,LC-MS/MS
SMP-00093,7.23,68702.0,10577.7,11207.6,0.069,Benzoic Acid,LC-MS/MS
SMP-00093,9.01,33330.9,6891.6,7063.5,0.0327,Phenacetin,LC-MS/MS
SMP-00093,10.4,13985.0,3376.5,3552.9,0.0137,Salicylic Acid,LC-MS/MS
SMP-00093,12.09,55101.3,9694.1,9904.9,0.0526,Chlorpheniramine,LC-MS/MS
SMP-00094,1.27,13321.3,3532.2,3566.8,0.0135,Uracil,LC-MS/MS
SMP-00094,2.79,47395.8,9236.7,9348.6,0.0489,Acetaminophen,LC-MS/MS
SMP-00094,4.11,94566.2,15107.6,15817.4,0.0932,Caffeine,LC-MS/MS
SMP-00094,5.62,21961.0,4892.2,4999.9,0.0215,Aspirin,LC-MS/MS
SMP-00094,7.23,69812.7,10890.5,10985.8,0.0695,Benzoic Acid,LC-MS/MS
SMP-00094,8.97,33754.6,7003.8,7214.9,0.0338,Phenacetin,LC-MS/MS
SMP-00094,10.38,12414.1,3067.8,3148.9,0.0119,Salicylic Acid,LC-MS/MS
SMP-00094,12.13,49367.9,8832.4,9016.4,0.0484,Chlorpheniramine,LC-MS/MS
SMP-00095,1.24,13549.1,3493.4,3658.0,0.0136,Uracil,LC-MS/MS
SMP-00095,2.75,47757.2,9517.4,9817.6,0.0487,Acetaminophen,LC-MS/MS
SMP-00095,4.15,93409.0,16029.1,16268.7,0.0941,Caffeine,LC-MS/MS
SMP-00095,5.58,27473.2,6091.1,6198.9,0.0278,Aspirin,LC-MS/MS
SMP-00095,7.19,69246.9,11408.8,11638.9,0.0699,Benzoic Acid,LC-MS/MS
SMP-00095,8.93,30912.4,6738.5,7026.9,0.03,Phenacetin,LC-MS/MS
SMP-00095,10.37,13355.0,3253.4,3443.6,0.0137,Salicylic Acid,LC-MS/MS
SMP-00095,12.13,52737.3,9705.2,10348.0,0.055,Chlorpheniramine,LC-MS/MS
SMP-00096,1.26,11714.4,3107.3,3247.1,0.0118,Uracil,LC-MS/MS
SMP-00096,2.81,45748.7,8947.7,9202.2,0.0461,Acetaminophen,LC-MS/MS
SMP-00096,4.18,65245.7,10530.9,10759.6,0.0659,Caffeine,LC-MS/MS
SMP-00096,5.61,23410.6,5104.4,5338.7,0.0243,Aspirin,LC-MS/MS
SMP-00096,7.21,70732.6,11595.9,11778.4,0.0697,Benzoic Acid,LC-MS/MS
SMP-00096,8.97,32273.5,6570.3,6855.4,0.0321,Phenacetin,LC-MS/MS
SMP-00096,10.39,16227.3,3853.0,3849.9,0.0164,Salicylic Acid,LC-MS/MS
SMP-00096,12.09,40778.8,7713.3,7973.3,0.0433,Chlorpheniramine,LC-MS/MS
SMP-00097,1.24,12461.8,3255.0,3316.5,0.0129,Uracil,LC-MS/MS
SMP-00097,2.78,52315.4,9841.4,10264.8,0.0512,Acetaminophen,LC-MS/MS
SMP-00097,4.13,84892.0,13958.7,14489.1,0.0856,Caffeine,LC-MS/MS
SMP-00097,5.57,22682.5,5014.3,5200.3,0.0224,Aspirin,LC-MS/MS
SMP-00097,7.19,63222.1,10195.5,10307.7,0.0619,Benzoic Acid,LC-MS/MS
SMP-00097,8.99,31314.9,6769.6,6733.9,0.0318,Phenacetin,LC-MS/MS
SMP-00097,10.35,15892.1,3893.1,4041.5,0.0157,Salicylic Acid,LC-MS/MS
SMP-00097,12.13,48762.9,8705.1,9072.9,0.0478,Chlorpheniramine,LC-MS/MS
SMP-00098,1.23,13543.6,3482.8,3651.5,0.0128,Uracil,LC-MS/MS
SMP-00098,2.82,48924.1,9323.0,9916.3,0.0482,Acetaminophen,LC-MS/MS
SMP-00098,4.15,72365.1,12052.7,12429.5,0.071,Caffeine,LC-MS/MS
SMP-00098,5.68,21569.0,4917.3,5050.3,0.0217,Aspirin,LC-MS/MS
SMP-00098,7.23,70261.9,11343.6,11749.5,0.0706,Benzoic Acid,LC-MS/MS
SMP-00098,8.92,35032.1,6965.3,7270.7,0.0346,Phenacetin,LC-MS/MS
SMP-00098,10.34,16980.9,4101.6,4147.0,0.0176,Salicylic Acid,LC-MS/MS
SMP-00098,12.11,55112.0,10192.5,10391.1,0.0569,Chlorpheniramine,LC-MS/MS
SMP-00099,1.23,12714.6,3473.4,3545.6,0.0129,Uracil,LC-MS/MS
SMP-00099,2.78,47176.4,9568.2,9606.7,0.0474,Acetaminophen,LC-MS/MS
SMP-00099,4.14,86573.7,13735.2,14035.9,0.0856,Caffeine,LC-MS/MS
SMP-00099,5.58,23843.1,5458.7,5515.6,0.0234,Aspirin,LC-MS/MS
SMP-00099,7.18,74064.4,12576.6,13036.3,0.0757,Benzoic Acid,LC-MS/MS
SMP-00099,8.95,34951.2,7638.1,7808.9,0.0348,Phenacetin,LC-MS/MS
SMP-00099,10.4,13415.9,3322.1,3424.5,0.0135,Salicylic Acid,LC-MS/MS
SMP-00099,12.09,51453.7,9107.2,9612.2,0.0518,Chlorpheniramine,LC-MS/MS
SMP-00100,1.28,13040.1,3085.9,3282.4,0.0136,Uracil,LC-MS/MS
SMP-00100,2.82,44195.0,8470.9,8929.7,0.0438,Acetaminophen,LC-MS/MS
SMP-00100,4.17,76866.2,12314.8,12888.1,0.0737,Caffeine,LC-MS/MS
SMP-00100,5.59,21298.9,4511.2,4560.3,0.021,Aspirin,LC-MS/MS
SMP-00100,7.19,64494.6,10363.6,10738.0,0.0648,Benzoic Acid,LC-MS/MS
SMP-00100,8.98,30536.5,6371.0,6469.0,0.0299,Phenacetin,LC-MS/MS
SMP-00100,10.37,17129.3,4412.8,4610.5,0.0171,Salicylic Acid,LC-MS/MS
SMP-00100,12.07,53027.1,9343.4,9508.5,0.0544,Chlorpheniramine,LC-MS/MS
SMP-00101,1.27,13734.6,3544.0,3677.1,0.0138,Uracil,LC-MS/MS
SMP-00101,2.79,48871.6,9147.1,9330.8,0.0492,Acetaminophen,LC-MS/MS
SMP-00101,4.15,86230.1,14198.2,14705.4,0.0863,Caffeine,LC-MS/MS
SMP-00101,5.61,21747.5,4955.4,5231.1,0.0217,Aspirin,LC-MS/MS
SMP-00101,7.16,72232.4,11679.7,12140.0,0.0706,Benzoic Acid,LC-MS/MS
SMP-00101,8.95,31275.1,6339.8,6580.5,0.0306,Phenacetin,LC-MS/MS
SMP-00101,10.39,18134.4,4187.6,4329.0,0.0179,Salicylic Acid,LC-MS/MS
SMP-00101,12.13,46658.1,8846.7,9032.5,0.0464,Chlorpheniramine,LC-MS/MS
SMP-00102,1.18,11804.8,2910.9,2900.7,0.0121,Uracil,LC-MS/MS
SMP-00102,2.81,41326.1,8328.1,8591.2,0.0411,Acetaminophen,LC-MS/MS
SMP-00102,4.15,87004.6,13983.1,14300.5,0.0881,Caffeine,LC-MS/MS
SMP-00102,5.64,22381.1,4752.3,4908.5,0.0216,Aspirin,LC-MS/MS
SMP-00102,7.23,78147.6,13140.5,13574.7,0.0777,Benzoic Acid,LC-MS/MS
SMP-00102,8.95,32127.0,6435.5,6652.2,0.0312,Phenacetin,LC-MS/MS
SMP-00102,10.43,20238.3,4950.0,5102.1,0.0207,Salicylic Acid,LC-MS/MS
SMP-00102,12.05,58057.7,10912.3,11366.3,0.0578,Chlorpheniramine,LC-MS/MS
SMP-00103,1.23,12279.2,3112.2,3130.9,0.0123,Uracil,LC-MS/MS
SMP-00103,2.8,48376.7,9242.1,9752.7,0.0481,Acetaminophen,LC-MS/MS
SMP-00103,4.12,85419.2,13792.4,14316.2,0.0856,Caffeine,LC-MS/MS
SMP-00103,5.59,24625.5,5450.8,5683.5,0.0243,Aspirin,LC-MS/MS
SMP-00103,7.17,82208.5,13140.9,13412.1,0.0821,Benzoic Acid,LC-MS/MS
SMP-00103,9.0,28099.2,5994.8,6003.4,0.0292,Phenacetin,LC-MS/MS
SMP-00103,10.42,15965.5,3792.1,3911.1,0.0161,Salicylic Acid,LC-MS/MS
SMP-00103,12.11,53440.5,9437.7,9919.2,0.0527,Chlorpheniramine,LC-MS/MS
SMP-00104,1.27,11245.5,2900.3,2931.7,0.0116,Uracil,LC-MS/MS
SMP-00104,2.82,43079.3,8115.4,8345.4,0.0436,Acetaminophen,LC-MS/MS
SMP-00104,4.2,91933.6,15636.3,15762.2,0.0913,Caffeine,LC-MS/MS
SMP-00104,5.6,20947.6,4703.5,4845.3,0.0211,Aspirin,LC-MS/MS
SMP-00104,7.19,74607.2,13106.1,13641.0,0.0749,Benzoic Acid,LC-MS/MS
SMP-00104,8.93,28670.0,5760.7,5990.3,0.0289,Phenacetin,LC-MS/MS
SMP-00104,10.36,16488.9,4178.7,4206.4,0.0168,Salicylic Acid,LC-MS/MS
SMP-00104,12.1,46069.9,8127.1,8507.2,0.0472,Chlorpheniramine,LC-MS/MS
SMP-00105,1.24,14083.2,3639.8,3793.0,0.0143,Uracil,LC-MS/MS
SMP-00105,2.89,48689.5,9984.7,10150.6,0.0473,Acetaminophen,LC-MS/MS
SMP-00105,4.1,83722.8,13596.6,13665.4,0.0839,Caffeine,LC-MS/MS
SMP-00105,5.59,21949.9,5053.6,5212.5,0.0221,Aspirin,LC-MS/MS
SMP-00105,7.18,65895.1,11729.3,11941.1,0.0681,Benzoic Acid,LC-MS/MS
SMP-00105,8.96,29666.9,6143.7,6410.7,0.03,Phenacetin,LC-MS/MS
SMP-00105,10.37,16497.6,4161.5,4339.5,0.0169,Salicylic Acid,LC-MS/MS
SMP-00105,12.07,52192.6,9731.3,9962.8,0.051,Chlorpheniramine,LC-MS/MS
SMP-00106,1.29,13493.7,3415.4,3470.8,0.0132,Uracil,LC-MS/MS
SMP-00106,2.8,50181.6,9657.6,9990.1,0.0513,Acetaminophen,LC-MS/MS
SMP-00106,4.21,91074.3,14744.5,15354.6,0.0916,Caffeine,LC-MS/MS
SMP-00106,5.61,24961.2,5771.3,6085.5,0.0256,Aspirin,LC-MS/MS
SMP-00106,7.2,61189.6,10115.0,10300.6,0.0622,Benzoic Acid,LC-MS/MS
SMP-00106,8.94,32998.8,6849.2,7112.9,0.0333,Phenacetin,LC-MS/MS
SMP-00106,10.44,17020.1,4293.4,4448.3,0.0169,Salicylic Acid,LC-MS/MS
SMP-00106,12.08,48747.8,8279.8,8396.0,0.0486,Chlorpheniramine,LC-MS/MS
SMP-00107,1.2,11728.9,3111.8,3186.5,0.0118,Uracil,LC-MS/MS
SMP-00107,2.8,48266.8,9033.3,9213.7,0.0479,Acetaminophen,LC-MS/MS
SMP-00107,4.13,74062.5,11802.2,12491.9,0.0764,Caffeine,LC-MS/MS
SMP-00107,5.57,20848.8,4541.6,4693.6,0.0212,Aspirin,LC-MS/MS
SMP-00107,7.19,79214.9,13526.2,13864.5,0.0773,Benzoic Acid,LC-MS/MS
SMP-00107,9.0,30719.0,6640.9,6698.6,0.0319,Phenacetin,LC-MS/MS
SMP-00107,10.37,14841.7,3550.4,3547.4,0.0146,Salicylic Acid,LC-MS/MS
SMP-00107,12.14,57581.1,10249.6,10402.6,0.0591,Chlorpheniramine,LC-MS/MS
SMP-00108,1.28,14122.6,3702.1,3815.8,0.0144,Uracil,LC-MS/MS
SMP-00108,2.83,42955.0,8853.3,9268.6,0.0429,Acetaminophen,LC-MS/MS
SMP-00108,4.18,86669.0,13630.7,13704.4,0.0855,Caffeine,LC-MS/MS
SMP-00108,5.6,28532.5,6304.4,6517.0,0.0283,Aspirin,LC-MS/MS
SMP-00108,7.16,69502.4,11542.3,11876.7,0.0696,Benzoic Acid,LC-MS/MS
SMP-00108,8.92,34628.6,7376.1,7705.1,0.0355,Phenacetin,LC-MS/MS
SMP-00108,10.33,14129.2,3504.8,3451.7,0.0142,Salicylic Acid,LC-MS/MS
SMP-00108,12.11,48783.4,8735.9,8950.7,0.0491,Chlorpheniramine,LC-MS/MS
SMP-00109,1.2,15448.2,4007.5,4114.3,0.0154,Uracil,LC-MS/MS
SMP-00109,2.81,48044.0,8956.4,8867.3,0.0493,Acetaminophen,LC-MS/MS
SMP-00109,4.16,100068.9,16125.6,16789.9,0.097,Caffeine,LC-MS/MS
SMP-00109,5.6,25507.1,5572.2,5975.5,0.0244,Aspirin,LC-MS/MS
SMP-00109,7.15,74442.3,12658.1,12887.5,0.074,Benzoic Acid,LC-MS/MS
SMP-00109,8.98,29779.5,6186.4,6391.0,0.0302,Phenacetin,LC-MS/MS
SMP-00109,10.42,16867.1,4197.9,4386.8,0.0168,Salicylic Acid,LC-MS/MS
SMP-00109,12.08,57979.3,10232.1,10508.4,0.058,Chlorpheniramine,LC-MS/MS
SMP-00110,1.27,13419.6,3476.7,3492.8,0.0134,Uracil,LC-MS/MS
SMP-00110,2.81,42749.4,8167.9,8408.8,0.0418,Acetaminophen,LC-MS/MS
SMP-00110,4.19,79064.0,12303.4,12939.9,0.0789,Caffeine,LC-MS/MS
SMP-00110,5.56,25542.0,5692.9,5739.1,0.0257,Aspirin,LC-MS/MS
SMP-00110,7.23,69414.0,11447.6,11515.5,0.0678,Benzoic Acid,LC-MS/MS
SMP-00110,8.98,30961.1,6680.9,6768.6,0.0304,Phenacetin,LC-MS/MS
SMP-00110,10.4,18105.8,4494.6,4642.2,0.0179,Salicylic Acid,LC-MS/MS
SMP-00110,12.17,55305.2,9664.3,9673.4,0.055,Chlorpheniramine,LC-MS/MS
SMP-00111,1.23,12022.0,3054.4,3230.5,0.0118,Uracil,LC-MS/MS
SMP-00111,2.84,53147.8,10201.9,10494.7,0.0549,Acetaminophen,LC-MS/MS
SMP-00111,4.13,81793.4,13407.0,13602.8,0.0813,Caffeine,LC-MS/MS
SMP-00111,5.56,23996.9,5390.3,5542.3,0.0244,Aspirin,LC-MS/MS
SMP-00111,7.2,337774.5,40901.0,46610.5,0.338,Benzoic Acid,LC-MS/MS
SMP-00111,8.95,29089.1,5680.2,5929.4,0.0283,Phenacetin,LC-MS/MS
SMP-00111,10.37,15151.7,3803.0,3886.5,0.0148,Salicylic Acid,LC-MS/MS
SMP-00111,12.13,54400.0,9799.3,10080.1,0.0558,Chlorpheniramine,LC-MS/MS
SMP-00112,1.26,15463.7,3980.0,4168.4,0.0154,Uracil,LC-MS/MS
SMP-00112,2.8,45652.6,8628.8,9035.6,0.0453,Acetaminophen,LC-MS/MS
SMP-00112,4.15,101921.6,16523.3,16758.9,0.104,Caffeine,LC-MS/MS
SMP-00112,5.59,22542.9,5143.5,5350.2,0.0226,Aspirin,LC-MS/MS
SMP-00112,7.2,58806.4,9405.0,9427.1,0.0588,Benzoic Acid,LC-MS/MS
SMP-00112,8.96,31975.3,6597.9,7021.0,0.0322,Phenacetin,LC-MS/MS
SMP-00112,10.39,14869.7,3615.4,3619.5,0.0152,Salicylic Acid,LC-MS/MS
SMP-00112,12.12,58959.1,10869.2,11239.3,0.059,Chlorpheniramine,LC-MS/MS
SMP-00113,1.27,10842.7,2847.7,2872.9,0.0111,Uracil,LC-MS/MS
SMP-00113,2.88,46707.7,9036.8,9265.3,0.0473,Acetaminophen,LC-MS/MS
SMP-00113,4.17,100600.1,16606.6,16634.8,0.0999,Caffeine,LC-MS/MS
SMP-00113,5.62,20558.3,4721.4,4833.7,0.021,Aspirin,LC-MS/MS
SMP-00113,7.18,72364.5,12445.8,12873.0,0.0733,Benzoic Acid,LC-MS/MS
SMP-00113,8.92,32747.6,6378.2,6498.8,0.0327,Phenacetin,LC-MS/MS
SMP-00113,10.44,17239.6,4061.1,4161.1,0.0174,Salicylic Acid,LC-MS/MS
SMP-00113,12.11,49100.5,8615.1,9345.2,0.0487,Chlorpheniramine,LC-MS/MS
SMP-00114,1.29,12533.4,3359.4,3638.3,0.0127,Uracil,LC-MS/MS
SMP-00114,2.79,35223.5,6964.2,7267.1,0.0342,Acetaminophen,LC-MS/MS
SMP-00114,4.13,74990.4,12222.6,12437.8,0.0782,Caffeine,LC-MS/MS
SMP-00114,5.6,22799.0,5261.7,5511.6,0.0221,Aspirin,LC-MS/MS
SMP-00114,7.22,69349.2,11868.7,12135.6,0.0671,Benzoic Acid,LC-MS/MS
SMP-00114,8.92,29997.8,6217.7,6238.6,0.0299,Phenacetin,LC-MS/MS
SMP-00114,10.38,14079.3,3296.7,3452.1,0.0143,Salicylic Acid,LC-MS/MS
SMP-00114,12.08,47652.6,7875.8,8020.9,0.0473,Chlorpheniramine,LC-MS/MS
SMP-00115,1.28,12379.5,3188.8,3244.0,0.0124,Uracil,LC-MS/MS
SMP-00115,2.77,45505.1,8858.0,8955.4,0.0445,Acetaminophen,LC-MS/MS
SMP-00115,4.05,101304.7,16813.8,17200.9,0.1012,Caffeine,LC-MS/MS
SMP-00115,5.57,23012.7,5209.7,5279.9,0.0231,Aspirin,LC-MS/MS
SMP-00115,7.2,66534.4,11695.1,12098.8,0.0659,Benzoic Acid,LC-MS/MS
SMP-00115,8.96,28216.4,5791.5,6190.5,0.0285,Phenacetin,LC-MS/MS
SMP-00115,10.39,16221.7,3942.2,4174.9,0.0161,Salicylic Acid,LC-MS/MS
SMP-00115,12.08,54363.7,10186.2,10172.5,0.0534,Chlorpheniramine,LC-MS/MS
SMP-00116,1.3,11652.8,3051.6,3074.2,0.0118,Uracil,LC-MS/MS
SMP-00116,2.79,43785.4,8861.3,9254.5,0.0447,Acetaminophen,LC-MS/MS
SMP-00116,4.15,98297.6,16775.6,17163.2,0.0999,Caffeine,LC-MS/MS
SMP-00116,5.64,24459.5,5207.5,5386.2,0.0242,Aspirin,LC-MS/MS
SMP-00116,7.2,66797.5,11327.4,11567.9,0.0632,Benzoic Acid,LC-MS/MS
SMP-00116,8.93,35954.8,7067.0,7530.7,0.0361,Phenacetin,LC-MS/MS
SMP-00116,10.4,15338.8,3672.4,3930.9,0.0151,Salicylic Acid,LC-MS/MS
SMP-00116,12.11,54436.8,10137.4,10553.4,0.0526,Chlorpheniramine,LC-MS/MS
SMP-00117,1.23,14199.6,3832.9,3921.0,0.0143,Uracil,LC-MS/MS
SMP-00117,2.81,47242.5,9015.7,9267.8,0.0477,Acetaminophen,LC-MS/MS
SMP-00117,4.21,112436.5,18012.6,17757.4,0.1126,Caffeine,LC-MS/MS
SMP-00117,5.62,22327.9,4818.4,4958.9,0.0228,Aspirin,LC-MS/MS
SMP-00117,7.2,61872.6,9907.9,10280.8,0.0613,Benzoic Acid,LC-MS/MS
SMP-00117,8.97,31220.3,6352.1,6744.9,0.0308,Phenacetin,LC-MS/MS
SMP-00117,10.4,16317.9,3988.7,4187.3,0.0168,Salicylic Acid,LC-MS/MS
SMP-00117,12.14,52801.4,9658.7,10008.9,0.0523,Chlorpheniramine,LC-MS/MS
SMP-00118,1.26,11719.9,3081.1,3082.2,0.0117,Uracil,LC-MS/MS
SMP-00118,2.8,41581.8,8063.6,8145.8,0.0423,Acetaminophen,LC-MS/MS
SMP-00118,4.14,95578.4,15506.9,15757.4,0.095,Caffeine,LC-MS/MS
SMP-00118,5.57,24523.8,5314.5,5409.2,0.0249,Aspirin,LC-MS/MS
SMP-00118,7.18,63690.1,11114.1,11408.1,0.0639,Benzoic Acid,LC-MS/MS
SMP-00118,8.91,32367.3,6803.0,7238.5,0.0322,Phenacetin,LC-MS/MS
SMP-00118,10.43,15724.3,4071.3,4353.3,0.0162,Salicylic Acid,LC-MS/MS
SMP-00118,12.09,58515.1,10613.6,10577.4,0.0588,Chlorpheniramine,LC-MS/MS
SMP-00119,1.3,13554.8,3495.4,3603.3,0.0137,Uracil,LC-MS/MS
SMP-00119,2.79,46809.2,9656.5,10066.3,0.0471,Acetaminophen,LC-MS/MS
SMP-00119,4.2,100116.0,15846.4,16885.7,0.1018,Caffeine,LC-MS/MS
SMP-00119,5.59,18194.5,3901.8,4016.0,0.0184,Aspirin,LC-MS/MS
SMP-00119,7.21,64216.7,10826.8,11157.5,0.0651,Benzoic Acid,LC-MS/MS
SMP-00119,8.97,30552.6,5940.6,6181.8,0.0297,Phenacetin,LC-MS/MS
SMP-00119,10.44,17217.6,4338.7,4565.9,0.017,Salicylic Acid,LC-MS/MS
SMP-00119,12.03,54889.5,10067.6,10443.4,0.0548,Chlorpheniramine,LC-MS/MS
SMP-00120,1.26,10470.4,2558.4,2699.4,0.0106,Uracil,LC-MS/MS
SMP-00120,2.84,43954.1,8865.1,9055.5,0.045,Acetaminophen,LC-MS/MS
SMP-00120,4.14,85188.7,14442.8,14984.8,0.0833,Caffeine,LC-MS/MS
SMP-00120,5.59,22720.5,4830.4,5142.0,0.0223,Aspirin,LC-MS/MS
SMP-00120,7.14,66253.9,10906.4,11393.6,0.0656,Benzoic Acid,LC-MS/MS
SMP-00120,8.95,31178.0,6318.9,6424.6,0.0313,Phenacetin,LC-MS/MS
SMP-00120,10.48,13910.3,3284.2,3373.9,0.0142,Salicylic Acid,LC-MS/MS
SMP-00120,12.08,58829.4,10242.8,10473.8,0.0579,Chlorpheniramine,LC-MS/MS
SMP-00121,1.21,11620.1,2918.6,2916.1,0.0113,Uracil,LC-MS/MS
SMP-00121,2.81,40276.3,7921.9,8157.6,0.0407,Acetaminophen,LC-MS/MS
SMP-00121,4.12,94466.7,16200.0,16470.1,0.0914,Caffeine,LC-MS/MS
SMP-00121,5.64,23453.0,5070.2,5151.9,0.0239,Aspirin,LC-MS/MS
SMP-00121,7.24,300782.8,55382.6,43406.9,0.3015,Benzoic Acid,LC-MS/MS
SMP-00121,8.96,30628.8,6149.3,6353.8,0.0307,Phenacetin,LC-MS/MS
SMP-00121,10.36,16738.9,3961.0,4087.7,0.0167,Salicylic Acid,LC-MS/MS
SMP-00121,12.09,53623.2,9656.4,9709.4,0.0533,Chlorpheniramine,LC-MS/MS
SMP-00122,1.3,14178.8,3406.3,3573.9,0.0142,Uracil,LC-MS/MS
SMP-00122,2.79,51605.5,10069.8,10277.7,0.0509,Acetaminophen,LC-MS/MS
SMP-00122,4.14,80096.6,12285.0,12400.8,0.0805,Caffeine,LC-MS/MS
SMP-00122,5.57,28521.8,6372.4,6801.4,0.029,Aspirin,LC-MS/MS
SMP-00122,7.22,63480.1,10618.9,11257.9,0.0638,Benzoic Acid,LC-MS/MS
SMP-00122,8.95,35750.0,7075.7,7554.8,0.0356,Phenacetin,LC-MS/MS
SMP-00122,10.38,15816.3,3860.4,4006.4,0.0157,Salicylic Acid,LC-MS/MS
SMP-00122,12.08,48476.2,8325.1,8643.6,0.0489,Chlorpheniramine,LC-MS/MS
SMP-00123,1.21,13700.6,3571.5,3767.0,0.0135,Uracil,LC-MS/MS
SMP-00123,2.83,37555.8,7373.4,7389.1,0.0389,Acetaminophen,LC-MS/MS
SMP-00123,4.16,94492.7,15823.5,16326.2,0.0951,Caffeine,LC-MS/MS
SMP-00123,5.56,24047.7,5325.8,5439.5,0.0237,Aspirin,LC-MS/MS
SMP-00123,7.21,64540.8,11406.0,11671.4,0.0635,Benzoic Acid,LC-MS/MS
SMP-00123,8.92,28872.0,5987.0,6366.4,0.0286,Phenacetin,LC-MS/MS
SMP-00123,10.43,77602.0,19427.6,21342.7,0.0796,Salicylic Acid,LC-MS/MS
SMP-00123,12.15,60662.5,11029.3,11109.2,0.0623,Chlorpheniramine,LC-MS/MS
SMP-00124,1.25,12111.1,3160.6,3292.4,0.0129,Uracil,LC-MS/MS
SMP-00124,2.8,44386.5,8298.4,8676.1,0.0427,Acetaminophen,LC-MS/MS
SMP-00124,4.15,91002.4,14597.2,15226.3,0.0902,Caffeine,LC-MS/MS
SMP-00124,5.61,22145.5,4744.7,5059.8,0.0219,Aspirin,LC-MS/MS
SMP-00124,7.22,63301.7,11328.5,11546.2,0.0614,Benzoic Acid,LC-MS/MS
SMP-00124,8.89,33514.7,7246.4,7501.0,0.0333,Phenacetin,LC-MS/MS
SMP-00124,10.42,13587.4,3242.0,3317.7,0.0139,Salicylic Acid,LC-MS/MS
SMP-00124,12.14,67057.0,12079.2,12936.6,0.0688,Chlorpheniramine,LC-MS/MS
SMP-00125,1.3,13826.1,3724.1,3645.5,0.0137,Uracil,LC-MS/MS
SMP-00125,2.81,47104.4,8814.0,8958.6,0.0472,Acetaminophen,LC-MS/MS
SMP-00125,4.15,85494.4,13362.3,13930.4,0.0831,Caffeine,LC-MS/MS
SMP-00125,5.61,25300.1,5725.6,5721.0,0.0247,Aspirin,LC-MS/MS
SMP-00125,7.15,59663.0,10197.3,10608.2,0.0572,Benzoic Acid,LC-MS/MS
SMP-00125,8.93,31717.2,6509.5,6664.1,0.0325,Phenacetin,LC-MS/MS
SMP-00125,10.42,17738.8,4274.5,4347.4,0.0174,Salicylic Acid,LC-MS/MS
SMP-00125,12.11,55745.0,9410.0,10001.4,0.0567,Chlorpheniramine,LC-MS/MS
SMP-00126,1.27,10715.2,2791.6,2832.3,0.0108,Uracil,LC-MS/MS
SMP-00126,2.79,48039.7,9178.6,9480.8,0.0479,Acetaminophen,LC-MS/MS
SMP-00126,4.17,90777.0,15749.6,16330.8,0.0897,Caffeine,LC-MS/MS
SMP-00126,5.59,22219.8,4749.6,4876.7,0.0226,Aspirin,LC-MS/MS
SMP-00126,7.2,56446.3,9830.7,10126.7,0.0583,Benzoic Acid,LC-MS/MS
SMP-00126,8.9,29661.8,6741.1,6943.9,0.0303,Phenacetin,LC-MS/MS
SMP-00126,10.39,16937.8,4276.1,4498.9,0.0166,Salicylic Acid,LC-MS/MS
SMP-00126,12.05,49792.3,8873.2,9219.5,0.0477,Chlorpheniramine,LC-MS/MS
SMP-00127,1.26,12401.2,3144.8,3349.3,0.0122,Uracil,LC-MS/MS
SMP-00127,2.8,43978.0,8307.0,8255.5,0.0427,Acetaminophen,LC-MS/MS
SMP-00127,4.12,81484.2,13152.0,13863.0,0.0822,Caffeine,LC-MS/MS
SMP-00127,5.57,22346.8,4967.7,5034.3,0.0225,Aspirin,LC-MS/MS
SMP-00127,7.21,87049.5,14528.8,15067.1,0.0865,Benzoic Acid,LC-MS/MS
SMP-00127,8.93,31428.1,6075.1,6465.9,0.0321,Phenacetin,LC-MS/MS
SMP-00127,10.45,15978.7,3963.7,4094.4,0.0159,Salicylic Acid,LC-MS/MS
SMP-00127,12.09,48001.9,9056.7,9307.5,0.0489,Chlorpheniramine,LC-MS/MS
SMP-00128,1.28,10247.0,2704.9,2808.6,0.0101,Uracil,LC-MS/MS
SMP-00128,2.82,46119.9,9180.9,9314.9,0.0452,Acetaminophen,LC-MS/MS
SMP-00128,4.17,91085.3,14069.3,14676.5,0.0927,Caffeine,LC-MS/MS
SMP-00128,5.6,26758.1,5668.9,5979.1,0.0272,Aspirin,LC-MS/MS
SMP-00128,7.22,53076.2,8857.5,9199.2,0.0532,Benzoic Acid,LC-MS/MS
SMP-00128,8.97,26723.6,5572.2,5662.5,0.0275,Phenacetin,LC-MS/MS
SMP-00128,10.43,16081.9,4034.1,4357.2,0.0165,Salicylic Acid,LC-MS/MS
SMP-00128,12.07,54537.4,9972.4,10308.0,0.0545,Chlorpheniramine,LC-MS/MS
SMP-00129,1.23,13039.2,3315.6,3490.1,0.0132,Uracil,LC-MS/MS
SMP-00129,2.77,55258.1,10926.2,11434.6,0.0548,Acetaminophen,LC-MS/MS
SMP-00129,4.09,96497.3,15696.1,16548.3,0.099,Caffeine,LC-MS/MS
SMP-00129,5.61,25749.6,5630.2,5903.1,0.0249,Aspirin,LC-MS/MS
SMP-00129,7.19,68527.0,11040.4,11186.9,0.0677,Benzoic Acid,LC-MS/MS
SMP-00129,8.92,26451.4,5815.7,6061.8,0.0259,Phenacetin,LC-MS/MS
SMP-00129,10.4,16279.2,3853.4,3911.4,0.0165,Salicylic Acid,LC-MS/MS
SMP-00129,12.12,54395.1,9442.9,9842.8,0.0532,Chlorpheniramine,LC-MS/MS
SMP-00130,1.24,11533.7,3084.3,3165.7,0.0114,Uracil,LC-MS/MS
SMP-00130,2.87,47885.8,9362.1,9308.3,0.0495,Acetaminophen,LC-MS/MS
SMP-00130,4.15,87047.9,14141.4,14567.0,0.0845,Caffeine,LC-MS/MS
SMP-00130,5.57,20152.6,4408.9,4631.2,0.0203,Aspirin,LC-MS/MS
SMP-00130,7.23,79246.1,12696.9,12711.0,0.0817,Benzoic Acid,LC-MS/MS
SMP-00130,8.98,28867.3,5992.3,6252.9,0.028,Phenacetin,LC-MS/MS
SMP-00130,10.38,15599.0,3750.3,3895.6,0.0158,Salicylic Acid,LC-MS/MS
SMP-00130,12.14,263777.9,43233.1,43625.7,0.2618,Chlorpheniramine,LC-MS/MS
SMP-00131,1.24,15123.4,3830.0,4071.1,0.0155,Uracil,LC-MS/MS
SMP-00131,2.83,45383.7,8907.5,9462.8,0.044,Acetaminophen,LC-MS/MS
SMP-00131,4.14,105174.7,17852.1,18683.2,0.1071,Caffeine,LC-MS/MS
SMP-00131,5.62,24271.0,5498.7,5843.4,0.0243,Aspirin,LC-MS/MS
SMP-00131,7.2,69349.5,11402.4,11851.8,0.07,Benzoic Acid,LC-MS/MS
SMP-00131,8.99,28403.3,5976.9,6205.5,0.0282,Phenacetin,LC-MS/MS
SMP-00131,10.33,16201.3,4005.9,4120.4,0.0162,Salicylic Acid,LC-MS/MS
SMP-00131,12.06,47819.8,8572.9,8538.6,0.047,Chlorpheniramine,LC-MS/MS
SMP-00132,1.24,10748.2,2885.5,2933.1,0.0105,Uracil,LC-MS/MS
SMP-00132,2.83,45829.8,8875.4,9244.5,0.0457,Acetaminophen,LC-MS/MS
SMP-00132,4.12,92250.0,14551.1,15007.2,0.0892,Caffeine,LC-MS/MS
SMP-00132,5.63,24047.3,5300.0,5452.9,0.0239,Aspirin,LC-MS/MS
SMP-00132,7.23,70702.4,11424.1,11747.0,0.0723,Benzoic Acid,LC-MS/MS
SMP-00132,8.95,33034.9,6629.6,6901.7,0.0325,Phenacetin,LC-MS/MS
SMP-00132,10.39,14255.6,3506.3,3485.2,0.0142,Salicylic Acid,LC-MS/MS
SMP-00132,12.16,57433.1,10711.2,10868.2,0.0562,Chlorpheniramine,LC-MS/MS
SMP-00133,1.27,11223.6,2757.9,2897.8,0.0115,Uracil,LC-MS/MS
SMP-00133,2.79,45020.5,8529.6,8620.7,0.0452,Acetaminophen,LC-MS/MS
SMP-00133,4.12,97671.1,16760.5,16937.6,0.0971,Caffeine,LC-MS/MS
SMP-00133,5.63,19817.0,4369.3,4549.6,0.0202,Aspirin,LC-MS/MS
SMP-00133,7.18,65247.6,10279.2,10436.2,0.066,Benzoic Acid,LC-MS/MS
SMP-00133,8.91,28167.8,5621.4,5929.0,0.0277,Phenacetin,LC-MS/MS
SMP-00133,10.43,16573.6,4111.4,4331.0,0.016,Salicylic Acid,LC-MS/MS
SMP-00133,12.1,50465.9,9412.0,9917.6,0.0498,Chlorpheniramine,LC-MS/MS
SMP-00134,1.16,14914.5,3774.5,3907.2,0.015,Uracil,LC-MS/MS
SMP-00134,2.76,44566.6,8429.1,8595.5,0.0435,Acetaminophen,LC-MS/MS
SMP-00134,4.16,90193.6,14119.6,14482.1,0.0882,Caffeine,LC-MS/MS
SMP-00134,5.62,25655.9,5618.0,5716.4,0.0256,Aspirin,LC-MS/MS
SMP-00134,7.2,63751.0,10188.4,10543.3,0.0649,Benzoic Acid,LC-MS/MS
SMP-00134,8.91,35303.9,6911.2,7023.9,0.0354,Phenacetin,LC-MS/MS
SMP-00134,10.39,14822.8,3565.1,3744.4,0.0152,Salicylic Acid,LC-MS/MS
SMP-00134,12.07,57589.9,10835.1,11316.3,0.0569,Chlorpheniramine,LC-MS/MS
SMP-00135,1.29,12829.1,3200.1,3377.5,0.0128,Uracil,LC-MS/MS
SMP-00135,2.87,53097.7,10540.5,10877.0,0.0519,Acetaminophen,LC-MS/MS
SMP-00135,4.12,84602.1,13914.4,14196.3,0.0862,Caffeine,LC-MS/MS
SMP-00135,5.62,25845.6,5601.6,5755.8,0.0254,Aspirin,LC-MS/MS
SMP-00135,7.21,68836.3,11720.0,11897.7,0.0691,Benzoic Acid,LC-MS/MS
SMP-00135,8.95,32020.8,6278.9,6347.6,0.0327,Phenacetin,LC-MS/MS
SMP-00135,10.34,15777.8,3665.8,3885.6,0.0162,Salicylic Acid,LC-MS/MS
SMP-00135,12.1,49048.3,8276.0,8566.0,0.0474,Chlorpheniramine,LC-MS/MS
SMP-00136,1.29,12847.7,3441.8,3537.3,0.0131,Uracil,LC-MS/MS
SMP-00136,2.79,48386.7,9438.9,9426.8,0.0477,Acetaminophen,LC-MS/MS
SMP-00136,4.12,82182.4,13882.4,14109.9,0.083,Caffeine,LC-MS/MS
SMP-00136,5.6,21948.1,4896.3,4867.3,0.0216,Aspirin,LC-MS/MS
SMP-00136,7.13,75828.5,12787.5,13496.3,0.0752,Benzoic Acid,LC-MS/MS
SMP-00136,8.98,36978.8,7760.6,8073.9,0.0381,Phenacetin,LC-MS/MS
SMP-00136,10.34,16116.9,3943.3,4113.8,0.0163,Salicylic Acid,LC-MS/MS
SMP-00136,12.1,48996.9,9073.3,9350.9,0.0489,Chlorpheniramine,LC-MS/MS
SMP-00137,1.27,13433.1,3443.9,3518.1,0.0135,Uracil,LC-MS/MS
SMP-00137,2.8,46848.3,9245.3,9731.4,0.0459,Acetaminophen,LC-MS/MS
SMP-00137,4.06,90276.8,14146.7,14028.7,0.09,Caffeine,LC-MS/MS
SMP-00137,5.63,26020.8,5843.6,5970.0,0.0254,Aspirin,LC-MS/MS
SMP-00137,7.17,64671.8,10637.2,11327.6,0.0658,Benzoic Acid,LC-MS/MS
SMP-00137,8.96,28459.0,5715.1,5882.6,0.0287,Phenacetin,LC-MS/MS
SMP-00137,10.38,14999.6,3674.8,3882.6,0.0149,Salicylic Acid,LC-MS/MS
SMP-00137,12.07,56408.3,10342.6,10772.2,0.0578,Chlorpheniramine,LC-MS/MS
SMP-00138,1.27,11339.6,2800.7,2881.7,0.0113,Uracil,LC-MS/MS
SMP-00138,2.82,52221.0,10252.5,10732.2,0.052,Acetaminophen,LC-MS/MS
SMP-00138,4.13,84777.3,12759.6,13240.1,0.0864,Caffeine,LC-MS/MS
SMP-00138,5.61,22083.5,4519.6,4549.9,0.022,Aspirin,LC-MS/MS
SMP-00138,7.24,75070.8,12254.8,12571.4,0.0733,Benzoic Acid,LC-MS/MS
SMP-00138,8.92,28722.7,5719.8,5982.5,0.0296,Phenacetin,LC-MS/MS
SMP-00138,10.45,12947.3,3202.4,3335.9,0.0125,Salicylic Acid,LC-MS/MS
SMP-00138,12.09,55648.4,10398.0,10850.5,0.0552,Chlorpheniramine,LC-MS/MS
SMP-00139,1.3,10298.2,2738.1,2872.9,0.0108,Uracil,LC-MS/MS
SMP-00139,2.75,48566.6,9537.1,9986.5,0.0502,Acetaminophen,LC-MS/MS
SMP-00139,4.14,87393.8,14683.6,14817.8,0.0886,Caffeine,LC-MS/MS
SMP-00139,5.55,24261.4,5187.9,5551.6,0.0238,Aspirin,LC-MS/MS
SMP-00139,7.19,60365.3,10182.1,10220.8,0.0601,Benzoic Acid,LC-MS/MS
SMP-00139,8.94,38157.6,8034.2,8032.0,0.0395,Phenacetin,LC-MS/MS
SMP-00139,10.34,15148.8,3901.6,4012.8,0.0152,Salicylic Acid,LC-MS/MS
SMP-00139,12.1,57095.4,10891.9,11074.2,0.0573,Chlorpheniramine,LC-MS/MS
SMP-00140,1.27,10898.9,2885.0,2996.1,0.0105,Uracil,LC-MS/MS
SMP-00140,2.76,51519.0,10085.0,10531.8,0.0504,Acetaminophen,LC-MS/MS
SMP-00140,4.15,83889.2,13163.0,13437.6,0.0822,Caffeine,LC-MS/MS
SMP-00140,5.58,15540.9,3706.1,3818.9,0.0158,Aspirin,LC-MS/MS
SMP-00140,7.16,67506.3,11985.4,12444.4,0.0669,Benzoic Acid,LC-MS/MS
SMP-00140,8.9,27655.9,5834.5,6016.4,0.0278,Phenacetin,LC-MS/MS
SMP-00140,10.41,13073.1,3377.1,3525.8,0.0134,Salicylic Acid,LC-MS/MS
SMP-00140,12.11,63121.2,11228.0,11761.7,0.0647,Chlorpheniramine,LC-MS/MS
SMP-00141,1.21,11055.1,2762.1,2844.8,0.0111,Uracil,LC-MS/MS
SMP-00141,2.82,42102.5,8344.2,8404.3,0.0419,Acetaminophen,LC-MS/MS
SMP-00141,4.2,64634.1,10250.5,10236.3,0.0657,Caffeine,LC-MS/MS
SMP-00141,5.61,24707.4,5422.0,5460.6,0.024,Aspirin,LC-MS/MS
SMP-00141,7.2,319799.2,48242.2,48447.1,0.3195,Benzoic Acid,LC-MS/MS
SMP-00141,8.97,32360.7,6524.6,6801.4,0.032,Phenacetin,LC-MS/MS
SMP-00141,10.39,15709.4,3927.6,3944.1,0.0159,Salicylic Acid,LC-MS/MS
SMP-00141,12.08,47607.8,8813.2,9019.2,0.0479,Chlorpheniramine,LC-MS/MS
SMP-00142,1.3,14361.1,3784.0,3974.9,0.015,Uracil,LC-MS/MS
SMP-00142,2.82,48863.2,9344.2,9652.1,0.0491,Acetaminophen,LC-MS/MS
SMP-00142,4.16,89344.6,14879.5,15007.9,0.0903,Caffeine,LC-MS/MS
SMP-00142,5.54,19836.2,4381.7,4580.0,0.0196,Aspirin,LC-MS/MS
SMP-00142,7.22,65471.1,11102.2,11767.9,0.0671,Benzoic Acid,LC-MS/MS
SMP-00142,8.92,37465.8,7930.8,8412.7,0.0377,Phenacetin,LC-MS/MS
SMP-00142,10.42,14093.3,3416.1,3563.7,0.0142,Salicylic Acid,LC-MS/MS
SMP-00142,12.12,53388.3,9894.5,10159.9,0.0534,Chlorpheniramine,LC-MS/MS
SMP-00143,1.31,14534.1,3666.7,3750.7,0.0149,Uracil,LC-MS/MS
SMP-00143,2.83,50119.0,9654.2,10178.1,0.0506,Acetaminophen,LC-MS/MS
SMP-00143,4.16,92377.5,14577.5,15069.7,0.0922,Caffeine,LC-MS/MS
SMP-00143,5.62,22549.4,5020.3,5242.2,0.0223,Aspirin,LC-MS/MS
SMP-00143,7.18,66323.8,11313.3,11775.2,0.0641,Benzoic Acid,LC-MS/MS
SMP-00143,8.96,23049.9,4654.5,4694.7,0.023,Phenacetin,LC-MS/MS
SMP-00143,10.39,15432.5,3555.7,3696.6,0.0155,Salicylic Acid,LC-MS/MS
SMP-00143,12.07,55681.0,10033.9,10494.1,0.0564,Chlorpheniramine,LC-MS/MS
SMP-00144,1.25,13209.3,3380.2,3533.6,0.0134,Uracil,LC-MS/MS
SMP-00144,2.78,42064.5,7644.2,7573.8,0.0408,Acetaminophen,LC-MS/MS
SMP-00144,4.13,86144.7,14079.9,13828.4,0.0857,Caffeine,LC-MS/MS
SMP-00144,5.6,21122.4,4585.0,4611.2,0.0212,Aspirin,LC-MS/MS
SMP-00144,7.26,54667.8,8910.2,9307.0,0.0539,Benzoic Acid,LC-MS/MS
SMP-00144,8.92,33502.5,6809.0,6904.3,0.0322,Phenacetin,LC-MS/MS
SMP-00144,10.43,16600.6,4130.4,4267.6,0.0167,Salicylic Acid,LC-MS/MS
SMP-00144,12.04,59961.5,10848.0,10882.2,0.0603,Chlorpheniramine,LC-MS/MS
SMP-00145,1.27,12164.5,3038.8,3230.4,0.0117,Uracil,LC-MS/MS
SMP-00145,2.83,40038.4,7699.0,7735.6,0.039,Acetaminophen,LC-MS/MS
SMP-00145,4.12,90020.5,15027.6,15371.1,0.0887,Caffeine,LC-MS/MS
SMP-00145,5.6,20728.6,4586.5,4624.4,0.0205,Aspirin,LC-MS/MS
SMP-00145,7.23,63370.4,10083.5,10359.4,0.0639,Benzoic Acid,LC-MS/MS
SMP-00145,8.95,27826.7,5494.2,5503.6,0.0278,Phenacetin,LC-MS/MS
SMP-00145,10.38,16830.5,4040.3,4161.4,0.0169,Salicylic Acid,LC-MS/MS
SMP-00145,12.08,57092.8,9956.7,10497.0,0.0576,Chlorpheniramine,LC-MS/MS
SMP-00146,1.24,11369.3,2969.9,3181.9,0.0116,Uracil,LC-MS/MS
SMP-00146,2.74,44062.6,8414.4,8465.4,0.0434,Acetaminophen,LC-MS/MS
SMP-00146,4.13,90746.6,15207.7,15938.1,0.0921,Caffeine,LC-MS/MS
SMP-00146,5.61,17953.0,3760.3,3916.8,0.0183,Aspirin,LC-MS/MS
SMP-00146,7.2,71739.2,11781.0,11843.4,0.072,Benzoic Acid,LC-MS/MS
SMP-00146,9.0,32869.2,6465.6,6675.4,0.0328,Phenacetin,LC-MS/MS
SMP-00146,10.4,14289.2,3444.4,3606.8,0.0139,Salicylic Acid,LC-MS/MS
SMP-00146,12.08,55384.8,10533.2,10707.1,0.0551,Chlorpheniramine,LC-MS/MS
SMP-00147,1.27,15445.5,4048.3,4172.4,0.0153,Uracil,LC-MS/MS
SMP-00147,2.87,47539.0,8910.7,9126.1,0.047,Acetaminophen,LC-MS/MS
SMP-00147,4.14,83461.6,13102.5,13421.9,0.0842,Caffeine,LC-MS/MS
SMP-00147,5.58,25711.0,5358.8,5693.5,0.0249,Aspirin,LC-MS/MS
SMP-00147,7.19,63172.7,11167.0,11356.3,0.0658,Benzoic Acid,LC-MS/MS
SMP-00147,8.93,33357.5,6419.8,6620.2,0.0326,Phenacetin,LC-MS/MS
SMP-00147,10.39,14640.6,3478.7,3535.7,0.0146,Salicylic Acid,LC-MS/MS
SMP-00147,12.12,53918.1,9317.0,9414.3,0.0532,Chlorpheniramine,LC-MS/MS
SMP-00148,1.21,13573.0,3347.7,3449.6,0.0135,Uracil,LC-MS/MS
SMP-00148,2.83,44791.7,8547.6,8938.3,0.0441,Acetaminophen,LC-MS/MS
SMP-00148,4.15,84710.4,13438.7,14047.7,0.0853,Caffeine,LC-MS/MS
SMP-00148,5.56,25488.9,5924.4,6085.9,0.0254,Aspirin,LC-MS/MS
SMP-00148,7.18,58555.1,9962.1,10217.4,0.0603,Benzoic Acid,LC-MS/MS
SMP-00148,8.97,29133.1,6079.2,6211.0,0.0297,Phenacetin,LC-MS/MS
SMP-00148,10.4,15231.0,3504.9,3738.1,0.0159,Salicylic Acid,LC-MS/MS
SMP-00148,12.06,53799.1,9473.4,9787.7,0.0534,Chlorpheniramine,LC-MS/MS
SMP-00149,1.19,12379.6,3268.0,3337.2,0.0122,Uracil,LC-MS/MS
SMP-00149,2.78,43219.7,8243.1,8843.8,0.0426,Acetaminophen,LC-MS/MS
SMP-00149,4.17,90588.8,14296.6,14558.2,0.0904,Caffeine,LC-MS/MS
SMP-00149,5.56,25056.9,5673.9,5760.5,0.025,Aspirin,LC-MS/MS
SMP-00149,7.19,51695.0,8287.0,8971.2,0.0505,Benzoic Acid,LC-MS/MS
SMP-00149,9.01,29440.6,5917.8,5980.0,0.0298,Phenacetin,LC-MS/MS
SMP-00149,10.43,17435.8,4426.4,4671.6,0.0173,Salicylic Acid,LC-MS/MS
SMP-00149,12.07,66720.0,12060.9,12579.7,0.0651,Chlorpheniramine,LC-MS/MS
SMP-00150,1.26,11492.9,3049.6,3167.7,0.011,Uracil,LC-MS/MS
SMP-00150,2.81,40205.2,7706.4,7829.7,0.0414,Acetaminophen,LC-MS/MS
SMP-00150,4.15,89704.7,14776.1,15421.2,0.0919,Caffeine,LC-MS/MS
SMP-00150,5.58,21790.0,4802.1,4902.0,0.0222,Aspirin,LC-MS/MS
SMP-00150,7.2,65489.6,11170.8,11807.2,0.0646,Benzoic Acid,LC-MS/MS
SMP-00150,8.98,34189.1,7149.9,7631.6,0.0346,Phenacetin,LC-MS/MS
SMP-00150,10.38,15431.4,3863.8,4050.6,0.0152,Salicylic Acid,LC-MS/MS
SMP-00150,12.04,52866.9,9815.0,10242.8,0.0528,Chlorpheniramine,LC-MS/MS
SMP-00151,1.31,12503.4,3210.8,3397.0,0.0129,Uracil,LC-MS/MS
SMP-00151,2.76,49271.8,9822.2,10078.3,0.0508,Acetaminophen,LC-MS/MS
SMP-00151,4.17,83353.0,13347.9,13931.8,0.0863,Caffeine,LC-MS/MS
SMP-00151,5.65,24396.8,5102.9,5186.1,0.0249,Aspirin,LC-MS/MS
SMP-00151,7.18,74851.2,13135.5,13117.8,0.0755,Benzoic Acid,LC-MS/MS
SMP-00151,8.94,30375.0,6128.6,6358.8,0.0304,Phenacetin,LC-MS/MS
SMP-00151,10.37,17351.6,4105.4,4226.4,0.0172,Salicylic Acid,LC-MS/MS
SMP-00151,12.13,54611.9,10028.0,10220.3,0.0565,Chlorpheniramine,LC-MS/MS
SMP-00152,1.32,10646.1,2698.5,2791.5,0.0106,Uracil,LC-MS/MS
SMP-00152,2.84,43758.9,8845.5,9024.0,0.0442,Acetaminophen,LC-MS/MS
SMP-00152,4.12,98055.3,16040.3,16457.1,0.1015,Caffeine,LC-MS/MS
SMP-00152,5.67,23469.8,4963.3,4950.7,0.0236,Aspirin,LC-MS/MS
SMP-00152,7.21,64751.7,10231.6,10557.5,0.0666,Benzoic Acid,LC-MS/MS
SMP-00152,8.93,27167.8,5611.1,5827.2,0.0271,Phenacetin,LC-MS/MS
SMP-00152,10.44,16503.5,3712.3,3916.1,0.0166,Salicylic Acid,LC-MS/MS
SMP-00152,12.12,49730.6,8667.4,8985.8,0.0508,Chlorpheniramine,LC-MS/MS
SMP-00153,1.25,12833.9,3262.6,3294.4,0.0122,Uracil,LC-MS/MS
SMP-00153,2.81,48352.4,9378.8,9777.4,0.0477,Acetaminophen,LC-MS/MS
SMP-00153,4.19,102841.3,16312.1,17012.2,0.1021,Caffeine,LC-MS/MS
SMP-00153,5.6,22626.8,4748.4,4949.1,0.0229,Aspirin,LC-MS/MS
SMP-00153,7.2,60587.5,10214.9,10887.5,0.0591,Benzoic Acid,LC-MS/MS
SMP-00153,8.93,29143.0,6112.9,6489.9,0.0301,Phenacetin,LC-MS/MS
SMP-00153,10.4,14987.1,3783.8,4011.4,0.0148,Salicylic Acid,LC-MS/MS
SMP-00153,12.12,53999.5,10025.0,10429.9,0.0542,Chlorpheniramine,LC-MS/MS
SMP-00154,1.22,13397.9,3356.4,3459.8,0.0133,Uracil,LC-MS/MS
SMP-00154,2.74,49166.7,10001.6,9963.2,0.0504,Acetaminophen,LC-MS/MS
SMP-00154,4.18,85339.1,13941.3,14235.0,0.09,Caffeine,LC-MS/MS
SMP-00154,5.54,23954.0,5528.3,5579.7,0.0245,Aspirin,LC-MS/MS
SMP-00154,7.25,59812.0,10233.1,10697.8,0.0614,Benzoic Acid,LC-MS/MS
SMP-00154,8.97,28191.0,5680.0,5778.5,0.0284,Phenacetin,LC-MS/MS
SMP-00154,10.39,16680.1,4248.8,4357.0,0.0167,Salicylic Acid,LC-MS/MS
SMP-00154,12.1,58384.2,10616.3,11071.5,0.0584,Chlorpheniramine,LC-MS/MS
SMP-00155,1.25,13360.1,3365.9,3531.2,0.0132,Uracil,LC-MS/MS
SMP-00155,2.8,36362.0,6834.2,6860.6,0.0361,Acetaminophen,LC-MS/MS
SMP-00155,4.09,82022.3,13462.1,14150.3,0.084,Caffeine,LC-MS/MS
SMP-00155,5.6,24923.9,5579.0,5885.6,0.0243,Aspirin,LC-MS/MS
SMP-00155,7.22,73369.8,11415.8,11762.6,0.0745,Benzoic Acid,LC-MS/MS
SMP-00155,8.98,24399.5,4865.6,5066.2,0.024,Phenacetin,LC-MS/MS
SMP-00155,10.37,15205.8,3752.1,3849.7,0.015,Salicylic Acid,LC-MS/MS
SMP-00155,12.07,61836.8,11015.7,11520.1,0.0614,Chlorpheniramine,LC-MS/MS
SMP-00156,1.29,13847.9,3449.1,3546.0,0.0139,Uracil,LC-MS/MS
SMP-00156,2.83,53320.2,10168.8,10319.7,0.0543,Acetaminophen,LC-MS/MS
SMP-00156,4.16,89991.6,14264.0,14482.1,0.0908,Caffeine,LC-MS/MS
SMP-00156,5.57,25342.7,5547.4,5849.9,0.0256,Aspirin,LC-MS/MS
SMP-00156,7.21,71023.9,11810.8,11868.7,0.0703,Benzoic Acid,LC-MS/MS
SMP-00156,8.97,34908.7,6893.0,7120.5,0.0352,Phenacetin,LC-MS/MS
SMP-00156,10.45,13268.3,3271.7,3341.9,0.013,Salicylic Acid,LC-MS/MS
SMP-00156,12.14,46886.7,8454.9,8815.1,0.0457,Chlorpheniramine,LC-MS/MS
SMP-00157,1.22,12443.0,3172.6,3344.0,0.0126,Uracil,LC-MS/MS
SMP-00157,2.79,39984.1,7910.6,7762.2,0.0408,Acetaminophen,LC-MS/MS
SMP-00157,4.12,89925.5,14425.6,14526.4,0.0893,Caffeine,LC-MS/MS
SMP-00157,5.58,18856.5,4361.7,4379.2,0.0185,Aspirin,LC-MS/MS
SMP-00157,7.2,69150.8,11497.9,11678.0,0.0699,Benzoic Acid,LC-MS/MS
SMP-00157,8.9,32099.3,6498.2,6761.3,0.0321,Phenacetin,LC-MS/MS
SMP-00157,10.36,16410.7,3901.1,3929.7,0.0163,Salicylic Acid,LC-MS/MS
SMP-00157,12.11,50816.5,9096.9,9701.0,0.0492,Chlorpheniramine,LC-MS/MS
SMP-00158,1.25,13249.5,3350.8,3435.5,0.0136,Uracil,LC-MS/MS
SMP-00158,2.83,37114.2,6906.8,7193.9,0.0389,Acetaminophen,LC-MS/MS
SMP-00158,4.21,87108.4,14602.0,14771.5,0.0859,Caffeine,LC-MS/MS
SMP-00158,5.64,22039.5,4871.0,5121.8,0.0214,Aspirin,LC-MS/MS
SMP-00158,7.23,68197.5,12009.3,12132.3,0.0683,Benzoic Acid,LC-MS/MS
SMP-00158,8.96,27510.9,5534.4,5541.5,0.0281,Phenacetin,LC-MS/MS
SMP-00158,10.4,69719.7,18733.2,15343.5,0.0675,Salicylic Acid,LC-MS/MS
SMP-00158,12.1,46712.9,8106.9,8466.6,0.045,Chlorpheniramine,LC-MS/MS
SMP-00159,1.23,11901.7,3047.2,3175.9,0.0117,Uracil,LC-MS/MS
SMP-00159,2.78,50002.6,9631.2,9920.6,0.0502,Acetaminophen,LC-MS/MS
SMP-00159,4.14,99858.8,15853.5,16446.0,0.0985,Caffeine,LC-MS/MS
SMP-00159,5.65,25181.2,5612.5,5756.1,0.026,Aspirin,LC-MS/MS
SMP-00159,7.2,61410.4,9854.2,10221.0,0.0611,Benzoic Acid,LC-MS/MS
SMP-00159,8.93,29586.6,6114.2,6387.1,0.0292,Phenacetin,LC-MS/MS
SMP-00159,10.4,14813.9,3626.6,3880.1,0.0155,Salicylic Acid,LC-MS/MS
SMP-00159,12.1,53458.2,10042.1,10364.7,0.0528,Chlorpheniramine,LC-MS/MS
SMP-00160,1.27,10535.2,2603.5,2725.5,0.0106,Uracil,LC-MS/MS
SMP-00160,2.81,53687.3,10460.7,10779.5,0.0553,Acetaminophen,LC-MS/MS
SMP-00160,4.2,89852.1,14572.6,14785.5,0.0872,Caffeine,LC-MS/MS
SMP-00160,5.61,20760.3,4504.5,4620.8,0.02,Aspirin,LC-MS/MS
SMP-00160,7.14,64401.1,10699.9,11264.0,0.0619,Benzoic Acid,LC-MS/MS
SMP-00160,8.97,32907.1,6686.6,7137.0,0.0326,Phenacetin,LC-MS/MS
SMP-00160,10.43,12929.5,3206.2,3327.3,0.0125,Salicylic Acid,LC-MS/MS
SMP-00160,12.09,63623.7,11083.8,11256.9,0.0643,Chlorpheniramine,LC-MS/MS
SMP-00161,1.29,11870.2,2848.0,2998.8,0.0119,Uracil,LC-MS/MS
SMP-00161,2.79,49243.3,9760.7,9487.7,0.0496,Acetaminophen,LC-MS/MS
SMP-00161,4.15,87461.2,14472.6,14350.3,0.087,Caffeine,LC-MS/MS
SMP-00161,5.67,19760.0,4265.7,4275.9,0.0196,Aspirin,LC-MS/MS
SMP-00161,7.23,61838.8,10003.0,9979.3,0.0608,Benzoic Acid,LC-MS/MS
SMP-00161,8.96,34124.2,7156.8,7512.8,0.0346,Phenacetin,LC-MS/MS
SMP-00161,10.42,13760.9,3096.0,3075.5,0.0137,Salicylic Acid,LC-MS/MS
SMP-00161,12.12,44736.9,7984.2,8339.3,0.045,Chlorpheniramine,LC-MS/MS
SMP-00162,1.23,11260.1,2904.0,3073.1,0.0118,Uracil,LC-MS/MS
SMP-00162,2.81,54621.3,10125.2,10450.2,0.0561,Acetaminophen,LC-MS/MS
SMP-00162,4.19,90432.3,14791.3,15765.9,0.091,Caffeine,LC-MS/MS
SMP-00162,5.64,22130.6,4987.4,5265.6,0.0225,Aspirin,LC-MS/MS
SMP-00162,7.23,77494.7,13168.4,13698.1,0.0768,Benzoic Acid,LC-MS/MS
SMP-00162,8.98,31233.4,6440.7,6717.9,0.0303,Phenacetin,LC-MS/MS
SMP-00162,10.41,18260.7,4446.0,4710.4,0.0184,Salicylic Acid,LC-MS/MS
SMP-00162,12.11,55167.7,9997.8,10288.5,0.0544,Chlorpheniramine,LC-MS/MS
SMP-00163,1.24,11501.3,2882.1,2991.2,0.0116,Uracil,LC-MS/MS
SMP-00163,2.76,48027.0,9086.6,9451.4,0.0462,Acetaminophen,LC-MS/MS
SMP-00163,4.17,86435.1,13862.0,14151.6,0.0876,Caffeine,LC-MS/MS
SMP-00163,5.65,22232.9,5043.4,5345.0,0.022,Aspirin,LC-MS/MS
SMP-00163,7.17,53635.9,9018.4,9329.6,0.0544,Benzoic Acid,LC-MS/MS
SMP-00163,8.96,26733.3,5386.0,5681.6,0.0259,Phenacetin,LC-MS/MS
SMP-00163,10.36,16187.8,3832.6,3858.8,0.0156,Salicylic Acid,LC-MS/MS
SMP-00163,12.05,55110.6,9906.9,9813.2,0.0547,Chlorpheniramine,LC-MS/MS
SMP-00164,1.26,12634.5,3382.7,3504.9,0.0127,Uracil,LC-MS/MS
SMP-00164,2.81,44854.5,8865.0,9173.5,0.0453,Acetaminophen,LC-MS/MS
SMP-00164,4.15,96859.5,16007.2,16706.2,0.0981,Caffeine,LC-MS/MS
SMP-00164,5.63,21163.3,4784.6,4948.8,0.021,Aspirin,LC-MS/MS
SMP-00164,7.21,59282.9,9555.4,10018.4,0.0582,Benzoic Acid,LC-MS/MS
SMP-00164,8.97,32789.1,6758.7,7153.0,0.0331,Phenacetin,LC-MS/MS
SMP-00164,10.43,15435.5,3736.6,3846.4,0.0156,Salicylic Acid,LC-MS/MS
SMP-00164,12.05,53756.3,9314.6,9467.7,0.0541,Chlorpheniramine,LC-MS/MS
SMP-00165,1.29,11077.3,2690.8,2809.9,0.0108,Uracil,LC-MS/MS
SMP-00165,2.75,41319.2,8212.6,8215.1,0.0412,Acetaminophen,LC-MS/MS
SMP-00165,4.11,92307.2,15449.2,15863.1,0.092,Caffeine,LC-MS/MS
SMP-00165,5.56,24633.7,5433.4,5654.7,0.0246,Aspirin,LC-MS/MS
SMP-00165,7.21,69984.3,11439.8,11422.4,0.0703,Benzoic Acid,LC-MS/MS
SMP-00165,8.9,27617.0,5223.0,5409.1,0.0277,Phenacetin,LC-MS/MS
SMP-00165,10.42,18789.6,4509.4,4555.0,0.0192,Salicylic Acid,LC-MS/MS
SMP-00165,12.03,58848.2,10593.4,10635.6,0.0583,Chlorpheniramine,LC-MS/MS
SMP-00166,1.24,12948.3,3276.6,3257.0,0.0126,Uracil,LC-MS/MS
SMP-00166,2.78,42999.8,7662.5,7671.4,0.043,Acetaminophen,LC-MS/MS
SMP-00166,4.15,92706.6,14845.3,16031.4,0.0919,Caffeine,LC-MS/MS
SMP-00166,5.61,27209.0,5954.4,6059.7,0.0269,Aspirin,LC-MS/MS
SMP-00166,7.22,62237.5,10416.3,10391.1,0.0643,Benzoic Acid,LC-MS/MS
SMP-00166,8.97,30813.8,6198.9,6447.2,0.0304,Phenacetin,LC-MS/MS
SMP-00166,10.41,15855.7,4022.7,4078.7,0.0161,Salicylic Acid,LC-MS/MS
SMP-00166,12.1,56576.2,10267.1,10414.2,0.0575,Chlorpheniramine,LC-MS/MS
SMP-00167,1.29,9987.8,2663.0,2705.4,0.0099,Uracil,LC-MS/MS
SMP-00167,2.79,46712.5,9265.9,9741.7,0.0466,Acetaminophen,LC-MS/MS
SMP-00167,4.16,91962.5,15547.9,16084.2,0.0906,Caffeine,LC-MS/MS
SMP-00167,5.55,70924.2,12706.0,15563.6,0.073,Aspirin,LC-MS/MS
SMP-00167,7.22,74491.0,12638.9,13020.6,0.0738,Benzoic Acid,LC-MS/MS
SMP-00167,8.97,31646.0,6661.9,6845.8,0.0319,Phenacetin,LC-MS/MS
SMP-00167,10.36,15109.3,3445.3,3553.2,0.0161,Salicylic Acid,LC-MS/MS
SMP-00167,12.14,52923.7,9336.8,9543.9,0.0537,Chlorpheniramine,LC-MS/MS
SMP-00168,1.32,11824.2,3013.7,3178.3,0.012,Uracil,LC-MS/MS
SMP-00168,2.73,44377.6,8599.3,8862.9,0.046,Acetaminophen,LC-MS/MS
SMP-00168,4.16,104677.9,16089.3,16123.3,0.104,Caffeine,LC-MS/MS
SMP-00168,5.56,23667.3,5449.0,5474.9,0.0242,Aspirin,LC-MS/MS
SMP-00168,7.18,74377.2,12589.1,12974.7,0.0743,Benzoic Acid,LC-MS/MS
SMP-00168,8.91,35035.8,7297.0,7247.6,0.0357,Phenacetin,LC-MS/MS
SMP-00168,10.42,13496.5,3518.6,3711.2,0.0138,Salicylic Acid,LC-MS/MS
SMP-00168,12.06,48327.9,9138.2,9505.9,0.0488,Chlorpheniramine,LC-MS/MS
SMP-00169,1.23,12005.8,3136.5,3306.9,0.0126,Uracil,LC-MS/MS
SMP-00169,2.81,42474.6,7699.0,8031.0,0.041,Acetaminophen,LC-MS/MS
SMP-00169,4.15,93984.5,15235.3,15974.7,0.0959,Caffeine,LC-MS/MS
SMP-00169,5.57,24078.1,5350.1,5533.8,0.0243,Aspirin,LC-MS/MS
SMP-00169,7.19,78549.3,12888.1,13401.5,0.0776,Benzoic Acid,LC-MS/MS
SMP-00169,8.95,28311.8,6126.5,5993.6,0.0277,Phenacetin,LC-MS/MS
SMP-00169,10.37,13588.3,3145.7,3206.5,0.0136,Salicylic Acid,LC-MS/MS
SMP-00169,12.11,56804.4,10457.8,10536.7,0.0572,Chlorpheniramine,LC-MS/MS
SMP-00170,1.25,12691.2,3429.7,3610.3,0.0129,Uracil,LC-MS/MS
SMP-00170,2.77,42423.6,8260.7,8685.8,0.043,Acetaminophen,LC-MS/MS
SMP-00170,4.2,93826.5,15318.6,15670.3,0.0955,Caffeine,LC-MS/MS
SMP-00170,5.62,24814.9,5524.2,5827.2,0.0257,Aspirin,LC-MS/MS
SMP-00170,7.22,62626.8,10547.6,10795.3,0.0619,Benzoic Acid,LC-MS/MS
SMP-00170,8.97,31819.5,6507.7,6866.4,0.0326,Phenacetin,LC-MS/MS
SMP-00170,10.36,11885.6,2862.2,2987.1,0.0116,Salicylic Acid,LC-MS/MS
SMP-00170,12.07,61878.3,11579.2,12126.9,0.0611,Chlorpheniramine,LC-MS/MS
SMP-00171,1.25,12310.9,3170.3,3178.7,0.0126,Uracil,LC-MS/MS
SMP-00171,2.83,44646.2,8508.5,8678.2,0.0461,Acetaminophen,LC-MS/MS
SMP-00171,4.15,84732.8,13242.7,13565.5,0.0838,Caffeine,LC-MS/MS
SMP-00171,5.55,23127.8,5355.0,5522.5,0.023,Aspirin,LC-MS/MS
SMP-00171,7.23,66604.4,10829.3,11349.1,0.0665,Benzoic Acid,LC-MS/MS
SMP-00171,8.96,34287.3,6913.5,7378.2,0.0336,Phenacetin,LC-MS/MS
SMP-00171,10.39,18973.3,4646.8,4773.3,0.0187,Salicylic Acid,LC-MS/MS
SMP-00171,12.06,50681.2,9541.9,9686.1,0.0521,Chlorpheniramine,LC-MS/MS
SMP-00172,1.23,12652.1,3265.9,3316.4,0.013,Uracil,LC-MS/MS
SMP-00172,2.78,52146.1,10007.6,10080.0,0.0517,Acetaminophen,LC-MS/MS
SMP-00172,4.14,91885.2,15240.8,16002.8,0.0947,Caffeine,LC-MS/MS
SMP-00172,5.61,21518.9,4740.2,4775.0,0.0213,Aspirin,LC-MS/MS
SMP-00172,7.21,64014.4,10717.7,10843.8,0.0654,Benzoic Acid,LC-MS/MS
SMP-00172,9.01,27825.1,5545.7,5660.2,0.028,Phenacetin,LC-MS/MS
SMP-00172,10.4,17387.2,4306.3,4322.1,0.0174,Salicylic Acid,LC-MS/MS
SMP-00172,12.15,50412.3,9264.6,9474.1,0.0499,Chlorpheniramine,LC-MS/MS
SMP-00173,1.24,12223.6,3177.4,3351.9,0.0127,Uracil,LC-MS/MS
SMP-00173,2.75,278707.6,50696.2,46614.8,0.2778,Acetaminophen,LC-MS/MS
SMP-00173,4.12,82717.5,13077.9,13329.1,0.0806,Caffeine,LC-MS/MS
SMP-00173,5.63,24920.6,5447.9,5528.3,0.0242,Aspirin,LC-MS/MS
SMP-00173,7.14,71582.1,11910.8,12064.9,0.0696,Benzoic Acid,LC-MS/MS
SMP-00173,8.98,33484.1,6896.3,7151.0,0.0337,Phenacetin,LC-MS/MS
SMP-00173,10.36,15824.6,3827.2,3974.7,0.0157,Salicylic Acid,LC-MS/MS
SMP-00173,12.11,58151.0,10293.9,10708.4,0.058,Chlorpheniramine,LC-MS/MS
SMP-00174,1.26,11651.6,2895.8,3078.5,0.0118,Uracil,LC-MS/MS
SMP-00174,2.83,47211.0,9290.7,9601.4,0.0461,Acetaminophen,LC-MS/MS
SMP-00174,4.15,76622.7,12258.6,12198.5,0.0758,Caffeine,LC-MS/MS
SMP-00174,5.59,24223.6,5359.2,5574.7,0.0244,Aspirin,LC-MS/MS
SMP-00174,7.19,72503.7,12051.9,12468.5,0.0725,Benzoic Acid,LC-MS/MS
SMP-00174,8.96,26342.2,5196.2,5179.1,0.0267,Phenacetin,LC-MS/MS
SMP-00174,10.41,18428.2,4570.1,4512.2,0.0181,Salicylic Acid,LC-MS/MS
SMP-00174,12.1,59764.4,11370.3,11539.0,0.0623,Chlorpheniramine,LC-MS/MS
SMP-00175,1.25,13467.5,3807.1,3923.6,0.014,Uracil,LC-MS/MS
SMP-00175,2.8,48090.1,9121.6,9345.0,0.0469,Acetaminophen,LC-MS/MS
SMP-00175,4.12,88923.4,13775.2,13947.1,0.0859,Caffeine,LC-MS/MS
SMP-00175,5.58,22667.0,5190.4,5488.7,0.0219,Aspirin,LC-MS/MS
SMP-00175,7.22,69309.9,11679.5,12168.5,0.0708,Benzoic Acid,LC-MS/MS
SMP-00175,8.96,31145.3,6187.6,6398.8,0.0315,Phenacetin,LC-MS/MS
SMP-00175,10.46,17230.8,3992.8,4138.5,0.0171,Salicylic Acid,LC-MS/MS
SMP-00175,12.13,59600.6,10844.0,11322.5,0.0607,Chlorpheniramine,LC-MS/MS
SMP-00176,1.25,12336.3,3176.5,3332.3,0.0123,Uracil,LC-MS/MS
SMP-00176,2.76,49233.2,9235.1,9419.5,0.0497,Acetaminophen,LC-MS/MS
SMP-00176,4.09,88125.3,14397.1,14441.1,0.0891,Caffeine,LC-MS/MS
SMP-00176,5.54,24606.1,5462.1,5638.6,0.0239,Aspirin,LC-MS/MS
SMP-00176,7.19,63305.9,10211.4,10498.6,0.0643,Benzoic Acid,LC-MS/MS
SMP-00176,8.95,30462.7,6658.5,6788.4,0.0298,Phenacetin,LC-MS/MS
SMP-00176,10.48,13927.4,3297.9,3383.8,0.0136,Salicylic Acid,LC-MS/MS
SMP-00176,12.07,54928.9,9861.7,10341.2,0.0563,Chlorpheniramine,LC-MS/MS
SMP-00177,1.23,12717.2,3222.3,3333.5,0.0127,Uracil,LC-MS/MS
SMP-00177,2.78,46610.6,9592.8,10187.9,0.0464,Acetaminophen,LC-MS/MS
SMP-00177,4.1,95963.0,16024.6,16015.5,0.0937,Caffeine,LC-MS/MS
SMP-00177,5.6,21010.1,4730.3,4907.7,0.0203,Aspirin,LC-MS/MS
SMP-00177,7.19,65261.8,11147.9,11611.9,0.0676,Benzoic Acid,LC-MS/MS
SMP-00177,9.03,33239.3,6779.0,6850.9,0.0337,Phenacetin,LC-MS/MS
SMP-00177,10.42,17247.9,4205.8,4300.3,0.017,Salicylic Acid,LC-MS/MS
SMP-00177,12.1,60318.8,11501.7,11857.5,0.0586,Chlorpheniramine,LC-MS/MS
SMP-00178,1.26,14535.5,3757.9,3969.5,0.0148,Uracil,LC-MS/MS
SMP-00178,2.81,47386.9,9152.4,9431.5,0.047,Acetaminophen,LC-MS/MS
SMP-00178,4.11,81987.9,13730.2,13896.4,0.0828,Caffeine,LC-MS/MS
SMP-00178,5.56,23206.3,5330.0,5465.1,0.0236,Aspirin,LC-MS/MS
SMP-00178,7.16,73171.4,11984.7,12590.5,0.0728,Benzoic Acid,LC-MS/MS
SMP-00178,9.04,29675.2,5874.4,6069.8,0.0302,Phenacetin,LC-MS/MS
SMP-00178,10.45,91644.3,24080.7,18008.8,0.0902,Salicylic Acid,LC-MS/MS
SMP-00178,12.08,55117.5,10092.1,10510.3,0.0536,Chlorpheniramine,LC-MS/MS
SMP-00179,1.28,13949.8,3525.5,3638.6,0.0142,Uracil,LC-MS/MS
SMP-00179,2.77,47020.8,8845.3,9199.2,0.0467,Acetaminophen,LC-MS/MS
SMP-00179,4.15,83017.8,13001.0,13546.3,0.0818,Caffeine,LC-MS/MS
SMP-00179,5.63,25045.4,5321.4,5545.2,0.0246,Aspirin,LC-MS/MS
SMP-00179,7.17,65620.6,11135.6,11356.0,0.0651,Benzoic Acid,LC-MS/MS
SMP-00179,8.95,31976.0,6602.0,6632.8,0.0335,Phenacetin,LC-MS/MS
SMP-00179,10.42,14525.4,3650.8,3727.4,0.0146,Salicylic Acid,LC-MS/MS
SMP-00179,12.11,63561.8,11380.3,12029.7,0.0641,Chlorpheniramine,LC-MS/MS
SMP-00180,1.32,13411.7,3309.7,3388.3,0.0133,Uracil,LC-MS/MS
SMP-00180,2.78,276703.0,53030.4,46587.2,0.2771,Acetaminophen,LC-MS/MS
SMP-00180,4.17,98554.9,16483.9,16738.7,0.0979,Caffeine,LC-MS/MS
SMP-00180,5.62,25643.8,5645.6,5982.0,0.0259,Aspirin,LC-MS/MS
SMP-00180,7.23,55945.6,9261.5,9184.4,0.0561,Benzoic Acid,LC-MS/MS
SMP-00180,8.97,24163.5,5019.7,5237.0,0.0247,Phenacetin,LC-MS/MS
SMP-00180,10.42,13482.9,3280.6,3339.7,0.0135,Salicylic Acid,LC-MS/MS
SMP-00180,12.08,51674.3,9517.1,9703.0,0.0512,Chlorpheniramine,LC-MS/MS
SMP-00181,1.29,12066.5,2955.1,2990.1,0.0122,Uracil,LC-MS/MS
SMP-00181,2.78,41985.8,8677.1,9075.2,0.0413,Acetaminophen,LC-MS/MS
SMP-00181,4.11,90036.5,14614.0,14640.0,0.0907,Caffeine,LC-MS/MS
SMP-00181,5.62,23167.0,5326.4,5521.4,0.0233,Aspirin,LC-MS/MS
SMP-00181,7.16,77623.9,12959.7,13333.0,0.0786,Benzoic Acid,LC-MS/MS
SMP-00181,8.93,32519.9,6771.1,6797.2,0.0324,Phenacetin,LC-MS/MS
SMP-00181,10.39,14020.8,3502.4,3622.1,0.0137,Salicylic Acid,LC-MS/MS
SMP-00181,12.1,53925.5,9333.4,9404.0,0.0536,Chlorpheniramine,LC-MS/MS
SMP-00182,1.24,13099.5,3433.4,3525.9,0.0131,Uracil,LC-MS/MS
SMP-00182,2.8,43550.8,8351.1,8697.4,0.0423,Acetaminophen,LC-MS/MS
SMP-00182,4.12,76206.2,11982.9,12074.4,0.076,Caffeine,LC-MS/MS
SMP-00182,5.65,22328.3,4895.6,5164.4,0.0228,Aspirin,LC-MS/MS
SMP-00182,7.22,69346.0,11889.3,12850.7,0.0691,Benzoic Acid,LC-MS/MS
SMP-00182,8.95,31780.6,6362.0,6512.4,0.0321,Phenacetin,LC-MS/MS
SMP-00182,10.41,16035.8,3883.3,4157.0,0.0163,Salicylic Acid,LC-MS/MS
SMP-00182,12.13,54887.2,9815.8,10224.7,0.0552,Chlorpheniramine,LC-MS/MS
SMP-00183,1.26,12190.2,3090.1,3111.5,0.012,Uracil,LC-MS/MS
SMP-00183,2.8,47032.7,8953.3,9116.2,0.0475,Acetaminophen,LC-MS/MS
SMP-00183,4.19,69204.7,11302.9,11712.6,0.0683,Caffeine,LC-MS/MS
SMP-00183,5.59,23118.3,5370.7,5412.5,0.0233,Aspirin,LC-MS/MS
SMP-00183,7.16,70091.4,10857.8,11256.8,0.068,Benzoic Acid,LC-MS/MS
SMP-00183,8.93,33714.0,6927.1,7177.2,0.0328,Phenacetin,LC-MS/MS
SMP-00183,10.38,17526.9,4148.6,4360.2,0.0178,Salicylic Acid,LC-MS/MS
SMP-00183,12.07,51775.2,9356.1,9752.0,0.0538,Chlorpheniramine,LC-MS/MS
SMP-00184,1.25,11947.5,3179.2,3231.1,0.0118,Uracil,LC-MS/MS
SMP-00184,2.79,54075.4,10518.1,10388.5,0.0536,Acetaminophen,LC-MS/MS
SMP-00184,4.14,85557.4,13770.5,13735.8,0.0863,Caffeine,LC-MS/MS
SMP-00184,5.66,26215.4,5559.8,5748.2,0.0261,Aspirin,LC-MS/MS
SMP-00184,7.2,68938.0,11081.5,11091.2,0.0664,Benzoic Acid,LC-MS/MS
SMP-00184,8.96,32586.1,6645.1,6856.9,0.032,Phenacetin,LC-MS/MS
SMP-00184,10.37,14947.6,3610.6,3678.4,0.0147,Salicylic Acid,LC-MS/MS
SMP-00184,12.1,53669.4,9704.1,10017.1,0.0532,Chlorpheniramine,LC-MS/MS
SMP-00185,1.26,10063.9,2643.0,2730.7,0.0098,Uracil,LC-MS/MS
SMP-00185,2.79,49388.7,9841.3,10465.3,0.05,Acetaminophen,LC-MS/MS
SMP-00185,4.12,105914.2,17806.2,18415.3,0.1086,Caffeine,LC-MS/MS
SMP-00185,5.65,24217.2,5412.1,5536.8,0.0235,Aspirin,LC-MS/MS
SMP-00185,7.26,65519.0,10668.1,10920.3,0.0656,Benzoic Acid,LC-MS/MS
SMP-00185,8.97,28826.4,6150.9,6154.1,0.0294,Phenacetin,LC-MS/MS
SMP-00185,10.4,16044.8,3900.8,3987.4,0.0164,Salicylic Acid,LC-MS/MS
SMP-00185,12.14,41670.5,7600.2,7610.7,0.0416,Chlorpheniramine,LC-MS/MS
SMP-00186,1.22,11215.0,2824.0,2791.8,0.0113,Uracil,LC-MS/MS
SMP-00186,2.79,46884.6,8818.2,9098.5,0.0471,Acetaminophen,LC-MS/MS
SMP-00186,4.18,86540.4,14225.8,14726.8,0.0868,Caffeine,LC-MS/MS
SMP-00186,5.57,23540.4,5093.9,5183.3,0.0232,Aspirin,LC-MS/MS
SMP-00186,7.2,76977.3,12982.4,13650.3,0.0754,Benzoic Acid,LC-MS/MS
SMP-00186,8.97,27711.3,5616.6,5889.2,0.0274,Phenacetin,LC-MS/MS
SMP-00186,10.36,15368.0,3866.8,3967.9,0.0152,Salicylic Acid,LC-MS/MS
SMP-00186,12.1,55540.0,9900.4,9829.4,0.056,Chlorpheniramine,LC-MS/MS
SMP-00187,1.29,10963.0,2692.0,2826.7,0.0112,Uracil,LC-MS/MS
SMP-00187,2.78,42311.1,8399.2,8717.6,0.0434,Acetaminophen,LC-MS/MS
SMP-00187,4.14,81624.9,12991.4,13450.6,0.0798,Caffeine,LC-MS/MS
SMP-00187,5.61,22560.5,4922.9,5015.2,0.0221,Aspirin,LC-MS/MS
SMP-00187,7.19,74299.0,12560.9,12742.2,0.0732,Benzoic Acid,LC-MS/MS
SMP-00187,8.95,35108.7,6997.2,7255.4,0.0343,Phenacetin,LC-MS/MS
SMP-00187,10.41,16846.1,4099.7,4272.2,0.0169,Salicylic Acid,LC-MS/MS
SMP-00187,12.14,60677.6,11365.8,11850.6,0.0604,Chlorpheniramine,LC-MS/MS
SMP-00188,1.24,11176.7,2809.5,2899.9,0.0112,Uracil,LC-MS/MS
SMP-00188,2.81,52268.3,10106.7,10092.5,0.0526,Acetaminophen,LC-MS/MS
SMP-00188,4.17,110830.3,17423.6,17672.6,0.1113,Caffeine,LC-MS/MS
SMP-00188,5.62,26604.6,5771.4,6051.0,0.0267,Aspirin,LC-MS/MS
SMP-00188,7.18,67138.9,11053.7,11260.5,0.069,Benzoic Acid,LC-MS/MS
SMP-00188,8.99,35695.4,7305.5,7648.0,0.0364,Phenacetin,LC-MS/MS
SMP-00188,10.45,16605.4,3848.4,4067.7,0.0159,Salicylic Acid,LC-MS/MS
SMP-00188,12.14,47983.1,8310.1,8644.8,0.049,Chlorpheniramine,LC-MS/MS
SMP-00189,1.21,14636.8,3830.4,3845.4,0.0149,Uracil,LC-MS/MS
SMP-00189,2.82,37696.9,7499.5,7793.9,0.0389,Acetaminophen,LC-MS/MS
SMP-00189,4.14,78942.0,12450.8,13096.6,0.0794,Caffeine,LC-MS/MS
SMP-00189,5.61,20799.6,4634.6,4739.8,0.02,Aspirin,LC-MS/MS
SMP-00189,7.19,65760.3,11169.8,11474.2,0.0657,Benzoic Acid,LC-MS/MS
SMP-00189,8.96,34528.3,6577.5,6793.1,0.0349,Phenacetin,LC-MS/MS
SMP-00189,10.44,14108.7,3510.0,3603.6,0.0137,Salicylic Acid,LC-MS/MS
SMP-00189,12.09,58887.7,10632.7,11196.7,0.058,Chlorpheniramine,LC-MS/MS
SMP-00190,1.19,13467.8,3283.6,3476.8,0.0135,Uracil,LC-MS/MS
SMP-00190,2.82,47178.5,8682.5,9085.3,0.0491,Acetaminophen,LC-MS/MS
SMP-00190,4.16,101895.6,16447.4,16318.4,0.1021,Caffeine,LC-MS/MS
SMP-00190,5.58,17570.9,3591.0,3601.2,0.018,Aspirin,LC-MS/MS
SMP-00190,7.19,70494.0,11024.9,11299.3,0.0699,Benzoic Acid,LC-MS/MS
SMP-00190,8.95,29356.1,5918.4,6096.1,0.0289,Phenacetin,LC-MS/MS
SMP-00190,10.44,16489.4,3991.5,4095.3,0.0168,Salicylic Acid,LC-MS/MS
SMP-00190,12.08,56162.9,10280.3,10670.4,0.0551,Chlorpheniramine,LC-MS/MS
SMP-00191,1.23,11224.6,2761.0,2889.7,0.0112,Uracil,LC-MS/MS
SMP-00191,2.8,36290.4,7204.9,7386.0,0.0353,Acetaminophen,LC-MS/MS
SMP-00191,4.18,87484.2,14828.0,15668.7,0.0903,Caffeine,LC-MS/MS
SMP-00191,5.62,19018.7,4132.3,4337.8,0.0192,Aspirin,LC-MS/MS
SMP-00191,7.19,63697.4,10689.6,10898.3,0.0632,Benzoic Acid,LC-MS/MS
SMP-00191,8.95,32286.1,6396.9,6603.6,0.0325,Phenacetin,LC-MS/MS
SMP-00191,10.4,17360.9,4266.6,4423.1,0.017,Salicylic Acid,LC-MS/MS
SMP-00191,12.07,54187.0,9614.6,9857.2,0.0556,Chlorpheniramine,LC-MS/MS
SMP-00192,1.27,13314.9,3570.1,3504.3,0.013,Uracil,LC-MS/MS
SMP-00192,2.75,49671.4,9558.1,9885.0,0.0499,Acetaminophen,LC-MS/MS
SMP-00192,4.17,80468.7,12682.0,13022.1,0.0804,Caffeine,LC-MS/MS
SMP-00192,5.56,19376.1,4289.6,4625.3,0.02,Aspirin,LC-MS/MS
SMP-00192,7.3,60024.6,9721.0,9904.5,0.0604,Benzoic Acid,LC-MS/MS
SMP-00192,8.92,32120.4,6988.6,6909.7,0.0324,Phenacetin,LC-MS/MS
SMP-00192,10.42,12879.6,3296.2,3354.0,0.0131,Salicylic Acid,LC-MS/MS
SMP-00192,12.08,59776.1,10334.9,10207.8,0.0589,Chlorpheniramine,LC-MS/MS
SMP-00193,1.22,13201.0,3366.5,3480.5,0.0133,Uracil,LC-MS/MS
SMP-00193,2.81,43963.3,8309.1,8345.0,0.0442,Acetaminophen,LC-MS/MS
SMP-00193,4.11,78600.1,13234.6,13490.1,0.079,Caffeine,LC-MS/MS
SMP-00193,5.59,19001.7,4430.9,4326.5,0.0194,Aspirin,LC-MS/MS
SMP-00193,7.2,66646.6,11237.7,11278.9,0.0662,Benzoic Acid,LC-MS/MS
SMP-00193,8.95,29215.5,5586.2,5812.9,0.0301,Phenacetin,LC-MS/MS
SMP-00193,10.45,15781.7,3821.3,3915.0,0.0161,Salicylic Acid,LC-MS/MS
SMP-00193,12.05,48727.1,8864.3,9182.8,0.0498,Chlorpheniramine,LC-MS/MS
SMP-00194,1.24,13335.7,3445.4,3544.6,0.0133,Uracil,LC-MS/MS
SMP-00194,2.73,47009.1,9474.1,9697.8,0.0474,Acetaminophen,LC-MS/MS
SMP-00194,4.17,87816.0,14455.5,14860.5,0.0891,Caffeine,LC-MS/MS
SMP-00194,5.59,20743.8,4434.9,4412.9,0.0204,Aspirin,LC-MS/MS
SMP-00194,7.18,76348.7,12499.0,12861.1,0.0773,Benzoic Acid,LC-MS/MS
SMP-00194,8.97,36105.9,7501.5,7564.7,0.0365,Phenacetin,LC-MS/MS
SMP-00194,10.36,17488.0,4275.8,4329.9,0.0177,Salicylic Acid,LC-MS/MS
SMP-00194,12.07,56839.0,10184.6,10463.1,0.0589,Chlorpheniramine,LC-MS/MS
SMP-00195,1.25,12611.2,3234.8,3350.2,0.0126,Uracil,LC-MS/MS
SMP-00195,2.84,44687.9,8236.2,8305.4,0.0447,Acetaminophen,LC-MS/MS
SMP-00195,4.11,96738.6,15322.9,15043.7,0.0962,Caffeine,LC-MS/MS
SMP-00195,5.56,19656.7,4277.5,4331.9,0.02,Aspirin,LC-MS/MS
SMP-00195,7.21,57952.1,9203.8,9281.1,0.0602,Benzoic Acid,LC-MS/MS
SMP-00195,8.94,30821.0,6110.1,6265.3,0.0313,Phenacetin,LC-MS/MS
SMP-00195,10.38,17758.6,4224.4,4283.3,0.0174,Salicylic Acid,LC-MS/MS
SMP-00195,12.1,47840.9,8640.8,8900.0,0.0483,Chlorpheniramine,LC-MS/MS
SMP-00196,1.29,10436.8,2837.4,2943.6,0.0109,Uracil,LC-MS/MS
SMP-00196,2.78,46394.6,9354.7,9586.9,0.0457,Acetaminophen,LC-MS/MS
SMP-00196,4.13,89892.7,14957.9,15660.3,0.0893,Caffeine,LC-MS/MS
SMP-00196,5.6,23450.4,5077.7,5129.2,0.0234,Aspirin,LC-MS/MS
SMP-00196,7.2,57652.4,9725.0,9766.6,0.0595,Benzoic Acid,LC-MS/MS
SMP-00196,8.98,31522.3,6365.0,6652.0,0.0315,Phenacetin,LC-MS/MS
SMP-00196,10.35,16157.8,3961.0,4236.4,0.016,Salicylic Acid,LC-MS/MS
SMP-00196,12.11,257678.0,39454.7,42445.9,0.2508,Chlorpheniramine,LC-MS/MS
SMP-00197,1.23,11983.3,3020.1,3192.3,0.0123,Uracil,LC-MS/MS
SMP-00197,2.86,52686.8,10722.1,10629.8,0.0531,Acetaminophen,LC-MS/MS
SMP-00197,4.16,82459.8,13307.6,13839.5,0.0782,Caffeine,LC-MS/MS
SMP-00197,5.61,24575.2,5439.4,5485.2,0.0254,Aspirin,LC-MS/MS
SMP-00197,7.21,81663.0,13040.1,13268.0,0.0828,Benzoic Acid,LC-MS/MS
SMP-00197,8.94,33922.7,6754.9,6920.3,0.0339,Phenacetin,LC-MS/MS
SMP-00197,10.41,15661.8,3562.5,3712.5,0.0153,Salicylic Acid,LC-MS/MS
SMP-00197,12.1,48592.8,8602.9,8614.1,0.0491,Chlorpheniramine,LC-MS/MS
SMP-00198,1.27,11847.3,2887.7,2944.8,0.0116,Uracil,LC-MS/MS
SMP-00198,2.79,38490.8,7571.8,7605.5,0.0382,Acetaminophen,LC-MS/MS
SMP-00198,4.19,87658.5,13712.7,14011.0,0.0879,Caffeine,LC-MS/MS
SMP-00198,5.57,25801.5,5600.7,5719.0,0.0255,Aspirin,LC-MS/MS
SMP-00198,7.26,74499.3,12244.1,12788.2,0.0734,Benzoic Acid,LC-MS/MS
SMP-00198,8.96,39593.7,8077.8,8278.4,0.0387,Phenacetin,LC-MS/MS
SMP-00198,10.4,15534.4,3765.3,3846.9,0.0154,Salicylic Acid,LC-MS/MS
SMP-00198,12.11,58415.4,10824.4,11248.5,0.0572,Chlorpheniramine,LC-MS/MS
SMP-00199,1.29,13154.8,3420.5,3448.2,0.0134,Uracil,LC-MS/MS
SMP-00199,2.81,42152.3,8022.3,8225.5,0.0428,Acetaminophen,LC-MS/MS
SMP-00199,4.13,94130.6,15486.9,16481.2,0.0933,Caffeine,LC-MS/MS
SMP-00199,5.6,25295.8,5592.5,5901.5,0.0251,Aspirin,LC-MS/MS
SMP-00199,7.18,75172.9,12089.2,12677.0,0.0733,Benzoic Acid,LC-MS/MS
SMP-00199,8.98,31984.6,6223.0,6464.0,0.0329,Phenacetin,LC-MS/MS
SMP-00199,10.38,15808.9,4025.4,4254.9,0.0153,Salicylic Acid,LC-MS/MS
SMP-00199,12.04,45231.0,8171.9,8250.8,0.0465,Chlorpheniramine,LC-MS/MS
SMP-00200,1.22,10803.0,2855.1,2834.6,0.011,Uracil,LC-MS/MS
SMP-00200,2.81,60026.6,11520.2,11546.1,0.0607,Acetaminophen,LC-MS/MS
SMP-00200,4.14,74683.1,11895.8,12196.6,0.0714,Caffeine,LC-MS/MS
SMP-00200,5.56,22502.1,5005.0,5199.5,0.0235,Aspirin,LC-MS/MS
SMP-00200,7.21,70363.7,11837.0,11574.4,0.0703,Benzoic Acid,LC-MS/MS
SMP-00200,8.92,31904.5,6662.4,6884.7,0.0322,Phenacetin,LC-MS/MS
SMP-00200,10.36,18700.1,4451.7,4588.6,0.0188,Salicylic Acid,LC-MS/MS
SMP-00200,12.1,56257.4,10239.9,10527.9,0.0569,Chlorpheniramine,LC-MS/MS
SMP-00201,1.27,13598.9,3473.9,3498.4,0.0134,Uracil,LC-MS/MS
SMP-00201,2.78,51107.7,9544.0,9767.4,0.0498,Acetaminophen,LC-MS/MS
SMP-00201,4.18,93866.9,15560.7,16196.9,0.0938,Caffeine,LC-MS/MS
SMP-00201,5.61,23289.1,5096.0,5370.1,0.0229,Aspirin,LC-MS/MS
SMP-00201,7.27,52731.8,9121.7,9209.3,0.0542,Benzoic Acid,LC-MS/MS
SMP-00201,8.97,27457.9,5560.8,5820.6,0.0279,Phenacetin,LC-MS/MS
SMP-00201,10.41,14365.6,3519.0,3605.9,0.0147,Salicylic Acid,LC-MS/MS
SMP-00201,12.08,58755.7,10620.4,11031.6,0.0601,Chlorpheniramine,LC-MS/MS
SMP-00202,1.23,13444.3,3542.8,3673.0,0.0136,Uracil,LC-MS/MS
SMP-00202,2.78,52282.3,10136.5,10500.2,0.0516,Acetaminophen,LC-MS/MS
SMP-00202,4.15,88203.5,13590.2,14208.6,0.0864,Caffeine,LC-MS/MS
SMP-00202,5.61,22036.1,4744.3,4954.8,0.0214,Aspirin,LC-MS/MS
SMP-00202,7.19,68846.5,11229.7,11433.0,0.07,Benzoic Acid,LC-MS/MS
SMP-00202,8.93,33109.6,6896.5,7274.8,0.0342,Phenacetin,LC-MS/MS
SMP-00202,10.4,14887.5,3720.6,3870.0,0.0149,Salicylic Acid,LC-MS/MS
SMP-00202,12.09,43963.5,7210.2,7370.2,0.0432,Chlorpheniramine,LC-MS/MS
SMP-00203,1.26,11690.6,2986.0,3044.3,0.012,Uracil,LC-MS/MS
SMP-00203,2.8,50595.1,10225.3,10732.7,0.0509,Acetaminophen,LC-MS/MS
SMP-00203,4.14,89803.5,14623.6,14951.3,0.09,Caffeine,LC-MS/MS
SMP-00203,5.63,23113.7,5251.4,5523.1,0.0224,Aspirin,LC-MS/MS
SMP-00203,7.18,64436.7,9961.6,10536.2,0.0648,Benzoic Acid,LC-MS/MS
SMP-00203,8.96,33295.9,6829.9,6881.9,0.0331,Phenacetin,LC-MS/MS
SMP-00203,10.34,14939.7,3729.2,3757.3,0.0147,Salicylic Acid,LC-MS/MS
SMP-00203,12.13,58370.1,10719.3,11035.0,0.0578,Chlorpheniramine,LC-MS/MS
SMP-00204,1.33,11643.6,3064.2,3178.3,0.0111,Uracil,LC-MS/MS
SMP-00204,2.77,48389.0,9057.6,9440.4,0.048,Acetaminophen,LC-MS/MS
SMP-00204,4.2,108662.8,17278.9,17337.4,0.1087,Caffeine,LC-MS/MS
SMP-00204,5.58,24518.8,5357.3,5366.1,0.0247,Aspirin,LC-MS/MS
SMP-00204,7.17,69195.6,11219.4,11614.4,0.0692,Benzoic Acid,LC-MS/MS
SMP-00204,8.95,38255.6,8086.7,8379.2,0.0386,Phenacetin,LC-MS/MS
SMP-00204,10.39,16019.5,3950.7,4029.3,0.0158,Salicylic Acid,LC-MS/MS
SMP-00204,12.08,49968.0,8761.1,9081.2,0.0495,Chlorpheniramine,LC-MS/MS
SMP-00205,1.28,9440.6,2257.2,2346.2,0.0094,Uracil,LC-MS/MS
SMP-00205,2.82,41347.0,8061.0,8330.8,0.0404,Acetaminophen,LC-MS/MS
SMP-00205,4.15,96375.0,16082.0,16646.5,0.0969,Caffeine,LC-MS/MS
SMP-00205,5.56,21297.0,4476.3,4703.6,0.0213,Aspirin,LC-MS/MS
SMP-00205,7.22,67395.4,11281.9,11918.6,0.0689,Benzoic Acid,LC-MS/MS
SMP-00205,8.97,34666.4,7404.9,7531.8,0.0349,Phenacetin,LC-MS/MS
SMP-00205,10.42,14451.6,3405.9,3551.8,0.0141,Salicylic Acid,LC-MS/MS
SMP-00205,12.11,59402.0,10452.6,10750.0,0.0629,Chlorpheniramine,LC-MS/MS
SMP-00206,1.27,14130.9,3753.7,3959.9,0.0142,Uracil,LC-MS/MS
SMP-00206,2.77,315215.6,62913.3,60018.3,0.3111,Acetaminophen,LC-MS/MS
SMP-00206,4.18,83921.1,13811.3,14036.6,0.0833,Caffeine,LC-MS/MS
SMP-00206,5.64,19625.7,4452.8,4642.1,0.0197,Aspirin,LC-MS/MS
SMP-00206,7.22,76222.0,13249.6,13052.4,0.0749,Benzoic Acid,LC-MS/MS
SMP-00206,8.97,32207.0,6648.3,6915.0,0.0317,Phenacetin,LC-MS/MS
SMP-00206,10.41,16559.0,3956.4,4167.4,0.017,Salicylic Acid,LC-MS/MS
SMP-00206,12.14,54890.4,10129.1,10476.0,0.0554,Chlorpheniramine,LC-MS/MS
SMP-00207,1.25,12111.1,3191.0,3267.8,0.0119,Uracil,LC-MS/MS
SMP-00207,2.82,47912.1,8965.3,9225.2,0.0458,Acetaminophen,LC-MS/MS
SMP-00207,4.21,99518.8,16560.0,17059.0,0.0967,Caffeine,LC-MS/MS
SMP-00207,5.62,111094.4,22469.3,18134.6,0.11,Aspirin,LC-MS/MS
SMP-00207,7.22,69538.6,11315.1,11559.5,0.0694,Benzoic Acid,LC-MS/MS
SMP-00207,8.93,40296.3,8155.2,8208.1,0.0401,Phenacetin,LC-MS/MS
SMP-00207,10.43,16217.5,3968.8,4008.3,0.016,Salicylic Acid,LC-MS/MS
SMP-00207,12.14,44704.6,7932.6,8217.4,0.0448,Chlorpheniramine,LC-MS/MS
SMP-00208,1.25,10446.4,2626.3,2833.4,0.01,Uracil,LC-MS/MS
SMP-00208,2.82,50994.5,10494.9,11133.5,0.0521,Acetaminophen,LC-MS/MS
SMP-00208,4.21,96449.9,15279.5,15539.5,0.0991,Caffeine,LC-MS/MS
SMP-00208,5.61,19658.2,4239.5,4437.8,0.0196,Aspirin,LC-MS/MS
SMP-00208,7.16,65431.3,10580.2,10764.5,0.0655,Benzoic Acid,LC-MS/MS
SMP-00208,8.99,35120.4,7412.8,7516.4,0.0354,Phenacetin,LC-MS/MS
SMP-00208,10.45,14357.4,3480.0,3633.8,0.0143,Salicylic Acid,LC-MS/MS
SMP-00208,12.08,64740.3,11849.3,12313.6,0.0658,Chlorpheniramine,LC-MS/MS
SMP-00209,1.19,12909.5,3171.5,3357.8,0.0131,Uracil,LC-MS/MS
SMP-00209,2.8,38816.5,7119.9,7325.3,0.04,Acetaminophen,LC-MS/MS
SMP-00209,4.16,89582.1,14671.1,15353.1,0.0912,Caffeine,LC-MS/MS
SMP-00209,5.6,24684.4,5435.1,5701.0,0.0249,Aspirin,LC-MS/MS
SMP-00209,7.19,77293.1,12866.4,13301.2,0.0762,Benzoic Acid,LC-MS/MS
SMP-00209,8.96,30811.9,6513.6,6618.3,0.0312,Phenacetin,LC-MS/MS
SMP-00209,10.4,14813.7,3587.5,3726.1,0.015,Salicylic Acid,LC-MS/MS
SMP-00209,12.1,60607.3,10985.1,11710.6,0.0612,Chlorpheniramine,LC-MS/MS
SMP-00210,1.26,14548.1,3709.9,3833.9,0.015,Uracil,LC-MS/MS
SMP-00210,2.76,42897.5,8228.5,8448.2,0.0436,Acetaminophen,LC-MS/MS
SMP-00210,4.15,80248.5,12959.1,13556.4,0.0836,Caffeine,LC-MS/MS
SMP-00210,5.56,24662.1,5371.8,5383.9,0.0243,Aspirin,LC-MS/MS
SMP-00210,7.21,68427.4,11483.4,12309.2,0.0686,Benzoic Acid,LC-MS/MS
SMP-00210,8.96,35709.4,7216.9,7572.6,0.0362,Phenacetin,LC-MS/MS
SMP-00210,10.41,14755.0,3714.9,3827.1,0.0146,Salicylic Acid,LC-MS/MS
SMP-00210,12.1,52930.1,9282.4,9513.3,0.0538,Chlorpheniramine,LC-MS/MS
SMP-00211,1.23,13125.3,3360.9,3616.3,0.0128,Uracil,LC-MS/MS
SMP-00211,2.85,44817.6,8325.9,8535.5,0.0439,Acetaminophen,LC-MS/MS
SMP-00211,4.16,81734.4,13911.4,14639.3,0.0835,Caffeine,LC-MS/MS
SMP-00211,5.58,21380.1,4668.0,4864.5,0.0217,Aspirin,LC-MS/MS
SMP-00211,7.15,79062.3,13619.9,13926.4,0.0794,Benzoic Acid,LC-MS/MS
SMP-00211,8.96,33429.0,7207.8,7421.4,0.0335,Phenacetin,LC-MS/MS
SMP-00211,10.4,14220.7,3180.8,3390.3,0.0145,Salicylic Acid,LC-MS/MS
SMP-00211,12.09,58370.3,10040.8,10137.8,0.0585,Chlorpheniramine,LC-MS/MS
SMP-00212,1.27,11780.3,3285.0,3331.3,0.0115,Uracil,LC-MS/MS
SMP-00212,2.85,40167.9,7685.5,7998.5,0.0414,Acetaminophen,LC-MS/MS
SMP-00212,4.17,74814.2,11563.6,11746.0,0.0746,Caffeine,LC-MS/MS
SMP-00212,5.61,22231.2,4776.2,4990.6,0.023,Aspirin,LC-MS/MS
SMP-00212,7.19,63431.3,10524.7,10954.4,0.0621,Benzoic Acid,LC-MS/MS
SMP-00212,8.96,31845.5,6459.2,6702.3,0.0318,Phenacetin,LC-MS/MS
SMP-00212,10.42,16779.7,4189.3,4401.0,0.0169,Salicylic Acid,LC-MS/MS
SMP-00212,12.1,55447.9,10005.0,10460.2,0.0543,Chlorpheniramine,LC-MS/MS
SMP-00213,1.25,51356.2,14256.9,12283.1,0.051,Uracil,LC-MS/MS
SMP-00213,2.86,44147.2,8379.6,8483.2,0.043,Acetaminophen,LC-MS/MS
SMP-00213,4.14,96596.3,15801.8,16346.4,0.0965,Caffeine,LC-MS/MS
SMP-00213,5.65,24319.0,5330.0,5525.1,0.0239,Aspirin,LC-MS/MS
SMP-00213,7.15,72286.4,11943.8,12663.4,0.0728,Benzoic Acid,LC-MS/MS
SMP-00213,8.91,29314.6,6112.7,6254.7,0.0293,Phenacetin,LC-MS/MS
SMP-00213,10.37,14127.3,3374.5,3446.3,0.0142,Salicylic Acid,LC-MS/MS
SMP-00213,12.1,50561.8,9080.0,9534.6,0.0502,Chlorpheniramine,LC-MS/MS
SMP-00214,1.28,12127.6,3145.8,3233.7,0.0122,Uracil,LC-MS/MS
SMP-00214,2.8,47056.0,8954.8,9664.8,0.0463,Acetaminophen,LC-MS/MS
SMP-00214,4.16,87238.4,14099.8,14782.3,0.09,Caffeine,LC-MS/MS
SMP-00214,5.67,24502.0,5283.6,5594.1,0.0249,Aspirin,LC-MS/MS
SMP-00214,7.27,67276.5,11487.4,11768.6,0.0662,Benzoic Acid,LC-MS/MS
SMP-00214,8.97,39870.4,8498.6,8849.4,0.0405,Phenacetin,LC-MS/MS
SMP-00214,10.42,16582.6,3935.6,4030.5,0.0164,Salicylic Acid,LC-MS/MS
SMP-00214,12.07,50664.9,9455.6,10055.4,0.0501,Chlorpheniramine,LC-MS/MS
SMP-00215,1.27,12663.7,3350.6,3515.4,0.0124,Uracil,LC-MS/MS
SMP-00215,2.82,54479.9,10704.7,10735.2,0.0537,Acetaminophen,LC-MS/MS
SMP-00215,4.16,91589.0,15431.4,15954.4,0.0895,Caffeine,LC-MS/MS
SMP-00215,5.54,85140.2,14831.5,18897.5,0.0904,Aspirin,LC-MS/MS
SMP-00215,7.2,75839.0,12314.8,12671.7,0.0746,Benzoic Acid,LC-MS/MS
SMP-00215,8.96,30871.4,6306.5,6476.5,0.0305,Phenacetin,LC-MS/MS
SMP-00215,10.4,14830.8,3573.8,3649.3,0.0151,Salicylic Acid,LC-MS/MS
SMP-00215,12.08,58948.4,10939.7,11287.8,0.0597,Chlorpheniramine,LC-MS/MS
SMP-00216,1.2,12329.3,3252.4,3441.2,0.0125,Uracil,LC-MS/MS
SMP-00216,2.76,48480.8,9389.7,9768.2,0.0486,Acetaminophen,LC-MS/MS
SMP-00216,4.09,73873.1,11889.0,12003.8,0.0734,Caffeine,LC-MS/MS
SMP-00216,5.62,19338.5,4227.1,4364.3,0.0202,Aspirin,LC-MS/MS
SMP-00216,7.13,57047.8,9941.8,9961.7,0.0574,Benzoic Acid,LC-MS/MS
SMP-00216,8.92,28449.1,5999.6,6039.5,0.0297,Phenacetin,LC-MS/MS
SMP-00216,10.41,16326.8,3913.5,3922.9,0.0167,Salicylic Acid,LC-MS/MS
SMP-00216,12.07,59227.9,10439.1,10785.6,0.058,Chlorpheniramine,LC-MS/MS
SMP-00217,1.23,14987.1,3836.3,3902.2,0.0147,Uracil,LC-MS/MS
SMP-00217,2.81,48864.7,9556.9,9816.0,0.047,Acetaminophen,LC-MS/MS
SMP-00217,4.17,103602.5,17181.0,17885.3,0.1033,Caffeine,LC-MS/MS
SMP-00217,5.51,25049.6,5623.9,5820.7,0.0249,Aspirin,LC-MS/MS
SMP-00217,7.2,72733.8,12181.4,12394.0,0.0722,Benzoic Acid,LC-MS/MS
SMP-00217,8.95,25154.3,5192.9,5300.7,0.0257,Phenacetin,LC-MS/MS
SMP-00217,10.33,17199.6,4130.8,4190.0,0.0169,Salicylic Acid,LC-MS/MS
SMP-00217,12.11,67795.3,12081.9,12215.1,0.0657,Chlorpheniramine,LC-MS/MS
SMP-00218,1.3,12603.3,3024.2,3047.0,0.0126,Uracil,LC-MS/MS
SMP-00218,2.83,45134.8,8770.4,8922.8,0.0444,Acetaminophen,LC-MS/MS
SMP-00218,4.14,75950.2,12234.9,12688.6,0.0782,Caffeine,LC-MS/MS
SMP-00218,5.63,24216.5,5336.9,5415.0,0.025,Aspirin,LC-MS/MS
SMP-00218,7.23,73932.4,11840.8,12311.1,0.073,Benzoic Acid,LC-MS/MS
SMP-00218,8.92,31841.8,6826.2,7085.6,0.0323,Phenacetin,LC-MS/MS
SMP-00218,10.39,13895.4,3263.3,3331.2,0.0138,Salicylic Acid,LC-MS/MS
SMP-00218,12.07,47875.2,9062.5,9285.0,0.0491,Chlorpheniramine,LC-MS/MS
SMP-00219,1.22,13489.7,3238.6,3365.4,0.0136,Uracil,LC-MS/MS
SMP-00219,2.84,38921.9,7219.4,7206.8,0.0385,Acetaminophen,LC-MS/MS
SMP-00219,4.15,98134.3,15788.2,16239.2,0.0952,Caffeine,LC-MS/MS
SMP-00219,5.6,23037.2,5229.5,5380.4,0.0235,Aspirin,LC-MS/MS
SMP-00219,7.24,60945.5,10356.2,10465.3,0.0611,Benzoic Acid,LC-MS/MS
SMP-00219,8.95,29755.7,6230.6,6573.5,0.0306,Phenacetin,LC-MS/MS
SMP-00219,10.38,15571.1,3610.1,3692.9,0.0151,Salicylic Acid,LC-MS/MS
SMP-00219,12.11,52196.1,9583.3,9899.2,0.0517,Chlorpheniramine,LC-MS/MS
SMP-00220,1.25,13020.9,3279.9,3446.0,0.0127,Uracil,LC-MS/MS
SMP-00220,2.81,40421.7,8064.9,8503.0,0.0425,Acetaminophen,LC-MS/MS
SMP-00220,4.15,76647.1,12306.0,12784.1,0.0774,Caffeine,LC-MS/MS
SMP-00220,5.54,28831.6,6522.8,6740.6,0.029,Aspirin,LC-MS/MS
SMP-00220,7.21,57194.1,9145.7,9560.5,0.0566,Benzoic Acid,LC-MS/MS
SMP-00220,8.91,29712.9,5849.5,6172.5,0.03,Phenacetin,LC-MS/MS
SMP-00220,10.35,15687.7,3776.5,3850.9,0.016,Salicylic Acid,LC-MS/MS
SMP-00220,12.11,58350.2,10932.0,10815.1,0.0577,Chlorpheniramine,LC-MS/MS
SMP-00221,1.24,12857.2,3279.8,3446.8,0.0132,Uracil,LC-MS/MS
SMP-00221,2.8,52236.9,9666.4,9630.1,0.0511,Acetaminophen,LC-MS/MS
SMP-00221,4.1,81481.6,13514.1,13818.2,0.0804,Caffeine,LC-MS/MS
SMP-00221,5.55,22346.0,5076.2,5147.5,0.0229,Aspirin,LC-MS/MS
SMP-00221,7.23,62282.4,10441.3,11020.8,0.0637,Benzoic Acid,LC-MS/MS
SMP-00221,8.96,31216.1,6166.4,6542.7,0.0298,Phenacetin,LC-MS/MS
SMP-00221,10.42,14430.6,3536.4,3610.3,0.0144,Salicylic Acid,LC-MS/MS
SMP-00221,12.13,64480.5,11269.6,11682.2,0.0656,Chlorpheniramine,LC-MS/MS
SMP-00222,1.29,7984.8,2163.6,2221.9,0.0079,Uracil,LC-MS/MS
SMP-00222,2.84,43741.8,8134.6,8108.2,0.043,Acetaminophen,LC-MS/MS
SMP-00222,4.12,93313.4,14853.5,15319.3,0.0919,Caffeine,LC-MS/MS
SMP-00222,5.59,23267.1,5141.4,5383.8,0.0231,Aspirin,LC-MS/MS
SMP-00222,7.2,71696.5,12177.5,12953.9,0.0716,Benzoic Acid,LC-MS/MS
SMP-00222,8.94,161415.1,30329.3,29597.1,0.1663,Phenacetin,LC-MS/MS
SMP-00222,10.45,14121.2,3437.2,3592.4,0.014,Salicylic Acid,LC-MS/MS
SMP-00222,12.04,52676.9,9728.9,9339.1,0.0506,Chlorpheniramine,LC-MS/MS
SMP-00223,1.24,12808.8,3092.3,3137.1,0.0131,Uracil,LC-MS/MS
SMP-00223,2.83,46071.9,8928.6,8771.1,0.0466,Acetaminophen,LC-MS/MS
SMP-00223,4.13,102239.1,16061.7,16290.5,0.0993,Caffeine,LC-MS/MS
SMP-00223,5.59,24300.9,5312.5,5415.0,0.0243,Aspirin,LC-MS/MS
SMP-00223,7.17,317044.9,48193.2,48000.6,0.3227,Benzoic Acid,LC-MS/MS
SMP-00223,8.98,30497.9,6450.3,6623.3,0.0295,Phenacetin,LC-MS/MS
SMP-00223,10.41,16377.0,3994.7,4102.0,0.0167,Salicylic Acid,LC-MS/MS
SMP-00223,12.07,49427.8,9092.4,9090.6,0.0489,Chlorpheniramine,LC-MS/MS
SMP-00224,1.22,14467.0,3737.9,3787.3,0.0141,Uracil,LC-MS/MS
SMP-00224,2.81,43395.3,8363.6,8583.8,0.042,Acetaminophen,LC-MS/MS
SMP-00224,4.17,95252.0,15094.0,15388.0,0.0961,Caffeine,LC-MS/MS
SMP-00224,5.6,24484.8,5291.1,5369.4,0.0242,Aspirin,LC-MS/MS
SMP-00224,7.15,56970.2,9480.8,9667.6,0.0522,Benzoic Acid,LC-MS/MS
SMP-00224,8.94,33306.4,6773.6,7000.6,0.0331,Phenacetin,LC-MS/MS
SMP-00224,10.4,13662.4,3234.5,3294.2,0.0131,Salicylic Acid,LC-MS/MS
SMP-00224,12.1,47868.7,8847.3,9054.8,0.0487,Chlorpheniramine,LC-MS/MS
SMP-00225,1.29,11400.5,2993.9,3164.1,0.0114,Uracil,LC-MS/MS
SMP-00225,2.8,45169.7,8490.0,8924.4,0.0441,Acetaminophen,LC-MS/MS
SMP-00225,4.17,96263.7,15824.7,16640.1,0.094,Caffeine,LC-MS/MS
SMP-00225,5.61,23349.3,5143.2,5226.5,0.023,Aspirin,LC-MS/MS
SMP-00225,7.21,78978.2,12885.9,13337.9,0.0801,Benzoic Acid,LC-MS/MS
SMP-00225,8.92,26810.5,5592.8,5716.2,0.0264,Phenacetin,LC-MS/MS
SMP-00225,10.38,17135.7,4086.0,4206.7,0.0173,Salicylic Acid,LC-MS/MS
SMP-00225,12.15,48361.5,8291.6,8611.3,0.0482,Chlorpheniramine,LC-MS/MS
SMP-00226,1.22,13576.3,3588.9,3775.0,0.0137,Uracil,LC-MS/MS
SMP-00226,2.79,52347.2,9817.4,10030.2,0.052,Acetaminophen,LC-MS/MS
SMP-00226,4.2,92429.2,15105.8,15621.8,0.0931,Caffeine,LC-MS/MS
SMP-00226,5.64,22453.4,4970.3,5117.8,0.0227,Aspirin,LC-MS/MS
SMP-00226,7.21,73220.7,12488.2,12957.5,0.0729,Benzoic Acid,LC-MS/MS
SMP-00226,8.95,33081.9,6811.7,7183.3,0.033,Phenacetin,LC-MS/MS
SMP-00226,10.42,13109.2,3282.9,3374.7,0.013,Salicylic Acid,LC-MS/MS
SMP-00226,12.05,44243.5,7883.3,8200.8,0.0433,Chlorpheniramine,LC-MS/MS
SMP-00227,1.22,12973.3,3313.1,3363.8,0.0127,Uracil,LC-MS/MS
SMP-00227,2.79,37339.5,7116.7,7158.3,0.0369,Acetaminophen,LC-MS/MS
SMP-00227,4.17,92864.1,14945.1,15627.4,0.094,Caffeine,LC-MS/MS
SMP-00227,5.56,23896.6,5444.3,5473.2,0.0239,Aspirin,LC-MS/MS
SMP-00227,7.18,64426.3,10484.3,10652.0,0.0644,Benzoic Acid,LC-MS/MS
SMP-00227,8.94,31284.8,6059.3,6362.3,0.0312,Phenacetin,LC-MS/MS
SMP-00227,10.32,16401.9,3875.3,4066.7,0.0161,Salicylic Acid,LC-MS/MS
SMP-00227,12.12,54636.1,9183.6,9761.8,0.0536,Chlorpheniramine,LC-MS/MS
SMP-00228,1.31,11174.3,2736.5,2812.0,0.0112,Uracil,LC-MS/MS
SMP-00228,2.82,46124.8,9455.5,9764.2,0.0455,Acetaminophen,LC-MS/MS
SMP-00228,4.15,89139.4,14368.4,15187.1,0.0906,Caffeine,LC-MS/MS
SMP-00228,5.6,20835.7,4401.7,4457.4,0.0207,Aspirin,LC-MS/MS
SMP-00228,7.2,77177.6,11959.6,12090.6,0.0765,Benzoic Acid,LC-MS/MS
SMP-00228,8.95,31849.8,6560.7,6727.1,0.033,Phenacetin,LC-MS/MS
SMP-00228,10.36,16724.7,4063.6,4115.7,0.0168,Salicylic Acid,LC-MS/MS
SMP-00228,12.07,52479.1,9632.9,9820.6,0.0544,Chlorpheniramine,LC-MS/MS
SMP-00229,1.22,13661.7,3559.1,3623.4,0.0139,Uracil,LC-MS/MS
SMP-00229,2.82,43720.1,8217.8,8164.8,0.044,Acetaminophen,LC-MS/MS
SMP-00229,4.22,95690.0,15385.1,15616.2,0.0988,Caffeine,LC-MS/MS
SMP-00229,5.61,20774.8,4656.0,4639.6,0.0205,Aspirin,LC-MS/MS
SMP-00229,7.17,58450.9,9366.4,9328.4,0.0581,Benzoic Acid,LC-MS/MS
SMP-00229,8.97,34438.4,6804.3,7076.4,0.0359,Phenacetin,LC-MS/MS
SMP-00229,10.42,16477.2,3959.5,3962.9,0.0164,Salicylic Acid,LC-MS/MS
SMP-00229,12.11,50189.4,9180.4,9363.4,0.05,Chlorpheniramine,LC-MS/MS
SMP-00230,1.22,11772.9,2875.5,2975.1,0.0121,Uracil,LC-MS/MS
SMP-00230,2.76,44943.1,8932.9,9164.7,0.0457,Acetaminophen,LC-MS/MS
SMP-00230,4.15,86299.0,14362.9,14656.2,0.085,Caffeine,LC-MS/MS
SMP-00230,5.6,21248.5,4841.7,4794.1,0.0216,Aspirin,LC-MS/MS
SMP-00230,7.22,73668.3,12237.2,12426.5,0.0771,Benzoic Acid,LC-MS/MS
SMP-00230,8.95,30736.5,6287.5,6484.0,0.0321,Phenacetin,LC-MS/MS
SMP-00230,10.38,14937.4,3632.6,3661.2,0.0148,Salicylic Acid,LC-MS/MS
SMP-00230,12.08,44541.4,8464.8,8640.6,0.0454,Chlorpheniramine,LC-MS/MS
SMP-00231,1.27,12269.4,3113.1,3231.0,0.0121,Uracil,LC-MS/MS
SMP-00231,2.85,43387.3,8229.9,8604.9,0.0447,Acetaminophen,LC-MS/MS
SMP-00231,4.17,98460.1,15595.3,15655.1,0.0995,Caffeine,LC-MS/MS
SMP-00231,5.57,25301.8,5567.8,5800.5,0.0259,Aspirin,LC-MS/MS
SMP-00231,7.14,62588.2,10198.0,10649.6,0.0616,Benzoic Acid,LC-MS/MS
SMP-00231,8.94,34624.2,6914.2,7186.5,0.0338,Phenacetin,LC-MS/MS
SMP-00231,10.34,16293.9,4010.1,4054.7,0.0161,Salicylic Acid,LC-MS/MS
SMP-00231,12.1,50984.0,9148.8,9016.2,0.0519,Chlorpheniramine,LC-MS/MS
SMP-00232,1.29,11513.1,2899.9,2976.6,0.0115,Uracil,LC-MS/MS
SMP-00232,2.82,44159.4,8542.0,8825.9,0.0453,Acetaminophen,LC-MS/MS
SMP-00232,4.14,87810.2,14221.9,15122.3,0.0891,Caffeine,LC-MS/MS
SMP-00232,5.54,28586.7,6186.3,6368.7,0.0285,Aspirin,LC-MS/MS
SMP-00232,7.21,64905.6,11244.5,11386.9,0.0669,Benzoic Acid,LC-MS/MS
SMP-00232,8.99,35724.7,7394.3,7839.0,0.0354,Phenacetin,LC-MS/MS
SMP-00232,10.39,16802.7,4200.4,4372.9,0.0175,Salicylic Acid,LC-MS/MS
SMP-00232,12.04,45215.7,7963.1,7988.2,0.0434,Chlorpheniramine,LC-MS/MS
SMP-00233,1.25,12630.3,3357.4,3459.8,0.0126,Uracil,LC-MS/MS
SMP-00233,2.8,44696.5,8657.4,8827.8,0.0437,Acetaminophen,LC-MS/MS
SMP-00233,4.14,83988.9,13396.5,13272.4,0.0824,Caffeine,LC-MS/MS
SMP-00233,5.6,24858.3,5715.5,5663.9,0.0246,Aspirin,LC-MS/MS
SMP-00233,7.21,68109.8,11497.9,11725.9,0.0672,Benzoic Acid,LC-MS/MS
SMP-00233,8.99,35168.7,7597.0,7749.2,0.0358,Phenacetin,LC-MS/MS
SMP-00233,10.4,20132.0,4707.8,4865.1,0.0202,Salicylic Acid,LC-MS/MS
SMP-00233,12.13,48544.7,8935.0,9232.5,0.0507,Chlorpheniramine,LC-MS/MS
SMP-00234,1.27,12223.0,3205.4,3255.0,0.0123,Uracil,LC-MS/MS
SMP-00234,2.77,40562.0,7686.8,7939.9,0.04,Acetaminophen,LC-MS/MS
SMP-00234,4.17,89050.4,14428.6,14640.3,0.0897,Caffeine,LC-MS/MS
SMP-00234,5.6,22985.2,4920.2,4984.0,0.0247,Aspirin,LC-MS/MS
SMP-00234,7.22,64611.5,10917.9,11436.5,0.065,Benzoic Acid,LC-MS/MS
SMP-00234,8.95,32884.8,6621.1,6961.5,0.0318,Phenacetin,LC-MS/MS
SMP-00234,10.42,14555.8,3499.9,3472.0,0.0147,Salicylic Acid,LC-MS/MS
SMP-00234,12.17,188549.6,33929.7,32860.3,0.1891,Chlorpheniramine,LC-MS/MS
SMP-00235,1.25,12333.7,3306.5,3396.4,0.0125,Uracil,LC-MS/MS
SMP-00235,2.79,42368.1,8297.1,8587.3,0.0427,Acetaminophen,LC-MS/MS
SMP-00235,4.14,92918.8,15229.8,15443.3,0.0959,Caffeine,LC-MS/MS
SMP-00235,5.58,23190.1,4926.3,5070.3,0.0231,Aspirin,LC-MS/MS
SMP-00235,7.16,60534.1,9713.3,9770.8,0.0598,Benzoic Acid,LC-MS/MS
SMP-00235,8.97,28990.6,5989.7,6181.1,0.0283,Phenacetin,LC-MS/MS
SMP-00235,10.36,74419.3,19102.3,19002.3,0.0732,Salicylic Acid,LC-MS/MS
SMP-00235,12.12,62035.9,10999.3,10910.7,0.0632,Chlorpheniramine,LC-MS/MS
SMP-00236,1.25,13907.8,3602.7,3648.4,0.0142,Uracil,LC-MS/MS
SMP-00236,2.76,45905.9,8654.9,9178.7,0.0475,Acetaminophen,LC-MS/MS
SMP-00236,4.16,92192.1,14517.0,15083.4,0.0944,Caffeine,LC-MS/MS
SMP-00236,5.62,23019.8,4900.3,5074.0,0.0244,Aspirin,LC-MS/MS
SMP-00236,7.17,59715.1,9853.9,10451.8,0.06,Benzoic Acid,LC-MS/MS
SMP-00236,8.95,30633.3,6654.5,7043.8,0.03,Phenacetin,LC-MS/MS
SMP-00236,10.38,13973.8,3460.9,3485.6,0.0141,Salicylic Acid,LC-MS/MS
SMP-00236,12.08,59593.3,10491.0,10895.0,0.0599,Chlorpheniramine,LC-MS/MS
SMP-00237,1.25,13453.8,3503.4,3550.6,0.0137,Uracil,LC-MS/MS
SMP-00237,2.77,35466.3,7109.1,7492.6,0.0346,Acetaminophen,LC-MS/MS
SMP-00237,4.13,102501.8,17183.7,18188.4,0.1027,Caffeine,LC-MS/MS
SMP-00237,5.59,25480.4,5759.2,5950.4,0.0257,Aspirin,LC-MS/MS
SMP-00237,7.24,61420.1,10327.0,10166.1,0.063,Benzoic Acid,LC-MS/MS
SMP-00237,8.96,30617.6,6339.1,6514.6,0.0315,Phenacetin,LC-MS/MS
SMP-00237,10.38,12446.6,3199.3,3310.4,0.0123,Salicylic Acid,LC-MS/MS
SMP-00237,12.04,51445.0,9514.9,9645.8,0.0499,Chlorpheniramine,LC-MS/MS
SMP-00238,1.25,12380.2,3295.9,3432.0,0.0124,Uracil,LC-MS/MS
SMP-00238,2.81,52319.9,10390.8,11189.4,0.0529,Acetaminophen,LC-MS/MS
SMP-00238,4.15,78214.2,12348.0,12768.0,0.0801,Caffeine,LC-MS/MS
SMP-00238,5.57,24760.2,5334.9,5725.7,0.0254,Aspirin,LC-MS/MS
SMP-00238,7.2,67904.8,11443.2,11702.4,0.0673,Benzoic Acid,LC-MS/MS
SMP-00238,8.99,29133.8,5984.9,6398.3,0.0292,Phenacetin,LC-MS/MS
SMP-00238,10.42,14011.9,3430.6,3547.4,0.0138,Salicylic Acid,LC-MS/MS
SMP-00238,12.1,54495.2,9739.6,9991.3,0.0535,Chlorpheniramine,LC-MS/MS
SMP-00239,1.33,12487.1,3272.0,3362.5,0.0123,Uracil,LC-MS/MS
SMP-00239,2.9,46541.0,8523.7,8812.7,0.0465,Acetaminophen,LC-MS/MS
SMP-00239,4.16,81860.6,12882.0,12975.2,0.0825,Caffeine,LC-MS/MS
SMP-00239,5.57,23009.3,5289.5,5479.4,0.0229,Aspirin,LC-MS/MS
SMP-00239,7.23,70403.2,12067.6,12681.1,0.0703,Benzoic Acid,LC-MS/MS
SMP-00239,8.95,33220.8,6790.0,6840.7,0.0333,Phenacetin,LC-MS/MS
SMP-00239,10.4,15945.7,4024.0,4055.7,0.0154,Salicylic Acid,LC-MS/MS
SMP-00239,12.11,50117.5,8768.2,8887.7,0.0514,Chlorpheniramine,LC-MS/MS
SMP-00240,1.24,10533.6,2681.5,2774.6,0.0109,Uracil,LC-MS/MS
SMP-00240,2.77,37435.9,7234.1,7588.6,0.0364,Acetaminophen,LC-MS/MS
SMP-00240,4.11,109059.2,17458.3,17550.2,0.1095,Caffeine,LC-MS/MS
SMP-00240,5.56,23100.8,5295.0,5405.2,0.0228,Aspirin,LC-MS/MS
SMP-00240,7.23,66236.2,10758.5,11352.5,0.0644,Benzoic Acid,LC-MS/MS
SMP-00240,8.92,207935.8,38727.3,42291.7,0.2097,Phenacetin,LC-MS/MS
SMP-00240,10.39,16140.1,3774.5,3849.6,0.0159,Salicylic Acid,LC-MS/MS
SMP-00240,12.09,51338.9,9300.9,9215.9,0.0506,Chlorpheniramine,LC-MS/MS
SMP-00241,1.26,11588.0,2904.5,2889.6,0.0117,Uracil,LC-MS/MS
SMP-00241,2.82,47580.5,8869.8,9071.6,0.0486,Acetaminophen,LC-MS/MS
SMP-00241,4.17,83954.3,13822.5,13505.4,0.085,Caffeine,LC-MS/MS
SMP-00241,5.57,22405.8,5092.3,5152.2,0.0226,Aspirin,LC-MS/MS
SMP-00241,7.26,56817.2,10180.9,10458.1,0.0574,Benzoic Acid,LC-MS/MS
SMP-00241,8.93,31028.6,6273.0,6594.8,0.0318,Phenacetin,LC-MS/MS
SMP-00241,10.42,16600.6,3982.8,4218.2,0.0167,Salicylic Acid,LC-MS/MS
SMP-00241,12.11,44859.9,7927.0,8427.9,0.0447,Chlorpheniramine,LC-MS/MS
SMP-00242,1.24,11284.6,2821.4,3045.7,0.0112,Uracil,LC-MS/MS
SMP-00242,2.78,42312.6,8099.4,8474.6,0.0404,Acetaminophen,LC-MS/MS
SMP-00242,4.18,79610.7,13525.7,13816.1,0.0763,Caffeine,LC-MS/MS
SMP-00242,5.54,23085.1,5152.4,5334.8,0.0229,Aspirin,LC-MS/MS
SMP-00242,7.18,75642.7,12279.3,12634.6,0.0745,Benzoic Acid,LC-MS/MS
SMP-00242,8.92,25924.7,5283.9,5269.8,0.0261,Phenacetin,LC-MS/MS
SMP-00242,10.39,17474.5,4141.7,4248.8,0.0173,Salicylic Acid,LC-MS/MS
SMP-00242,12.16,52500.0,9234.0,9706.0,0.0545,Chlorpheniramine,LC-MS/MS
SMP-00243,1.29,13480.0,3528.2,3507.4,0.0139,Uracil,LC-MS/MS
SMP-00243,2.77,43199.4,8407.1,8627.0,0.0433,Acetaminophen,LC-MS/MS
SMP-00243,4.15,98775.8,15649.0,16339.6,0.1001,Caffeine,LC-MS/MS
SMP-00243,5.62,23937.9,5201.7,5327.5,0.0233,Aspirin,LC-MS/MS
SMP-00243,7.16,70220.9,11436.9,11924.4,0.0696,Benzoic Acid,LC-MS/MS
SMP-00243,8.97,32851.2,6660.4,6777.6,0.0323,Phenacetin,LC-MS/MS
SMP-00243,10.37,81635.7,15666.1,17979.0,0.0801,Salicylic Acid,LC-MS/MS
SMP-00243,12.07,51395.6,9409.8,9414.8,0.0508,Chlorpheniramine,LC-MS/MS
SMP-00244,1.3,13747.7,3585.9,3720.3,0.0138,Uracil,LC-MS/MS
SMP-00244,2.79,43196.9,8231.9,8665.0,0.0433,Acetaminophen,LC-MS/MS
SMP-00244,4.16,107929.5,16908.0,17158.3,0.1069,Caffeine,LC-MS/MS
SMP-00244,5.61,23260.4,5155.1,5277.0,0.0235,Aspirin,LC-MS/MS
SMP-00244,7.25,70862.1,11962.9,12152.5,0.0712,Benzoic Acid,LC-MS/MS
SMP-00244,8.97,36120.2,7558.7,7848.5,0.0357,Phenacetin,LC-MS/MS
SMP-00244,10.42,16413.2,3877.1,3940.6,0.0157,Salicylic Acid,LC-MS/MS
SMP-00244,12.12,48067.2,8780.6,8899.0,0.0473,Chlorpheniramine,LC-MS/MS
SMP-00245,1.27,10943.8,2755.3,2867.7,0.0113,Uracil,LC-MS/MS
SMP-00245,2.8,47612.2,9111.6,9231.5,0.0476,Acetaminophen,LC-MS/MS
SMP-00245,4.2,90775.3,14248.1,14341.7,0.0914,Caffeine,LC-MS/MS
SMP-00245,5.56,22235.0,4950.2,5186.7,0.0227,Aspirin,LC-MS/MS
SMP-00245,7.13,64437.4,10734.2,10934.5,0.0651,Benzoic Acid,LC-MS/MS
SMP-00245,8.91,24349.2,4803.4,4862.9,0.0246,Phenacetin,LC-MS/MS
SMP-00245,10.43,14015.9,3522.8,3620.9,0.0137,Salicylic Acid,LC-MS/MS
SMP-00245,12.12,60612.4,10659.5,10710.0,0.0618,Chlorpheniramine,LC-MS/MS
SMP-00246,1.25,14501.5,3674.2,3754.4,0.0145,Uracil,LC-MS/MS
SMP-00246,2.84,42549.4,8247.4,8586.7,0.0431,Acetaminophen,LC-MS/MS
SMP-00246,4.14,96642.8,15749.3,16019.0,0.096,Caffeine,LC-MS/MS
SMP-00246,5.56,21655.7,4755.9,4954.0,0.0211,Aspirin,LC-MS/MS
SMP-00246,7.12,61628.9,10246.4,10770.6,0.06,Benzoic Acid,LC-MS/MS
SMP-00246,9.02,31992.3,6421.3,6574.4,0.0322,Phenacetin,LC-MS/MS
SMP-00246,10.38,15302.3,3642.0,3781.2,0.0155,Salicylic Acid,LC-MS/MS
SMP-00246,12.15,56757.6,10238.7,10444.0,0.0567,Chlorpheniramine,LC-MS/MS
SMP-00247,1.28,15216.0,3896.1,4101.0,0.0153,Uracil,LC-MS/MS
SMP-00247,2.83,46499.6,8986.8,9194.2,0.0454,Acetaminophen,LC-MS/MS
SMP-00247,4.17,90322.7,14174.2,14239.2,0.0952,Caffeine,LC-MS/MS
SMP-00247,5.59,25599.3,5683.2,5925.8,0.025,Aspirin,LC-MS/MS
SMP-00247,7.24,74829.6,11910.5,12488.2,0.075,Benzoic Acid,LC-MS/MS
SMP-00247,8.96,32907.9,6949.1,7237.2,0.0322,Phenacetin,LC-MS/MS
SMP-00247,10.41,12804.1,3182.9,3371.3,0.0129,Salicylic Acid,LC-MS/MS
SMP-00247,12.11,54160.5,9757.5,10440.2,0.0538,Chlorpheniramine,LC-MS/MS
SMP-00248,1.22,11129.1,2979.8,3035.4,0.0116,Uracil,LC-MS/MS
SMP-00248,2.8,44742.8,9186.9,9718.8,0.045,Acetaminophen,LC-MS/MS
SMP-00248,4.08,92424.2,14680.0,15174.7,0.0953,Caffeine,LC-MS/MS
SMP-00248,5.59,24255.9,5275.6,5331.4,0.0238,Aspirin,LC-MS/MS
SMP-00248,7.18,69732.2,11777.5,12415.2,0.0713,Benzoic Acid,LC-MS/MS
SMP-00248,9.0,26784.7,5433.9,5523.4,0.0265,Phenacetin,LC-MS/MS
SMP-00248,10.42,15995.2,3797.4,4118.7,0.0162,Salicylic Acid,LC-MS/MS
SMP-00248,12.08,53781.6,9769.2,10044.4,0.0548,Chlorpheniramine,LC-MS/MS
SMP-00249,1.28,12129.4,3201.3,3230.2,0.012,Uracil,LC-MS/MS
SMP-00249,2.85,50440.7,9782.8,10269.3,0.0509,Acetaminophen,LC-MS/MS
SMP-00249,4.11,86309.3,13547.3,14137.0,0.0902,Caffeine,LC-MS/MS
SMP-00249,5.59,20664.3,4730.3,4755.0,0.0206,Aspirin,LC-MS/MS
SMP-00249,7.2,60154.5,10113.5,10377.6,0.0606,Benzoic Acid,LC-MS/MS
SMP-00249,8.94,33780.4,6780.0,7029.6,0.0334,Phenacetin,LC-MS/MS
SMP-00249,10.42,15568.5,3829.7,3944.3,0.0156,Salicylic Acid,LC-MS/MS
SMP-00249,12.1,62167.2,11198.6,11216.1,0.0636,Chlorpheniramine,LC-MS/MS
SMP-00250,1.26,10168.2,2647.2,2868.9,0.0103,Uracil,LC-MS/MS
SMP-00250,2.8,47098.8,9123.3,9619.9,0.0479,Acetaminophen,LC-MS/MS
SMP-00250,4.13,76553.4,12576.0,13078.2,0.0742,Caffeine,LC-MS/MS
SMP-00250,5.57,19517.6,4026.9,4142.6,0.02,Aspirin,LC-MS/MS
SMP-00250,7.15,73698.3,12319.6,12593.5,0.0747,Benzoic Acid,LC-MS/MS
SMP-00250,8.94,158164.5,32701.0,36292.0,0.1571,Phenacetin,LC-MS/MS
SMP-00250,10.38,16854.7,4168.0,4235.6,0.017,Salicylic Acid,LC-MS/MS
SMP-00250,12.11,61455.0,10631.4,11035.1,0.0622,Chlorpheniramine,LC-MS/MS
SMP-00251,1.26,12812.2,3305.0,3417.6,0.0127,Uracil,LC-MS/MS
SMP-00251,2.81,51468.6,10214.8,10765.0,0.0521,Acetaminophen,LC-MS/MS
SMP-00251,4.17,103502.6,16431.0,16957.8,0.1053,Caffeine,LC-MS/MS
SMP-00251,5.64,22900.6,5074.8,5347.3,0.0235,Aspirin,LC-MS/MS
SMP-00251,7.2,74758.9,12799.3,13319.0,0.075,Benzoic Acid,LC-MS/MS
SMP-00251,8.98,26912.8,5314.5,5405.2,0.0265,Phenacetin,LC-MS/MS
SMP-00251,10.42,14980.8,3654.1,3777.5,0.0155,Salicylic Acid,LC-MS/MS
SMP-00251,12.07,52954.7,9152.8,9125.2,0.0522,Chlorpheniramine,LC-MS/MS
SMP-00252,1.3,12750.0,3279.9,3328.4,0.0128,Uracil,LC-MS/MS
SMP-00252,2.83,52294.5,10149.1,10318.0,0.0516,Acetaminophen,LC-MS/MS
SMP-00252,4.16,88802.9,14341.0,14908.0,0.0848,Caffeine,LC-MS/MS
SMP-00252,5.61,21255.6,4456.6,4596.3,0.0213,Aspirin,LC-MS/MS
SMP-00252,7.27,55908.9,8791.1,8880.8,0.0579,Benzoic Acid,LC-MS/MS
SMP-00252,8.93,28502.3,6042.0,6136.7,0.0286,Phenacetin,LC-MS/MS
SMP-00252,10.39,12444.5,3035.6,3223.4,0.0124,Salicylic Acid,LC-MS/MS
SMP-00252,12.08,58176.0,10592.8,11233.8,0.0573,Chlorpheniramine,LC-MS/MS
SMP-00253,1.23,11986.8,3279.1,3395.1,0.0124,Uracil,LC-MS/MS
SMP-00253,2.83,42493.7,7944.2,8012.4,0.0439,Acetaminophen,LC-MS/MS
SMP-00253,4.09,79535.1,14065.8,14742.7,0.0772,Caffeine,LC-MS/MS
SMP-00253,5.58,21051.9,4319.6,4491.6,0.0206,Aspirin,LC-MS/MS
SMP-00253,7.2,61956.7,10508.2,10739.7,0.0619,Benzoic Acid,LC-MS/MS
SMP-00253,8.97,32668.7,6727.3,6678.2,0.0332,Phenacetin,LC-MS/MS
SMP-00253,10.32,14447.3,3435.8,3521.5,0.0146,Salicylic Acid,LC-MS/MS
SMP-00253,12.08,52539.3,9507.8,9893.7,0.0542,Chlorpheniramine,LC-MS/MS
SMP-00254,1.27,12601.9,3134.7,3314.3,0.0126,Uracil,LC-MS/MS
SMP-00254,2.84,37995.6,7269.7,7492.9,0.0382,Acetaminophen,LC-MS/MS
SMP-00254,4.16,72896.6,12051.2,12487.8,0.0723,Caffeine,LC-MS/MS
SMP-00254,5.56,26124.8,5863.1,6043.9,0.0261,Aspirin,LC-MS/MS
SMP-00254,7.23,69604.5,11496.8,11822.5,0.0698,Benzoic Acid,LC-MS/MS
SMP-00254,8.94,32866.0,6722.4,6925.3,0.0331,Phenacetin,LC-MS/MS
SMP-00254,10.43,14427.5,3642.1,3747.8,0.0145,Salicylic Acid,LC-MS/MS
SMP-00254,12.08,61631.3,11126.6,11279.2,0.0614,Chlorpheniramine,LC-MS/MS
SMP-00255,1.25,13081.4,3328.6,3534.5,0.0134,Uracil,LC-MS/MS
SMP-00255,2.77,39686.5,7553.7,7663.8,0.0409,Acetaminophen,LC-MS/MS
SMP-00255,4.2,84622.1,13076.4,13505.0,0.0874,Caffeine,LC-MS/MS
SMP-00255,5.57,24720.3,5422.2,5631.7,0.0241,Aspirin,LC-MS/MS
SMP-00255,7.22,71446.9,12046.5,12617.2,0.0709,Benzoic Acid,LC-MS/MS
SMP-00255,8.88,28955.1,5949.1,6141.1,0.0289,Phenacetin,LC-MS/MS
SMP-00255,10.36,18249.4,4541.4,4699.4,0.0182,Salicylic Acid,LC-MS/MS
SMP-00255,12.14,49712.9,9049.4,9278.6,0.0482,Chlorpheniramine,LC-MS/MS
SMP-00256,1.22,12769.1,3294.7,3276.5,0.0128,Uracil,LC-MS/MS
SMP-00256,2.8,44963.8,9101.6,9520.4,0.0452,Acetaminophen,LC-MS/MS
SMP-00256,4.22,97708.2,15958.0,16519.0,0.0983,Caffeine,LC-MS/MS
SMP-00256,5.63,24814.7,5756.5,5939.1,0.0244,Aspirin,LC-MS/MS
SMP-00256,7.2,63525.0,9971.1,10479.6,0.0651,Benzoic Acid,LC-MS/MS
SMP-00256,8.97,30116.9,6115.6,6568.4,0.0315,Phenacetin,LC-MS/MS
SMP-00256,10.39,15962.6,4008.2,4035.5,0.016,Salicylic Acid,LC-MS/MS
SMP-00256,12.11,56257.9,9696.6,10184.1,0.0554,Chlorpheniramine,LC-MS/MS
SMP-00257,1.19,12035.6,3124.0,3201.4,0.0125,Uracil,LC-MS/MS
SMP-00257,2.75,39860.8,8168.1,8413.5,0.0398,Acetaminophen,LC-MS/MS
SMP-00257,4.13,91913.9,14433.4,14215.9,0.0912,Caffeine,LC-MS/MS
SMP-00257,5.59,25533.9,5190.9,5328.6,0.0262,Aspirin,LC-MS/MS
SMP-00257,7.15,349633.6,45467.9,50341.8,0.3542,Benzoic Acid,LC-MS/MS
SMP-00257,8.94,28070.2,5911.3,6065.2,0.0272,Phenacetin,LC-MS/MS
SMP-00257,10.38,14330.8,3647.9,3705.2,0.0142,Salicylic Acid,LC-MS/MS
SMP-00257,12.13,58382.1,10822.1,10948.3,0.0581,Chlorpheniramine,LC-MS/MS
SMP-00258,1.26,13062.7,3295.5,3406.1,0.0133,Uracil,LC-MS/MS
SMP-00258,2.81,40617.5,7588.5,7932.8,0.0393,Acetaminophen,LC-MS/MS
SMP-00258,4.16,97851.6,15818.6,16601.8,0.1005,Caffeine,LC-MS/MS
SMP-00258,5.63,21125.2,4524.6,4728.0,0.0205,Aspirin,LC-MS/MS
SMP-00258,7.17,59688.0,10215.0,10779.7,0.0589,Benzoic Acid,LC-MS/MS
SMP-00258,8.97,29300.0,5972.9,5956.7,0.0284,Phenacetin,LC-MS/MS
SMP-00258,10.38,15555.8,3855.3,4146.4,0.0149,Salicylic Acid,LC-MS/MS
SMP-00258,12.13,46283.6,8689.3,8917.1,0.0471,Chlorpheniramine,LC-MS/MS
SMP-00259,1.25,10777.3,2765.7,2749.8,0.0108,Uracil,LC-MS/MS
SMP-00259,2.77,41816.3,7520.5,7802.9,0.0416,Acetaminophen,LC-MS/MS
SMP-00259,4.13,77065.5,12766.2,13045.7,0.0767,Caffeine,LC-MS/MS
SMP-00259,5.62,25061.8,5333.3,5655.7,0.0244,Aspirin,LC-MS/MS
SMP-00259,7.17,65220.2,10110.3,10389.5,0.0629,Benzoic Acid,LC-MS/MS
SMP-00259,8.95,36238.7,7755.3,8002.2,0.0364,Phenacetin,LC-MS/MS
SMP-00259,10.43,16237.2,3878.1,4068.1,0.0163,Salicylic Acid,LC-MS/MS
SMP-00259,12.08,54109.8,9638.0,9810.7,0.0546,Chlorpheniramine,LC-MS/MS
SMP-00260,1.25,15509.7,4086.0,4232.2,0.0154,Uracil,LC-MS/MS
SMP-00260,2.84,46000.2,9086.9,9626.7,0.0452,Acetaminophen,LC-MS/MS
SMP-00260,4.2,84547.6,13487.5,13518.4,0.0836,Caffeine,LC-MS/MS
SMP-00260,5.58,21338.7,4953.4,5139.9,0.0208,Aspirin,LC-MS/MS
SMP-00260,7.2,58103.3,10018.3,10427.4,0.0581,Benzoic Acid,LC-MS/MS
SMP-00260,9.0,39298.9,7967.6,8487.3,0.0396,Phenacetin,LC-MS/MS
SMP-00260,10.4,18014.8,4307.5,4512.5,0.0183,Salicylic Acid,LC-MS/MS
SMP-00260,12.09,64735.4,11570.1,12117.5,0.0649,Chlorpheniramine,LC-MS/MS
SMP-00261,1.29,12108.7,2988.2,3105.1,0.0118,Uracil,LC-MS/MS
SMP-00261,2.82,46628.0,8823.5,9284.8,0.0472,Acetaminophen,LC-MS/MS
SMP-00261,4.12,108118.2,17218.8,18028.2,0.1084,Caffeine,LC-MS/MS
SMP-00261,5.57,23877.2,5217.9,5383.1,0.0241,Aspirin,LC-MS/MS
SMP-00261,7.18,65005.5,10336.8,10707.5,0.0657,Benzoic Acid,LC-MS/MS
SMP-00261,8.96,37222.9,7362.5,7784.1,0.0365,Phenacetin,LC-MS/MS
SMP-00261,10.39,16339.2,4211.8,4279.8,0.0167,Salicylic Acid,LC-MS/MS
SMP-00261,12.14,57600.4,10379.3,10295.0,0.0582,Chlorpheniramine,LC-MS/MS
SMP-00262,1.27,12646.0,3204.2,3259.3,0.0124,Uracil,LC-MS/MS
SMP-00262,2.82,45673.7,8407.6,8750.5,0.045,Acetaminophen,LC-MS/MS
SMP-00262,4.16,99332.5,16531.9,16902.4,0.0983,Caffeine,LC-MS/MS
SMP-00262,5.65,20145.3,4387.7,4572.0,0.0196,Aspirin,LC-MS/MS
SMP-00262,7.16,70113.4,11170.4,11179.3,0.0714,Benzoic Acid,LC-MS/MS
SMP-00262,8.93,31226.6,6286.7,6418.2,0.0316,Phenacetin,LC-MS/MS
SMP-00262,10.42,16209.2,3863.8,4039.3,0.016,Salicylic Acid,LC-MS/MS
SMP-00262,12.09,50043.6,9087.3,8980.1,0.0492,Chlorpheniramine,LC-MS/MS
SMP-00263,1.27,12905.0,3278.9,3478.3,0.0126,Uracil,LC-MS/MS
SMP-00263,2.8,40124.5,7439.3,7691.0,0.0396,Acetaminophen,LC-MS/MS
SMP-00263,4.14,84229.7,13512.8,14266.6,0.0821,Caffeine,LC-MS/MS
SMP-00263,5.63,23096.5,5019.5,5265.8,0.0223,Aspirin,LC-MS/MS
SMP-00263,7.17,68281.0,11217.2,11408.8,0.0693,Benzoic Acid,LC-MS/MS
SMP-00263,8.96,33572.1,6566.3,6717.5,0.0334,Phenacetin,LC-MS/MS
SMP-00263,10.34,16284.4,4099.6,4182.1,0.0165,Salicylic Acid,LC-MS/MS
SMP-00263,12.12,59633.3,10910.0,11623.3,0.0588,Chlorpheniramine,LC-MS/MS
SMP-00264,1.29,15356.9,3922.2,4020.2,0.0153,Uracil,LC-MS/MS
SMP-00264,2.76,55148.6,10574.8,11121.1,0.0561,Acetaminophen,LC-MS/MS
SMP-00264,4.1,83382.3,13735.7,14175.1,0.0838,Caffeine,LC-MS/MS
SMP-00264,5.56,23766.5,5187.5,5152.6,0.0237,Aspirin,LC-MS/MS
SMP-00264,7.24,56614.2,9129.1,9473.7,0.0554,Benzoic Acid,LC-MS/MS
SMP-00264,8.95,31238.7,6497.1,7018.8,0.0315,Phenacetin,LC-MS/MS
SMP-00264,10.41,15263.2,3917.9,4094.4,0.0152,Salicylic Acid,LC-MS/MS
SMP-00264,12.11,54977.9,9508.2,9580.0,0.0533,Chlorpheniramine,LC-MS/MS
SMP-00265,1.24,10716.7,2669.5,2765.7,0.0105,Uracil,LC-MS/MS
SMP-00265,2.79,46945.4,8864.6,8797.8,0.0478,Acetaminophen,LC-MS/MS
SMP-00265,4.16,87829.6,14158.0,14679.8,0.0883,Caffeine,LC-MS/MS
SMP-00265,5.63,21400.9,4682.7,4760.4,0.0212,Aspirin,LC-MS/MS
SMP-00265,7.14,71972.4,11559.2,11701.5,0.0724,Benzoic Acid,LC-MS/MS
SMP-00265,9.01,36027.7,6965.7,7328.7,0.0366,Phenacetin,LC-MS/MS
SMP-00265,10.35,15058.1,3700.7,3794.9,0.0152,Salicylic Acid,LC-MS/MS
SMP-00265,12.14,45000.4,8381.8,8777.2,0.0466,Chlorpheniramine,LC-MS/MS
SMP-00266,1.19,11472.8,3014.1,3061.5,0.0119,Uracil,LC-MS/MS
SMP-00266,2.82,46903.9,9394.3,9735.9,0.0463,Acetaminophen,LC-MS/MS
SMP-00266,4.15,106367.6,17042.5,17516.5,0.1079,Caffeine,LC-MS/MS
SMP-00266,5.6,24991.4,5423.4,5653.4,0.0251,Aspirin,LC-MS/MS
SMP-00266,7.23,50500.0,8344.1,8796.4,0.0519,Benzoic Acid,LC-MS/MS
SMP-00266,8.98,35613.4,7144.4,7533.3,0.0355,Phenacetin,LC-MS/MS
SMP-00266,10.38,16406.6,3789.8,3823.0,0.0165,Salicylic Acid,LC-MS/MS
SMP-00266,12.11,61246.8,11219.4,11586.9,0.0617,Chlorpheniramine,LC-MS/MS
SMP-00267,1.18,14685.0,3664.9,3876.9,0.0146,Uracil,LC-MS/MS
SMP-00267,2.77,41361.3,7710.6,8046.9,0.0419,Acetaminophen,LC-MS/MS
SMP-00267,4.19,88496.8,14330.7,14391.5,0.0895,Caffeine,LC-MS/MS
SMP-00267,5.63,19130.7,4354.9,4633.6,0.0191,Aspirin,LC-MS/MS
SMP-00267,7.16,64950.7,10865.2,11531.3,0.0648,Benzoic Acid,LC-MS/MS
SMP-00267,8.91,29360.3,6118.9,6424.3,0.0291,Phenacetin,LC-MS/MS
SMP-00267,10.47,16873.3,4093.6,4210.2,0.0171,Salicylic Acid,LC-MS/MS
SMP-00267,12.09,51811.8,8943.3,8993.4,0.0515,Chlorpheniramine,LC-MS/MS
SMP-00268,1.23,12522.9,3267.4,3427.1,0.0127,Uracil,LC-MS/MS
SMP-00268,2.81,45973.5,8861.4,8903.8,0.0466,Acetaminophen,LC-MS/MS
SMP-00268,4.12,91479.2,14854.6,15874.0,0.0911,Caffeine,LC-MS/MS
SMP-00268,5.63,21389.3,4859.4,4912.9,0.0212,Aspirin,LC-MS/MS
SMP-00268,7.2,56573.0,10023.6,10423.5,0.0537,Benzoic Acid,LC-MS/MS
SMP-00268,8.99,30569.2,6265.1,6449.3,0.03,Phenacetin,LC-MS/MS
SMP-00268,10.37,14642.3,3523.7,3761.6,0.0147,Salicylic Acid,LC-MS/MS
SMP-00268,12.06,52312.6,9279.0,9332.3,0.0532,Chlorpheniramine,LC-MS/MS
SMP-00269,1.22,11503.6,3054.8,3169.2,0.0112,Uracil,LC-MS/MS
SMP-00269,2.79,44527.9,8651.0,8845.0,0.0457,Acetaminophen,LC-MS/MS
SMP-00269,4.14,102912.1,17602.1,18446.2,0.1037,Caffeine,LC-MS/MS
SMP-00269,5.61,20663.4,4689.0,4885.2,0.0206,Aspirin,LC-MS/MS
SMP-00269,7.16,74224.0,11665.5,11777.1,0.0713,Benzoic Acid,LC-MS/MS
SMP-00269,9.0,31865.6,6667.3,6704.8,0.0331,Phenacetin,LC-MS/MS
SMP-00269,10.43,19189.5,4529.1,4547.6,0.0199,Salicylic Acid,LC-MS/MS
SMP-00269,12.11,50086.1,9237.8,9303.6,0.0514,Chlorpheniramine,LC-MS/MS
SMP-00270,1.23,12563.9,3229.2,3392.3,0.0125,Uracil,LC-MS/MS
SMP-00270,2.82,48896.6,9453.0,9712.3,0.0476,Acetaminophen,LC-MS/MS
SMP-00270,4.13,93749.9,15121.2,15091.7,0.092,Caffeine,LC-MS/MS
SMP-00270,5.6,23343.1,5171.1,5187.7,0.0232,Aspirin,LC-MS/MS
SMP-00270,7.15,69267.1,11591.4,11758.9,0.0698,Benzoic Acid,LC-MS/MS
SMP-00270,8.88,28550.0,5996.5,6320.3,0.0275,Phenacetin,LC-MS/MS
SMP-00270,10.39,16414.0,4017.8,4160.5,0.0166,Salicylic Acid,LC-MS/MS
SMP-00270,12.14,54099.3,9693.6,10073.7,0.0563,Chlorpheniramine,LC-MS/MS
SMP-00271,1.28,13010.2,3401.5,3414.9,0.013,Uracil,LC-MS/MS
SMP-00271,2.81,55379.6,10700.2,10759.6,0.056,Acetaminophen,LC-MS/MS
SMP-00271,4.17,91141.5,14466.0,14941.1,0.0894,Caffeine,LC-MS/MS
SMP-00271,5.56,23870.1,5221.4,5355.6,0.0232,Aspirin,LC-MS/MS
SMP-00271,7.19,71745.4,12264.6,12639.1,0.0697,Benzoic Acid,LC-MS/MS
SMP-00271,8.91,32381.1,6720.5,6822.8,0.0325,Phenacetin,LC-MS/MS
SMP-00271,10.4,15434.2,3841.4,3963.3,0.0155,Salicylic Acid,LC-MS/MS
SMP-00271,12.07,52795.8,9084.9,9401.6,0.0557,Chlorpheniramine,LC-MS/MS
SMP-00272,1.26,68314.8,15814.5,17388.4,0.0693,Uracil,LC-MS/MS
SMP-00272,2.79,54647.9,10726.8,11137.7,0.0543,Acetaminophen,LC-MS/MS
SMP-00272,4.16,325002.2,60654.2,45754.4,0.312,Caffeine,LC-MS/MS
SMP-00272,5.61,24589.9,5686.7,6084.0,0.0238,Aspirin,LC-MS/MS
SMP-00272,7.25,63376.8,11036.7,11401.0,0.0633,Benzoic Acid,LC-MS/MS
SMP-00272,8.96,32201.3,6492.6,6779.6,0.0316,Phenacetin,LC-MS/MS
SMP-00272,10.39,16189.2,4184.5,4431.7,0.0161,Salicylic Acid,LC-MS/MS
SMP-00272,12.09,48426.5,8367.8,8609.1,0.0492,Chlorpheniramine,LC-MS/MS
SMP-00273,1.22,11242.9,2793.7,2900.6,0.0115,Uracil,LC-MS/MS
SMP-00273,2.84,48117.6,9235.9,9721.2,0.0482,Acetaminophen,LC-MS/MS
SMP-00273,4.17,87373.3,14479.9,15090.4,0.0871,Caffeine,LC-MS/MS
SMP-00273,5.6,24049.3,5171.6,5465.9,0.0234,Aspirin,LC-MS/MS
SMP-00273,7.2,65042.9,10994.4,11385.5,0.065,Benzoic Acid,LC-MS/MS
SMP-00273,8.93,33039.1,7117.8,7003.6,0.0329,Phenacetin,LC-MS/MS
SMP-00273,10.4,15554.5,3873.9,3923.7,0.0155,Salicylic Acid,LC-MS/MS
SMP-00273,12.08,56473.6,10431.6,10639.3,0.0566,Chlorpheniramine,LC-MS/MS
SMP-00274,1.24,12436.7,3362.9,3434.1,0.0123,Uracil,LC-MS/MS
SMP-00274,2.84,49102.0,9543.0,9866.4,0.0496,Acetaminophen,LC-MS/MS
SMP-00274,4.14,94686.4,15694.8,16413.1,0.0906,Caffeine,LC-MS/MS
SMP-00274,5.58,22300.0,4726.5,4718.1,0.0224,Aspirin,LC-MS/MS
SMP-00274,7.21,74942.9,12201.0,12791.2,0.0743,Benzoic Acid,LC-MS/MS
SMP-00274,8.96,29730.4,6248.2,6451.3,0.0289,Phenacetin,LC-MS/MS
SMP-00274,10.4,15152.8,3691.2,3596.1,0.0152,Salicylic Acid,LC-MS/MS
SMP-00274,12.11,51368.8,9565.7,9716.3,0.0532,Chlorpheniramine,LC-MS/MS
SMP-00275,1.21,12899.1,3469.0,3614.6,0.0125,Uracil,LC-MS/MS
SMP-00275,2.81,44960.2,8896.5,9334.6,0.0445,Acetaminophen,LC-MS/MS
SMP-00275,4.17,97659.1,16408.8,16967.8,0.0992,Caffeine,LC-MS/MS
SMP-00275,5.58,23560.8,5019.6,5045.1,0.0234,Aspirin,LC-MS/MS
SMP-00275,7.19,78158.3,13258.0,13298.6,0.0777,Benzoic Acid,LC-MS/MS
SMP-00275,8.91,31851.1,6453.4,6542.9,0.0321,Phenacetin,LC-MS/MS
SMP-00275,10.41,16996.4,4100.2,4116.1,0.0171,Salicylic Acid,LC-MS/MS
SMP-00275,12.04,53037.8,9499.5,9755.4,0.0539,Chlorpheniramine,LC-MS/MS
SMP-00276,1.27,12900.3,3379.2,3354.0,0.0132,Uracil,LC-MS/MS
SMP-00276,2.79,48482.0,9684.3,9882.6,0.0491,Acetaminophen,LC-MS/MS
SMP-00276,4.18,87558.5,13802.5,13818.8,0.0861,Caffeine,LC-MS/MS
SMP-00276,5.64,23721.8,4993.1,5006.4,0.024,Aspirin,LC-MS/MS
SMP-00276,7.22,66264.2,11546.4,11871.9,0.0657,Benzoic Acid,LC-MS/MS
SMP-00276,8.96,28908.7,6120.1,6397.1,0.0293,Phenacetin,LC-MS/MS
SMP-00276,10.38,14023.8,3271.6,3296.7,0.0139,Salicylic Acid,LC-MS/MS
SMP-00276,12.18,42126.2,7314.3,7516.9,0.0411,Chlorpheniramine,LC-MS/MS
SMP-00277,1.25,11160.3,2883.3,2929.2,0.0109,Uracil,LC-MS/MS
SMP-00277,2.81,45233.4,8494.7,9060.6,0.0454,Acetaminophen,LC-MS/MS
SMP-00277,4.16,84782.9,13652.3,13747.2,0.0843,Caffeine,LC-MS/MS
SMP-00277,5.54,23547.9,5294.8,5349.6,0.0239,Aspirin,LC-MS/MS
SMP-00277,7.18,64065.0,10595.2,10739.4,0.0637,Benzoic Acid,LC-MS/MS
SMP-00277,8.96,30021.7,6082.1,6096.7,0.0306,Phenacetin,LC-MS/MS
SMP-00277,10.46,16086.7,3936.7,4023.5,0.016,Salicylic Acid,LC-MS/MS
SMP-00277,12.07,60544.8,10270.0,10792.0,0.06,Chlorpheniramine,LC-MS/MS
SMP-00278,1.25,12397.7,3253.4,3348.2,0.0127,Uracil,LC-MS/MS
SMP-00278,2.83,41517.5,7999.1,8005.2,0.0423,Acetaminophen,LC-MS/MS
SMP-00278,4.17,81421.1,12686.8,12700.9,0.0785,Caffeine,LC-MS/MS
SMP-00278,5.62,22237.9,5010.0,5271.6,0.0224,Aspirin,LC-MS/MS
SMP-00278,7.2,59300.5,9777.7,10096.6,0.0594,Benzoic Acid,LC-MS/MS
SMP-00278,8.94,36709.0,7331.6,7493.2,0.0389,Phenacetin,LC-MS/MS
SMP-00278,10.38,15449.0,3813.6,3801.4,0.015,Salicylic Acid,LC-MS/MS
SMP-00278,12.08,50493.8,8902.3,8989.5,0.0517,Chlorpheniramine,LC-MS/MS
SMP-00279,1.22,11509.2,2849.1,2894.1,0.0115,Uracil,LC-MS/MS
SMP-00279,2.85,55777.6,10543.2,10867.0,0.0549,Acetaminophen,LC-MS/MS
SMP-00279,4.16,100910.3,16798.7,17170.4,0.0987,Caffeine,LC-MS/MS
SMP-00279,5.62,22307.9,4690.4,4897.0,0.0221,Aspirin,LC-MS/MS
SMP-00279,7.25,67058.0,11433.6,11962.4,0.0697,Benzoic Acid,LC-MS/MS
SMP-00279,8.95,24884.9,4677.8,4833.5,0.0252,Phenacetin,LC-MS/MS
SMP-00279,10.4,16268.6,3826.1,3970.2,0.0167,Salicylic Acid,LC-MS/MS
SMP-00279,12.15,55555.5,10188.7,10514.4,0.0531,Chlorpheniramine,LC-MS/MS
SMP-00280,1.23,13533.6,3512.3,3616.9,0.0135,Uracil,LC-MS/MS
SMP-00280,2.85,47125.0,9255.9,9595.3,0.0471,Acetaminophen,LC-MS/MS
SMP-00280,4.12,107134.5,17042.0,17228.4,0.108,Caffeine,LC-MS/MS
SMP-00280,5.61,24683.0,5613.0,5823.2,0.0255,Aspirin,LC-MS/MS
SMP-00280,7.22,60304.7,9774.5,10364.2,0.063,Benzoic Acid,LC-MS/MS
SMP-00280,8.99,30155.2,6139.9,6420.5,0.0307,Phenacetin,LC-MS/MS
SMP-00280,10.32,15920.2,3820.4,3893.1,0.016,Salicylic Acid,LC-MS/MS
SMP-00280,12.14,50950.5,9250.7,9372.2,0.051,Chlorpheniramine,LC-MS/MS
SMP-00281,1.29,13567.3,3485.0,3555.6,0.0134,Uracil,LC-MS/MS
SMP-00281,2.79,48377.1,9117.1,9314.6,0.0497,Acetaminophen,LC-MS/MS
SMP-00281,4.15,86389.1,14124.7,15062.3,0.0854,Caffeine,LC-MS/MS
SMP-00281,5.53,22469.8,4922.1,5102.5,0.0225,Aspirin,LC-MS/MS
SMP-00281,7.22,69868.0,11495.4,11960.5,0.0709,Benzoic Acid,LC-MS/MS
SMP-00281,8.96,32863.4,6750.2,6934.1,0.0323,Phenacetin,LC-MS/MS
SMP-00281,10.37,17920.6,4321.6,4378.4,0.018,Salicylic Acid,LC-MS/MS
SMP-00281,12.09,55013.7,9825.8,9963.6,0.0561,Chlorpheniramine,LC-MS/MS
SMP-00282,1.24,13509.9,3530.7,3792.1,0.0134,Uracil,LC-MS/MS
SMP-00282,2.81,41268.5,8539.6,8891.4,0.0419,Acetaminophen,LC-MS/MS
SMP-00282,4.14,90051.6,14394.2,15123.3,0.0887,Caffeine,LC-MS/MS
SMP-00282,5.61,24531.2,5018.7,5147.2,0.0237,Aspirin,LC-MS/MS
SMP-00282,7.18,70762.5,11913.3,12521.8,0.0704,Benzoic Acid,LC-MS/MS
SMP-00282,8.93,31828.1,6476.1,6734.6,0.0321,Phenacetin,LC-MS/MS
SMP-00282,10.38,17075.3,4107.4,4196.1,0.0167,Salicylic Acid,LC-MS/MS
SMP-00282,12.11,54338.9,9667.0,9955.5,0.0553,Chlorpheniramine,LC-MS/MS
SMP-00283,1.28,13881.2,3469.3,3550.2,0.014,Uracil,LC-MS/MS
SMP-00283,2.81,47875.1,8913.7,8995.5,0.0477,Acetaminophen,LC-MS/MS
SMP-00283,4.19,99345.2,15736.5,16090.8,0.0998,Caffeine,LC-MS/MS
SMP-00283,5.58,22163.2,4948.7,5147.4,0.022,Aspirin,LC-MS/MS
SMP-00283,7.2,71956.2,12761.1,13330.4,0.0725,Benzoic Acid,LC-MS/MS
SMP-00283,8.96,30468.3,6112.0,6171.5,0.0297,Phenacetin,LC-MS/MS
SMP-00283,10.42,15189.9,3673.9,3808.9,0.015,Salicylic Acid,LC-MS/MS
SMP-00283,12.11,59616.7,10477.7,10939.6,0.0602,Chlorpheniramine,LC-MS/MS
SMP-00284,1.2,14631.6,3715.1,3784.2,0.0148,Uracil,LC-MS/MS
SMP-00284,2.81,52052.2,9883.5,10568.7,0.0503,Acetaminophen,LC-MS/MS
SMP-00284,4.14,85054.9,13917.4,14969.4,0.0849,Caffeine,LC-MS/MS
SMP-00284,5.57,24371.9,5398.3,5518.1,0.0235,Aspirin,LC-MS/MS
SMP-00284,7.22,56936.3,9368.7,9248.6,0.0587,Benzoic Acid,LC-MS/MS
SMP-00284,8.93,26239.5,5544.6,5727.1,0.027,Phenacetin,LC-MS/MS
SMP-00284,10.39,15604.0,3792.7,3844.8,0.0154,Salicylic Acid,LC-MS/MS
SMP-00284,12.12,55672.4,10181.9,10173.0,0.0546,Chlorpheniramine,LC-MS/MS
SMP-00285,1.24,11785.4,3150.3,3234.7,0.0121,Uracil,LC-MS/MS
SMP-00285,2.8,52270.2,10366.0,10723.5,0.0523,Acetaminophen,LC-MS/MS
SMP-00285,4.12,93449.1,15283.8,15658.2,0.0967,Caffeine,LC-MS/MS
SMP-00285,5.6,23116.3,5159.4,5300.9,0.0229,Aspirin,LC-MS/MS
SMP-00285,7.22,63389.3,10358.3,10677.0,0.0627,Benzoic Acid,LC-MS/MS
SMP-00285,8.91,27633.1,5956.5,6171.0,0.0273,Phenacetin,LC-MS/MS
SMP-00285,10.42,16344.3,4172.6,4278.4,0.0162,Salicylic Acid,LC-MS/MS
SMP-00285,12.1,48139.5,9125.9,9449.4,0.0462,Chlorpheniramine,LC-MS/MS
SMP-00286,1.24,11387.3,2889.5,2939.7,0.0116,Uracil,LC-MS/MS
SMP-00286,2.79,59165.3,11521.4,11965.4,0.0584,Acetaminophen,LC-MS/MS
SMP-00286,4.17,79715.8,13041.6,13335.4,0.0763,Caffeine,LC-MS/MS
SMP-00286,5.57,21351.2,5021.6,5309.5,0.0214,Aspirin,LC-MS/MS
SMP-00286,7.18,59767.8,9800.2,10323.7,0.0596,Benzoic Acid,LC-MS/MS
SMP-00286,8.99,26370.7,5474.6,5509.1,0.0267,Phenacetin,LC-MS/MS
SMP-00286,10.4,15541.3,3693.5,3710.7,0.016,Salicylic Acid,LC-MS/MS
SMP-00286,12.08,50947.1,9333.8,9774.5,0.0508,Chlorpheniramine,LC-MS/MS
SMP-00287,1.2,11493.8,3033.4,3127.9,0.0117,Uracil,LC-MS/MS
SMP-00287,2.81,51960.9,9837.6,10502.1,0.0528,Acetaminophen,LC-MS/MS
SMP-00287,4.18,89148.3,14981.6,15912.4,0.0893,Caffeine,LC-MS/MS
SMP-00287,5.6,19481.6,4495.0,4703.7,0.0189,Aspirin,LC-MS/MS
SMP-00287,7.22,65087.5,11068.5,10999.8,0.0649,Benzoic Acid,LC-MS/MS
SMP-00287,8.94,32981.2,6651.0,6927.9,0.0317,Phenacetin,LC-MS/MS
SMP-00287,10.41,15031.8,3570.5,3749.1,0.0155,Salicylic Acid,LC-MS/MS
SMP-00287,12.09,60488.7,11006.0,11076.5,0.0603,Chlorpheniramine,LC-MS/MS
SMP-00288,1.26,11742.7,3105.0,3259.1,0.0121,Uracil,LC-MS/MS
SMP-00288,2.8,51389.4,10327.6,10586.7,0.0504,Acetaminophen,LC-MS/MS
SMP-00288,4.15,85599.1,14249.5,14570.6,0.0848,Caffeine,LC-MS/MS
SMP-00288,5.6,22790.2,4804.5,5086.5,0.0225,Aspirin,LC-MS/MS
SMP-00288,7.21,73044.6,11830.7,12180.4,0.0759,Benzoic Acid,LC-MS/MS
SMP-00288,8.91,34437.5,7060.3,7383.6,0.0349,Phenacetin,LC-MS/MS
SMP-00288,10.36,18647.2,4662.0,4768.1,0.0188,Salicylic Acid,LC-MS/MS
SMP-00288,12.12,58352.6,10843.8,11274.8,0.0586,Chlorpheniramine,LC-MS/MS
SMP-00289,1.26,11907.4,3086.9,3187.7,0.0118,Uracil,LC-MS/MS
SMP-00289,2.8,42645.9,7955.9,8250.8,0.0414,Acetaminophen,LC-MS/MS
SMP-00289,4.15,89551.2,14310.6,14068.2,0.0876,Caffeine,LC-MS/MS
SMP-00289,5.63,26287.0,6059.5,6168.4,0.0256,Aspirin,LC-MS/MS
SMP-00289,7.18,68946.8,12258.3,12455.9,0.0705,Benzoic Acid,LC-MS/MS
SMP-00289,8.98,186252.1,35008.2,35910.9,0.1907,Phenacetin,LC-MS/MS
SMP-00289,10.43,12409.1,2903.1,2912.0,0.0119,Salicylic Acid,LC-MS/MS
SMP-00289,12.09,47161.0,8629.9,8611.9,0.0485,Chlorpheniramine,LC-MS/MS
SMP-00290,1.24,13289.4,3382.2,3397.4,0.0131,Uracil,LC-MS/MS
SMP-00290,2.82,45614.6,8639.5,8564.0,0.0447,Acetaminophen,LC-MS/MS
SMP-00290,4.21,96461.8,15903.1,16442.5,0.0947,Caffeine,LC-MS/MS
SMP-00290,5.6,22033.2,5004.2,5021.3,0.0229,Aspirin,LC-MS/MS
SMP-00290,7.21,77192.0,12677.2,13109.9,0.0758,Benzoic Acid,LC-MS/MS
SMP-00290,8.96,35455.8,6979.9,6999.3,0.0345,Phenacetin,LC-MS/MS
SMP-00290,10.39,16776.8,4037.2,4179.7,0.0164,Salicylic Acid,LC-MS/MS
SMP-00290,12.1,55858.1,10179.1,10429.1,0.0545,Chlorpheniramine,LC-MS/MS
SMP-00291,1.25,10362.0,2604.7,2769.7,0.0108,Uracil,LC-MS/MS
SMP-00291,2.79,39962.8,7912.3,7974.1,0.0401,Acetaminophen,LC-MS/MS
SMP-00291,4.17,80025.2,12832.9,12978.9,0.0827,Caffeine,LC-MS/MS
SMP-00291,5.62,24399.5,5393.1,5713.0,0.0248,Aspirin,LC-MS/MS
SMP-00291,7.25,59254.0,9978.8,10334.7,0.0596,Benzoic Acid,LC-MS/MS
SMP-00291,8.99,28352.2,5847.4,6005.4,0.0288,Phenacetin,LC-MS/MS
SMP-00291,10.39,16358.6,3861.3,4026.7,0.0167,Salicylic Acid,LC-MS/MS
SMP-00291,12.05,52124.1,9220.9,9375.0,0.0531,Chlorpheniramine,LC-MS/MS
SMP-00292,1.19,13988.7,3572.7,3663.5,0.0139,Uracil,LC-MS/MS
SMP-00292,2.79,47364.7,8999.8,9348.2,0.0474,Acetaminophen,LC-MS/MS
SMP-00292,4.14,91241.2,14265.1,14668.4,0.0905,Caffeine,LC-MS/MS
SMP-00292,5.64,27431.7,6087.9,6470.0,0.0269,Aspirin,LC-MS/MS
SMP-00292,7.2,67891.5,11522.1,11967.6,0.0691,Benzoic Acid,LC-MS/MS
SMP-00292,9.0,33798.0,6653.0,6747.4,0.0333,Phenacetin,LC-MS/MS
SMP-00292,10.37,15154.5,3785.3,3860.6,0.015,Salicylic Acid,LC-MS/MS
SMP-00292,12.16,52301.8,9484.2,9653.0,0.052,Chlorpheniramine,LC-MS/MS
SMP-00293,1.21,13753.0,3503.3,3690.0,0.0138,Uracil,LC-MS/MS
SMP-00293,2.83,49284.3,9506.8,10021.9,0.0502,Acetaminophen,LC-MS/MS
SMP-00293,4.13,98373.0,16360.1,17479.8,0.0987,Caffeine,LC-MS/MS
SMP-00293,5.58,21978.8,4699.8,4741.2,0.0221,Aspirin,LC-MS/MS
SMP-00293,7.2,68854.0,11193.8,11801.4,0.067,Benzoic Acid,LC-MS/MS
SMP-00293,8.99,30806.0,6390.6,6681.5,0.0303,Phenacetin,LC-MS/MS
SMP-00293,10.45,14336.3,3432.1,3474.0,0.0145,Salicylic Acid,LC-MS/MS
SMP-00293,12.11,54978.8,9481.8,9759.4,0.0552,Chlorpheniramine,LC-MS/MS
SMP-00294,1.21,11616.0,3021.5,3152.9,0.0113,Uracil,LC-MS/MS
SMP-00294,2.81,46521.9,9355.5,9438.7,0.046,Acetaminophen,LC-MS/MS
SMP-00294,4.14,73596.2,12601.2,13358.8,0.072,Caffeine,LC-MS/MS
SMP-00294,5.6,25713.9,5817.0,6045.7,0.0263,Aspirin,LC-MS/MS
SMP-00294,7.18,57234.3,9022.7,9293.2,0.0562,Benzoic Acid,LC-MS/MS
SMP-00294,8.97,27345.7,5809.7,5836.1,0.0275,Phenacetin,LC-MS/MS
SMP-00294,10.38,17092.9,4098.2,4310.4,0.0174,Salicylic Acid,LC-MS/MS
SMP-00294,12.1,55918.5,10032.3,10521.9,0.0548,Chlorpheniramine,LC-MS/MS
SMP-00295,1.26,10222.5,2675.6,2705.7,0.0101,Uracil,LC-MS/MS
SMP-00295,2.84,53605.6,10392.0,10902.5,0.053,Acetaminophen,LC-MS/MS
SMP-00295,4.19,86857.4,14483.2,14934.6,0.0868,Caffeine,LC-MS/MS
SMP-00295,5.62,19095.6,4396.6,4570.3,0.0196,Aspirin,LC-MS/MS
SMP-00295,7.2,71100.4,12020.6,12130.9,0.0683,Benzoic Acid,LC-MS/MS
SMP-00295,8.97,35960.6,7546.2,7678.3,0.0365,Phenacetin,LC-MS/MS
SMP-00295,10.44,12658.0,3008.3,3017.3,0.0126,Salicylic Acid,LC-MS/MS
SMP-00295,12.05,56716.9,9798.0,9966.6,0.058,Chlorpheniramine,LC-MS/MS
SMP-00296,1.26,12887.6,3455.8,3588.4,0.0131,Uracil,LC-MS/MS
SMP-00296,2.75,41126.4,7931.7,8388.2,0.0407,Acetaminophen,LC-MS/MS
SMP-00296,4.2,94383.2,15322.2,15350.4,0.0917,Caffeine,LC-MS/MS
SMP-00296,5.62,23706.2,5278.7,5563.8,0.0241,Aspirin,LC-MS/MS
SMP-00296,7.23,67115.8,11341.4,11834.6,0.0686,Benzoic Acid,LC-MS/MS
SMP-00296,8.92,36950.6,7709.1,7755.3,0.0359,Phenacetin,LC-MS/MS
SMP-00296,10.42,14089.9,3515.4,3629.0,0.0138,Salicylic Acid,LC-MS/MS
SMP-00296,12.11,48936.3,8627.7,8906.8,0.0486,Chlorpheniramine,LC-MS/MS
SMP-00297,1.27,12728.0,3398.3,3477.7,0.0127,Uracil,LC-MS/MS
SMP-00297,2.76,47557.1,8817.5,8879.9,0.0482,Acetaminophen,LC-MS/MS
SMP-00297,4.17,90604.9,14932.1,15551.5,0.0913,Caffeine,LC-MS/MS
SMP-00297,5.59,22219.6,5044.6,5270.6,0.0223,Aspirin,LC-MS/MS
SMP-00297,7.2,65829.3,10530.7,10837.1,0.0621,Benzoic Acid,LC-MS/MS
SMP-00297,8.88,31770.4,6389.9,6420.4,0.032,Phenacetin,LC-MS/MS
SMP-00297,10.35,15851.7,3754.6,3765.3,0.0156,Salicylic Acid,LC-MS/MS
SMP-00297,12.13,56841.6,9810.5,10120.8,0.0572,Chlorpheniramine,LC-MS/MS
SMP-00298,1.22,14423.5,3586.9,3591.5,0.0142,Uracil,LC-MS/MS
SMP-00298,2.82,39639.1,7845.2,7884.7,0.0396,Acetaminophen,LC-MS/MS
SMP-00298,4.11,68065.4,10437.3,10810.2,0.0663,Caffeine,LC-MS/MS
SMP-00298,5.62,26383.4,5995.9,6079.6,0.0265,Aspirin,LC-MS/MS
SMP-00298,7.23,69511.2,11223.1,11504.7,0.0709,Benzoic Acid,LC-MS/MS
SMP-00298,8.97,34705.5,7075.1,7532.6,0.0348,Phenacetin,LC-MS/MS
SMP-00298,10.45,18100.9,4471.5,4660.3,0.0179,Salicylic Acid,LC-MS/MS
SMP-00298,12.07,62121.7,11094.9,11709.0,0.0624,Chlorpheniramine,LC-MS/MS
SMP-00299,1.3,12079.3,3002.5,3088.8,0.0122,Uracil,LC-MS/MS
SMP-00299,2.83,46293.2,8736.9,8945.4,0.0447,Acetaminophen,LC-MS/MS
SMP-00299,4.06,94082.6,15395.5,15793.6,0.0918,Caffeine,LC-MS/MS
SMP-00299,5.67,19347.4,4118.1,4248.8,0.0196,Aspirin,LC-MS/MS
SMP-00299,7.23,71304.6,12160.0,12373.4,0.0738,Benzoic Acid,LC-MS/MS
SMP-00299,8.96,31012.4,6282.6,6435.8,0.0312,Phenacetin,LC-MS/MS
SMP-00299,10.46,15420.7,3806.6,3921.7,0.0159,Salicylic Acid,LC-MS/MS
SMP-00299,12.08,47379.3,8683.7,8987.1,0.0474,Chlorpheniramine,LC-MS/MS
SMP-00300,1.28,13206.1,3357.0,3365.7,0.0138,Uracil,LC-MS/MS
SMP-00300,2.82,44855.9,8543.4,8702.2,0.0466,Acetaminophen,LC-MS/MS
SMP-00300,4.12,88335.1,15173.4,15082.4,0.0898,Caffeine,LC-MS/MS
SMP-00300,5.6,24100.8,5337.3,5439.5,0.0236,Aspirin,LC-MS/MS
SMP-00300,7.21,71294.2,11431.8,11995.9,0.0728,Benzoic Acid,LC-MS/MS
SMP-00300,8.96,33139.6,6700.4,7124.0,0.0322,Phenacetin,LC-MS/MS
SMP-00300,10.45,14599.1,3647.5,3686.1,0.0145,Salicylic Acid,LC-MS/MS
SMP-00300,12.11,67735.2,12037.1,12133.4,0.0683,Chlorpheniramine,LC-MS/MS
SMP-00301,1.25,12474.7,3357.1,3613.6,0.0126,Uracil,LC-MS/MS
SMP-00301,2.83,49648.6,9532.9,10006.6,0.0504,Acetaminophen,LC-MS/MS
SMP-00301,4.14,80053.1,12389.2,12488.4,0.0807,Caffeine,LC-MS/MS
SMP-00301,5.63,25491.2,5647.6,5718.3,0.0258,Aspirin,LC-MS/MS
SMP-00301,7.14,77399.9,12431.0,12970.3,0.0763,Benzoic Acid,LC-MS/MS
SMP-00301,8.92,27990.5,5596.7,5766.2,0.0286,Phenacetin,LC-MS/MS
SMP-00301,10.42,13637.7,3206.6,3264.1,0.014,Salicylic Acid,LC-MS/MS
SMP-00301,12.09,49401.7,9156.5,8971.1,0.0485,Chlorpheniramine,LC-MS/MS
SMP-00302,1.28,12185.3,3048.5,3009.9,0.0122,Uracil,LC-MS/MS
SMP-00302,2.84,43253.1,8325.3,8632.5,0.0429,Acetaminophen,LC-MS/MS
SMP-00302,4.15,369964.8,59228.1,56858.0,0.3725,Caffeine,LC-MS/MS
SMP-00302,5.63,20473.3,4438.5,4390.5,0.0207,Aspirin,LC-MS/MS
SMP-00302,7.2,63826.9,11198.5,11245.2,0.0626,Benzoic Acid,LC-MS/MS
SMP-00302,8.98,30231.4,6342.6,6575.1,0.0303,Phenacetin,LC-MS/MS
SMP-00302,10.44,14445.0,3549.3,3575.3,0.015,Salicylic Acid,LC-MS/MS
SMP-00302,12.11,49979.0,9477.8,9561.6,0.0507,Chlorpheniramine,LC-MS/MS
SMP-00303,1.26,12954.7,3455.5,3400.8,0.0125,Uracil,LC-MS/MS
SMP-00303,2.77,45543.9,8630.8,8741.7,0.0467,Acetaminophen,LC-MS/MS
SMP-00303,4.13,98995.4,15703.4,16058.3,0.1005,Caffeine,LC-MS/MS
SMP-00303,5.61,21944.4,4925.8,5018.0,0.0224,Aspirin,LC-MS/MS
SMP-00303,7.21,72733.9,12189.8,12366.6,0.072,Benzoic Acid,LC-MS/MS
SMP-00303,8.95,27574.7,5348.3,5707.4,0.0275,Phenacetin,LC-MS/MS
SMP-00303,10.44,14317.6,3689.3,3694.0,0.0142,Salicylic Acid,LC-MS/MS
SMP-00303,12.07,46144.4,8251.7,8433.0,0.0473,Chlorpheniramine,LC-MS/MS
SMP-00304,1.31,10557.8,2770.7,2895.8,0.0108,Uracil,LC-MS/MS
SMP-00304,2.79,45101.3,9076.1,9113.1,0.0449,Acetaminophen,LC-MS/MS
SMP-00304,4.15,94112.5,15076.8,15535.0,0.0969,Caffeine,LC-MS/MS
SMP-00304,5.59,26561.8,5724.2,5934.8,0.0264,Aspirin,LC-MS/MS
SMP-00304,7.18,62278.9,10122.3,10027.1,0.0615,Benzoic Acid,LC-MS/MS
SMP-00304,8.97,31412.0,6195.9,6351.4,0.031,Phenacetin,LC-MS/MS
SMP-00304,10.42,16402.9,4044.7,4127.1,0.0161,Salicylic Acid,LC-MS/MS
SMP-00304,12.1,53118.6,9444.7,9854.0,0.0539,Chlorpheniramine,LC-MS/MS
SMP-00305,1.26,36737.6,10231.3,9481.6,0.0373,Uracil,LC-MS/MS
SMP-00305,2.8,46486.0,8800.4,9039.4,0.046,Acetaminophen,LC-MS/MS
SMP-00305,4.13,83825.8,14078.3,14322.7,0.0869,Caffeine,LC-MS/MS
SMP-00305,5.61,25871.6,5768.5,6063.0,0.0255,Aspirin,LC-MS/MS
SMP-00305,7.21,63422.5,11499.2,11758.7,0.0649,Benzoic Acid,LC-MS/MS
SMP-00305,8.96,28721.7,5768.8,5927.1,0.0279,Phenacetin,LC-MS/MS
SMP-00305,10.37,13779.3,3373.7,3415.8,0.014,Salicylic Acid,LC-MS/MS
SMP-00305,12.04,66210.4,12132.1,12843.8,0.067,Chlorpheniramine,LC-MS/MS
SMP-00306,1.23,11258.7,2819.6,2985.4,0.0112,Uracil,LC-MS/MS
SMP-00306,2.77,43216.4,8629.1,9178.6,0.0446,Acetaminophen,LC-MS/MS
SMP-00306,4.17,75177.9,12609.2,12922.3,0.0756,Caffeine,LC-MS/MS
SMP-00306,5.6,22328.5,4861.2,5096.8,0.023,Aspirin,LC-MS/MS
SMP-00306,7.19,67647.2,11253.0,11626.9,0.0658,Benzoic Acid,LC-MS/MS
SMP-00306,8.98,27440.8,5843.5,5998.8,0.0272,Phenacetin,LC-MS/MS
SMP-00306,10.41,15338.3,3624.3,3702.5,0.0156,Salicylic Acid,LC-MS/MS
SMP-00306,12.06,52395.1,9627.1,9847.9,0.0514,Chlorpheniramine,LC-MS/MS
SMP-00307,1.2,10998.7,3042.9,3109.6,0.011,Uracil,LC-MS/MS
SMP-00307,2.79,45422.5,8670.7,9032.1,0.0454,Acetaminophen,LC-MS/MS
SMP-00307,4.18,97072.7,15445.9,15727.3,0.0972,Caffeine,LC-MS/MS
SMP-00307,5.64,23044.0,5215.7,5347.9,0.0231,Aspirin,LC-MS/MS
SMP-00307,7.15,75274.9,12316.3,12504.0,0.0738,Benzoic Acid,LC-MS/MS
SMP-00307,8.92,28322.8,5969.1,6086.7,0.0283,Phenacetin,LC-MS/MS
SMP-00307,10.44,66331.7,18151.0,13788.1,0.0656,Salicylic Acid,LC-MS/MS
SMP-00307,12.12,53161.7,10086.0,10751.0,0.0537,Chlorpheniramine,LC-MS/MS
SMP-00308,1.27,11735.4,2958.2,3017.2,0.0118,Uracil,LC-MS/MS
SMP-00308,2.82,48586.8,8953.2,9192.0,0.0496,Acetaminophen,LC-MS/MS
SMP-00308,4.12,524376.5,72288.0,83669.3,0.513,Caffeine,LC-MS/MS
SMP-00308,5.56,22517.5,4689.2,4829.8,0.0221,Aspirin,LC-MS/MS
SMP-00308,7.24,77387.9,12256.1,12417.5,0.0778,Benzoic Acid,LC-MS/MS
SMP-00308,8.97,31485.3,6523.4,6709.2,0.0325,Phenacetin,LC-MS/MS
SMP-00308,10.4,15867.8,3752.0,3816.9,0.0159,Salicylic Acid,LC-MS/MS
SMP-00308,12.06,51665.2,9111.8,9328.2,0.0503,Chlorpheniramine,LC-MS/MS
SMP-00309,1.18,13114.7,3487.6,3749.6,0.0132,Uracil,LC-MS/MS
SMP-00309,2.81,50984.1,9840.2,10174.0,0.0511,Acetaminophen,LC-MS/MS
SMP-00309,4.2,88676.3,15068.8,15712.9,0.089,Caffeine,LC-MS/MS
SMP-00309,5.6,19813.2,4410.6,4658.5,0.0203,Aspirin,LC-MS/MS
SMP-00309,7.25,52889.2,8627.1,8818.6,0.0544,Benzoic Acid,LC-MS/MS
SMP-00309,8.97,31094.1,6589.6,6876.0,0.0311,Phenacetin,LC-MS/MS
SMP-00309,10.4,17239.0,4064.4,4134.6,0.0173,Salicylic Acid,LC-MS/MS
SMP-00309,12.04,57320.0,10413.5,11096.4,0.0583,Chlorpheniramine,LC-MS/MS
SMP-00310,1.26,12934.3,3268.4,3415.7,0.0131,Uracil,LC-MS/MS
SMP-00310,2.79,53337.6,10467.6,10950.8,0.0542,Acetaminophen,LC-MS/MS
SMP-00310,4.14,86335.6,14157.0,14637.3,0.0875,Caffeine,LC-MS/MS
SMP-00310,5.61,26022.9,5576.0,5944.3,0.026,Aspirin,LC-MS/MS
SMP-00310,7.22,75412.8,12652.2,13078.9,0.0752,Benzoic Acid,LC-MS/MS
SMP-00310,8.94,31397.6,6197.2,6366.3,0.0322,Phenacetin,LC-MS/MS
SMP-00310,10.41,15393.0,3738.5,3868.6,0.015,Salicylic Acid,LC-MS/MS
SMP-00310,12.16,52200.4,9297.4,9211.2,0.0498,Chlorpheniramine,LC-MS/MS
SMP-00311,1.27,11175.8,2771.7,2855.4,0.0116,Uracil,LC-MS/MS
SMP-00311,2.76,47448.6,9067.8,9519.8,0.0482,Acetaminophen,LC-MS/MS
SMP-00311,4.19,106285.7,17470.7,17364.5,0.1039,Caffeine,LC-MS/MS
SMP-00311,5.65,22511.8,4931.3,5184.3,0.0231,Aspirin,LC-MS/MS
SMP-00311,7.22,67770.2,10730.7,10999.8,0.0692,Benzoic Acid,LC-MS/MS
SMP-00311,8.91,27450.7,5800.7,5990.5,0.0269,Phenacetin,LC-MS/MS
SMP-00311,10.37,16270.2,4035.4,4265.9,0.0161,Salicylic Acid,LC-MS/MS
SMP-00311,12.11,46506.9,8371.9,8595.5,0.0478,Chlorpheniramine,LC-MS/MS
SMP-00312,1.24,12002.7,3068.0,3080.1,0.0119,Uracil,LC-MS/MS
SMP-00312,2.81,48667.3,9214.1,9593.9,0.0487,Acetaminophen,LC-MS/MS
SMP-00312,4.16,88356.6,14082.4,15086.3,0.0877,Caffeine,LC-MS/MS
SMP-00312,5.53,27288.0,5976.2,5969.6,0.0268,Aspirin,LC-MS/MS
SMP-00312,7.2,66226.3,10868.1,11171.6,0.0687,Benzoic Acid,LC-MS/MS
SMP-00312,8.92,27193.0,5733.8,5864.2,0.0273,Phenacetin,LC-MS/MS
SMP-00312,10.41,16527.9,4181.2,4412.6,0.0167,Salicylic Acid,LC-MS/MS
SMP-00312,12.13,55683.7,10203.4,10373.2,0.0558,Chlorpheniramine,LC-MS/MS
SMP-00313,1.34,11615.0,2920.0,2874.8,0.0117,Uracil,LC-MS/MS
SMP-00313,2.82,45893.6,9143.3,9060.9,0.0461,Acetaminophen,LC-MS/MS
SMP-00313,4.14,93119.9,15241.0,15882.8,0.0922,Caffeine,LC-MS/MS
SMP-00313,5.54,20932.5,4767.0,4817.6,0.0219,Aspirin,LC-MS/MS
SMP-00313,7.19,74562.1,12169.1,12427.5,0.0751,Benzoic Acid,LC-MS/MS
SMP-00313,8.92,31556.8,6709.0,6850.7,0.0312,Phenacetin,LC-MS/MS
SMP-00313,10.43,16407.7,3977.5,4180.7,0.0167,Salicylic Acid,LC-MS/MS
SMP-00313,12.11,54353.9,9341.8,9357.4,0.0569,Chlorpheniramine,LC-MS/MS
SMP-00314,1.27,12907.7,3378.2,3471.3,0.0131,Uracil,LC-MS/MS
SMP-00314,2.8,46679.2,9268.2,9400.5,0.0446,Acetaminophen,LC-MS/MS
SMP-00314,4.17,84611.0,13337.7,13812.6,0.0819,Caffeine,LC-MS/MS
SMP-00314,5.65,20888.6,4523.2,4667.3,0.0207,Aspirin,LC-MS/MS
SMP-00314,7.14,66279.1,11508.3,12184.9,0.067,Benzoic Acid,LC-MS/MS
SMP-00314,9.01,24642.0,4637.0,4814.5,0.0241,Phenacetin,LC-MS/MS
SMP-00314,10.41,17157.3,4106.2,4285.9,0.0166,Salicylic Acid,LC-MS/MS
SMP-00314,12.11,53615.0,9827.1,9952.9,0.0539,Chlorpheniramine,LC-MS/MS
SMP-00315,1.22,10582.8,2766.8,2839.0,0.0106,Uracil,LC-MS/MS
SMP-00315,2.81,49105.2,9633.0,10114.5,0.049,Acetaminophen,LC-MS/MS
SMP-00315,4.15,98606.6,15959.6,15590.3,0.0994,Caffeine,LC-MS/MS
SMP-00315,5.6,25782.9,5657.2,5754.2,0.0253,Aspirin,LC-MS/MS
SMP-00315,7.26,67799.4,10621.4,11087.9,0.067,Benzoic Acid,LC-MS/MS
SMP-00315,8.89,31285.6,6159.2,6586.3,0.0304,Phenacetin,LC-MS/MS
SMP-00315,10.41,15354.0,3724.7,3855.6,0.0155,Salicylic Acid,LC-MS/MS
SMP-00315,12.13,50528.6,9130.7,9560.4,0.0494,Chlorpheniramine,LC-MS/MS
SMP-00316,1.3,11807.2,3078.7,3273.1,0.012,Uracil,LC-MS/MS
SMP-00316,2.76,49045.2,9162.0,9412.5,0.0473,Acetaminophen,LC-MS/MS
SMP-00316,4.1,94490.3,15017.8,15465.5,0.0982,Caffeine,LC-MS/MS
SMP-00316,5.58,24435.6,5559.3,5732.0,0.024,Aspirin,LC-MS/MS
SMP-00316,7.23,72464.6,12034.3,12497.1,0.0743,Benzoic Acid,LC-MS/MS
SMP-00316,8.97,31624.2,6092.4,6525.5,0.0321,Phenacetin,LC-MS/MS
SMP-00316,10.4,14969.3,3736.8,3839.9,0.0145,Salicylic Acid,LC-MS/MS
SMP-00316,12.12,45466.1,8438.4,8666.9,0.0435,Chlorpheniramine,LC-MS/MS
SMP-00317,1.26,13101.3,3576.5,3683.5,0.0128,Uracil,LC-MS/MS
SMP-00317,2.78,46503.6,8560.9,8907.8,0.0458,Acetaminophen,LC-MS/MS
SMP-00317,4.13,79914.8,12526.3,12915.9,0.0787,Caffeine,LC-MS/MS
SMP-00317,5.6,24230.0,5108.2,5123.5,0.0245,Aspirin,LC-MS/MS
SMP-00317,7.24,63725.7,10361.0,10482.8,0.0644,Benzoic Acid,LC-MS/MS
SMP-00317,8.9,26779.4,5739.6,6122.7,0.0268,Phenacetin,LC-MS/MS
SMP-00317,10.38,15902.7,3944.9,4107.4,0.0159,Salicylic Acid,LC-MS/MS
SMP-00317,12.12,56262.4,9730.8,10056.2,0.0573,Chlorpheniramine,LC-MS/MS
SMP-00318,1.28,12671.2,3395.3,3432.0,0.0125,Uracil,LC-MS/MS
SMP-00318,2.82,46878.4,9228.2,9529.9,0.0477,Acetaminophen,LC-MS/MS
SMP-00318,4.14,79988.5,13552.0,13959.5,0.0809,Caffeine,LC-MS/MS
SMP-00318,5.61,23193.8,5105.4,5239.0,0.0234,Aspirin,LC-MS/MS
SMP-00318,7.23,63975.7,10392.0,10604.7,0.0652,Benzoic Acid,LC-MS/MS
SMP-00318,8.9,33682.5,6601.0,7047.9,0.0334,Phenacetin,LC-MS/MS
SMP-00318,10.35,17531.1,4515.1,4635.4,0.0175,Salicylic Acid,LC-MS/MS
SMP-00318,12.07,55916.9,10690.2,11046.2,0.0565,Chlorpheniramine,LC-MS/MS
SMP-00319,1.2,10775.8,2830.4,3032.5,0.0109,Uracil,LC-MS/MS
SMP-00319,2.78,47290.4,9251.5,9469.9,0.0476,Acetaminophen,LC-MS/MS
SMP-00319,4.12,94447.4,15158.0,15621.2,0.0939,Caffeine,LC-MS/MS
SMP-00319,5.56,21504.6,4622.9,4744.5,0.0209,Aspirin,LC-MS/MS
SMP-00319,7.22,71691.6,11957.7,12889.2,0.0724,Benzoic Acid,LC-MS/MS
SMP-00319,8.93,25559.1,5177.9,5417.8,0.0264,Phenacetin,LC-MS/MS
SMP-00319,10.44,14291.1,3446.8,3519.5,0.0144,Salicylic Acid,LC-MS/MS
SMP-00319,12.14,64000.8,11567.4,12149.5,0.0637,Chlorpheniramine,LC-MS/MS
SMP-00320,1.26,12696.5,2963.4,3060.7,0.0128,Uracil,LC-MS/MS
SMP-00320,2.79,182764.5,35732.6,39235.1,0.1853,Acetaminophen,LC-MS/MS
SMP-00320,4.08,66439.4,10954.7,10782.8,0.0675,Caffeine,LC-MS/MS
SMP-00320,5.6,27296.0,6001.9,6524.3,0.0273,Aspirin,LC-MS/MS
SMP-00320,7.18,53035.5,8545.6,9198.3,0.0507,Benzoic Acid,LC-MS/MS
SMP-00320,8.94,33703.5,6767.8,6986.0,0.034,Phenacetin,LC-MS/MS
SMP-00320,10.41,14006.7,3412.8,3495.8,0.0144,Salicylic Acid,LC-MS/MS
SMP-00320,12.1,50534.6,9143.4,9516.3,0.0489,Chlorpheniramine,LC-MS/MS
SMP-00321,1.25,12652.9,3301.6,3407.1,0.0127,Uracil,LC-MS/MS
SMP-00321,2.82,40809.9,7955.6,8285.5,0.0399,Acetaminophen,LC-MS/MS
SMP-00321,4.23,102280.5,16980.2,18020.4,0.102,Caffeine,LC-MS/MS
SMP-00321,5.59,24668.7,5397.7,5428.1,0.0246,Aspirin,LC-MS/MS
SMP-00321,7.19,71149.9,10884.4,11091.3,0.0709,Benzoic Acid,LC-MS/MS
SMP-00321,8.99,33362.2,6949.1,7035.3,0.0352,Phenacetin,LC-MS/MS
SMP-00321,10.4,16738.3,4054.5,4237.9,0.0171,Salicylic Acid,LC-MS/MS
SMP-00321,12.05,51823.7,9442.5,9909.1,0.0516,Chlorpheniramine,LC-MS/MS
SMP-00322,1.28,15048.1,3996.9,4124.4,0.0156,Uracil,LC-MS/MS
SMP-00322,2.77,42982.7,8698.2,8946.7,0.0426,Acetaminophen,LC-MS/MS
SMP-00322,4.15,76617.6,12860.1,13219.0,0.0752,Caffeine,LC-MS/MS
SMP-00322,5.61,22721.8,4998.2,5344.3,0.0231,Aspirin,LC-MS/MS
SMP-00322,7.2,61726.4,9928.8,10135.9,0.062,Benzoic Acid,LC-MS/MS
SMP-00322,8.99,31431.2,6783.7,7079.0,0.0303,Phenacetin,LC-MS/MS
SMP-00322,10.39,14562.6,3490.9,3617.4,0.0144,Salicylic Acid,LC-MS/MS
SMP-00322,12.06,53054.5,9660.8,10126.1,0.0538,Chlorpheniramine,LC-MS/MS
SMP-00323,1.26,11325.3,2863.9,3014.9,0.0111,Uracil,LC-MS/MS
SMP-00323,2.8,44615.3,8306.6,8597.3,0.0444,Acetaminophen,LC-MS/MS
SMP-00323,4.16,91992.4,15439.0,15611.7,0.0928,Caffeine,LC-MS/MS
SMP-00323,5.57,23470.7,5251.5,5562.5,0.0222,Aspirin,LC-MS/MS
SMP-00323,7.24,67346.9,11508.5,11718.3,0.0684,Benzoic Acid,LC-MS/MS
SMP-00323,8.88,26918.8,5411.2,5658.4,0.0272,Phenacetin,LC-MS/MS
SMP-00323,10.39,15244.5,3725.5,3832.1,0.015,Salicylic Acid,LC-MS/MS
SMP-00323,12.11,50065.0,9433.6,9857.1,0.0489,Chlorpheniramine,LC-MS/MS
SMP-00324,1.32,10619.9,2767.4,2882.1,0.0107,Uracil,LC-MS/MS
SMP-00324,2.73,40923.4,7694.6,8082.2,0.0409,Acetaminophen,LC-MS/MS
SMP-00324,4.12,92461.1,15007.2,15618.0,0.0951,Caffeine,LC-MS/MS
SMP-00324,5.59,23984.0,5250.7,5340.4,0.0235,Aspirin,LC-MS/MS
SMP-00324,7.2,59821.2,9151.8,9952.8,0.0593,Benzoic Acid,LC-MS/MS
SMP-00324,8.98,29243.5,5853.2,6117.2,0.0288,Phenacetin,LC-MS/MS
SMP-00324,10.43,14703.4,3517.4,3501.6,0.0143,Salicylic Acid,LC-MS/MS
SMP-00324,12.07,57678.5,10639.5,10832.3,0.0587,Chlorpheniramine,LC-MS/MS
SMP-00325,1.29,11580.6,2944.6,3012.9,0.0116,Uracil,LC-MS/MS
SMP-00325,2.81,48913.5,9736.1,10137.3,0.0487,Acetaminophen,LC-MS/MS
SMP-00325,4.17,85725.1,13521.2,13789.9,0.0861,Caffeine,LC-MS/MS
SMP-00325,5.61,23496.4,5070.6,5289.7,0.0232,Aspirin,LC-MS/MS
SMP-00325,7.2,65903.8,10943.5,10852.4,0.0691,Benzoic Acid,LC-MS/MS
SMP-00325,8.97,27397.9,5732.4,5913.1,0.0275,Phenacetin,LC-MS/MS
SMP-00325,10.47,16452.5,4002.0,4052.0,0.0169,Salicylic Acid,LC-MS/MS
SMP-00325,12.08,59947.4,10551.6,10934.6,0.0602,Chlorpheniramine,LC-MS/MS
SMP-00326,1.3,12512.5,3320.6,3362.6,0.0124,Uracil,LC-MS/MS
SMP-00326,2.82,42083.7,8448.4,8791.7,0.0441,Acetaminophen,LC-MS/MS
SMP-00326,4.16,88058.4,14704.4,15293.8,0.0878,Caffeine,LC-MS/MS
SMP-00326,5.6,21687.6,4805.3,4772.4,0.0219,Aspirin,LC-MS/MS
SMP-00326,7.19,69483.5,12048.1,12330.4,0.0696,Benzoic Acid,LC-MS/MS
SMP-00326,8.94,25328.4,5285.2,5342.4,0.0263,Phenacetin,LC-MS/MS
SMP-00326,10.35,14935.9,3524.0,3571.8,0.0147,Salicylic Acid,LC-MS/MS
SMP-00326,12.06,61704.9,11409.7,11896.9,0.0608,Chlorpheniramine,LC-MS/MS
SMP-00327,1.29,12069.3,3183.0,3192.0,0.0123,Uracil,LC-MS/MS
SMP-00327,2.82,46840.2,8579.3,9153.0,0.0458,Acetaminophen,LC-MS/MS
SMP-00327,4.13,88245.6,14196.4,14461.1,0.0907,Caffeine,LC-MS/MS
SMP-00327,5.63,21503.0,4689.0,4876.3,0.022,Aspirin,LC-MS/MS
SMP-00327,7.14,56090.1,8870.9,9171.2,0.0532,Benzoic Acid,LC-MS/MS
SMP-00327,8.98,32187.6,6924.3,7136.8,0.0322,Phenacetin,LC-MS/MS
SMP-00327,10.41,15942.1,4007.4,4114.2,0.0159,Salicylic Acid,LC-MS/MS
SMP-00327,12.11,62018.5,11354.0,11941.7,0.0622,Chlorpheniramine,LC-MS/MS
SMP-00328,1.27,13563.1,3326.8,3390.8,0.0139,Uracil,LC-MS/MS
SMP-00328,2.81,43515.3,8278.0,8356.2,0.0426,Acetaminophen,LC-MS/MS
SMP-00328,4.15,83642.8,13562.8,13752.7,0.0818,Caffeine,LC-MS/MS
SMP-00328,5.6,20153.6,4354.9,4443.7,0.0204,Aspirin,LC-MS/MS
SMP-00328,7.22,66330.1,11446.0,12025.6,0.0668,Benzoic Acid,LC-MS/MS
SMP-00328,8.92,37697.2,7924.3,7959.8,0.0382,Phenacetin,LC-MS/MS
SMP-00328,10.45,13142.8,3199.3,3246.8,0.0133,Salicylic Acid,LC-MS/MS
SMP-00328,12.14,51489.4,9444.3,10047.8,0.0526,Chlorpheniramine,LC-MS/MS
SMP-00329,1.25,12120.2,3198.8,3411.8,0.0124,Uracil,LC-MS/MS
SMP-00329,2.79,55133.2,10226.2,10256.8,0.0563,Acetaminophen,LC-MS/MS
SMP-00329,4.14,94900.1,14790.7,15691.9,0.0936,Caffeine,LC-MS/MS
SMP-00329,5.58,20895.3,4898.0,5186.5,0.0204,Aspirin,LC-MS/MS
SMP-00329,7.25,64272.3,10124.3,10427.7,0.0629,Benzoic Acid,LC-MS/MS
SMP-00329,8.96,31153.2,6093.5,6221.1,0.0304,Phenacetin,LC-MS/MS
SMP-00329,10.37,17240.8,4264.9,4458.2,0.0171,Salicylic Acid,LC-MS/MS
SMP-00329,12.15,61149.3,11430.6,11685.1,0.0613,Chlorpheniramine,LC-MS/MS
SMP-00330,1.24,11793.2,2931.7,3091.5,0.0125,Uracil,LC-MS/MS
SMP-00330,2.82,51660.8,10228.6,10577.2,0.0526,Acetaminophen,LC-MS/MS
SMP-00330,4.14,77115.7,12447.0,12548.5,0.0777,Caffeine,LC-MS/MS
SMP-00330,5.64,19330.7,4344.5,4625.3,0.02,Aspirin,LC-MS/MS
SMP-00330,7.19,66284.8,11131.8,11430.3,0.0672,Benzoic Acid,LC-MS/MS
SMP-00330,8.99,27428.0,5791.6,5817.5,0.0272,Phenacetin,LC-MS/MS
SMP-00330,10.45,15184.8,3639.8,3809.0,0.0151,Salicylic Acid,LC-MS/MS
SMP-00330,12.09,60687.5,10563.2,10826.8,0.0601,Chlorpheniramine,LC-MS/MS
SMP-00331,1.26,13836.8,3635.4,3734.6,0.0137,Uracil,LC-MS/MS
SMP-00331,2.82,51113.6,9903.4,10327.6,0.0508,Acetaminophen,LC-MS/MS
SMP-00331,4.13,93049.2,14547.6,15237.2,0.0941,Caffeine,LC-MS/MS
SMP-00331,5.61,21879.1,4734.1,4970.5,0.0217,Aspirin,LC-MS/MS
SMP-00331,7.21,71951.4,11703.2,12146.5,0.0739,Benzoic Acid,LC-MS/MS
SMP-00331,8.91,32371.4,6536.2,6713.5,0.0322,Phenacetin,LC-MS/MS
SMP-00331,10.4,15001.9,3730.7,3786.7,0.0151,Salicylic Acid,LC-MS/MS
SMP-00331,12.12,57251.3,10635.8,11292.7,0.0567,Chlorpheniramine,LC-MS/MS
SMP-00332,1.3,13291.9,3297.8,3393.4,0.0132,Uracil,LC-MS/MS
SMP-00332,2.8,50733.3,10002.6,10162.3,0.0508,Acetaminophen,LC-MS/MS
SMP-00332,4.17,79916.2,13865.3,14369.2,0.0773,Caffeine,LC-MS/MS
SMP-00332,5.58,19415.0,4231.0,4279.6,0.0203,Aspirin,LC-MS/MS
SMP-00332,7.2,63468.5,10368.4,11077.2,0.0633,Benzoic Acid,LC-MS/MS
SMP-00332,8.91,30131.7,5923.1,5966.8,0.0301,Phenacetin,LC-MS/MS
SMP-00332,10.43,15399.6,3948.4,4127.4,0.0157,Salicylic Acid,LC-MS/MS
SMP-00332,12.17,44418.0,7877.5,8092.7,0.0446,Chlorpheniramine,LC-MS/MS
SMP-00333,1.19,13603.4,3588.8,3629.1,0.0136,Uracil,LC-MS/MS
SMP-00333,2.77,43340.2,8409.6,8557.2,0.0436,Acetaminophen,LC-MS/MS
SMP-00333,4.14,90049.0,13900.1,14078.4,0.0916,Caffeine,LC-MS/MS
SMP-00333,5.59,21921.5,4796.0,4928.9,0.0213,Aspirin,LC-MS/MS
SMP-00333,7.23,65518.9,10954.7,11280.0,0.0662,Benzoic Acid,LC-MS/MS
SMP-00333,9.01,34414.5,6944.0,6969.5,0.0352,Phenacetin,LC-MS/MS
SMP-00333,10.35,17410.1,4084.0,4168.0,0.0171,Salicylic Acid,LC-MS/MS
SMP-00333,12.11,52980.8,9332.7,9648.0,0.0538,Chlorpheniramine,LC-MS/MS
SMP-00334,1.25,10123.7,2665.2,2768.4,0.0102,Uracil,LC-MS/MS
SMP-00334,2.79,50521.9,9930.2,10149.0,0.0494,Acetaminophen,LC-MS/MS
SMP-00334,4.12,98661.0,15841.8,16162.5,0.1,Caffeine,LC-MS/MS
SMP-00334,5.59,25037.3,5467.7,5395.9,0.0254,Aspirin,LC-MS/MS
SMP-00334,7.17,59834.5,9489.0,9748.6,0.0602,Benzoic Acid,LC-MS/MS
SMP-00334,8.98,38774.7,7800.2,8126.1,0.0395,Phenacetin,LC-MS/MS
SMP-00334,10.4,16336.0,4001.0,3926.8,0.0164,Salicylic Acid,LC-MS/MS
SMP-00334,12.08,56130.0,9976.0,10502.7,0.0558,Chlorpheniramine,LC-MS/MS
SMP-00335,1.25,12630.1,3197.7,3394.5,0.0128,Uracil,LC-MS/MS
SMP-00335,2.84,48751.7,9873.0,9924.1,0.0484,Acetaminophen,LC-MS/MS
SMP-00335,4.16,89014.1,13938.5,14502.0,0.0897,Caffeine,LC-MS/MS
SMP-00335,5.57,21424.6,4739.7,4992.4,0.0221,Aspirin,LC-MS/MS
SMP-00335,7.21,71917.5,12672.1,13233.7,0.0708,Benzoic Acid,LC-MS/MS
SMP-00335,8.98,28282.6,6058.2,6301.5,0.0276,Phenacetin,LC-MS/MS
SMP-00335,10.38,16561.3,4350.8,4469.8,0.0169,Salicylic Acid,LC-MS/MS
SMP-00335,12.09,50157.6,9185.3,9577.3,0.0504,Chlorpheniramine,LC-MS/MS
SMP-00336,1.25,13202.7,3638.2,3805.6,0.0134,Uracil,LC-MS/MS
SMP-00336,2.75,44079.8,9170.3,9131.4,0.0454,Acetaminophen,LC-MS/MS
SMP-00336,4.15,107231.7,17264.6,17592.5,0.1084,Caffeine,LC-MS/MS
SMP-00336,5.63,25138.3,5504.5,5680.0,0.0251,Aspirin,LC-MS/MS
SMP-00336,7.19,58206.1,9673.8,10058.0,0.0593,Benzoic Acid,LC-MS/MS
SMP-00336,9.0,32408.3,6728.1,6893.3,0.0325,Phenacetin,LC-MS/MS
SMP-00336,10.31,15431.1,3850.5,3895.5,0.0153,Salicylic Acid,LC-MS/MS
SMP-00336,12.15,52893.4,9535.9,9733.2,0.0525,Chlorpheniramine,LC-MS/MS
SMP-00337,1.3,12951.6,3196.7,3330.0,0.0131,Uracil,LC-MS/MS
SMP-00337,2.86,40895.2,7905.9,8147.5,0.04,Acetaminophen,LC-MS/MS
SMP-00337,4.13,94915.9,15008.0,15672.1,0.094,Caffeine,LC-MS/MS
SMP-00337,5.53,23500.0,5115.0,5152.2,0.0241,Aspirin,LC-MS/MS
SMP-00337,7.18,57232.8,9137.0,9371.9,0.0534,Benzoic Acid,LC-MS/MS
SMP-00337,8.95,29851.1,6320.7,6382.7,0.0303,Phenacetin,LC-MS/MS
SMP-00337,10.41,17760.4,4349.3,4420.7,0.0176,Salicylic Acid,LC-MS/MS
SMP-00337,12.14,59017.2,10943.5,11505.5,0.0597,Chlorpheniramine,LC-MS/MS
SMP-00338,1.3,13792.0,3623.3,3737.2,0.0139,Uracil,LC-MS/MS
SMP-00338,2.8,42635.4,9108.2,9468.8,0.0412,Acetaminophen,LC-MS/MS
SMP-00338,4.12,76806.9,11859.8,12456.2,0.0721,Caffeine,LC-MS/MS
SMP-00338,5.53,23104.5,5488.2,5732.2,0.0233,Aspirin,LC-MS/MS
SMP-00338,7.2,63275.6,10048.4,10615.9,0.0623,Benzoic Acid,LC-MS/MS
SMP-00338,8.93,33609.0,7046.5,7188.2,0.0324,Phenacetin,LC-MS/MS
SMP-00338,10.4,14550.6,3478.6,3625.7,0.0141,Salicylic Acid,LC-MS/MS
SMP-00338,12.15,58626.9,10653.9,10545.0,0.0601,Chlorpheniramine,LC-MS/MS
SMP-00339,1.22,11909.3,3061.4,3137.3,0.0119,Uracil,LC-MS/MS
SMP-00339,2.77,40411.3,7880.1,8138.7,0.0403,Acetaminophen,LC-MS/MS
SMP-00339,4.11,103384.5,16921.8,17650.2,0.1041,Caffeine,LC-MS/MS
SMP-00339,5.59,21102.4,4845.3,5003.6,0.022,Aspirin,LC-MS/MS
SMP-00339,7.19,62851.2,10473.9,11135.5,0.0622,Benzoic Acid,LC-MS/MS
SMP-00339,8.93,33065.5,6580.5,6597.7,0.0335,Phenacetin,LC-MS/MS
SMP-00339,10.39,15647.4,3915.8,4029.5,0.0156,Salicylic Acid,LC-MS/MS
SMP-00339,12.1,54336.7,9617.8,10105.7,0.0564,Chlorpheniramine,LC-MS/MS
SMP-00340,1.24,13355.8,3418.5,3520.1,0.0136,Uracil,LC-MS/MS
SMP-00340,2.8,47486.2,9300.9,9217.8,0.0473,Acetaminophen,LC-MS/MS
SMP-00340,4.18,73897.2,11656.9,12606.3,0.0774,Caffeine,LC-MS/MS
SMP-00340,5.64,22392.2,5142.9,5212.6,0.0223,Aspirin,LC-MS/MS
SMP-00340,7.18,59615.0,9655.1,9850.1,0.0588,Benzoic Acid,LC-MS/MS
SMP-00340,8.96,29825.6,6256.1,6283.0,0.0306,Phenacetin,LC-MS/MS
SMP-00340,10.41,16046.8,3718.1,3831.5,0.0161,Salicylic Acid,LC-MS/MS
SMP-00340,12.16,47364.0,8326.2,8531.3,0.0464,Chlorpheniramine,LC-MS/MS
SMP-00341,1.23,13302.7,3307.0,3358.9,0.0137,Uracil,LC-MS/MS
SMP-00341,2.81,46465.1,8982.8,9331.5,0.0464,Acetaminophen,LC-MS/MS
SMP-00341,4.16,89066.6,15042.7,15352.8,0.0876,Caffeine,LC-MS/MS
SMP-00341,5.58,24808.1,5429.1,5641.3,0.0248,Aspirin,LC-MS/MS
SMP-00341,7.22,55400.5,9212.8,9445.6,0.0567,Benzoic Acid,LC-MS/MS
SMP-00341,8.99,32274.0,6381.6,6590.5,0.0318,Phenacetin,LC-MS/MS
SMP-00341,10.39,13676.1,3449.6,3561.6,0.0138,Salicylic Acid,LC-MS/MS
SMP-00341,12.16,55077.7,10401.2,10541.1,0.0543,Chlorpheniramine,LC-MS/MS
SMP-00342,1.3,13375.0,3489.1,3500.2,0.014,Uracil,LC-MS/MS
SMP-00342,2.76,45241.1,8571.1,8953.6,0.0453,Acetaminophen,LC-MS/MS
SMP-00342,4.12,93541.4,15398.1,16072.9,0.0947,Caffeine,LC-MS/MS
SMP-00342,5.63,25773.7,5581.9,5902.9,0.0257,Aspirin,LC-MS/MS
SMP-00342,7.19,273424.7,36973.7,47983.9,0.2775,Benzoic Acid,LC-MS/MS
SMP-00342,9.02,30826.0,6455.1,6704.4,0.0302,Phenacetin,LC-MS/MS
SMP-00342,10.33,18271.0,4318.0,4544.6,0.0187,Salicylic Acid,LC-MS/MS
SMP-00342,12.13,58548.6,10948.0,10951.7,0.0579,Chlorpheniramine,LC-MS/MS
SMP-00343,1.25,12755.1,3229.5,3368.2,0.0127,Uracil,LC-MS/MS
SMP-00343,2.83,41673.3,8414.7,8663.5,0.0406,Acetaminophen,LC-MS/MS
SMP-00343,4.11,95172.5,16364.0,16821.0,0.0956,Caffeine,LC-MS/MS
SMP-00343,5.66,23503.8,5279.2,5372.4,0.0238,Aspirin,LC-MS/MS
SMP-00343,7.18,61698.9,10562.1,11055.8,0.0603,Benzoic Acid,LC-MS/MS
SMP-00343,8.98,33625.2,6632.8,6906.8,0.0328,Phenacetin,LC-MS/MS
SMP-00343,10.39,15955.7,4063.3,4086.0,0.0158,Salicylic Acid,LC-MS/MS
SMP-00343,12.11,46242.2,8392.0,8750.2,0.0453,Chlorpheniramine,LC-MS/MS
SMP-00344,1.24,11738.6,3039.6,3089.9,0.0112,Uracil,LC-MS/MS
SMP-00344,2.79,45018.0,8658.9,8807.0,0.0457,Acetaminophen,LC-MS/MS
SMP-00344,4.12,93160.5,15433.1,15631.9,0.0949,Caffeine,LC-MS/MS
SMP-00344,5.64,22743.9,4971.4,5082.5,0.0227,Aspirin,LC-MS/MS
SMP-00344,7.16,81349.4,13551.0,13906.1,0.0794,Benzoic Acid,LC-MS/MS
SMP-00344,8.93,34598.0,6963.2,7276.9,0.0346,Phenacetin,LC-MS/MS
SMP-00344,10.42,14760.1,3599.5,3575.7,0.0151,Salicylic Acid,LC-MS/MS
SMP-00344,12.05,53101.3,9104.5,9296.3,0.0533,Chlorpheniramine,LC-MS/MS
SMP-00345,1.23,12928.8,3376.2,3469.4,0.0134,Uracil,LC-MS/MS
SMP-00345,2.81,49859.5,10445.8,11043.8,0.0497,Acetaminophen,LC-MS/MS
SMP-00345,4.19,87221.9,14655.9,14483.1,0.0872,Caffeine,LC-MS/MS
SMP-00345,5.57,95744.7,18821.9,19716.0,0.0961,Aspirin,LC-MS/MS
SMP-00345,7.17,73110.1,12591.2,12898.7,0.0725,Benzoic Acid,LC-MS/MS
SMP-00345,8.95,30932.9,6397.1,6708.5,0.0322,Phenacetin,LC-MS/MS
SMP-00345,10.37,13909.2,3446.2,3662.8,0.0138,Salicylic Acid,LC-MS/MS
SMP-00345,12.08,48142.5,8672.1,8754.9,0.0472,Chlorpheniramine,LC-MS/MS
SMP-00346,1.23,11641.9,3112.9,3161.5,0.0116,Uracil,LC-MS/MS
SMP-00346,2.75,42768.4,8199.3,8395.5,0.0425,Acetaminophen,LC-MS/MS
SMP-00346,4.15,87541.5,14653.2,15001.1,0.0865,Caffeine,LC-MS/MS
SMP-00346,5.59,21580.6,4691.4,4953.3,0.021,Aspirin,LC-MS/MS
SMP-00346,7.22,51506.0,8961.2,9288.9,0.0501,Benzoic Acid,LC-MS/MS
SMP-00346,8.94,31160.7,6448.6,6755.3,0.0312,Phenacetin,LC-MS/MS
SMP-00346,10.4,14649.4,3556.3,3646.3,0.0148,Salicylic Acid,LC-MS/MS
SMP-00346,12.08,57367.7,10184.9,10027.4,0.0568,Chlorpheniramine,LC-MS/MS
SMP-00347,1.26,14141.1,3788.5,3958.2,0.014,Uracil,LC-MS/MS
SMP-00347,2.78,40348.0,7427.5,7669.2,0.0404,Acetaminophen,LC-MS/MS
SMP-00347,4.11,81688.2,13781.4,13901.4,0.0805,Caffeine,LC-MS/MS
SMP-00347,5.56,22367.0,4859.1,4890.6,0.0224,Aspirin,LC-MS/MS
SMP-00347,7.2,60770.1,9785.4,10128.7,0.061,Benzoic Acid,LC-MS/MS
SMP-00347,8.96,29392.4,5884.1,6077.5,0.0295,Phenacetin,LC-MS/MS
SMP-00347,10.47,14450.8,3494.6,3553.0,0.0148,Salicylic Acid,LC-MS/MS
SMP-00347,12.12,54866.8,9857.0,10417.7,0.0557,Chlorpheniramine,LC-MS/MS
SMP-00348,1.26,14205.5,3512.1,3691.2,0.0144,Uracil,LC-MS/MS
SMP-00348,2.77,43424.3,8452.1,8570.9,0.044,Acetaminophen,LC-MS/MS
SMP-00348,4.14,91148.0,14515.8,14854.3,0.0934,Caffeine,LC-MS/MS
SMP-00348,5.59,25210.3,5626.0,5885.8,0.0259,Aspirin,LC-MS/MS
SMP-00348,7.23,68336.0,11228.7,11427.8,0.0684,Benzoic Acid,LC-MS/MS
SMP-00348,8.98,29333.8,6131.1,6202.8,0.0294,Phenacetin,LC-MS/MS
SMP-00348,10.41,15364.2,3732.1,3854.0,0.0154,Salicylic Acid,LC-MS/MS
SMP-00348,12.13,55235.9,10103.9,10654.1,0.0543,Chlorpheniramine,LC-MS/MS
SMP-00349,1.24,9211.8,2338.0,2446.8,0.009,Uracil,LC-MS/MS
SMP-00349,2.77,51200.0,9952.9,10482.2,0.0521,Acetaminophen,LC-MS/MS
SMP-00349,4.16,78840.1,13030.3,13281.9,0.0797,Caffeine,LC-MS/MS
SMP-00349,5.59,24877.8,5629.6,5787.9,0.0243,Aspirin,LC-MS/MS
SMP-00349,7.19,73497.9,11948.1,12105.4,0.0725,Benzoic Acid,LC-MS/MS
SMP-00349,8.91,24140.9,4581.6,4687.0,0.024,Phenacetin,LC-MS/MS
SMP-00349,10.46,15892.4,3893.9,3883.8,0.0159,Salicylic Acid,LC-MS/MS
SMP-00349,12.12,55636.5,10140.9,10403.0,0.0549,Chlorpheniramine,LC-MS/MS
SMP-00350,1.29,12251.7,3313.7,3402.3,0.0122,Uracil,LC-MS/MS
SMP-00350,2.84,41142.2,8221.7,8606.2,0.0404,Acetaminophen,LC-MS/MS
SMP-00350,4.17,87951.4,14559.2,14962.6,0.0893,Caffeine,LC-MS/MS
SMP-00350,5.61,21860.3,4752.7,4850.8,0.0219,Aspirin,LC-MS/MS
SMP-00350,7.19,60504.7,9759.5,10074.3,0.0595,Benzoic Acid,LC-MS/MS
SMP-00350,8.96,28163.8,5616.8,5852.8,0.0279,Phenacetin,LC-MS/MS
SMP-00350,10.43,13076.3,3148.9,3310.4,0.0136,Salicylic Acid,LC-MS/MS
SMP-00350,12.1,54231.1,10217.2,10348.1,0.0543,Chlorpheniramine,LC-MS/MS
SMP-00351,1.22,10224.1,2455.8,2505.1,0.0102,Uracil,LC-MS/MS
SMP-00351,2.82,237087.3,42554.3,41704.7,0.2327,Acetaminophen,LC-MS/MS
SMP-00351,4.16,99483.9,16129.9,16222.1,0.1,Caffeine,LC-MS/MS
SMP-00351,5.64,21239.5,4723.2,4722.9,0.022,Aspirin,LC-MS/MS
SMP-00351,7.17,65143.7,11203.3,11252.0,0.0639,Benzoic Acid,LC-MS/MS
SMP-00351,8.94,24708.1,5256.1,5591.1,0.0257,Phenacetin,LC-MS/MS
SMP-00351,10.45,14837.3,3541.2,3780.4,0.0151,Salicylic Acid,LC-MS/MS
SMP-00351,12.15,54452.7,9845.5,10384.8,0.0554,Chlorpheniramine,LC-MS/MS
SMP-00352,1.26,55688.7,14363.4,15639.6,0.0568,Uracil,LC-MS/MS
SMP-00352,2.8,49094.7,8968.4,9370.7,0.0498,Acetaminophen,LC-MS/MS
SMP-00352,4.11,97034.7,15427.5,16376.6,0.1019,Caffeine,LC-MS/MS
SMP-00352,5.62,23630.1,5082.5,5259.4,0.023,Aspirin,LC-MS/MS
SMP-00352,7.23,74131.8,11919.8,12159.4,0.0735,Benzoic Acid,LC-MS/MS
SMP-00352,8.94,26460.9,5520.6,5402.7,0.0257,Phenacetin,LC-MS/MS
SMP-00352,10.38,17114.2,4067.6,4140.9,0.0176,Salicylic Acid,LC-MS/MS
SMP-00352,12.1,40437.8,7601.1,7964.3,0.0414,Chlorpheniramine,LC-MS/MS
SMP-00353,1.33,13299.0,3367.4,3493.7,0.0135,Uracil,LC-MS/MS
SMP-00353,2.81,37365.9,7230.6,6974.9,0.0376,Acetaminophen,LC-MS/MS
SMP-00353,4.19,87425.3,15055.1,15811.5,0.0865,Caffeine,LC-MS/MS
SMP-00353,5.56,20581.8,4503.1,4697.9,0.0199,Aspirin,LC-MS/MS
SMP-00353,7.2,73512.9,12699.4,13201.0,0.0736,Benzoic Acid,LC-MS/MS
SMP-00353,8.91,30036.9,6278.5,6402.0,0.0305,Phenacetin,LC-MS/MS
SMP-00353,10.37,15111.1,3668.9,3802.2,0.0152,Salicylic Acid,LC-MS/MS
SMP-00353,12.14,65122.6,11405.2,12026.3,0.0671,Chlorpheniramine,LC-MS/MS
SMP-00354,1.26,10349.3,2614.4,2568.8,0.0107,Uracil,LC-MS/MS
SMP-00354,2.82,49090.9,9770.2,10252.8,0.0482,Acetaminophen,LC-MS/MS
SMP-00354,4.19,89612.5,14531.0,15038.9,0.091,Caffeine,LC-MS/MS
SMP-00354,5.59,21318.8,4856.9,4997.3,0.0211,Aspirin,LC-MS/MS
SMP-00354,7.23,67464.5,10679.1,10697.4,0.0681,Benzoic Acid,LC-MS/MS
SMP-00354,8.91,27326.0,5662.2,5616.1,0.0271,Phenacetin,LC-MS/MS
SMP-00354,10.44,16020.8,3894.8,4039.7,0.0164,Salicylic Acid,LC-MS/MS
SMP-00354,12.08,50602.1,9556.1,9974.8,0.0522,Chlorpheniramine,LC-MS/MS
SMP-00355,1.27,12426.4,3094.6,3224.6,0.0121,Uracil,LC-MS/MS
SMP-00355,2.76,44302.9,8659.6,8667.7,0.0442,Acetaminophen,LC-MS/MS
SMP-00355,4.13,91043.2,14893.3,14945.7,0.089,Caffeine,LC-MS/MS
SMP-00355,5.65,25306.4,5665.6,5738.5,0.0253,Aspirin,LC-MS/MS
SMP-00355,7.21,65528.9,10550.1,11106.3,0.0664,Benzoic Acid,LC-MS/MS
SMP-00355,8.98,30885.7,6384.5,6427.5,0.0311,Phenacetin,LC-MS/MS
SMP-00355,10.44,15850.7,3887.2,3957.4,0.0165,Salicylic Acid,LC-MS/MS
SMP-00355,12.1,59408.7,10641.5,11083.4,0.0594,Chlorpheniramine,LC-MS/MS
SMP-00356,1.25,11476.6,2934.5,3168.4,0.0114,Uracil,LC-MS/MS
SMP-00356,2.82,48444.8,9542.3,9875.2,0.0485,Acetaminophen,LC-MS/MS
SMP-00356,4.14,90108.2,15341.9,15293.2,0.0903,Caffeine,LC-MS/MS
SMP-00356,5.61,21251.2,4929.9,5227.5,0.0217,Aspirin,LC-MS/MS
SMP-00356,7.2,66728.6,11822.5,12033.1,0.0673,Benzoic Acid,LC-MS/MS
SMP-00356,8.93,33517.6,7081.0,7459.0,0.0332,Phenacetin,LC-MS/MS
SMP-00356,10.42,16258.9,3897.9,4172.3,0.0163,Salicylic Acid,LC-MS/MS
SMP-00356,12.06,56371.2,10199.9,10737.4,0.0562,Chlorpheniramine,LC-MS/MS
SMP-00357,1.23,12276.7,3232.9,3296.9,0.0127,Uracil,LC-MS/MS
SMP-00357,2.79,46777.9,9123.0,9618.6,0.0464,Acetaminophen,LC-MS/MS
SMP-00357,4.16,78873.1,13394.6,14337.2,0.0806,Caffeine,LC-MS/MS
SMP-00357,5.56,25997.5,5736.7,6099.0,0.026,Aspirin,LC-MS/MS
SMP-00357,7.22,73316.4,11664.5,11923.3,0.0742,Benzoic Acid,LC-MS/MS
SMP-00357,8.92,32248.9,6337.6,6677.0,0.0318,Phenacetin,LC-MS/MS
SMP-00357,10.39,16202.5,4059.1,4185.7,0.0159,Salicylic Acid,LC-MS/MS
SMP-00357,12.11,51433.5,9188.7,9643.8,0.0514,Chlorpheniramine,LC-MS/MS
SMP-00358,1.26,13343.4,3488.3,3582.7,0.0138,Uracil,LC-MS/MS
SMP-00358,2.8,46936.6,9204.1,9044.7,0.0485,Acetaminophen,LC-MS/MS
SMP-00358,4.15,88305.1,14917.0,15502.5,0.0887,Caffeine,LC-MS/MS
SMP-00358,5.61,23087.1,5042.9,5097.3,0.0229,Aspirin,LC-MS/MS
SMP-00358,7.2,68214.4,11245.1,11682.2,0.067,Benzoic Acid,LC-MS/MS
SMP-00358,8.99,28388.2,5998.4,6261.6,0.028,Phenacetin,LC-MS/MS
SMP-00358,10.46,15866.5,3914.5,3983.4,0.0163,Salicylic Acid,LC-MS/MS
SMP-00358,12.1,51579.9,9325.0,9476.5,0.0498,Chlorpheniramine,LC-MS/MS
SMP-00359,1.23,10039.3,2581.1,2621.9,0.0098,Uracil,LC-MS/MS
SMP-00359,2.74,41389.4,7906.4,8069.5,0.0394,Acetaminophen,LC-MS/MS
SMP-00359,4.16,98068.8,15780.7,16227.3,0.1014,Caffeine,LC-MS/MS
SMP-00359,5.64,24897.7,5475.5,5660.4,0.0244,Aspirin,LC-MS/MS
SMP-00359,7.14,75424.2,12593.2,13165.0,0.0764,Benzoic Acid,LC-MS/MS
SMP-00359,8.99,31376.8,6599.7,6767.3,0.0316,Phenacetin,LC-MS/MS
SMP-00359,10.42,16484.4,4179.1,4299.0,0.0167,Salicylic Acid,LC-MS/MS
SMP-00359,12.1,44466.4,8044.8,8345.1,0.0448,Chlorpheniramine,LC-MS/MS
SMP-00360,1.25,12901.9,3271.0,3305.0,0.0128,Uracil,LC-MS/MS
SMP-00360,2.85,44472.1,8228.4,8947.5,0.0456,Acetaminophen,LC-MS/MS
SMP-00360,4.12,94277.3,15468.0,16111.8,0.0945,Caffeine,LC-MS/MS
SMP-00360,5.66,22713.0,5399.6,5492.9,0.0221,Aspirin,LC-MS/MS
SMP-00360,7.22,75794.0,12569.3,13095.0,0.0795,Benzoic Acid,LC-MS/MS
SMP-00360,8.96,29944.6,6107.7,6518.1,0.0303,Phenacetin,LC-MS/MS
SMP-00360,10.35,13036.5,3154.3,3120.0,0.0136,Salicylic Acid,LC-MS/MS
SMP-00360,12.15,60849.5,11373.4,11638.1,0.0592,Chlorpheniramine,LC-MS/MS
SMP-00361,1.2,13671.0,3554.7,3657.3,0.014,Uracil,LC-MS/MS
SMP-00361,2.79,44356.7,8131.9,8659.3,0.0452,Acetaminophen,LC-MS/MS
SMP-00361,4.11,93760.2,15349.5,15902.9,0.0964,Caffeine,LC-MS/MS
SMP-00361,5.6,22591.5,4964.9,5091.3,0.0233,Aspirin,LC-MS/MS
SMP-00361,7.19,75704.4,12875.6,13820.2,0.0756,Benzoic Acid,LC-MS/MS
SMP-00361,8.94,33416.8,6924.6,7050.6,0.0326,Phenacetin,LC-MS/MS
SMP-00361,10.47,13479.6,3352.0,3447.6,0.0134,Salicylic Acid,LC-MS/MS
SMP-00361,12.06,54965.9,10068.4,10355.2,0.0559,Chlorpheniramine,LC-MS/MS
SMP-00362,1.26,56364.3,13643.8,15093.6,0.0561,Uracil,LC-MS/MS
SMP-00362,2.78,42018.7,7763.0,8050.3,0.0425,Acetaminophen,LC-MS/MS
SMP-00362,4.19,89644.8,15046.5,15843.2,0.0907,Caffeine,LC-MS/MS
SMP-00362,5.63,23669.7,4922.1,5172.1,0.0228,Aspirin,LC-MS/MS
SMP-00362,7.17,61828.0,10333.4,10410.9,0.063,Benzoic Acid,LC-MS/MS
SMP-00362,8.94,27903.3,5916.3,6275.5,0.0284,Phenacetin,LC-MS/MS
SMP-00362,10.39,15450.0,3492.5,3606.7,0.0155,Salicylic Acid,LC-MS/MS
SMP-00362,12.16,52380.0,9216.9,9561.5,0.0526,Chlorpheniramine,LC-MS/MS
SMP-00363,1.24,10515.9,2892.4,2832.6,0.0105,Uracil,LC-MS/MS
SMP-00363,2.81,50764.7,9696.1,9933.6,0.0509,Acetaminophen,LC-MS/MS
SMP-00363,4.17,91510.4,14784.7,14925.8,0.0937,Caffeine,LC-MS/MS
SMP-00363,5.62,23206.3,5094.2,5232.9,0.024,Aspirin,LC-MS/MS
SMP-00363,7.2,69872.4,11428.2,12210.9,0.0671,Benzoic Acid,LC-MS/MS
SMP-00363,8.96,29973.6,5949.4,6247.7,0.0302,Phenacetin,LC-MS/MS
SMP-00363,10.4,17838.9,4302.0,4395.8,0.0181,Salicylic Acid,LC-MS/MS
SMP-00363,12.07,56382.7,9938.7,10205.3,0.0568,Chlorpheniramine,LC-MS/MS
SMP-00364,1.25,12105.1,3084.9,3270.9,0.0129,Uracil,LC-MS/MS
SMP-00364,2.82,45824.0,9005.4,9046.1,0.0464,Acetaminophen,LC-MS/MS
SMP-00364,4.18,95289.2,16132.5,16890.5,0.0972,Caffeine,LC-MS/MS
SMP-00364,5.6,20482.0,4691.4,4852.9,0.0204,Aspirin,LC-MS/MS
SMP-00364,7.15,58564.4,9356.3,9375.3,0.0588,Benzoic Acid,LC-MS/MS
SMP-00364,8.94,26475.7,5460.1,5668.9,0.0275,Phenacetin,LC-MS/MS
SMP-00364,10.41,16877.4,4017.1,4180.6,0.0166,Salicylic Acid,LC-MS/MS
SMP-00364,12.11,54740.3,10140.1,10379.1,0.0523,Chlorpheniramine,LC-MS/MS
SMP-00365,1.25,13652.6,3533.0,3578.5,0.0134,Uracil,LC-MS/MS
SMP-00365,2.78,41629.7,8019.1,8437.4,0.0428,Acetaminophen,LC-MS/MS
SMP-00365,4.16,107039.3,17226.4,18116.9,0.1071,Caffeine,LC-MS/MS
SMP-00365,5.58,21158.5,4672.7,4674.2,0.0214,Aspirin,LC-MS/MS
SMP-00365,7.21,198654.4,35685.2,35533.1,0.197,Benzoic Acid,LC-MS/MS
SMP-00365,8.95,27313.7,5563.3,5718.7,0.0267,Phenacetin,LC-MS/MS
SMP-00365,10.4,15212.2,3857.7,3968.9,0.0154,Salicylic Acid,LC-MS/MS
SMP-00365,12.15,50398.1,9228.4,9541.8,0.0503,Chlorpheniramine,LC-MS/MS
SMP-00366,1.27,11306.9,2885.4,3033.3,0.0117,Uracil,LC-MS/MS
SMP-00366,2.83,44121.0,8623.4,8738.6,0.046,Acetaminophen,LC-MS/MS
SMP-00366,4.15,83957.6,13920.5,14434.4,0.0843,Caffeine,LC-MS/MS
SMP-00366,5.57,26642.1,6095.7,6322.9,0.0267,Aspirin,LC-MS/MS
SMP-00366,7.17,71520.7,12008.3,12470.7,0.0708,Benzoic Acid,LC-MS/MS
SMP-00366,8.92,29672.6,6053.9,6347.5,0.029,Phenacetin,LC-MS/MS
SMP-00366,10.43,12371.6,3099.1,3237.6,0.0123,Salicylic Acid,LC-MS/MS
SMP-00366,12.12,48915.9,9158.2,9232.5,0.0493,Chlorpheniramine,LC-MS/MS
SMP-00367,1.25,12607.6,3329.0,3466.0,0.0127,Uracil,LC-MS/MS
SMP-00367,2.8,48853.4,9861.5,10003.6,0.0483,Acetaminophen,LC-MS/MS
SMP-00367,4.13,74988.9,12002.0,12336.0,0.0777,Caffeine,LC-MS/MS
SMP-00367,5.63,23688.6,5109.1,5357.5,0.0233,Aspirin,LC-MS/MS
SMP-00367,7.2,66420.8,11433.0,11665.1,0.0671,Benzoic Acid,LC-MS/MS
SMP-00367,8.92,27504.7,5596.2,5781.8,0.0272,Phenacetin,LC-MS/MS
SMP-00367,10.37,15209.5,3708.8,3818.5,0.0145,Salicylic Acid,LC-MS/MS
SMP-00367,12.09,55793.0,9767.2,9940.1,0.0564,Chlorpheniramine,LC-MS/MS
SMP-00368,1.2,11491.6,3022.7,3181.2,0.0121,Uracil,LC-MS/MS
SMP-00368,2.83,43429.2,8735.1,9060.9,0.0442,Acetaminophen,LC-MS/MS
SMP-00368,4.11,98669.7,15611.3,15992.3,0.0951,Caffeine,LC-MS/MS
SMP-00368,5.63,21171.3,4615.4,4650.8,0.0211,Aspirin,LC-MS/MS
SMP-00368,7.18,63967.8,10154.6,10580.0,0.064,Benzoic Acid,LC-MS/MS
SMP-00368,8.95,33352.3,6632.7,6987.4,0.0325,Phenacetin,LC-MS/MS
SMP-00368,10.41,16249.7,3668.7,3690.1,0.0167,Salicylic Acid,LC-MS/MS
SMP-00368,12.11,59342.4,10413.0,10801.1,0.0588,Chlorpheniramine,LC-MS/MS
SMP-00369,1.21,14669.2,3888.9,3961.0,0.0145,Uracil,LC-MS/MS
SMP-00369,2.78,45924.0,8884.4,9222.3,0.0459,Acetaminophen,LC-MS/MS
SMP-00369,4.18,87652.3,13759.5,14368.1,0.0899,Caffeine,LC-MS/MS
SMP-00369,5.62,17591.7,3943.4,4187.2,0.0171,Aspirin,LC-MS/MS
SMP-00369,7.22,69281.8,11957.0,12630.6,0.0696,Benzoic Acid,LC-MS/MS
SMP-00369,9.01,30719.9,6129.9,6312.0,0.0315,Phenacetin,LC-MS/MS
SMP-00369,10.4,15889.2,3946.7,4004.3,0.0163,Salicylic Acid,LC-MS/MS
SMP-00369,12.09,57126.1,10669.4,11016.9,0.06,Chlorpheniramine,LC-MS/MS
SMP-00370,1.31,13160.9,3311.7,3284.8,0.0133,Uracil,LC-MS/MS
SMP-00370,2.76,47174.0,9142.0,9569.2,0.0457,Acetaminophen,LC-MS/MS
SMP-00370,4.22,87800.7,13514.5,13943.2,0.0889,Caffeine,LC-MS/MS
SMP-00370,5.58,24928.5,5512.3,5801.5,0.0248,Aspirin,LC-MS/MS
SMP-00370,7.19,71679.6,11651.0,11746.4,0.0707,Benzoic Acid,LC-MS/MS
SMP-00370,8.93,29562.0,5901.0,6116.1,0.0298,Phenacetin,LC-MS/MS
SMP-00370,10.47,13056.7,3178.6,3214.6,0.0132,Salicylic Acid,LC-MS/MS
SMP-00370,12.14,60565.6,11171.8,11758.9,0.0603,Chlorpheniramine,LC-MS/MS
SMP-00371,1.3,39779.5,9116.3,10922.3,0.0394,Uracil,LC-MS/MS
SMP-00371,2.81,45922.2,9270.6,9586.0,0.045,Acetaminophen,LC-MS/MS
SMP-00371,4.12,98806.2,16332.4,16507.8,0.0978,Caffeine,LC-MS/MS
SMP-00371,5.58,27603.8,6000.1,6094.9,0.0271,Aspirin,LC-MS/MS
SMP-00371,7.21,50345.8,8507.1,8555.3,0.0536,Benzoic Acid,LC-MS/MS
SMP-00371,8.94,30709.5,6033.1,6275.5,0.0303,Phenacetin,LC-MS/MS
SMP-00371,10.42,16892.5,4156.0,4360.7,0.0168,Salicylic Acid,LC-MS/MS
SMP-00371,12.09,57972.1,10247.9,10189.1,0.057,Chlorpheniramine,LC-MS/MS
SMP-00372,1.3,13277.6,3408.4,3428.3,0.0133,Uracil,LC-MS/MS
SMP-00372,2.77,39184.7,7973.6,8140.7,0.0386,Acetaminophen,LC-MS/MS
SMP-00372,4.13,79699.4,12901.3,13357.9,0.0786,Caffeine,LC-MS/MS
SMP-00372,5.67,20041.9,4516.6,4577.4,0.0201,Aspirin,LC-MS/MS
SMP-00372,7.2,64677.4,10392.7,10952.9,0.0671,Benzoic Acid,LC-MS/MS
SMP-00372,8.94,32061.0,6346.0,6489.8,0.0326,Phenacetin,LC-MS/MS
SMP-00372,10.38,15950.7,3870.2,3954.7,0.016,Salicylic Acid,LC-MS/MS
SMP-00372,12.07,55810.6,10267.9,10680.2,0.0564,Chlorpheniramine,LC-MS/MS
SMP-00373,1.25,12544.0,3269.1,3422.6,0.0128,Uracil,LC-MS/MS
SMP-00373,2.78,39507.0,7596.3,7683.7,0.0393,Acetaminophen,LC-MS/MS
SMP-00373,4.2,87881.6,14420.3,15289.3,0.0894,Caffeine,LC-MS/MS
SMP-00373,5.57,20892.4,4252.6,4357.9,0.021,Aspirin,LC-MS/MS
SMP-00373,7.25,63360.2,10875.9,11216.1,0.0639,Benzoic Acid,LC-MS/MS
SMP-00373,8.91,29460.0,6594.5,6724.9,0.0305,Phenacetin,LC-MS/MS
SMP-00373,10.35,82503.3,17419.6,17019.0,0.0841,Salicylic Acid,LC-MS/MS
SMP-00373,12.08,52117.7,9955.6,10280.3,0.0516,Chlorpheniramine,LC-MS/MS
SMP-00374,1.21,12620.3,3203.0,3309.3,0.0123,Uracil,LC-MS/MS
SMP-00374,2.73,41329.9,8321.8,8439.0,0.0421,Acetaminophen,LC-MS/MS
SMP-00374,4.1,80473.3,12869.1,13219.8,0.0795,Caffeine,LC-MS/MS
SMP-00374,5.6,19704.2,4544.5,4811.8,0.0199,Aspirin,LC-MS/MS
SMP-00374,7.19,62419.6,10116.3,10597.3,0.062,Benzoic Acid,LC-MS/MS
SMP-00374,8.97,30231.6,6268.4,6602.2,0.0302,Phenacetin,LC-MS/MS
SMP-00374,10.42,18829.0,4520.9,4653.7,0.0183,Salicylic Acid,LC-MS/MS
SMP-00374,12.13,56326.8,10314.0,10743.7,0.0569,Chlorpheniramine,LC-MS/MS
SMP-00375,1.22,13029.3,3395.8,3448.2,0.0132,Uracil,LC-MS/MS
SMP-00375,2.76,33913.4,6450.7,6675.3,0.0347,Acetaminophen,LC-MS/MS
SMP-00375,4.2,75837.7,13574.3,13913.5,0.0725,Caffeine,LC-MS/MS
SMP-00375,5.56,28290.5,6194.0,6254.5,0.0274,Aspirin,LC-MS/MS
SMP-00375,7.18,66678.8,10250.3,10642.8,0.0627,Benzoic Acid,LC-MS/MS
SMP-00375,8.94,32454.9,6739.5,7083.3,0.0328,Phenacetin,LC-MS/MS
SMP-00375,10.39,15199.0,3757.8,3894.4,0.0156,Salicylic Acid,LC-MS/MS
SMP-00375,12.11,53976.4,9566.9,9895.7,0.0557,Chlorpheniramine,LC-MS/MS
SMP-00376,1.28,13812.7,3382.3,3477.6,0.0136,Uracil,LC-MS/MS
SMP-00376,2.84,55764.3,11061.4,11605.7,0.0566,Acetaminophen,LC-MS/MS
SMP-00376,4.14,91860.7,14736.4,14501.5,0.0922,Caffeine,LC-MS/MS
SMP-00376,5.61,28856.4,6499.3,6808.7,0.0294,Aspirin,LC-MS/MS
SMP-00376,7.17,70562.8,11565.7,11579.0,0.0707,Benzoic Acid,LC-MS/MS
SMP-00376,9.01,32126.9,6644.0,6904.9,0.0323,Phenacetin,LC-MS/MS
SMP-00376,10.43,15922.1,3897.9,3965.1,0.0165,Salicylic Acid,LC-MS/MS
SMP-00376,12.11,49260.4,8544.0,8750.6,0.0512,Chlorpheniramine,LC-MS/MS
SMP-00377,1.25,11903.8,2970.5,3048.8,0.012,Uracil,LC-MS/MS
SMP-00377,2.82,48011.5,9669.8,9711.1,0.0501,Acetaminophen,LC-MS/MS
SMP-00377,4.11,101590.0,16950.5,17248.7,0.101,Caffeine,LC-MS/MS
SMP-00377,5.6,24166.3,5210.7,5310.1,0.0235,Aspirin,LC-MS/MS
SMP-00377,7.13,72082.6,11876.8,12159.4,0.072,Benzoic Acid,LC-MS/MS
SMP-00377,8.96,31091.6,6138.9,6267.1,0.0319,Phenacetin,LC-MS/MS
SMP-00377,10.38,17728.2,4031.7,4115.7,0.0179,Salicylic Acid,LC-MS/MS
SMP-00377,12.14,50939.7,9144.9,9628.2,0.0503,Chlorpheniramine,LC-MS/MS
SMP-00378,1.3,10953.0,2810.1,2857.1,0.0109,Uracil,LC-MS/MS
SMP-00378,2.84,46373.8,8731.5,9025.4,0.0465,Acetaminophen,LC-MS/MS
SMP-00378,4.12,88617.7,13584.3,13762.0,0.0885,Caffeine,LC-MS/MS
SMP-00378,5.6,25386.0,5791.5,5936.8,0.0255,Aspirin,LC-MS/MS
SMP-00378,7.16,65122.7,10329.0,10705.4,0.0673,Benzoic Acid,LC-MS/MS
SMP-00378,8.95,26879.7,5661.2,5627.8,0.0272,Phenacetin,LC-MS/MS
SMP-00378,10.38,15545.4,3780.3,3876.9,0.0153,Salicylic Acid,LC-MS/MS
SMP-00378,12.05,58895.0,10502.6,10776.9,0.0569,Chlorpheniramine,LC-MS/MS
SMP-00379,1.24,14511.6,3723.6,3829.0,0.0144,Uracil,LC-MS/MS
SMP-00379,2.81,44409.6,8373.3,8786.5,0.0439,Acetaminophen,LC-MS/MS
SMP-00379,4.19,89344.0,15062.2,15238.6,0.0888,Caffeine,LC-MS/MS
SMP-00379,5.58,25091.6,5417.3,5551.0,0.0253,Aspirin,LC-MS/MS
SMP-00379,7.19,67092.6,11516.1,12003.0,0.066,Benzoic Acid,LC-MS/MS
SMP-00379,8.98,30942.1,6108.8,6154.9,0.0313,Phenacetin,LC-MS/MS
SMP-00379,10.44,13239.8,3181.1,3228.8,0.0131,Salicylic Acid,LC-MS/MS
SMP-00379,12.07,58973.5,10254.7,10865.8,0.058,Chlorpheniramine,LC-MS/MS
SMP-00380,1.28,14094.1,3751.3,3844.3,0.0145,Uracil,LC-MS/MS
SMP-00380,2.75,45876.1,8521.6,8901.3,0.0461,Acetaminophen,LC-MS/MS
SMP-00380,4.1,92715.8,14946.8,14573.7,0.0911,Caffeine,LC-MS/MS
SMP-00380,5.62,19855.5,4683.6,4649.0,0.0195,Aspirin,LC-MS/MS
SMP-00380,7.23,64635.2,10559.1,10769.2,0.0643,Benzoic Acid,LC-MS/MS
SMP-00380,8.92,25224.1,4984.2,5243.6,0.0261,Phenacetin,LC-MS/MS
SMP-00380,10.33,15301.5,3544.4,3640.8,0.0152,Salicylic Acid,LC-MS/MS
SMP-00380,12.06,55409.9,10305.4,10649.3,0.0557,Chlorpheniramine,LC-MS/MS
SMP-00381,1.24,14347.4,3562.6,3608.7,0.0143,Uracil,LC-MS/MS
SMP-00381,2.78,48360.3,9248.7,9416.0,0.0483,Acetaminophen,LC-MS/MS
SMP-00381,4.15,91057.1,15787.9,16172.1,0.0895,Caffeine,LC-MS/MS
SMP-00381,5.61,26869.8,5738.6,6034.6,0.0271,Aspirin,LC-MS/MS
SMP-00381,7.23,72199.1,12121.3,12289.2,0.0693,Benzoic Acid,LC-MS/MS
SMP-00381,8.93,34710.8,6940.0,7176.8,0.0337,Phenacetin,LC-MS/MS
SMP-00381,10.42,14639.3,3643.5,3676.3,0.0146,Salicylic Acid,LC-MS/MS
SMP-00381,12.1,51574.7,9096.7,9534.9,0.0521,Chlorpheniramine,LC-MS/MS
SMP-00382,1.24,12290.5,3043.2,3083.9,0.0126,Uracil,LC-MS/MS
SMP-00382,2.75,41824.2,7914.5,7968.0,0.0416,Acetaminophen,LC-MS/MS
SMP-00382,4.12,91071.8,14910.3,15899.4,0.0898,Caffeine,LC-MS/MS
SMP-00382,5.61,23124.8,5343.7,5452.7,0.0233,Aspirin,LC-MS/MS
SMP-00382,7.24,68124.6,10773.4,11219.4,0.0681,Benzoic Acid,LC-MS/MS
SMP-00382,8.92,34555.9,7196.6,7184.6,0.035,Phenacetin,LC-MS/MS
SMP-00382,10.42,62314.1,13381.7,14662.7,0.0618,Salicylic Acid,LC-MS/MS
SMP-00382,12.11,55246.9,9574.4,10077.9,0.055,Chlorpheniramine,LC-MS/MS
SMP-00383,1.26,13470.6,3406.5,3407.4,0.0136,Uracil,LC-MS/MS
SMP-00383,2.81,48933.8,9897.5,9898.9,0.0492,Acetaminophen,LC-MS/MS
SMP-00383,4.2,84524.8,13085.5,13548.1,0.0834,Caffeine,LC-MS/MS
SMP-00383,5.65,22071.8,4792.0,4801.4,0.0218,Aspirin,LC-MS/MS
SMP-00383,7.17,68440.0,11446.0,11582.6,0.0706,Benzoic Acid,LC-MS/MS
SMP-00383,8.95,31431.9,6540.7,6902.8,0.0334,Phenacetin,LC-MS/MS
SMP-00383,10.39,14423.8,3667.0,3845.7,0.014,Salicylic Acid,LC-MS/MS
SMP-00383,12.09,45820.2,8907.2,9728.6,0.0464,Chlorpheniramine,LC-MS/MS
SMP-00384,1.26,13592.2,3331.6,3509.2,0.0139,Uracil,LC-MS/MS
SMP-00384,2.83,47111.0,9160.3,9481.4,0.0472,Acetaminophen,LC-MS/MS
SMP-00384,4.14,88782.1,13949.0,14095.5,0.0903,Caffeine,LC-MS/MS
SMP-00384,5.59,21734.7,5292.2,5532.9,0.0227,Aspirin,LC-MS/MS
SMP-00384,7.2,69277.0,11389.3,11803.2,0.0687,Benzoic Acid,LC-MS/MS
SMP-00384,8.93,30078.2,6069.9,6239.1,0.0309,Phenacetin,LC-MS/MS
SMP-00384,10.43,14791.7,3716.7,3978.8,0.0149,Salicylic Acid,LC-MS/MS
SMP-00384,12.11,47291.6,8758.0,9037.7,0.0474,Chlorpheniramine,LC-MS/MS
SMP-00385,1.23,12209.0,3133.6,3344.4,0.0118,Uracil,LC-MS/MS
SMP-00385,2.82,50056.6,10034.1,10364.4,0.0502,Acetaminophen,LC-MS/MS
SMP-00385,4.12,101248.1,16554.1,17191.8,0.1022,Caffeine,LC-MS/MS
SMP-00385,5.6,21227.3,4736.9,4832.5,0.0208,Aspirin,LC-MS/MS
SMP-00385,7.17,61722.9,10370.6,10919.9,0.0632,Benzoic Acid,LC-MS/MS
SMP-00385,8.96,32740.9,6695.4,6832.5,0.0317,Phenacetin,LC-MS/MS
SMP-00385,10.36,19452.6,4551.2,4628.8,0.0202,Salicylic Acid,LC-MS/MS
SMP-00385,12.12,52775.8,9585.7,9839.4,0.0524,Chlorpheniramine,LC-MS/MS
SMP-00386,1.23,12895.5,3322.9,3416.1,0.013,Uracil,LC-MS/MS
SMP-00386,2.79,42855.4,8603.3,8917.5,0.0416,Acetaminophen,LC-MS/MS
SMP-00386,4.18,86555.0,13974.7,13974.6,0.0874,Caffeine,LC-MS/MS
SMP-00386,5.64,22221.7,4838.4,4801.8,0.0217,Aspirin,LC-MS/MS
SMP-00386,7.26,62848.2,10333.1,10787.8,0.0629,Benzoic Acid,LC-MS/MS
SMP-00386,9.01,33503.5,7048.3,7400.6,0.0348,Phenacetin,LC-MS/MS
SMP-00386,10.41,17155.2,4154.4,4266.1,0.0174,Salicylic Acid,LC-MS/MS
SMP-00386,12.09,44328.2,8373.2,8564.1,0.0437,Chlorpheniramine,LC-MS/MS
SMP-00387,1.22,12293.7,3266.6,3393.5,0.0126,Uracil,LC-MS/MS
SMP-00387,2.77,49116.1,9672.2,10302.0,0.047,Acetaminophen,LC-MS/MS
SMP-00387,4.14,84848.6,13665.4,14187.4,0.0858,Caffeine,LC-MS/MS
SMP-00387,5.64,29832.9,6603.1,6969.9,0.0295,Aspirin,LC-MS/MS
SMP-00387,7.21,80400.4,13318.6,13708.0,0.0795,Benzoic Acid,LC-MS/MS
SMP-00387,8.95,35603.9,7449.7,7692.1,0.0354,Phenacetin,LC-MS/MS
SMP-00387,10.34,15282.2,3732.7,3995.5,0.0151,Salicylic Acid,LC-MS/MS
SMP-00387,12.12,44126.8,7903.5,8194.9,0.0421,Chlorpheniramine,LC-MS/MS
SMP-00388,1.25,10273.2,2725.9,2757.9,0.0108,Uracil,LC-MS/MS
SMP-00388,2.81,46271.7,8820.5,9127.8,0.0443,Acetaminophen,LC-MS/MS
SMP-00388,4.14,79659.8,12858.1,12962.2,0.0784,Caffeine,LC-MS/MS
SMP-00388,5.54,23862.6,5569.2,5743.5,0.0229,Aspirin,LC-MS/MS
SMP-00388,7.2,70370.7,12527.1,12911.7,0.0709,Benzoic Acid,LC-MS/MS
SMP-00388,9.0,30076.6,6214.8,6575.2,0.0294,Phenacetin,LC-MS/MS
SMP-00388,10.44,17762.8,4309.2,4438.1,0.0175,Salicylic Acid,LC-MS/MS
SMP-00388,12.06,55745.7,10766.3,10585.2,0.0556,Chlorpheniramine,LC-MS/MS
SMP-00389,1.26,13571.7,3510.4,3570.1,0.0134,Uracil,LC-MS/MS
SMP-00389,2.82,47230.9,9217.5,9372.1,0.0462,Acetaminophen,LC-MS/MS
SMP-00389,4.12,87891.5,14577.3,15837.0,0.0879,Caffeine,LC-MS/MS
SMP-00389,5.68,19022.4,4036.9,4290.4,0.0195,Aspirin,LC-MS/MS
SMP-00389,7.18,69372.0,10936.7,11171.9,0.0699,Benzoic Acid,LC-MS/MS
SMP-00389,8.92,26477.0,5447.4,5728.2,0.0258,Phenacetin,LC-MS/MS
SMP-00389,10.43,15761.2,3611.1,3804.5,0.0155,Salicylic Acid,LC-MS/MS
SMP-00389,12.12,49407.5,8937.5,9454.7,0.0501,Chlorpheniramine,LC-MS/MS
SMP-00390,1.26,13145.1,3419.1,3513.0,0.0132,Uracil,LC-MS/MS
SMP-00390,2.78,43368.5,8346.0,8314.2,0.0431,Acetaminophen,LC-MS/MS
SMP-00390,4.19,86710.0,14009.6,14481.8,0.0873,Caffeine,LC-MS/MS
SMP-00390,5.68,20991.4,4711.7,4903.7,0.0212,Aspirin,LC-MS/MS
SMP-00390,7.21,66358.6,10301.7,10725.8,0.0685,Benzoic Acid,LC-MS/MS
SMP-00390,8.99,24242.9,4962.3,5034.8,0.0239,Phenacetin,LC-MS/MS
SMP-00390,10.44,16622.2,4014.7,4042.9,0.0165,Salicylic Acid,LC-MS/MS
SMP-00390,12.11,53557.9,9699.3,10115.7,0.0539,Chlorpheniramine,LC-MS/MS
SMP-00391,1.25,11467.3,3096.2,3236.2,0.0112,Uracil,LC-MS/MS
SMP-00391,2.78,43526.3,8628.9,9330.8,0.0431,Acetaminophen,LC-MS/MS
SMP-00391,4.14,84872.7,13156.1,13484.8,0.0847,Caffeine,LC-MS/MS
SMP-00391,5.67,24246.9,5386.7,5616.0,0.0242,Aspirin,LC-MS/MS
SMP-00391,7.16,72290.6,12180.2,12521.2,0.0716,Benzoic Acid,LC-MS/MS
SMP-00391,8.91,26866.9,5742.4,5984.2,0.0272,Phenacetin,LC-MS/MS
SMP-00391,10.42,16968.5,3931.9,3995.5,0.0167,Salicylic Acid,LC-MS/MS
SMP-00391,12.08,58072.9,10358.7,10852.6,0.0585,Chlorpheniramine,LC-MS/MS
SMP-00392,1.24,14388.3,3801.3,3968.5,0.0145,Uracil,LC-MS/MS
SMP-00392,2.8,45011.4,8825.6,9266.9,0.0448,Acetaminophen,LC-MS/MS
SMP-00392,4.14,73587.9,11455.9,11698.8,0.075,Caffeine,LC-MS/MS
SMP-00392,5.6,138229.0,32576.9,30619.9,0.1376,Aspirin,LC-MS/MS
SMP-00392,7.21,73860.1,12597.9,13237.4,0.0741,Benzoic Acid,LC-MS/MS
SMP-00392,8.89,33719.4,6821.2,6801.1,0.0334,Phenacetin,LC-MS/MS
SMP-00392,10.41,15327.2,3737.7,3677.8,0.0158,Salicylic Acid,LC-MS/MS
SMP-00392,12.08,61907.9,11206.8,11385.6,0.0622,Chlorpheniramine,LC-MS/MS
SMP-00393,1.28,11900.2,3082.8,3187.3,0.0116,Uracil,LC-MS/MS
SMP-00393,2.8,39216.0,7669.9,7647.3,0.0387,Acetaminophen,LC-MS/MS
SMP-00393,4.08,99630.9,15462.4,15569.2,0.0998,Caffeine,LC-MS/MS
SMP-00393,5.57,25575.0,5453.2,5707.5,0.0259,Aspirin,LC-MS/MS
SMP-00393,7.21,61335.9,9814.9,9973.5,0.0612,Benzoic Acid,LC-MS/MS
SMP-00393,8.89,29438.2,6033.3,6490.9,0.0299,Phenacetin,LC-MS/MS
SMP-00393,10.39,13750.0,3205.1,3358.3,0.014,Salicylic Acid,LC-MS/MS
SMP-00393,12.09,214108.9,32720.4,40149.4,0.2178,Chlorpheniramine,LC-MS/MS
SMP-00394,1.24,13857.3,3693.8,3831.4,0.0137,Uracil,LC-MS/MS
SMP-00394,2.75,51015.2,9767.3,9929.1,0.0512,Acetaminophen,LC-MS/MS
SMP-00394,4.13,88422.8,14619.5,15762.3,0.0876,Caffeine,LC-MS/MS
SMP-00394,5.6,25361.1,5838.0,5945.0,0.0247,Aspirin,LC-MS/MS
SMP-00394,7.25,68711.5,11247.2,11302.6,0.0681,Benzoic Acid,LC-MS/MS
SMP-00394,8.91,28826.2,5626.2,5633.9,0.0285,Phenacetin,LC-MS/MS
SMP-00394,10.43,16256.0,4081.2,4219.6,0.0165,Salicylic Acid,LC-MS/MS
SMP-00394,12.12,47211.4,8860.9,9186.2,0.0461,Chlorpheniramine,LC-MS/MS
SMP-00395,1.27,13197.6,3421.9,3434.9,0.0133,Uracil,LC-MS/MS
SMP-00395,2.82,53909.9,10174.0,9967.4,0.0525,Acetaminophen,LC-MS/MS
SMP-00395,4.2,81888.9,13281.8,13761.5,0.0815,Caffeine,LC-MS/MS
SMP-00395,5.61,23380.7,5095.9,5359.9,0.0239,Aspirin,LC-MS/MS
SMP-00395,7.22,73244.2,12268.1,12637.8,0.0746,Benzoic Acid,LC-MS/MS
SMP-00395,8.94,178537.5,32239.2,34608.8,0.1751,Phenacetin,LC-MS/MS
SMP-00395,10.37,19461.2,4789.0,4997.1,0.0191,Salicylic Acid,LC-MS/MS
SMP-00395,12.11,48696.3,8884.8,9021.7,0.0509,Chlorpheniramine,LC-MS/MS
SMP-00396,1.27,14234.9,3601.1,3654.8,0.0142,Uracil,LC-MS/MS
SMP-00396,2.8,48108.0,9745.3,10111.7,0.0474,Acetaminophen,LC-MS/MS
SMP-00396,4.14,92795.9,15400.2,15337.5,0.0907,Caffeine,LC-MS/MS
SMP-00396,5.66,22037.5,5044.6,5354.5,0.0223,Aspirin,LC-MS/MS
SMP-00396,7.15,81897.8,13403.2,13830.7,0.0825,Benzoic Acid,LC-MS/MS
SMP-00396,9.02,32483.2,6787.6,7066.2,0.0331,Phenacetin,LC-MS/MS
SMP-00396,10.39,14546.9,3531.2,3568.2,0.014,Salicylic Acid,LC-MS/MS
SMP-00396,12.12,59117.4,11036.3,11181.4,0.0599,Chlorpheniramine,LC-MS/MS
SMP-00397,1.2,14157.0,3657.4,3895.7,0.0141,Uracil,LC-MS/MS
SMP-00397,2.82,43743.9,8154.8,8398.7,0.0437,Acetaminophen,LC-MS/MS
SMP-00397,4.18,87153.5,13497.4,13819.6,0.086,Caffeine,LC-MS/MS
SMP-00397,5.61,20721.1,4419.5,4536.8,0.02,Aspirin,LC-MS/MS
SMP-00397,7.23,66917.1,11550.5,11970.6,0.0664,Benzoic Acid,LC-MS/MS
SMP-00397,9.02,27894.1,5368.9,5459.0,0.0284,Phenacetin,LC-MS/MS
SMP-00397,10.4,13753.0,3238.7,3336.6,0.013,Salicylic Acid,LC-MS/MS
SMP-00397,12.12,57488.5,10428.5,11218.5,0.0576,Chlorpheniramine,LC-MS/MS
SMP-00398,1.28,10372.2,2641.7,2708.6,0.0105,Uracil,LC-MS/MS
SMP-00398,2.81,44882.0,8934.7,9263.4,0.0451,Acetaminophen,LC-MS/MS
SMP-00398,4.21,92760.2,15496.4,15964.0,0.0937,Caffeine,LC-MS/MS
SMP-00398,5.64,25618.6,5456.7,5439.7,0.0255,Aspirin,LC-MS/MS
SMP-00398,7.19,65847.1,10796.2,11251.1,0.0669,Benzoic Acid,LC-MS/MS
SMP-00398,8.98,25519.9,5522.4,5688.7,0.0246,Phenacetin,LC-MS/MS
SMP-00398,10.43,15750.9,3925.5,4148.5,0.0163,Salicylic Acid,LC-MS/MS
SMP-00398,12.09,49443.5,8851.1,9137.1,0.0528,Chlorpheniramine,LC-MS/MS
SMP-00399,1.28,11168.3,2743.2,2829.5,0.0113,Uracil,LC-MS/MS
SMP-00399,2.82,50812.0,9320.3,9927.0,0.0525,Acetaminophen,LC-MS/MS
SMP-00399,4.19,93260.9,14851.6,15356.7,0.0907,Caffeine,LC-MS/MS
SMP-00399,5.61,20786.7,4556.3,4680.2,0.0207,Aspirin,LC-MS/MS
SMP-00399,7.2,62256.1,9860.0,10054.8,0.0619,Benzoic Acid,LC-MS/MS
SMP-00399,8.98,29666.7,6246.6,6627.5,0.0306,Phenacetin,LC-MS/MS
SMP-00399,10.44,15870.5,4056.6,4140.1,0.0158,Salicylic Acid,LC-MS/MS
SMP-00399,12.13,58807.8,11010.2,11271.5,0.0596,Chlorpheniramine,LC-MS/MS
SMP-00400,1.21,16387.8,4232.4,4389.0,0.0168,Uracil,LC-MS/MS
SMP-00400,2.76,42375.6,8109.1,8360.1,0.0437,Acetaminophen,LC-MS/MS
SMP-00400,4.14,90449.0,14632.5,14985.5,0.0881,Caffeine,LC-MS/MS
SMP-00400,5.59,17307.7,4027.6,4152.0,0.0172,Aspirin,LC-MS/MS
SMP-00400,7.18,81046.5,13441.1,13878.8,0.0842,Benzoic Acid,LC-MS/MS
SMP-00400,8.93,29644.6,5825.9,5923.3,0.0299,Phenacetin,LC-MS/MS
SMP-00400,10.37,15613.5,3898.2,3873.9,0.0157,Salicylic Acid,LC-MS/MS
SMP-00400,12.09,61593.4,11095.9,11538.6,0.0596,Chlorpheniramine,LC-MS/MS
SMP-00401,1.29,13583.3,3734.8,4039.2,0.0136,Uracil,LC-MS/MS
SMP-00401,2.81,51595.0,10136.8,10844.6,0.052,Acetaminophen,LC-MS/MS
SMP-00401,4.1,73205.9,12453.7,12603.6,0.071,Caffeine,LC-MS/MS
SMP-00401,5.6,27149.8,5691.1,5755.2,0.0276,Aspirin,LC-MS/MS
SMP-00401,7.22,66462.3,10955.5,11010.4,0.0685,Benzoic Acid,LC-MS/MS
SMP-00401,8.98,29843.8,5994.4,6169.1,0.0293,Phenacetin,LC-MS/MS
SMP-00401,10.39,70215.1,18103.7,15011.8,0.0698,Salicylic Acid,LC-MS/MS
SMP-00401,12.12,56048.0,10554.3,10626.3,0.0551,Chlorpheniramine,LC-MS/MS
SMP-00402,1.29,10741.8,2597.2,2684.2,0.0111,Uracil,LC-MS/MS
SMP-00402,2.82,46070.8,8529.7,8874.1,0.0463,Acetaminophen,LC-MS/MS
SMP-00402,4.13,75940.4,12620.7,13026.3,0.0739,Caffeine,LC-MS/MS
SMP-00402,5.6,26328.0,5626.6,5912.3,0.0258,Aspirin,LC-MS/MS
SMP-00402,7.16,64273.6,10475.1,10681.0,0.0649,Benzoic Acid,LC-MS/MS
SMP-00402,8.93,30540.7,6409.8,6663.5,0.0305,Phenacetin,LC-MS/MS
SMP-00402,10.45,13878.7,3317.5,3426.2,0.0141,Salicylic Acid,LC-MS/MS
SMP-00402,12.15,59757.8,11037.1,11385.9,0.0613,Chlorpheniramine,LC-MS/MS
SMP-00403,1.3,12811.6,3296.4,3425.7,0.0129,Uracil,LC-MS/MS
SMP-00403,2.83,48284.3,9736.2,10001.0,0.047,Acetaminophen,LC-MS/MS
SMP-00403,4.11,75142.2,12080.0,12314.3,0.0751,Caffeine,LC-MS/MS
SMP-00403,5.56,20958.0,4462.5,4566.6,0.0214,Aspirin,LC-MS/MS
SMP-00403,7.26,69806.8,11702.9,12219.5,0.0688,Benzoic Acid,LC-MS/MS
SMP-00403,9.01,33568.9,6880.4,7106.1,0.0339,Phenacetin,LC-MS/MS
SMP-00403,10.42,13431.5,3421.0,3470.2,0.0146,Salicylic Acid,LC-MS/MS
SMP-00403,12.12,58870.0,10427.8,10616.8,0.0586,Chlorpheniramine,LC-MS/MS
SMP-00404,1.28,12613.5,3252.1,3332.5,0.013,Uracil,LC-MS/MS
SMP-00404,2.83,40507.7,8221.3,8162.0,0.0389,Acetaminophen,LC-MS/MS
SMP-00404,4.1,89154.5,14477.2,15166.9,0.0868,Caffeine,LC-MS/MS
SMP-00404,5.64,22584.0,5129.4,5148.2,0.0225,Aspirin,LC-MS/MS
SMP-00404,7.22,77972.2,13110.0,13472.4,0.0779,Benzoic Acid,LC-MS/MS
SMP-00404,8.88,31573.5,6424.1,6583.5,0.0317,Phenacetin,LC-MS/MS
SMP-00404,10.42,13642.3,3382.5,3366.8,0.0131,Salicylic Acid,LC-MS/MS
SMP-00404,12.13,50763.9,9148.5,9509.4,0.0517,Chlorpheniramine,LC-MS/MS
SMP-00405,1.23,13096.7,3282.5,3348.7,0.0132,Uracil,LC-MS/MS
SMP-00405,2.77,43641.7,9045.9,9417.3,0.0449,Acetaminophen,LC-MS/MS
SMP-00405,4.18,77120.5,12145.3,12541.6,0.0796,Caffeine,LC-MS/MS
SMP-00405,5.61,26015.1,5799.6,6130.8,0.0259,Aspirin,LC-MS/MS
SMP-00405,7.16,58398.7,9505.5,9691.0,0.0592,Benzoic Acid,LC-MS/MS
SMP-00405,8.94,29102.7,5686.5,5739.5,0.029,Phenacetin,LC-MS/MS
SMP-00405,10.45,17549.7,4311.3,4551.4,0.0173,Salicylic Acid,LC-MS/MS
SMP-00405,12.13,54687.1,10338.5,10808.4,0.0527,Chlorpheniramine,LC-MS/MS
SMP-00406,1.23,11573.6,3014.3,3232.9,0.0123,Uracil,LC-MS/MS
SMP-00406,2.79,40150.4,7479.9,7656.6,0.0408,Acetaminophen,LC-MS/MS
SMP-00406,4.19,91634.3,15361.5,15594.4,0.0903,Caffeine,LC-MS/MS
SMP-00406,5.63,24023.8,4968.0,5078.1,0.0241,Aspirin,LC-MS/MS
SMP-00406,7.17,71801.8,11980.3,12440.2,0.0703,Benzoic Acid,LC-MS/MS
SMP-00406,8.95,32645.1,7015.6,7270.7,0.0331,Phenacetin,LC-MS/MS
SMP-00406,10.4,15541.5,3873.4,3957.8,0.0152,Salicylic Acid,LC-MS/MS
SMP-00406,12.09,53824.4,9938.0,9990.8,0.0528,Chlorpheniramine,LC-MS/MS
SMP-00407,1.29,12039.5,3075.1,3169.9,0.0125,Uracil,LC-MS/MS
SMP-00407,2.86,47594.8,9107.5,9355.0,0.0474,Acetaminophen,LC-MS/MS
SMP-00407,4.11,83098.4,13356.0,14257.1,0.0858,Caffeine,LC-MS/MS
SMP-00407,5.61,22101.3,5031.3,5284.4,0.0222,Aspirin,LC-MS/MS
SMP-00407,7.21,72271.3,11359.7,11618.9,0.072,Benzoic Acid,LC-MS/MS
SMP-00407,8.91,26117.6,5465.7,5730.6,0.0274,Phenacetin,LC-MS/MS
SMP-00407,10.4,19102.4,4640.9,4795.1,0.0199,Salicylic Acid,LC-MS/MS
SMP-00407,12.03,57648.9,10121.9,10588.0,0.0574,Chlorpheniramine,LC-MS/MS
SMP-00408,1.22,10768.8,2763.4,2812.6,0.0105,Uracil,LC-MS/MS
SMP-00408,2.79,49677.2,9962.2,10184.1,0.0494,Acetaminophen,LC-MS/MS
SMP-00408,4.12,92302.3,15021.2,15559.8,0.0938,Caffeine,LC-MS/MS
SMP-00408,5.6,24932.7,5323.9,5696.4,0.0252,Aspirin,LC-MS/MS
SMP-00408,7.2,58781.0,9686.7,9726.1,0.0596,Benzoic Acid,LC-MS/MS
SMP-00408,8.94,30673.7,6229.7,6248.5,0.0319,Phenacetin,LC-MS/MS
SMP-00408,10.39,17924.9,4196.9,4294.3,0.018,Salicylic Acid,LC-MS/MS
SMP-00408,12.12,58233.0,10812.8,11056.3,0.0576,Chlorpheniramine,LC-MS/MS
SMP-00409,1.25,12796.5,3482.8,3726.2,0.0129,Uracil,LC-MS/MS
SMP-00409,2.79,37531.9,7630.2,7947.6,0.0364,Acetaminophen,LC-MS/MS
SMP-00409,4.14,90599.9,15081.9,15281.1,0.0908,Caffeine,LC-MS/MS
SMP-00409,5.63,71532.8,16618.4,17345.8,0.0681,Aspirin,LC-MS/MS
SMP-00409,7.21,69491.8,11067.7,11351.6,0.0694,Benzoic Acid,LC-MS/MS
SMP-00409,8.91,37156.5,7670.9,8066.8,0.0375,Phenacetin,LC-MS/MS
SMP-00409,10.37,13340.1,3277.4,3396.7,0.0129,Salicylic Acid,LC-MS/MS
SMP-00409,12.12,53935.2,9867.4,9875.7,0.0553,Chlorpheniramine,LC-MS/MS
SMP-00410,1.27,13166.5,3473.0,3554.6,0.0129,Uracil,LC-MS/MS
SMP-00410,2.82,48636.5,9820.0,10108.8,0.0472,Acetaminophen,LC-MS/MS
SMP-00410,4.13,97464.8,15871.1,15889.7,0.0966,Caffeine,LC-MS/MS
SMP-00410,5.61,23018.2,5292.8,5490.3,0.0233,Aspirin,LC-MS/MS
SMP-00410,7.24,65223.6,10442.9,10744.6,0.0654,Benzoic Acid,LC-MS/MS
SMP-00410,8.92,34371.2,6817.2,7008.6,0.0333,Phenacetin,LC-MS/MS
SMP-00410,10.37,17508.3,4125.0,4263.7,0.0177,Salicylic Acid,LC-MS/MS
SMP-00410,12.08,48653.7,8728.4,9220.1,0.0471,Chlorpheniramine,LC-MS/MS
SMP-00411,1.28,70155.3,15524.3,17207.5,0.07,Uracil,LC-MS/MS
SMP-00411,2.82,47252.1,9024.7,9155.4,0.0468,Acetaminophen,LC-MS/MS
SMP-00411,4.13,73229.0,12605.7,13153.0,0.0757,Caffeine,LC-MS/MS
SMP-00411,5.53,21806.9,4838.3,4934.6,0.0212,Aspirin,LC-MS/MS
SMP-00411,7.13,72246.6,12457.4,13134.8,0.0714,Benzoic Acid,LC-MS/MS
SMP-00411,8.98,30219.7,6100.0,6332.6,0.0304,Phenacetin,LC-MS/MS
SMP-00411,10.38,15905.5,3996.6,3965.4,0.0157,Salicylic Acid,LC-MS/MS
SMP-00411,12.07,49540.7,9120.4,9444.6,0.0506,Chlorpheniramine,LC-MS/MS
SMP-00412,1.25,13050.4,3299.7,3463.2,0.0128,Uracil,LC-MS/MS
SMP-00412,2.77,46809.5,9206.1,9600.1,0.0461,Acetaminophen,LC-MS/MS
SMP-00412,4.15,91863.2,15099.4,15811.9,0.0928,Caffeine,LC-MS/MS
SMP-00412,5.62,23423.0,5475.4,5733.0,0.024,Aspirin,LC-MS/MS
SMP-00412,7.18,77251.7,12552.2,13132.4,0.0758,Benzoic Acid,LC-MS/MS
SMP-00412,8.95,35026.0,7508.9,7548.0,0.0345,Phenacetin,LC-MS/MS
SMP-00412,10.42,18261.7,4656.8,4708.3,0.0182,Salicylic Acid,LC-MS/MS
SMP-00412,12.08,52389.1,9674.3,10064.3,0.0512,Chlorpheniramine,LC-MS/MS
SMP-00413,1.22,11544.0,2961.2,3073.0,0.0116,Uracil,LC-MS/MS
SMP-00413,2.81,50485.2,9487.4,9898.4,0.0502,Acetaminophen,LC-MS/MS
SMP-00413,4.13,73175.8,11825.3,12402.1,0.0752,Caffeine,LC-MS/MS
SMP-00413,5.58,22337.8,4677.0,4818.2,0.0224,Aspirin,LC-MS/MS
SMP-00413,7.2,73647.4,12671.6,13279.6,0.0744,Benzoic Acid,LC-MS/MS
SMP-00413,8.9,26231.9,4965.8,5133.3,0.026,Phenacetin,LC-MS/MS
SMP-00413,10.43,16062.5,3749.6,3901.9,0.0154,Salicylic Acid,LC-MS/MS
SMP-00413,12.12,58093.2,10742.4,11162.3,0.0561,Chlorpheniramine,LC-MS/MS
SMP-00414,1.25,10291.9,2662.6,2711.3,0.0106,Uracil,LC-MS/MS
SMP-00414,2.83,57307.4,11108.8,11436.5,0.0583,Acetaminophen,LC-MS/MS
SMP-00414,4.21,77293.3,12325.9,12801.2,0.0759,Caffeine,LC-MS/MS
SMP-00414,5.63,23584.8,5321.4,5485.3,0.0239,Aspirin,LC-MS/MS
SMP-00414,7.23,71298.2,11530.9,11390.8,0.0702,Benzoic Acid,LC-MS/MS
SMP-00414,8.9,24679.9,5006.7,5011.3,0.0243,Phenacetin,LC-MS/MS
SMP-00414,10.39,14315.7,3512.8,3583.0,0.0139,Salicylic Acid,LC-MS/MS
SMP-00414,12.12,58434.2,10474.6,11014.9,0.0591,Chlorpheniramine,LC-MS/MS
SMP-00415,1.27,12941.0,3378.4,3443.9,0.0134,Uracil,LC-MS/MS
SMP-00415,2.8,263736.2,55671.3,53103.9,0.2669,Acetaminophen,LC-MS/MS
SMP-00415,4.16,93554.0,15259.4,15740.2,0.0924,Caffeine,LC-MS/MS
SMP-00415,5.63,27196.8,5937.2,6129.6,0.0271,Aspirin,LC-MS/MS
SMP-00415,7.23,49885.5,8162.8,8448.6,0.0504,Benzoic Acid,LC-MS/MS
SMP-00415,8.93,31140.8,6432.8,6685.5,0.0309,Phenacetin,LC-MS/MS
SMP-00415,10.45,16925.8,3929.8,4065.9,0.017,Salicylic Acid,LC-MS/MS
SMP-00415,12.06,62352.6,11227.7,11527.8,0.0634,Chlorpheniramine,LC-MS/MS
SMP-00416,1.27,12794.5,3294.7,3392.5,0.0128,Uracil,LC-MS/MS
SMP-00416,2.77,49075.7,9279.7,9560.8,0.05,Acetaminophen,LC-MS/MS
SMP-00416,4.11,86014.2,14080.4,14496.9,0.085,Caffeine,LC-MS/MS
SMP-00416,5.62,23637.9,5133.1,5211.9,0.0248,Aspirin,LC-MS/MS
SMP-00416,7.2,63629.6,11445.1,11860.2,0.0622,Benzoic Acid,LC-MS/MS
SMP-00416,8.92,30410.4,6485.3,6766.7,0.0302,Phenacetin,LC-MS/MS
SMP-00416,10.42,14224.1,3320.9,3474.7,0.0146,Salicylic Acid,LC-MS/MS
SMP-00416,12.08,49070.4,8467.6,8764.8,0.0492,Chlorpheniramine,LC-MS/MS
SMP-00417,1.24,13140.4,3362.9,3444.8,0.0133,Uracil,LC-MS/MS
SMP-00417,2.81,45346.5,9025.8,9181.1,0.0448,Acetaminophen,LC-MS/MS
SMP-00417,4.15,83724.5,13495.4,14562.8,0.0848,Caffeine,LC-MS/MS
SMP-00417,5.58,24347.5,5608.0,5944.5,0.0236,Aspirin,LC-MS/MS
SMP-00417,7.17,62129.7,10191.3,10789.8,0.0632,Benzoic Acid,LC-MS/MS
SMP-00417,8.93,34424.3,6932.0,7150.0,0.0337,Phenacetin,LC-MS/MS
SMP-00417,10.39,14211.8,3553.5,3576.3,0.0144,Salicylic Acid,LC-MS/MS
SMP-00417,12.14,48564.7,8168.2,8472.4,0.046,Chlorpheniramine,LC-MS/MS
SMP-00418,1.3,12050.4,3227.8,3413.3,0.012,Uracil,LC-MS/MS
SMP-00418,2.79,52876.7,10093.5,10407.3,0.0531,Acetaminophen,LC-MS/MS
SMP-00418,4.15,84789.1,13636.9,14006.0,0.0857,Caffeine,LC-MS/MS
SMP-00418,5.54,22826.0,4930.4,5080.0,0.0227,Aspirin,LC-MS/MS
SMP-00418,7.2,58511.1,9740.3,10055.9,0.0581,Benzoic Acid,LC-MS/MS
SMP-00418,8.92,29628.7,6433.4,6488.2,0.0296,Phenacetin,LC-MS/MS
SMP-00418,10.38,14320.6,3329.9,3525.0,0.0148,Salicylic Acid,LC-MS/MS
SMP-00418,12.09,60394.4,10924.7,11278.3,0.0597,Chlorpheniramine,LC-MS/MS
SMP-00419,1.27,11633.7,3100.2,3134.9,0.0117,Uracil,LC-MS/MS
SMP-00419,2.86,40431.2,7767.8,7920.7,0.0405,Acetaminophen,LC-MS/MS
SMP-00419,4.15,75613.0,12426.7,12668.8,0.0706,Caffeine,LC-MS/MS
SMP-00419,5.63,25264.7,5986.5,6064.9,0.0246,Aspirin,LC-MS/MS
SMP-00419,7.18,72144.2,12340.3,12289.2,0.0745,Benzoic Acid,LC-MS/MS
SMP-00419,8.98,38726.7,8382.2,8494.9,0.0392,Phenacetin,LC-MS/MS
SMP-00419,10.38,16234.8,4005.2,4199.0,0.017,Salicylic Acid,LC-MS/MS
SMP-00419,12.11,51012.3,8949.1,9467.8,0.051,Chlorpheniramine,LC-MS/MS
SMP-00420,1.28,13699.7,3493.3,3570.3,0.0138,Uracil,LC-MS/MS
SMP-00420,2.82,38717.3,7264.1,7448.1,0.0377,Acetaminophen,LC-MS/MS
SMP-00420,4.19,83340.9,13553.5,13822.4,0.0817,Caffeine,LC-MS/MS
SMP-00420,5.58,23600.4,5357.0,5551.3,0.023,Aspirin,LC-MS/MS
SMP-00420,7.21,70703.6,11905.0,12329.8,0.0681,Benzoic Acid,LC-MS/MS
SMP-00420,8.92,29272.5,6050.0,6431.6,0.0304,Phenacetin,LC-MS/MS
SMP-00420,10.38,16352.6,4081.8,4274.5,0.0165,Salicylic Acid,LC-MS/MS
SMP-00420,12.12,59043.2,10453.7,10561.3,0.0594,Chlorpheniramine,LC-MS/MS
SMP-00421,1.24,11818.0,3127.6,3290.5,0.0119,Uracil,LC-MS/MS
SMP-00421,2.77,40317.5,7882.4,8202.8,0.0411,Acetaminophen,LC-MS/MS
SMP-00421,4.17,80807.8,13406.4,13895.9,0.0796,Caffeine,LC-MS/MS
SMP-00421,5.57,27792.3,6265.6,6494.4,0.0276,Aspirin,LC-MS/MS
SMP-00421,7.21,74565.6,12309.9,12958.7,0.0736,Benzoic Acid,LC-MS/MS
SMP-00421,8.97,30332.7,6297.9,6574.6,0.0298,Phenacetin,LC-MS/MS
SMP-00421,10.4,15593.3,3669.7,3730.4,0.0152,Salicylic Acid,LC-MS/MS
SMP-00421,12.1,54436.2,9743.8,9934.2,0.0521,Chlorpheniramine,LC-MS/MS
SMP-00422,1.22,11302.4,2801.4,2864.6,0.0112,Uracil,LC-MS/MS
SMP-00422,2.83,44965.5,8765.1,9013.0,0.045,Acetaminophen,LC-MS/MS
SMP-00422,4.16,89699.8,14635.3,15318.8,0.0912,Caffeine,LC-MS/MS
SMP-00422,5.59,21312.9,4862.5,4927.4,0.0215,Aspirin,LC-MS/MS
SMP-00422,7.21,73394.2,12208.2,12356.1,0.0727,Benzoic Acid,LC-MS/MS
SMP-00422,8.95,30574.4,6246.8,6347.6,0.0298,Phenacetin,LC-MS/MS
SMP-00422,10.43,16026.5,3916.1,4058.8,0.0166,Salicylic Acid,LC-MS/MS
SMP-00422,12.14,59152.2,10806.0,10959.5,0.0592,Chlorpheniramine,LC-MS/MS
SMP-00423,1.26,12797.6,3239.2,3338.9,0.0129,Uracil,LC-MS/MS
SMP-00423,2.84,42680.9,8176.8,8230.5,0.043,Acetaminophen,LC-MS/MS
SMP-00423,4.13,104997.2,17751.4,18295.3,0.1034,Caffeine,LC-MS/MS
SMP-00423,5.59,22677.3,4673.6,4792.0,0.0228,Aspirin,LC-MS/MS
SMP-00423,7.16,64203.4,10819.5,10946.4,0.064,Benzoic Acid,LC-MS/MS
SMP-00423,8.91,33791.5,6544.0,6808.2,0.0326,Phenacetin,LC-MS/MS
SMP-00423,10.42,15147.2,3667.1,3738.9,0.0147,Salicylic Acid,LC-MS/MS
SMP-00423,12.09,61194.0,11222.0,11559.6,0.0613,Chlorpheniramine,LC-MS/MS
SMP-00424,1.29,12212.2,3226.4,3333.5,0.0119,Uracil,LC-MS/MS
SMP-00424,2.78,49301.3,9078.9,9093.9,0.0496,Acetaminophen,LC-MS/MS
SMP-00424,4.12,95860.3,14769.9,15338.1,0.0962,Caffeine,LC-MS/MS
SMP-00424,5.59,22765.5,5090.4,5199.6,0.0228,Aspirin,LC-MS/MS
SMP-00424,7.21,61468.0,10554.7,11148.6,0.0618,Benzoic Acid,LC-MS/MS
SMP-00424,8.97,35362.8,7171.7,7421.4,0.035,Phenacetin,LC-MS/MS
SMP-00424,10.43,17294.2,4388.0,4454.6,0.0169,Salicylic Acid,LC-MS/MS
SMP-00424,12.13,61421.0,10974.1,11267.6,0.0615,Chlorpheniramine,LC-MS/MS
SMP-00425,1.19,12819.9,3279.7,3382.0,0.0132,Uracil,LC-MS/MS
SMP-00425,2.8,38943.4,7590.2,7636.7,0.0401,Acetaminophen,LC-MS/MS
SMP-00425,4.17,96095.0,15389.6,15738.3,0.0967,Caffeine,LC-MS/MS
SMP-00425,5.62,22271.6,4877.2,5267.8,0.0224,Aspirin,LC-MS/MS
SMP-00425,7.16,66505.5,11322.0,11697.5,0.0673,Benzoic Acid,LC-MS/MS
SMP-00425,8.99,28120.0,5823.5,6049.4,0.0284,Phenacetin,LC-MS/MS
SMP-00425,10.42,16083.9,3806.2,3946.0,0.0156,Salicylic Acid,LC-MS/MS
SMP-00425,12.1,41856.9,7971.3,8005.2,0.041,Chlorpheniramine,LC-MS/MS
SMP-00426,1.26,13157.6,3359.9,3382.2,0.0133,Uracil,LC-MS/MS
SMP-00426,2.78,46721.5,9192.6,9639.7,0.0455,Acetaminophen,LC-MS/MS
SMP-00426,4.15,94081.9,15183.3,14935.9,0.0921,Caffeine,LC-MS/MS
SMP-00426,5.58,21684.6,4796.2,4955.7,0.0216,Aspirin,LC-MS/MS
SMP-00426,7.2,66337.3,10537.1,10970.5,0.0666,Benzoic Acid,LC-MS/MS
SMP-00426,8.94,30019.0,6064.2,6255.3,0.0306,Phenacetin,LC-MS/MS
SMP-00426,10.34,14617.7,3585.0,3698.2,0.0144,Salicylic Acid,LC-MS/MS
SMP-00426,12.09,46986.5,8213.5,8293.2,0.0472,Chlorpheniramine,LC-MS/MS
SMP-00427,1.27,12595.3,3441.9,3530.2,0.0123,Uracil,LC-MS/MS
SMP-00427,2.85,45424.4,8781.2,9008.8,0.0461,Acetaminophen,LC-MS/MS
SMP-00427,4.15,81239.2,13517.4,13442.9,0.0804,Caffeine,LC-MS/MS
SMP-00427,5.65,26142.0,5918.2,6226.4,0.0256,Aspirin,LC-MS/MS
SMP-00427,7.15,62923.0,10079.8,10367.2,0.0656,Benzoic Acid,LC-MS/MS
SMP-00427,8.99,28579.7,5893.9,6038.8,0.0279,Phenacetin,LC-MS/MS
SMP-00427,10.39,15001.6,3652.8,3774.9,0.0149,Salicylic Acid,LC-MS/MS
SMP-00427,12.04,52930.7,9458.4,9725.1,0.0543,Chlorpheniramine,LC-MS/MS
SMP-00428,1.27,11629.9,2981.2,3036.6,0.0112,Uracil,LC-MS/MS
SMP-00428,2.78,161273.6,34410.5,35632.5,0.1621,Acetaminophen,LC-MS/MS
SMP-00428,4.2,85655.1,14339.0,14339.7,0.0866,Caffeine,LC-MS/MS
SMP-00428,5.62,26704.1,5718.3,5751.9,0.0275,Aspirin,LC-MS/MS
SMP-00428,7.26,69919.7,12063.5,12249.4,0.0711,Benzoic Acid,LC-MS/MS
SMP-00428,8.99,31097.5,6439.7,6785.0,0.0319,Phenacetin,LC-MS/MS
SMP-00428,10.39,58666.0,14822.2,15564.8,0.0574,Salicylic Acid,LC-MS/MS
SMP-00428,12.09,54240.4,10185.2,10282.4,0.053,Chlorpheniramine,LC-MS/MS
SMP-00429,1.26,10968.4,2880.7,2902.1,0.0108,Uracil,LC-MS/MS
SMP-00429,2.82,48284.3,9203.9,10027.3,0.049,Acetaminophen,LC-MS/MS
SMP-00429,4.18,81512.3,13140.7,13670.2,0.0807,Caffeine,LC-MS/MS
SMP-00429,5.61,23929.1,5120.8,5173.6,0.0233,Aspirin,LC-MS/MS
SMP-00429,7.21,74653.9,12305.1,12725.8,0.075,Benzoic Acid,LC-MS/MS
SMP-00429,8.96,31984.2,6450.2,6594.8,0.0322,Phenacetin,LC-MS/MS
SMP-00429,10.39,17088.5,4076.6,4269.8,0.0174,Salicylic Acid,LC-MS/MS
SMP-00429,12.07,60485.7,10903.5,11337.5,0.0611,Chlorpheniramine,LC-MS/MS
SMP-00430,1.26,12283.9,3069.5,3186.0,0.0126,Uracil,LC-MS/MS
SMP-00430,2.8,52686.0,10050.8,10310.9,0.0505,Acetaminophen,LC-MS/MS
SMP-00430,4.15,81923.9,12796.9,13342.4,0.0833,Caffeine,LC-MS/MS
SMP-00430,5.58,20341.5,4568.1,4692.0,0.021,Aspirin,LC-MS/MS
SMP-00430,7.19,76112.3,12951.3,13227.4,0.079,Benzoic Acid,LC-MS/MS
SMP-00430,9.02,31254.9,6442.6,6470.4,0.0309,Phenacetin,LC-MS/MS
SMP-00430,10.41,15706.0,3862.6,4003.7,0.0156,Salicylic Acid,LC-MS/MS
SMP-00430,12.06,46196.6,8568.1,8964.6,0.0458,Chlorpheniramine,LC-MS/MS
SMP-00431,1.22,12314.2,3170.5,3174.3,0.0119,Uracil,LC-MS/MS
SMP-00431,2.78,51678.6,10088.7,10300.2,0.0512,Acetaminophen,LC-MS/MS
SMP-00431,4.17,96185.3,15367.8,15582.6,0.0968,Caffeine,LC-MS/MS
SMP-00431,5.53,23960.1,5086.9,5323.0,0.0245,Aspirin,LC-MS/MS
SMP-00431,7.19,54882.0,8629.9,8656.1,0.0575,Benzoic Acid,LC-MS/MS
SMP-00431,8.98,29676.7,6058.9,6198.5,0.0286,Phenacetin,LC-MS/MS
SMP-00431,10.37,14393.7,3590.3,3756.3,0.0147,Salicylic Acid,LC-MS/MS
SMP-00431,12.07,58289.2,10338.4,10326.6,0.0572,Chlorpheniramine,LC-MS/MS
SMP-00432,1.22,14080.1,3646.7,3758.9,0.0136,Uracil,LC-MS/MS
SMP-00432,2.86,53793.0,10159.8,10796.0,0.0526,Acetaminophen,LC-MS/MS
SMP-00432,4.19,99530.3,16638.4,17130.9,0.102,Caffeine,LC-MS/MS
SMP-00432,5.57,21982.1,4490.0,4504.0,0.0219,Aspirin,LC-MS/MS
SMP-00432,7.22,87751.7,14565.5,15516.5,0.0848,Benzoic Acid,LC-MS/MS
SMP-00432,8.91,33675.6,6940.8,7334.7,0.0335,Phenacetin,LC-MS/MS
SMP-00432,10.36,16895.9,4261.1,4493.9,0.0169,Salicylic Acid,LC-MS/MS
SMP-00432,12.05,60661.7,11218.7,11289.5,0.0612,Chlorpheniramine,LC-MS/MS
SMP-00433,1.24,12275.6,3177.1,3264.7,0.0126,Uracil,LC-MS/MS
SMP-00433,2.84,42562.5,7923.0,8396.2,0.0428,Acetaminophen,LC-MS/MS
SMP-00433,4.18,102318.1,17036.9,17217.9,0.1024,Caffeine,LC-MS/MS
SMP-00433,5.6,24136.9,5226.3,5334.6,0.0242,Aspirin,LC-MS/MS
SMP-00433,7.19,65890.3,10742.2,10659.1,0.0663,Benzoic Acid,LC-MS/MS
SMP-00433,8.99,28021.0,5591.6,5864.7,0.0277,Phenacetin,LC-MS/MS
SMP-00433,10.4,13251.6,3072.3,3159.1,0.0132,Salicylic Acid,LC-MS/MS
SMP-00433,12.07,56743.1,9463.7,9372.8,0.0579,Chlorpheniramine,LC-MS/MS
SMP-00434,1.26,10829.2,2669.7,2732.7,0.011,Uracil,LC-MS/MS
SMP-00434,2.83,46142.8,9201.8,9733.3,0.0458,Acetaminophen,LC-MS/MS
SMP-00434,4.11,92633.1,14555.2,15031.2,0.0904,Caffeine,LC-MS/MS
SMP-00434,5.61,21930.3,5037.2,5292.6,0.022,Aspirin,LC-MS/MS
SMP-00434,7.21,66683.8,10928.0,11141.3,0.0648,Benzoic Acid,LC-MS/MS
SMP-00434,8.98,34582.9,7120.2,7390.4,0.034,Phenacetin,LC-MS/MS
SMP-00434,10.38,11445.3,2669.3,2793.9,0.0121,Salicylic Acid,LC-MS/MS
SMP-00434,12.15,54656.3,9919.3,9978.5,0.0538,Chlorpheniramine,LC-MS/MS
SMP-00435,1.26,14406.6,3637.4,3748.5,0.0147,Uracil,LC-MS/MS
SMP-00435,2.83,41106.2,7710.0,7841.9,0.0408,Acetaminophen,LC-MS/MS
SMP-00435,4.18,112985.8,18710.9,18908.0,0.1118,Caffeine,LC-MS/MS
SMP-00435,5.56,24176.3,5434.3,5577.7,0.0248,Aspirin,LC-MS/MS
SMP-00435,7.18,71252.2,11968.0,12679.1,0.0735,Benzoic Acid,LC-MS/MS
SMP-00435,8.95,29320.6,5831.3,5971.8,0.0291,Phenacetin,LC-MS/MS
SMP-00435,10.44,14401.5,3590.7,3687.3,0.0146,Salicylic Acid,LC-MS/MS
SMP-00435,12.1,64903.8,11528.4,11655.2,0.0651,Chlorpheniramine,LC-MS/MS
SMP-00436,1.27,12985.4,3364.3,3341.1,0.013,Uracil,LC-MS/MS
SMP-00436,2.83,45546.8,9466.6,9639.4,0.0447,Acetaminophen,LC-MS/MS
SMP-00436,4.13,97181.3,16377.1,16571.3,0.0978,Caffeine,LC-MS/MS
SMP-00436,5.57,20129.9,4414.8,4531.3,0.0205,Aspirin,LC-MS/MS
SMP-00436,7.22,58354.3,9612.4,9986.3,0.0567,Benzoic Acid,LC-MS/MS
SMP-00436,8.92,31648.5,6549.7,6730.8,0.0326,Phenacetin,LC-MS/MS
SMP-00436,10.4,15564.6,3556.1,3651.4,0.0157,Salicylic Acid,LC-MS/MS
SMP-00436,12.06,63779.2,11978.4,12427.6,0.0638,Chlorpheniramine,LC-MS/MS
SMP-00437,1.28,13430.5,3448.2,3515.1,0.0134,Uracil,LC-MS/MS
SMP-00437,2.83,48806.8,9366.0,9586.1,0.0492,Acetaminophen,LC-MS/MS
SMP-00437,4.14,76725.9,11812.7,12368.5,0.0773,Caffeine,LC-MS/MS
SMP-00437,5.58,20707.1,4492.6,4610.1,0.0209,Aspirin,LC-MS/MS
SMP-00437,7.15,68821.9,11704.6,12075.8,0.0694,Benzoic Acid,LC-MS/MS
SMP-00437,8.94,32731.6,6713.3,6916.7,0.0338,Phenacetin,LC-MS/MS
SMP-00437,10.37,14260.1,3419.3,3533.1,0.0142,Salicylic Acid,LC-MS/MS
SMP-00437,12.15,63465.0,11242.2,11626.7,0.0648,Chlorpheniramine,LC-MS/MS
SMP-00438,1.26,9667.5,2481.9,2662.8,0.0099,Uracil,LC-MS/MS
SMP-00438,2.78,45556.7,8715.1,9308.5,0.0452,Acetaminophen,LC-MS/MS
SMP-00438,4.11,70731.2,10523.1,10668.9,0.0697,Caffeine,LC-MS/MS
SMP-00438,5.59,23134.1,5274.0,5558.7,0.0233,Aspirin,LC-MS/MS
SMP-00438,7.24,64990.2,11423.7,12005.1,0.0658,Benzoic Acid,LC-MS/MS
SMP-00438,8.93,28339.5,5543.1,5646.8,0.0283,Phenacetin,LC-MS/MS
SMP-00438,10.42,15374.6,3654.9,3791.6,0.0152,Salicylic Acid,LC-MS/MS
SMP-00438,12.06,60729.2,11255.1,11444.8,0.0602,Chlorpheniramine,LC-MS/MS
SMP-00439,1.27,11335.3,2909.1,3093.5,0.0113,Uracil,LC-MS/MS
SMP-00439,2.78,48711.1,9460.3,9522.1,0.0498,Acetaminophen,LC-MS/MS
SMP-00439,4.12,79068.1,12317.8,13036.7,0.0775,Caffeine,LC-MS/MS
SMP-00439,5.62,22776.9,4977.3,5161.9,0.0228,Aspirin,LC-MS/MS
SMP-00439,7.17,72230.4,11641.0,12232.8,0.0714,Benzoic Acid,LC-MS/MS
SMP-00439,8.97,35183.0,7385.9,7504.7,0.0357,Phenacetin,LC-MS/MS
SMP-00439,10.38,18100.0,4462.8,4703.8,0.0181,Salicylic Acid,LC-MS/MS
SMP-00439,12.07,55144.8,9502.5,9820.1,0.0541,Chlorpheniramine,LC-MS/MS
SMP-00440,1.25,10514.2,2635.0,2728.4,0.0106,Uracil,LC-MS/MS
SMP-00440,2.8,43852.2,8732.3,9106.8,0.0451,Acetaminophen,LC-MS/MS
SMP-00440,4.14,87163.6,13631.1,14377.1,0.0859,Caffeine,LC-MS/MS
SMP-00440,5.59,23000.4,5266.0,5636.7,0.0232,Aspirin,LC-MS/MS
SMP-00440,7.21,71889.2,11725.3,11795.0,0.0713,Benzoic Acid,LC-MS/MS
SMP-00440,8.92,30399.0,6446.7,6596.9,0.0302,Phenacetin,LC-MS/MS
SMP-00440,10.4,13456.3,3257.4,3300.7,0.0132,Salicylic Acid,LC-MS/MS
SMP-00440,12.11,48380.3,8663.9,9181.5,0.0484,Chlorpheniramine,LC-MS/MS
SMP-00441,1.23,12475.2,3230.0,3349.4,0.0126,Uracil,LC-MS/MS
SMP-00441,2.79,40232.0,7806.2,8171.9,0.0389,Acetaminophen,LC-MS/MS
SMP-00441,4.13,81479.5,13220.3,13863.7,0.0802,Caffeine,LC-MS/MS
SMP-00441,5.59,21323.3,4745.3,4886.6,0.0213,Aspirin,LC-MS/MS
SMP-00441,7.24,70882.1,12227.4,12461.5,0.0731,Benzoic Acid,LC-MS/MS
SMP-00441,8.96,26215.6,5601.8,5733.2,0.0267,Phenacetin,LC-MS/MS
SMP-00441,10.39,15152.4,3781.1,3981.9,0.0151,Salicylic Acid,LC-MS/MS
SMP-00441,12.13,59217.7,11259.1,11935.8,0.0589,Chlorpheniramine,LC-MS/MS
SMP-00442,1.22,10752.5,2809.2,2969.7,0.0109,Uracil,LC-MS/MS
SMP-00442,2.81,149963.1,29331.0,29135.9,0.1526,Acetaminophen,LC-MS/MS
SMP-00442,4.13,96171.2,15992.5,16242.7,0.0936,Caffeine,LC-MS/MS
SMP-00442,5.61,21776.6,4878.0,5067.9,0.0227,Aspirin,LC-MS/MS
SMP-00442,7.19,69717.2,11505.9,11636.5,0.0699,Benzoic Acid,LC-MS/MS
SMP-00442,8.95,32031.3,6545.7,6738.2,0.0317,Phenacetin,LC-MS/MS
SMP-00442,10.4,17072.6,4191.5,4316.0,0.0168,Salicylic Acid,LC-MS/MS
SMP-00442,12.08,49322.5,8693.4,8821.9,0.0484,Chlorpheniramine,LC-MS/MS
SMP-00443,1.24,13171.4,3460.6,3519.4,0.0135,Uracil,LC-MS/MS
SMP-00443,2.83,48057.9,9361.1,9654.1,0.049,Acetaminophen,LC-MS/MS
SMP-00443,4.14,83853.5,13587.6,13573.3,0.0834,Caffeine,LC-MS/MS
SMP-00443,5.61,22458.5,4932.9,5054.6,0.0225,Aspirin,LC-MS/MS
SMP-00443,7.21,70509.6,11328.0,11390.2,0.0699,Benzoic Acid,LC-MS/MS
SMP-00443,8.95,32815.4,6681.2,6987.7,0.033,Phenacetin,LC-MS/MS
SMP-00443,10.43,15278.3,3738.2,3911.9,0.0155,Salicylic Acid,LC-MS/MS
SMP-00443,12.12,59705.9,10997.4,11162.4,0.0588,Chlorpheniramine,LC-MS/MS
SMP-00444,1.22,13510.3,3525.7,3767.2,0.0134,Uracil,LC-MS/MS
SMP-00444,2.81,33711.6,6402.7,6497.6,0.0351,Acetaminophen,LC-MS/MS
SMP-00444,4.14,77964.8,13366.1,13423.1,0.0766,Caffeine,LC-MS/MS
SMP-00444,5.59,23724.3,5250.3,5446.7,0.0241,Aspirin,LC-MS/MS
SMP-00444,7.19,52773.0,8597.6,9031.4,0.0524,Benzoic Acid,LC-MS/MS
SMP-00444,8.96,35209.1,7192.0,7414.0,0.0352,Phenacetin,LC-MS/MS
SMP-00444,10.44,18734.9,4603.3,4673.5,0.0189,Salicylic Acid,LC-MS/MS
SMP-00444,12.03,49073.9,8884.3,9013.3,0.0504,Chlorpheniramine,LC-MS/MS
SMP-00445,1.27,12191.2,3088.9,3192.7,0.0127,Uracil,LC-MS/MS
SMP-00445,2.79,47343.2,9299.7,9437.4,0.0473,Acetaminophen,LC-MS/MS
SMP-00445,4.13,96816.8,15723.8,16616.2,0.097,Caffeine,LC-MS/MS
SMP-00445,5.59,24442.8,5079.4,5196.3,0.024,Aspirin,LC-MS/MS
SMP-00445,7.22,70138.5,11203.2,11625.7,0.0703,Benzoic Acid,LC-MS/MS
SMP-00445,8.96,34957.4,7129.8,7486.7,0.0352,Phenacetin,LC-MS/MS
SMP-00445,10.38,17106.6,4023.8,4210.7,0.017,Salicylic Acid,LC-MS/MS
SMP-00445,12.1,49932.5,9515.1,9680.7,0.0524,Chlorpheniramine,LC-MS/MS
SMP-00446,1.22,11640.5,2959.1,3018.3,0.0113,Uracil,LC-MS/MS
SMP-00446,2.86,38349.5,7422.7,7725.9,0.0384,Acetaminophen,LC-MS/MS
SMP-00446,4.13,92588.7,15141.7,15632.7,0.0897,Caffeine,LC-MS/MS
SMP-00446,5.66,23641.5,5033.5,5380.3,0.0237,Aspirin,LC-MS/MS
SMP-00446,7.2,50269.2,8417.8,8746.7,0.0528,Benzoic Acid,LC-MS/MS
SMP-00446,8.98,28763.7,5897.4,5992.4,0.0284,Phenacetin,LC-MS/MS
SMP-00446,10.43,15639.5,3667.9,3801.9,0.016,Salicylic Acid,LC-MS/MS
SMP-00446,12.1,56850.2,10404.6,10901.4,0.057,Chlorpheniramine,LC-MS/MS
SMP-00447,1.3,11785.1,3053.3,3144.1,0.0121,Uracil,LC-MS/MS
SMP-00447,2.79,41331.6,8072.3,8339.9,0.0416,Acetaminophen,LC-MS/MS
SMP-00447,4.14,101420.9,16259.1,16572.2,0.0989,Caffeine,LC-MS/MS
SMP-00447,5.56,22647.2,4898.0,4986.4,0.0233,Aspirin,LC-MS/MS
SMP-00447,7.22,62927.9,10380.0,10630.9,0.0604,Benzoic Acid,LC-MS/MS
SMP-00447,8.92,36764.3,7479.7,7888.2,0.0375,Phenacetin,LC-MS/MS
SMP-00447,10.39,14522.6,3571.4,3765.8,0.0145,Salicylic Acid,LC-MS/MS
SMP-00447,12.15,43865.9,8292.6,8816.3,0.0439,Chlorpheniramine,LC-MS/MS
SMP-00448,1.24,13866.6,3736.5,3921.3,0.014,Uracil,LC-MS/MS
SMP-00448,2.78,48691.8,9861.0,10030.3,0.0485,Acetaminophen,LC-MS/MS
SMP-00448,4.14,103222.1,17221.0,17272.5,0.104,Caffeine,LC-MS/MS
SMP-00448,5.64,25017.2,5342.8,5285.1,0.0255,Aspirin,LC-MS/MS
SMP-00448,7.22,62284.0,10383.1,10445.2,0.0608,Benzoic Acid,LC-MS/MS
SMP-00448,8.88,32210.9,6904.9,6882.3,0.0331,Phenacetin,LC-MS/MS
SMP-00448,10.35,18638.5,4442.1,4596.4,0.0186,Salicylic Acid,LC-MS/MS
SMP-00448,12.13,55519.8,10738.4,10867.9,0.0549,Chlorpheniramine,LC-MS/MS
SMP-00449,1.23,11064.6,2876.4,2953.9,0.0112,Uracil,LC-MS/MS
SMP-00449,2.76,45184.5,8445.5,8498.5,0.0444,Acetaminophen,LC-MS/MS
SMP-00449,4.15,85855.5,13788.2,14262.2,0.0863,Caffeine,LC-MS/MS
SMP-00449,5.58,18097.7,3710.2,3812.6,0.0176,Aspirin,LC-MS/MS
SMP-00449,7.24,67574.2,10774.5,10960.6,0.0668,Benzoic Acid,LC-MS/MS
SMP-00449,8.89,32109.9,6322.5,6492.5,0.032,Phenacetin,LC-MS/MS
SMP-00449,10.46,14248.4,3510.2,3613.0,0.0146,Salicylic Acid,LC-MS/MS
SMP-00449,12.05,58444.5,10319.0,10159.7,0.0558,Chlorpheniramine,LC-MS/MS
SMP-00450,1.21,13043.8,3441.3,3595.4,0.0137,Uracil,LC-MS/MS
SMP-00450,2.86,46891.7,8907.7,9072.3,0.0465,Acetaminophen,LC-MS/MS
SMP-00450,4.15,89342.9,13726.9,14015.2,0.0869,Caffeine,LC-MS/MS
SMP-00450,5.61,25901.8,5786.3,6114.9,0.0258,Aspirin,LC-MS/MS
SMP-00450,7.22,72201.5,11967.3,12804.5,0.0708,Benzoic Acid,LC-MS/MS
SMP-00450,8.93,27440.0,5634.7,5712.3,0.0285,Phenacetin,LC-MS/MS
SMP-00450,10.41,16586.3,4027.5,4277.2,0.0167,Salicylic Acid,LC-MS/MS
SMP-00450,12.12,49498.4,8624.4,8891.5,0.0484,Chlorpheniramine,LC-MS/MS
SMP-00451,1.2,14761.9,3826.0,3943.7,0.015,Uracil,LC-MS/MS
SMP-00451,2.78,47368.9,9669.8,9404.9,0.048,Acetaminophen,LC-MS/MS
SMP-00451,4.14,75238.7,12467.5,12954.4,0.0776,Caffeine,LC-MS/MS
SMP-00451,5.59,21671.8,4826.4,4827.6,0.0209,Aspirin,LC-MS/MS
SMP-00451,7.18,58813.0,9924.9,10002.7,0.059,Benzoic Acid,LC-MS/MS
SMP-00451,8.93,29436.6,5837.8,5867.2,0.0297,Phenacetin,LC-MS/MS
SMP-00451,10.38,14963.2,3599.8,3598.6,0.0155,Salicylic Acid,LC-MS/MS
SMP-00451,12.04,48454.6,8751.6,8792.9,0.0494,Chlorpheniramine,LC-MS/MS
SMP-00452,1.32,12572.0,3195.4,3327.6,0.0126,Uracil,LC-MS/MS
SMP-00452,2.78,49762.5,9788.1,10200.6,0.0492,Acetaminophen,LC-MS/MS
SMP-00452,4.08,91628.5,14558.7,15235.9,0.0919,Caffeine,LC-MS/MS
SMP-00452,5.6,25826.8,5962.5,6064.1,0.0262,Aspirin,LC-MS/MS
SMP-00452,7.19,69538.5,12217.0,12275.2,0.069,Benzoic Acid,LC-MS/MS
SMP-00452,8.9,29418.8,5753.7,5935.4,0.0292,Phenacetin,LC-MS/MS
SMP-00452,10.42,14550.9,3487.6,3556.4,0.0145,Salicylic Acid,LC-MS/MS
SMP-00452,12.1,58653.9,10645.5,11066.6,0.0597,Chlorpheniramine,LC-MS/MS
SMP-00453,1.31,10962.2,2766.5,2882.7,0.0111,Uracil,LC-MS/MS
SMP-00453,2.76,43609.2,8123.2,8263.5,0.0437,Acetaminophen,LC-MS/MS
SMP-00453,4.17,108960.5,18378.9,19257.1,0.1084,Caffeine,LC-MS/MS
SMP-00453,5.67,19656.6,4608.1,4751.4,0.0189,Aspirin,LC-MS/MS
SMP-00453,7.32,73727.0,12245.9,12313.9,0.0754,Benzoic Acid,LC-MS/MS
SMP-00453,9.0,31896.9,6804.6,6714.9,0.0305,Phenacetin,LC-MS/MS
SMP-00453,10.42,18696.6,4093.2,4375.2,0.0191,Salicylic Acid,LC-MS/MS
SMP-00453,12.11,278302.4,47548.7,40156.3,0.2792,Chlorpheniramine,LC-MS/MS
SMP-00454,1.24,13611.2,3453.3,3620.1,0.0137,Uracil,LC-MS/MS
SMP-00454,2.84,42077.6,8451.3,8672.9,0.0421,Acetaminophen,LC-MS/MS
SMP-00454,4.16,80247.7,12762.7,13359.2,0.081,Caffeine,LC-MS/MS
SMP-00454,5.63,24060.7,5269.6,5204.0,0.0245,Aspirin,LC-MS/MS
SMP-00454,7.24,75341.9,12779.4,13221.2,0.0762,Benzoic Acid,LC-MS/MS
SMP-00454,8.86,30960.0,6417.5,6594.8,0.0318,Phenacetin,LC-MS/MS
SMP-00454,10.41,15071.4,3732.5,3831.7,0.0149,Salicylic Acid,LC-MS/MS
SMP-00454,12.03,51511.0,9538.3,9610.6,0.0521,Chlorpheniramine,LC-MS/MS
SMP-00455,1.25,12650.8,3189.6,3192.8,0.0131,Uracil,LC-MS/MS
SMP-00455,2.82,47066.4,9240.5,9461.4,0.047,Acetaminophen,LC-MS/MS
SMP-00455,4.18,81479.3,12805.2,12995.7,0.0837,Caffeine,LC-MS/MS
SMP-00455,5.57,24751.3,5287.7,5357.6,0.0243,Aspirin,LC-MS/MS
SMP-00455,7.26,66469.8,10889.0,11055.1,0.0667,Benzoic Acid,LC-MS/MS
SMP-00455,8.99,32178.1,6550.6,6862.2,0.0322,Phenacetin,LC-MS/MS
SMP-00455,10.39,18919.1,4637.8,4798.7,0.0185,Salicylic Acid,LC-MS/MS
SMP-00455,12.12,51122.0,9895.4,10420.3,0.049,Chlorpheniramine,LC-MS/MS
SMP-00456,1.23,12426.5,3242.9,3407.5,0.0125,Uracil,LC-MS/MS
SMP-00456,2.83,50419.5,9860.2,10415.8,0.0511,Acetaminophen,LC-MS/MS
SMP-00456,4.14,96849.8,15398.3,15965.3,0.0967,Caffeine,LC-MS/MS
SMP-00456,5.61,22984.3,4942.0,5055.9,0.0238,Aspirin,LC-MS/MS
SMP-00456,7.2,64012.8,10621.0,11334.1,0.0623,Benzoic Acid,LC-MS/MS
SMP-00456,8.92,31639.2,6580.7,6631.5,0.031,Phenacetin,LC-MS/MS
SMP-00456,10.42,14051.0,3359.2,3394.1,0.0135,Salicylic Acid,LC-MS/MS
SMP-00456,12.04,53405.6,9581.7,9962.0,0.0535,Chlorpheniramine,LC-MS/MS
SMP-00457,1.24,11548.8,2930.3,2967.6,0.0116,Uracil,LC-MS/MS
SMP-00457,2.8,42787.2,8394.0,8458.7,0.0436,Acetaminophen,LC-MS/MS
SMP-00457,4.18,290772.6,40807.4,43011.1,0.2935,Caffeine,LC-MS/MS
SMP-00457,5.59,21743.8,4466.7,4611.1,0.022,Aspirin,LC-MS/MS
SMP-00457,7.23,60314.0,9809.3,9747.4,0.0599,Benzoic Acid,LC-MS/MS
SMP-00457,8.97,32762.3,6764.7,6941.0,0.0328,Phenacetin,LC-MS/MS
SMP-00457,10.37,16289.4,3936.6,3963.2,0.0162,Salicylic Acid,LC-MS/MS
SMP-00457,12.15,53103.4,9899.7,10526.9,0.0535,Chlorpheniramine,LC-MS/MS
SMP-00458,1.25,11411.6,3007.4,3175.2,0.0111,Uracil,LC-MS/MS
SMP-00458,2.83,42348.6,8282.7,8593.7,0.041,Acetaminophen,LC-MS/MS
SMP-00458,4.15,91387.2,15083.3,15052.9,0.0916,Caffeine,LC-MS/MS
SMP-00458,5.61,23882.1,5281.8,5560.8,0.0242,Aspirin,LC-MS/MS
SMP-00458,7.2,61055.8,10394.3,10718.4,0.061,Benzoic Acid,LC-MS/MS
SMP-00458,8.96,29983.1,6106.2,6302.5,0.0301,Phenacetin,LC-MS/MS
SMP-00458,10.37,13932.1,3369.4,3473.0,0.0139,Salicylic Acid,LC-MS/MS
SMP-00458,12.06,192356.2,34514.7,29552.8,0.192,Chlorpheniramine,LC-MS/MS
SMP-00459,1.32,10363.1,2775.4,2843.9,0.0107,Uracil,LC-MS/MS
SMP-00459,2.84,43329.2,8063.3,8163.8,0.0433,Acetaminophen,LC-MS/MS
SMP-00459,4.18,94166.1,14961.3,15299.7,0.0906,Caffeine,LC-MS/MS
SMP-00459,5.61,23543.8,4976.6,5007.1,0.0242,Aspirin,LC-MS/MS
SMP-00459,7.21,77369.6,13008.3,13209.9,0.0766,Benzoic Acid,LC-MS/MS
SMP-00459,8.95,31998.4,7144.7,7289.8,0.0316,Phenacetin,LC-MS/MS
SMP-00459,10.39,14333.7,3547.5,3683.2,0.014,Salicylic Acid,LC-MS/MS
SMP-00459,12.1,59780.5,10174.1,10619.8,0.0583,Chlorpheniramine,LC-MS/MS
SMP-00460,1.2,13764.6,3666.5,3764.3,0.0143,Uracil,LC-MS/MS
SMP-00460,2.81,42242.3,8064.3,8205.1,0.0423,Acetaminophen,LC-MS/MS
SMP-00460,4.15,81717.5,13783.6,14355.6,0.0854,Caffeine,LC-MS/MS
SMP-00460,5.63,132779.1,30466.9,24997.9,0.1336,Aspirin,LC-MS/MS
SMP-00460,7.22,66028.9,11036.4,11450.6,0.0663,Benzoic Acid,LC-MS/MS
SMP-00460,8.94,31512.0,6458.1,6618.5,0.0323,Phenacetin,LC-MS/MS
SMP-00460,10.45,15898.4,3738.9,3780.5,0.0159,Salicylic Acid,LC-MS/MS
SMP-00460,12.08,63525.1,11240.2,11238.8,0.065,Chlorpheniramine,LC-MS/MS
SMP-00461,1.27,12274.0,3218.4,3203.2,0.0123,Uracil,LC-MS/MS
SMP-00461,2.82,43321.1,8607.9,9062.8,0.0438,Acetaminophen,LC-MS/MS
SMP-00461,4.12,85327.1,14468.7,15143.4,0.0825,Caffeine,LC-MS/MS
SMP-00461,5.65,20754.0,4570.5,4575.4,0.021,Aspirin,LC-MS/MS
SMP-00461,7.24,72840.9,11626.0,11742.4,0.0729,Benzoic Acid,LC-MS/MS
SMP-00461,8.94,28515.4,5993.1,6334.7,0.0277,Phenacetin,LC-MS/MS
SMP-00461,10.4,16714.2,4098.5,4255.8,0.0165,Salicylic Acid,LC-MS/MS
SMP-00461,12.12,61131.3,11835.5,12490.2,0.0615,Chlorpheniramine,LC-MS/MS
SMP-00462,1.25,11404.1,2907.7,3063.0,0.0115,Uracil,LC-MS/MS
SMP-00462,2.75,48559.8,9211.7,9607.5,0.0484,Acetaminophen,LC-MS/MS
SMP-00462,4.16,86397.7,14227.6,14457.6,0.0826,Caffeine,LC-MS/MS
SMP-00462,5.65,19195.7,4332.3,4596.9,0.0192,Aspirin,LC-MS/MS
SMP-00462,7.16,66115.8,10841.8,11351.9,0.0656,Benzoic Acid,LC-MS/MS
SMP-00462,8.96,31933.8,6719.7,7011.9,0.0322,Phenacetin,LC-MS/MS
SMP-00462,10.46,14725.5,3676.0,3809.7,0.0147,Salicylic Acid,LC-MS/MS
SMP-00462,12.09,46629.5,8437.6,8638.9,0.0461,Chlorpheniramine,LC-MS/MS
SMP-00463,1.26,13094.3,3309.7,3335.7,0.0126,Uracil,LC-MS/MS
SMP-00463,2.82,40037.0,8087.8,8450.1,0.0398,Acetaminophen,LC-MS/MS
SMP-00463,4.13,88447.6,14665.9,15600.2,0.0882,Caffeine,LC-MS/MS
SMP-00463,5.61,25338.5,5778.4,5876.0,0.0254,Aspirin,LC-MS/MS
SMP-00463,7.24,71790.9,12110.2,12289.4,0.07,Benzoic Acid,LC-MS/MS
SMP-00463,8.93,36238.0,7370.8,7649.7,0.0361,Phenacetin,LC-MS/MS
SMP-00463,10.39,16472.7,4035.7,4035.1,0.017,Salicylic Acid,LC-MS/MS
SMP-00463,12.08,48598.9,8731.4,8971.8,0.0503,Chlorpheniramine,LC-MS/MS
SMP-00464,1.26,13901.6,3478.1,3498.6,0.014,Uracil,LC-MS/MS
SMP-00464,2.73,56155.9,11149.8,11355.1,0.0576,Acetaminophen,LC-MS/MS
SMP-00464,4.16,94274.8,14675.5,15358.8,0.0942,Caffeine,LC-MS/MS
SMP-00464,5.59,105286.2,23209.8,18527.0,0.1081,Aspirin,LC-MS/MS
SMP-00464,7.2,68258.3,11384.2,11793.0,0.0686,Benzoic Acid,LC-MS/MS
SMP-00464,8.92,34460.7,7346.2,7602.6,0.0341,Phenacetin,LC-MS/MS
SMP-00464,10.38,17525.9,4297.7,4538.1,0.0174,Salicylic Acid,LC-MS/MS
SMP-00464,12.08,56720.4,10642.8,11093.0,0.0586,Chlorpheniramine,LC-MS/MS
SMP-00465,1.25,13078.3,3336.5,3492.5,0.0128,Uracil,LC-MS/MS
SMP-00465,2.82,44562.1,8205.7,8516.8,0.0429,Acetaminophen,LC-MS/MS
SMP-00465,4.15,91005.0,14971.2,15591.9,0.0919,Caffeine,LC-MS/MS
SMP-00465,5.61,21589.2,4788.3,4833.4,0.0205,Aspirin,LC-MS/MS
SMP-00465,7.25,61107.7,9959.6,10235.4,0.0618,Benzoic Acid,LC-MS/MS
SMP-00465,9.0,33785.0,6745.8,7001.5,0.0343,Phenacetin,LC-MS/MS
SMP-00465,10.48,15655.6,3911.9,4036.5,0.0159,Salicylic Acid,LC-MS/MS
SMP-00465,12.11,46787.7,8379.3,8693.0,0.0454,Chlorpheniramine,LC-MS/MS
SMP-00466,1.25,12700.7,3313.5,3466.4,0.0131,Uracil,LC-MS/MS
SMP-00466,2.81,44716.8,8604.8,8934.5,0.0437,Acetaminophen,LC-MS/MS
SMP-00466,4.19,87355.6,15057.7,15115.0,0.0865,Caffeine,LC-MS/MS
SMP-00466,5.59,24524.2,5295.1,5394.5,0.025,Aspirin,LC-MS/MS
SMP-00466,7.21,73082.2,11381.0,11782.2,0.0744,Benzoic Acid,LC-MS/MS
SMP-00466,8.94,26754.9,5214.0,5370.9,0.0269,Phenacetin,LC-MS/MS
SMP-00466,10.36,15698.4,3922.7,3869.2,0.0158,Salicylic Acid,LC-MS/MS
SMP-00466,12.1,55199.9,10302.3,10813.7,0.0564,Chlorpheniramine,LC-MS/MS
SMP-00467,1.22,11108.1,2922.3,3052.0,0.0116,Uracil,LC-MS/MS
SMP-00467,2.81,38430.5,7748.6,8083.0,0.0378,Acetaminophen,LC-MS/MS
SMP-00467,4.18,103610.0,16828.9,17132.9,0.1036,Caffeine,LC-MS/MS
SMP-00467,5.69,23588.7,5153.8,5369.8,0.0232,Aspirin,LC-MS/MS
SMP-00467,7.19,68927.3,11179.3,11317.6,0.0706,Benzoic Acid,LC-MS/MS
SMP-00467,8.98,26538.8,5161.6,5452.5,0.027,Phenacetin,LC-MS/MS
SMP-00467,10.38,13102.7,3254.7,3341.2,0.0131,Salicylic Acid,LC-MS/MS
SMP-00467,12.08,64295.6,11525.8,11583.9,0.0646,Chlorpheniramine,LC-MS/MS
SMP-00468,1.26,14729.9,3963.9,4174.3,0.015,Uracil,LC-MS/MS
SMP-00468,2.73,39974.5,7862.4,8006.0,0.0399,Acetaminophen,LC-MS/MS
SMP-00468,4.09,84852.7,13192.7,13544.1,0.0841,Caffeine,LC-MS/MS
SMP-00468,5.57,21838.6,4696.2,4900.8,0.0223,Aspirin,LC-MS/MS
SMP-00468,7.16,73789.7,11505.8,11567.7,0.0716,Benzoic Acid,LC-MS/MS
SMP-00468,8.92,32406.5,6812.0,7048.9,0.0319,Phenacetin,LC-MS/MS
SMP-00468,10.43,16165.0,3773.1,3832.5,0.016,Salicylic Acid,LC-MS/MS
SMP-00468,12.09,294535.3,46984.2,48489.7,0.3007,Chlorpheniramine,LC-MS/MS
SMP-00469,1.28,12692.5,3147.8,3253.3,0.0127,Uracil,LC-MS/MS
SMP-00469,2.82,54803.0,10649.6,11234.3,0.0539,Acetaminophen,LC-MS/MS
SMP-00469,4.13,100933.4,16773.0,17465.3,0.0991,Caffeine,LC-MS/MS
SMP-00469,5.59,25644.8,5622.8,5928.3,0.0254,Aspirin,LC-MS/MS
SMP-00469,7.18,66797.0,10733.3,11250.2,0.0659,Benzoic Acid,LC-MS/MS
SMP-00469,8.92,29099.0,6219.6,6664.3,0.0296,Phenacetin,LC-MS/MS
SMP-00469,10.39,14954.7,3995.9,4132.7,0.0154,Salicylic Acid,LC-MS/MS
SMP-00469,12.05,50354.2,9248.2,9430.0,0.0498,Chlorpheniramine,LC-MS/MS
SMP-00470,1.27,12791.0,3204.6,3267.7,0.0128,Uracil,LC-MS/MS
SMP-00470,2.76,41079.2,7970.1,8153.8,0.0407,Acetaminophen,LC-MS/MS
SMP-00470,4.18,91669.1,15064.7,15844.5,0.0906,Caffeine,LC-MS/MS
SMP-00470,5.58,20890.0,4638.2,4836.6,0.0207,Aspirin,LC-MS/MS
SMP-00470,7.19,75821.1,13219.4,13771.4,0.0764,Benzoic Acid,LC-MS/MS
SMP-00470,8.97,24084.1,4726.0,4776.6,0.0244,Phenacetin,LC-MS/MS
SMP-00470,10.37,17717.3,4215.9,4313.0,0.0172,Salicylic Acid,LC-MS/MS
SMP-00470,12.13,44598.0,8191.9,8463.1,0.0452,Chlorpheniramine,LC-MS/MS
SMP-00471,1.23,12266.1,3169.1,3286.0,0.012,Uracil,LC-MS/MS
SMP-00471,2.8,44507.3,9225.6,9438.3,0.0439,Acetaminophen,LC-MS/MS
SMP-00471,4.12,90193.1,14777.5,14847.9,0.0921,Caffeine,LC-MS/MS
SMP-00471,5.58,22980.4,4977.9,5508.1,0.0226,Aspirin,LC-MS/MS
SMP-00471,7.21,70436.9,11321.7,11570.1,0.0706,Benzoic Acid,LC-MS/MS
SMP-00471,8.92,31297.7,6446.0,6735.6,0.0316,Phenacetin,LC-MS/MS
SMP-00471,10.43,15759.7,3708.2,3773.1,0.0156,Salicylic Acid,LC-MS/MS
SMP-00471,12.08,57790.1,10515.1,10843.9,0.0572,Chlorpheniramine,LC-MS/MS
SMP-00472,1.16,12939.2,3247.6,3363.9,0.0132,Uracil,LC-MS/MS
SMP-00472,2.79,48882.0,9614.0,9907.8,0.0498,Acetaminophen,LC-MS/MS
SMP-00472,4.24,76586.8,12929.8,13087.2,0.0771,Caffeine,LC-MS/MS
SMP-00472,5.59,21080.7,4564.2,4734.2,0.0205,Aspirin,LC-MS/MS
SMP-00472,7.17,65856.2,10607.0,11128.4,0.0665,Benzoic Acid,LC-MS/MS
SMP-00472,8.95,27457.9,5704.4,5935.1,0.0275,Phenacetin,LC-MS/MS
SMP-00472,10.41,14978.9,3709.7,3909.2,0.0153,Salicylic Acid,LC-MS/MS
SMP-00472,12.12,43649.5,7476.1,7626.3,0.0445,Chlorpheniramine,LC-MS/MS
SMP-00473,1.26,14612.5,3771.9,3976.6,0.0147,Uracil,LC-MS/MS
SMP-00473,2.83,47359.2,9623.1,10019.2,0.0496,Acetaminophen,LC-MS/MS
SMP-00473,4.18,501579.8,66197.8,80054.0,0.504,Caffeine,LC-MS/MS
SMP-00473,5.64,21605.9,4751.8,4855.2,0.0213,Aspirin,LC-MS/MS
SMP-00473,7.22,63082.0,10304.4,10309.0,0.0639,Benzoic Acid,LC-MS/MS
SMP-00473,8.95,31414.4,6266.8,6454.5,0.0317,Phenacetin,LC-MS/MS
SMP-00473,10.33,16773.0,4252.9,4293.4,0.0167,Salicylic Acid,LC-MS/MS
SMP-00473,12.06,55225.4,10107.2,10460.1,0.0522,Chlorpheniramine,LC-MS/MS
SMP-00474,1.23,11850.4,3103.5,3182.7,0.0114,Uracil,LC-MS/MS
SMP-00474,2.74,42588.4,8545.4,8904.0,0.0432,Acetaminophen,LC-MS/MS
SMP-00474,4.14,100667.6,16585.6,17026.6,0.1014,Caffeine,LC-MS/MS
SMP-00474,5.62,21972.3,4894.7,5205.4,0.0218,Aspirin,LC-MS/MS
SMP-00474,7.24,52958.3,8202.3,8183.4,0.0519,Benzoic Acid,LC-MS/MS
SMP-00474,9.0,33070.3,6724.2,6803.7,0.0324,Phenacetin,LC-MS/MS
SMP-00474,10.39,15121.9,3675.1,3731.2,0.0151,Salicylic Acid,LC-MS/MS
SMP-00474,12.06,51450.4,9346.0,9358.5,0.0516,Chlorpheniramine,LC-MS/MS
SMP-00475,1.23,16067.3,4218.5,4308.3,0.0163,Uracil,LC-MS/MS
SMP-00475,2.77,39290.2,7556.6,7772.8,0.0386,Acetaminophen,LC-MS/MS
SMP-00475,4.13,90553.3,13900.0,14161.9,0.0898,Caffeine,LC-MS/MS
SMP-00475,5.59,25604.7,5818.4,6182.0,0.0257,Aspirin,LC-MS/MS
SMP-00475,7.27,68173.9,10802.8,11210.7,0.0655,Benzoic Acid,LC-MS/MS
SMP-00475,8.95,28268.1,5905.1,6162.5,0.0277,Phenacetin,LC-MS/MS
SMP-00475,10.41,17682.0,4321.2,4399.2,0.0176,Salicylic Acid,LC-MS/MS
SMP-00475,12.13,55781.4,10620.5,10892.9,0.0555,Chlorpheniramine,LC-MS/MS
SMP-00476,1.24,14355.7,3603.5,3753.2,0.0142,Uracil,LC-MS/MS
SMP-00476,2.81,49381.7,9462.1,10308.3,0.0491,Acetaminophen,LC-MS/MS
SMP-00476,4.15,97912.7,16043.3,16013.0,0.0991,Caffeine,LC-MS/MS
SMP-00476,5.61,23808.8,5494.7,5721.0,0.0233,Aspirin,LC-MS/MS
SMP-00476,7.22,65577.8,11076.3,11548.9,0.0659,Benzoic Acid,LC-MS/MS
SMP-00476,8.97,29729.5,6352.9,6547.3,0.0312,Phenacetin,LC-MS/MS
SMP-00476,10.43,14757.6,3590.6,3804.6,0.0145,Salicylic Acid,LC-MS/MS
SMP-00476,12.1,53717.0,10116.4,10524.9,0.0531,Chlorpheniramine,LC-MS/MS
SMP-00477,1.27,13435.0,3321.2,3341.0,0.0134,Uracil,LC-MS/MS
SMP-00477,2.81,47284.4,9068.8,9043.9,0.0472,Acetaminophen,LC-MS/MS
SMP-00477,4.15,87007.9,13917.2,14313.7,0.0862,Caffeine,LC-MS/MS
SMP-00477,5.6,25847.9,5680.2,5808.8,0.0258,Aspirin,LC-MS/MS
SMP-00477,7.17,83686.4,13765.5,14521.5,0.0835,Benzoic Acid,LC-MS/MS
SMP-00477,8.95,35807.7,7421.4,7605.3,0.0352,Phenacetin,LC-MS/MS
SMP-00477,10.33,16527.9,4003.2,4002.3,0.0166,Salicylic Acid,LC-MS/MS
SMP-00477,12.1,45471.0,7950.7,8235.0,0.0443,Chlorpheniramine,LC-MS/MS
SMP-00478,1.22,14549.4,3743.5,3804.2,0.0145,Uracil,LC-MS/MS
SMP-00478,2.79,54208.7,9906.6,10122.9,0.0541,Acetaminophen,LC-MS/MS
SMP-00478,4.17,98137.4,15840.1,16069.5,0.0977,Caffeine,LC-MS/MS
SMP-00478,5.64,22890.7,4994.5,5164.6,0.0232,Aspirin,LC-MS/MS
SMP-00478,7.17,55792.6,9451.0,9564.0,0.0596,Benzoic Acid,LC-MS/MS
SMP-00478,8.96,27951.0,6074.1,6201.1,0.0271,Phenacetin,LC-MS/MS
SMP-00478,10.42,15315.3,3668.2,3806.8,0.0149,Salicylic Acid,LC-MS/MS
SMP-00478,12.12,63094.6,11180.8,11678.9,0.0634,Chlorpheniramine,LC-MS/MS
SMP-00479,1.24,13107.9,3334.9,3406.5,0.0132,Uracil,LC-MS/MS
SMP-00479,2.84,46287.5,9388.3,9626.5,0.0452,Acetaminophen,LC-MS/MS
SMP-00479,4.14,78524.5,13842.0,14388.6,0.0774,Caffeine,LC-MS/MS
SMP-00479,5.64,24316.6,5471.3,5627.7,0.0253,Aspirin,LC-MS/MS
SMP-00479,7.2,74182.4,12722.7,12913.3,0.0757,Benzoic Acid,LC-MS/MS
SMP-00479,8.91,28091.4,5377.3,5739.9,0.028,Phenacetin,LC-MS/MS
SMP-00479,10.39,16839.5,4054.9,4158.7,0.0171,Salicylic Acid,LC-MS/MS
SMP-00479,12.09,54767.6,9741.2,10302.7,0.0544,Chlorpheniramine,LC-MS/MS
SMP-00480,1.22,10503.9,2719.5,2841.5,0.0109,Uracil,LC-MS/MS
SMP-00480,2.82,53742.0,10608.1,11096.1,0.0542,Acetaminophen,LC-MS/MS
SMP-00480,4.17,90089.7,14663.1,14772.9,0.091,Caffeine,LC-MS/MS
SMP-00480,5.59,24425.2,5390.7,5523.4,0.0232,Aspirin,LC-MS/MS
SMP-00480,7.21,69243.5,11576.1,11790.3,0.0689,Benzoic Acid,LC-MS/MS
SMP-00480,9.01,29803.6,5946.0,6047.8,0.0297,Phenacetin,LC-MS/MS
SMP-00480,10.38,17169.7,3998.7,4049.2,0.0173,Salicylic Acid,LC-MS/MS
SMP-00480,12.04,68708.7,12332.0,12793.1,0.0668,Chlorpheniramine,LC-MS/MS
SMP-00481,1.23,11385.3,3150.1,3205.4,0.0112,Uracil,LC-MS/MS
SMP-00481,2.82,59877.1,11737.0,12149.9,0.0596,Acetaminophen,LC-MS/MS
SMP-00481,4.16,84814.7,14451.1,15284.0,0.0847,Caffeine,LC-MS/MS
SMP-00481,5.57,30563.6,7021.6,7172.5,0.0303,Aspirin,LC-MS/MS
SMP-00481,7.12,62269.4,10104.9,10381.8,0.0632,Benzoic Acid,LC-MS/MS
SMP-00481,8.91,35534.7,7426.9,7813.0,0.0352,Phenacetin,LC-MS/MS
SMP-00481,10.33,13361.3,3254.1,3438.4,0.0132,Salicylic Acid,LC-MS/MS
SMP-00481,12.1,59369.5,11164.2,11434.1,0.059,Chlorpheniramine,LC-MS/MS
SMP-00482,1.28,12476.6,3078.1,3103.6,0.0127,Uracil,LC-MS/MS
SMP-00482,2.77,43640.1,8410.1,8651.5,0.0437,Acetaminophen,LC-MS/MS
SMP-00482,4.12,90573.4,13977.2,14949.1,0.0888,Caffeine,LC-MS/MS
SMP-00482,5.6,25125.2,5434.2,5600.8,0.0259,Aspirin,LC-MS/MS
SMP-00482,7.19,70185.6,11567.4,11935.3,0.0688,Benzoic Acid,LC-MS/MS
SMP-00482,8.94,30830.0,6331.8,6493.1,0.0319,Phenacetin,LC-MS/MS
SMP-00482,10.35,15986.4,3857.2,4010.9,0.0161,Salicylic Acid,LC-MS/MS
SMP-00482,12.1,61891.0,11203.4,11445.8,0.0611,Chlorpheniramine,LC-MS/MS
SMP-00483,1.21,13885.5,3441.8,3503.5,0.0139,Uracil,LC-MS/MS
SMP-00483,2.82,46763.9,8910.4,9231.0,0.047,Acetaminophen,LC-MS/MS
SMP-00483,4.14,95993.3,15568.4,15696.4,0.0953,Caffeine,LC-MS/MS
SMP-00483,5.61,26591.9,5812.8,6002.7,0.0269,Aspirin,LC-MS/MS
SMP-00483,7.23,67969.9,11733.7,12139.3,0.0721,Benzoic Acid,LC-MS/MS
SMP-00483,8.97,33221.4,6687.0,7000.5,0.0336,Phenacetin,LC-MS/MS
SMP-00483,10.42,13478.2,3286.9,3327.9,0.0135,Salicylic Acid,LC-MS/MS
SMP-00483,12.06,54528.8,10113.1,10520.6,0.0541,Chlorpheniramine,LC-MS/MS
SMP-00484,1.24,12534.6,3192.8,3286.4,0.0123,Uracil,LC-MS/MS
SMP-00484,2.78,36902.7,7373.2,7459.4,0.0362,Acetaminophen,LC-MS/MS
SMP-00484,4.12,94590.9,15045.8,16097.0,0.094,Caffeine,LC-MS/MS
SMP-00484,5.58,97464.3,19439.1,22840.1,0.1012,Aspirin,LC-MS/MS
SMP-00484,7.18,79337.3,12806.1,13082.8,0.0797,Benzoic Acid,LC-MS/MS
SMP-00484,8.95,32583.4,6369.4,6492.3,0.0316,Phenacetin,LC-MS/MS
SMP-00484,10.37,15395.9,3687.2,3814.7,0.0158,Salicylic Acid,LC-MS/MS
SMP-00484,12.15,65118.4,11573.1,11977.3,0.0644,Chlorpheniramine,LC-MS/MS
SMP-00485,1.21,12779.9,3491.6,3653.5,0.0126,Uracil,LC-MS/MS
SMP-00485,2.77,41100.2,8070.0,8316.8,0.041,Acetaminophen,LC-MS/MS
SMP-00485,4.17,90107.1,14610.3,14619.7,0.0905,Caffeine,LC-MS/MS
SMP-00485,5.55,20154.1,4629.7,4841.9,0.0196,Aspirin,LC-MS/MS
SMP-00485,7.22,64257.6,10645.0,10576.4,0.0642,Benzoic Acid,LC-MS/MS
SMP-00485,8.93,31972.8,6358.4,6366.3,0.0325,Phenacetin,LC-MS/MS
SMP-00485,10.43,14250.4,3641.8,3710.8,0.0142,Salicylic Acid,LC-MS/MS
SMP-00485,12.08,47189.2,8440.7,8907.8,0.0474,Chlorpheniramine,LC-MS/MS
SMP-00486,1.25,10094.9,2568.5,2614.8,0.01,Uracil,LC-MS/MS
SMP-00486,2.8,42749.1,8738.4,9078.8,0.043,Acetaminophen,LC-MS/MS
SMP-00486,4.19,87495.1,15037.1,15893.8,0.0865,Caffeine,LC-MS/MS
SMP-00486,5.59,23987.6,4881.2,5091.3,0.0242,Aspirin,LC-MS/MS
SMP-00486,7.19,65608.3,10851.8,11366.3,0.0653,Benzoic Acid,LC-MS/MS
SMP-00486,8.9,31586.1,6378.8,6431.4,0.0327,Phenacetin,LC-MS/MS
SMP-00486,10.36,13675.1,3485.5,3708.1,0.0136,Salicylic Acid,LC-MS/MS
SMP-00486,12.08,57411.2,10182.3,10435.8,0.0566,Chlorpheniramine,LC-MS/MS
SMP-00487,1.24,11614.1,2992.9,3125.9,0.0119,Uracil,LC-MS/MS
SMP-00487,2.83,46231.6,8974.3,9040.1,0.0464,Acetaminophen,LC-MS/MS
SMP-00487,4.13,85745.2,13667.2,14027.4,0.0849,Caffeine,LC-MS/MS
SMP-00487,5.58,23142.9,5032.8,5245.8,0.0231,Aspirin,LC-MS/MS
SMP-00487,7.26,59507.6,9682.1,10097.1,0.0604,Benzoic Acid,LC-MS/MS
SMP-00487,8.99,32020.5,6365.6,6743.1,0.0322,Phenacetin,LC-MS/MS
SMP-00487,10.37,16578.1,4097.2,4242.1,0.0163,Salicylic Acid,LC-MS/MS
SMP-00487,12.08,56795.3,10636.7,10852.9,0.0565,Chlorpheniramine,LC-MS/MS
SMP-00488,1.28,13889.9,3454.1,3609.8,0.0141,Uracil,LC-MS/MS
SMP-00488,2.77,45368.4,8932.5,9527.8,0.046,Acetaminophen,LC-MS/MS
SMP-00488,4.15,93462.1,15725.6,16122.4,0.0924,Caffeine,LC-MS/MS
SMP-00488,5.59,19980.3,4187.5,4411.5,0.0194,Aspirin,LC-MS/MS
SMP-00488,7.19,62105.9,9863.4,10270.4,0.0624,Benzoic Acid,LC-MS/MS
SMP-00488,8.98,33638.1,6765.7,7074.0,0.0334,Phenacetin,LC-MS/MS
SMP-00488,10.38,15567.5,3639.0,3752.6,0.0159,Salicylic Acid,LC-MS/MS
SMP-00488,12.06,55669.5,10171.5,10469.8,0.0564,Chlorpheniramine,LC-MS/MS
SMP-00489,1.21,11687.0,3123.3,3191.0,0.012,Uracil,LC-MS/MS
SMP-00489,2.71,41656.3,8190.6,8507.4,0.0429,Acetaminophen,LC-MS/MS
SMP-00489,4.2,84850.3,13841.4,14445.4,0.0853,Caffeine,LC-MS/MS
SMP-00489,5.57,23451.0,5187.2,5387.4,0.0231,Aspirin,LC-MS/MS
SMP-00489,7.22,61667.7,10541.8,10871.4,0.0627,Benzoic Acid,LC-MS/MS
SMP-00489,8.92,30385.9,6090.4,6428.4,0.0306,Phenacetin,LC-MS/MS
SMP-00489,10.42,14946.4,3627.7,3747.6,0.0148,Salicylic Acid,LC-MS/MS
SMP-00489,12.08,48348.3,8519.0,8761.8,0.0467,Chlorpheniramine,LC-MS/MS
SMP-00490,1.27,11259.9,2880.9,2994.1,0.011,Uracil,LC-MS/MS
SMP-00490,2.81,48343.5,9814.2,10322.4,0.0489,Acetaminophen,LC-MS/MS
SMP-00490,4.18,84484.4,13787.8,14051.9,0.084,Caffeine,LC-MS/MS
SMP-00490,5.55,98591.1,21423.8,19156.7,0.096,Aspirin,LC-MS/MS
SMP-00490,7.16,67351.0,10737.6,11097.4,0.0664,Benzoic Acid,LC-MS/MS
SMP-00490,8.92,32349.5,6644.0,6715.6,0.0331,Phenacetin,LC-MS/MS
SMP-00490,10.43,13770.7,3174.1,3246.6,0.014,Salicylic Acid,LC-MS/MS
SMP-00490,12.11,49840.7,9180.6,9681.7,0.0504,Chlorpheniramine,LC-MS/MS
SMP-00491,1.24,12393.7,3081.5,3054.1,0.0124,Uracil,LC-MS/MS
SMP-00491,2.79,51276.4,10231.1,10818.1,0.052,Acetaminophen,LC-MS/MS
SMP-00491,4.09,88433.0,14871.5,15528.4,0.0881,Caffeine,LC-MS/MS
SMP-00491,5.58,24335.2,5566.1,5804.9,0.0246,Aspirin,LC-MS/MS
SMP-00491,7.21,65791.1,10913.1,11197.2,0.066,Benzoic Acid,LC-MS/MS
SMP-00491,8.93,29255.3,6060.5,6343.4,0.0298,Phenacetin,LC-MS/MS
SMP-00491,10.36,16728.4,4066.4,4144.8,0.0172,Salicylic Acid,LC-MS/MS
SMP-00491,12.11,53390.6,9859.5,10177.4,0.0526,Chlorpheniramine,LC-MS/MS
SMP-00492,1.3,10790.4,2952.2,3012.6,0.0113,Uracil,LC-MS/MS
SMP-00492,2.85,56058.6,10639.4,10766.3,0.0558,Acetaminophen,LC-MS/MS
SMP-00492,4.16,83047.1,14444.2,14955.2,0.0844,Caffeine,LC-MS/MS
SMP-00492,5.62,22055.7,4650.9,4824.3,0.0214,Aspirin,LC-MS/MS
SMP-00492,7.2,64672.1,11034.9,11373.6,0.0644,Benzoic Acid,LC-MS/MS
SMP-00492,8.95,27477.5,5800.4,6041.5,0.0274,Phenacetin,LC-MS/MS
SMP-00492,10.42,16719.0,4018.6,4255.1,0.0168,Salicylic Acid,LC-MS/MS
SMP-00492,12.06,42388.9,7406.1,7562.9,0.0427,Chlorpheniramine,LC-MS/MS
SMP-00493,1.22,13030.1,3423.9,3446.4,0.0131,Uracil,LC-MS/MS
SMP-00493,2.79,40252.6,7332.3,7322.5,0.0411,Acetaminophen,LC-MS/MS
SMP-00493,4.15,97106.5,16320.4,16815.3,0.096,Caffeine,LC-MS/MS
SMP-00493,5.56,19240.7,4262.1,4209.9,0.02,Aspirin,LC-MS/MS
SMP-00493,7.16,57658.1,9431.9,10165.3,0.0584,Benzoic Acid,LC-MS/MS
SMP-00493,8.9,140303.9,29750.1,27213.7,0.1393,Phenacetin,LC-MS/MS
SMP-00493,10.38,14930.3,3485.3,3676.6,0.0151,Salicylic Acid,LC-MS/MS
SMP-00493,12.05,55326.9,9678.2,9723.0,0.0553,Chlorpheniramine,LC-MS/MS
SMP-00494,1.26,12831.3,3430.4,3560.2,0.0133,Uracil,LC-MS/MS
SMP-00494,2.79,49403.9,9115.0,9114.4,0.0473,Acetaminophen,LC-MS/MS
SMP-00494,4.14,95649.2,15387.9,15861.8,0.0957,Caffeine,LC-MS/MS
SMP-00494,5.59,24003.1,5212.8,5319.8,0.0237,Aspirin,LC-MS/MS
SMP-00494,7.14,68394.4,11943.4,12254.5,0.0716,Benzoic Acid,LC-MS/MS
SMP-00494,8.93,25327.2,5119.9,5355.7,0.027,Phenacetin,LC-MS/MS
SMP-00494,10.37,16018.8,3929.4,4034.5,0.0162,Salicylic Acid,LC-MS/MS
SMP-00494,12.0,61953.8,11296.7,11631.0,0.0614,Chlorpheniramine,LC-MS/MS
SMP-00495,1.23,13689.1,3366.0,3532.0,0.0137,Uracil,LC-MS/MS
SMP-00495,2.82,40965.7,8255.7,8775.8,0.0421,Acetaminophen,LC-MS/MS
SMP-00495,4.12,82468.4,12649.2,13032.9,0.0805,Caffeine,LC-MS/MS
SMP-00495,5.61,20333.9,4271.0,4484.1,0.0199,Aspirin,LC-MS/MS
SMP-00495,7.19,63402.7,10191.2,10592.3,0.0646,Benzoic Acid,LC-MS/MS
SMP-00495,8.95,28322.5,5937.3,6092.9,0.0279,Phenacetin,LC-MS/MS
SMP-00495,10.4,16465.9,4011.6,4206.6,0.0165,Salicylic Acid,LC-MS/MS
SMP-00495,12.1,63621.8,11562.8,11852.4,0.0642,Chlorpheniramine,LC-MS/MS
SMP-00496,1.25,13327.7,3479.8,3634.4,0.0137,Uracil,LC-MS/MS
SMP-00496,2.82,57246.9,11096.9,11264.5,0.0576,Acetaminophen,LC-MS/MS
SMP-00496,4.08,97401.2,15181.8,15450.9,0.0972,Caffeine,LC-MS/MS
SMP-00496,5.61,19970.8,4240.3,4443.4,0.0207,Aspirin,LC-MS/MS
SMP-00496,7.21,68253.4,11522.9,11887.9,0.0686,Benzoic Acid,LC-MS/MS
SMP-00496,8.99,26919.2,5306.8,5237.4,0.0276,Phenacetin,LC-MS/MS
SMP-00496,10.39,14980.6,3617.1,3782.5,0.0149,Salicylic Acid,LC-MS/MS
SMP-00496,12.15,57811.3,10287.4,10609.7,0.0583,Chlorpheniramine,LC-MS/MS
SMP-00497,1.26,12897.7,3358.5,3535.2,0.0129,Uracil,LC-MS/MS
SMP-00497,2.81,43818.3,8374.9,8601.9,0.0435,Acetaminophen,LC-MS/MS
SMP-00497,4.16,90283.5,14779.7,15270.5,0.0905,Caffeine,LC-MS/MS
SMP-00497,5.59,21283.2,4643.4,4807.5,0.0212,Aspirin,LC-MS/MS
SMP-00497,7.19,65319.0,10829.0,11063.8,0.0636,Benzoic Acid,LC-MS/MS
SMP-00497,8.92,34101.0,7219.2,7380.5,0.0331,Phenacetin,LC-MS/MS
SMP-00497,10.39,14030.0,3266.9,3246.2,0.0142,Salicylic Acid,LC-MS/MS
SMP-00497,12.1,62995.6,10937.8,11136.6,0.0635,Chlorpheniramine,LC-MS/MS
SMP-00498,1.27,10844.2,2951.5,2897.0,0.0109,Uracil,LC-MS/MS
SMP-00498,2.88,44679.4,8939.4,9368.3,0.0446,Acetaminophen,LC-MS/MS
SMP-00498,4.14,93049.6,15033.8,15298.9,0.0942,Caffeine,LC-MS/MS
SMP-00498,5.54,19085.8,4096.6,4367.8,0.0195,Aspirin,LC-MS/MS
SMP-00498,7.19,73873.8,12127.0,12840.8,0.0759,Benzoic Acid,LC-MS/MS
SMP-00498,8.96,29892.7,6183.2,6231.5,0.0304,Phenacetin,LC-MS/MS
SMP-00498,10.42,16626.6,4092.2,4317.2,0.0165,Salicylic Acid,LC-MS/MS
SMP-00498,12.06,50328.8,9568.3,10021.5,0.0492,Chlorpheniramine,LC-MS/MS
SMP-00499,1.26,13071.4,3206.2,3235.1,0.0131,Uracil,LC-MS/MS
SMP-00499,2.79,46681.3,8984.4,9336.6,0.0455,Acetaminophen,LC-MS/MS
SMP-00499,4.17,95558.8,15542.9,15913.1,0.0936,Caffeine,LC-MS/MS
SMP-00499,5.62,21223.0,4786.9,4998.0,0.0206,Aspirin,LC-MS/MS
SMP-00499,7.19,74114.3,13009.0,13753.4,0.0748,Benzoic Acid,LC-MS/MS
SMP-00499,8.94,28783.6,5818.7,5907.7,0.0294,Phenacetin,LC-MS/MS
SMP-00499,10.43,18797.0,4628.4,4948.9,0.019,Salicylic Acid,LC-MS/MS
SMP-00499,12.09,55999.6,9858.4,10155.9,0.0556,Chlorpheniramine,LC-MS/MS
SMP-00500,1.27,13157.0,3419.2,3506.8,0.0125,Uracil,LC-MS/MS
SMP-00500,2.76,49142.6,9626.4,9982.8,0.0494,Acetaminophen,LC-MS/MS
SMP-00500,4.18,103781.7,16557.7,17311.4,0.1018,Caffeine,LC-MS/MS
SMP-00500,5.63,18796.6,4338.9,4520.4,0.0182,Aspirin,LC-MS/MS
SMP-00500,7.18,84178.5,13625.9,13356.4,0.0846,Benzoic Acid,LC-MS/MS
SMP-00500,8.92,28541.1,5803.8,6022.1,0.0282,Phenacetin,LC-MS/MS
SMP-00500,10.34,15952.4,4054.8,4134.1,0.0167,Salicylic Acid,LC-MS/MS
SMP-00500,12.07,52257.6,9050.9,9432.6,0.0515,Chlorpheniramine,LC-MS/MS
SMP-00501,1.26,14124.3,3780.2,3781.2,0.0144,Uracil,LC-MS/MS
SMP-00501,2.86,52766.9,10476.4,10750.4,0.0529,Acetaminophen,LC-MS/MS
SMP-00501,4.12,86560.9,13787.0,14166.8,0.0865,Caffeine,LC-MS/MS
SMP-00501,5.62,20189.4,4544.7,4666.0,0.0201,Aspirin,LC-MS/MS
SMP-00501,7.18,61418.2,10219.8,10313.8,0.0623,Benzoic Acid,LC-MS/MS
SMP-00501,8.98,28542.7,5808.1,5791.5,0.0282,Phenacetin,LC-MS/MS
SMP-00501,10.4,15667.9,3796.0,3789.8,0.016,Salicylic Acid,LC-MS/MS
SMP-00501,12.12,51308.3,9191.7,9560.4,0.0526,Chlorpheniramine,LC-MS/MS
SMP-00502,1.27,14218.2,3818.3,3993.8,0.0149,Uracil,LC-MS/MS
SMP-00502,2.77,44596.4,8387.1,8694.6,0.0445,Acetaminophen,LC-MS/MS
SMP-00502,4.12,77617.8,12317.3,12831.2,0.0762,Caffeine,LC-MS/MS
SMP-00502,5.62,23317.8,5277.2,5150.4,0.023,Aspirin,LC-MS/MS
SMP-00502,7.19,65518.5,10734.0,11256.3,0.0674,Benzoic Acid,LC-MS/MS
SMP-00502,8.92,30593.7,6705.6,6957.9,0.0314,Phenacetin,LC-MS/MS
SMP-00502,10.45,17075.0,4338.5,4397.9,0.0172,Salicylic Acid,LC-MS/MS
SMP-00502,12.1,50788.1,9283.2,9441.5,0.049,Chlorpheniramine,LC-MS/MS
SMP-00503,1.22,13325.7,3553.7,3731.8,0.0131,Uracil,LC-MS/MS
SMP-00503,2.81,51909.5,9599.7,9774.8,0.0515,Acetaminophen,LC-MS/MS
SMP-00503,4.12,72886.7,12154.8,12814.8,0.0745,Caffeine,LC-MS/MS
SMP-00503,5.69,25196.7,5590.4,5858.6,0.0237,Aspirin,LC-MS/MS
SMP-00503,7.22,62276.3,10504.7,10823.3,0.0635,Benzoic Acid,LC-MS/MS
SMP-00503,8.97,23071.0,4877.0,4948.7,0.0229,Phenacetin,LC-MS/MS
SMP-00503,10.37,18560.1,4597.4,4730.8,0.0186,Salicylic Acid,LC-MS/MS
SMP-00503,12.12,51439.8,9009.8,9382.3,0.0527,Chlorpheniramine,LC-MS/MS
SMP-00504,1.3,13012.5,3229.8,3427.2,0.013,Uracil,LC-MS/MS
SMP-00504,2.76,44227.4,8717.2,9037.8,0.0442,Acetaminophen,LC-MS/MS
SMP-00504,4.15,89878.9,14576.3,15080.3,0.0897,Caffeine,LC-MS/MS
SMP-00504,5.61,22631.3,4870.5,5136.5,0.0224,Aspirin,LC-MS/MS
SMP-00504,7.19,65362.4,10957.7,11466.5,0.065,Benzoic Acid,LC-MS/MS
SMP-00504,8.93,28739.0,5748.6,6092.0,0.0289,Phenacetin,LC-MS/MS
SMP-00504,10.43,15683.6,3955.8,4130.5,0.0158,Salicylic Acid,LC-MS/MS
SMP-00504,12.14,53068.3,9427.1,9397.0,0.0527,Chlorpheniramine,LC-MS/MS
SMP-00505,1.26,10744.1,2816.1,2902.8,0.0106,Uracil,LC-MS/MS
SMP-00505,2.77,45778.1,8714.1,9142.7,0.045,Acetaminophen,LC-MS/MS
SMP-00505,4.11,78818.7,11730.2,12318.2,0.0779,Caffeine,LC-MS/MS
SMP-00505,5.58,21953.6,4798.1,5005.5,0.0218,Aspirin,LC-MS/MS
SMP-00505,7.22,71484.1,11922.9,12082.7,0.0722,Benzoic Acid,LC-MS/MS
SMP-00505,8.93,33034.8,6888.3,7267.6,0.0327,Phenacetin,LC-MS/MS
SMP-00505,10.39,13450.7,3386.7,3469.2,0.0137,Salicylic Acid,LC-MS/MS
SMP-00505,12.15,53034.7,9677.2,9736.7,0.0538,Chlorpheniramine,LC-MS/MS
SMP-00506,1.23,11822.4,3086.4,3046.5,0.0118,Uracil,LC-MS/MS
SMP-00506,2.78,34781.1,6879.5,7155.2,0.0349,Acetaminophen,LC-MS/MS
SMP-00506,4.14,99673.3,16943.9,17755.0,0.0988,Caffeine,LC-MS/MS
SMP-00506,5.57,22830.7,5082.6,5283.8,0.0233,Aspirin,LC-MS/MS
SMP-00506,7.21,69287.7,11801.8,11875.9,0.0675,Benzoic Acid,LC-MS/MS
SMP-00506,8.95,30686.9,6229.6,6506.9,0.0305,Phenacetin,LC-MS/MS
SMP-00506,10.41,14533.3,3562.7,3722.4,0.0145,Salicylic Acid,LC-MS/MS
SMP-00506,12.13,60385.6,10343.6,10403.9,0.0611,Chlorpheniramine,LC-MS/MS
SMP-00507,1.19,11039.9,2818.5,2871.7,0.0111,Uracil,LC-MS/MS
SMP-00507,2.77,39621.2,7617.7,7616.4,0.0404,Acetaminophen,LC-MS/MS
SMP-00507,4.16,89869.2,14735.5,15210.2,0.0874,Caffeine,LC-MS/MS
SMP-00507,5.63,26704.0,5895.1,6156.5,0.0274,Aspirin,LC-MS/MS
SMP-00507,7.23,66261.9,11075.0,10995.3,0.0671,Benzoic Acid,LC-MS/MS
SMP-00507,8.98,31760.0,6565.3,6963.2,0.0304,Phenacetin,LC-MS/MS
SMP-00507,10.41,17203.7,4147.1,4252.1,0.0171,Salicylic Acid,LC-MS/MS
SMP-00507,12.12,53528.8,9708.9,10240.8,0.0556,Chlorpheniramine,LC-MS/MS
SMP-00508,1.23,11463.9,3019.1,2981.2,0.0112,Uracil,LC-MS/MS
SMP-00508,2.81,47922.0,9722.9,10239.6,0.0477,Acetaminophen,LC-MS/MS
SMP-00508,4.12,71516.5,11226.7,11738.1,0.0725,Caffeine,LC-MS/MS
SMP-00508,5.68,23909.6,5162.2,5464.8,0.0239,Aspirin,LC-MS/MS
SMP-00508,7.19,68294.5,11461.2,11694.4,0.0681,Benzoic Acid,LC-MS/MS
SMP-00508,8.9,33661.6,6753.7,7054.0,0.0338,Phenacetin,LC-MS/MS
SMP-00508,10.39,13097.1,3299.9,3412.8,0.0131,Salicylic Acid,LC-MS/MS
SMP-00508,12.1,59683.1,10955.7,11521.5,0.0604,Chlorpheniramine,LC-MS/MS
SMP-00509,1.24,10537.3,2622.5,2731.1,0.0108,Uracil,LC-MS/MS
SMP-00509,2.79,47445.3,9274.2,9488.0,0.0472,Acetaminophen,LC-MS/MS
SMP-00509,4.16,88405.2,14844.6,14555.8,0.0904,Caffeine,LC-MS/MS
SMP-00509,5.59,21990.2,4810.9,4847.7,0.0217,Aspirin,LC-MS/MS
SMP-00509,7.22,57652.5,9828.6,9995.3,0.0574,Benzoic Acid,LC-MS/MS
SMP-00509,9.0,29499.0,5663.9,5936.8,0.0292,Phenacetin,LC-MS/MS
SMP-00509,10.43,16921.7,4178.3,4263.8,0.0168,Salicylic Acid,LC-MS/MS
SMP-00509,12.03,58977.8,10489.5,10947.7,0.0578,Chlorpheniramine,LC-MS/MS
SMP-00510,1.23,12156.1,3261.1,3307.8,0.0127,Uracil,LC-MS/MS
SMP-00510,2.78,48647.0,9244.7,9473.1,0.0476,Acetaminophen,LC-MS/MS
SMP-00510,4.16,91204.5,15052.9,15355.8,0.089,Caffeine,LC-MS/MS
SMP-00510,5.56,22937.9,5219.4,5485.2,0.0232,Aspirin,LC-MS/MS
SMP-00510,7.15,71473.7,11937.1,12399.0,0.0707,Benzoic Acid,LC-MS/MS
SMP-00510,8.92,28281.6,5531.2,5627.7,0.0276,Phenacetin,LC-MS/MS
SMP-00510,10.42,16364.8,3868.4,4010.2,0.0161,Salicylic Acid,LC-MS/MS
SMP-00510,12.11,55030.2,9706.1,10160.4,0.055,Chlorpheniramine,LC-MS/MS
SMP-00511,1.19,11436.2,2993.9,3107.6,0.0117,Uracil,LC-MS/MS
SMP-00511,2.8,49673.5,9521.4,9858.0,0.0486,Acetaminophen,LC-MS/MS
SMP-00511,4.17,94206.0,15655.4,16824.5,0.0941,Caffeine,LC-MS/MS
SMP-00511,5.67,24626.2,5358.5,5564.4,0.0247,Aspirin,LC-MS/MS
SMP-00511,7.21,68470.2,11589.3,12125.0,0.0679,Benzoic Acid,LC-MS/MS
SMP-00511,8.99,27991.3,5864.8,6019.9,0.0286,Phenacetin,LC-MS/MS
SMP-00511,10.39,15346.9,3563.8,3795.9,0.0155,Salicylic Acid,LC-MS/MS
SMP-00511,12.13,56767.1,10479.9,11072.1,0.0596,Chlorpheniramine,LC-MS/MS
SMP-00512,1.24,11231.1,3081.8,3117.6,0.0114,Uracil,LC-MS/MS
SMP-00512,2.79,49620.1,9392.8,9886.2,0.0484,Acetaminophen,LC-MS/MS
SMP-00512,4.17,103667.3,16528.3,16864.9,0.1017,Caffeine,LC-MS/MS
SMP-00512,5.57,23215.3,5153.6,5131.7,0.0228,Aspirin,LC-MS/MS
SMP-00512,7.16,59872.2,10730.7,10977.0,0.0586,Benzoic Acid,LC-MS/MS
SMP-00512,8.93,33389.3,6728.5,6770.8,0.0338,Phenacetin,LC-MS/MS
SMP-00512,10.36,14039.4,3553.0,3588.2,0.0145,Salicylic Acid,LC-MS/MS
SMP-00512,12.08,55784.3,10013.5,10342.7,0.0569,Chlorpheniramine,LC-MS/MS
SMP-00513,1.24,11791.6,3222.5,3303.3,0.0115,Uracil,LC-MS/MS
SMP-00513,2.79,41937.8,8028.9,7972.7,0.0422,Acetaminophen,LC-MS/MS
SMP-00513,4.1,94188.1,15844.0,16065.0,0.0945,Caffeine,LC-MS/MS
SMP-00513,5.61,26824.2,5811.0,6037.0,0.0275,Aspirin,LC-MS/MS
SMP-00513,7.19,74257.0,12182.0,12740.6,0.0736,Benzoic Acid,LC-MS/MS
SMP-00513,8.93,34967.1,7159.7,7527.6,0.0345,Phenacetin,LC-MS/MS
SMP-00513,10.41,12092.8,2744.0,2858.9,0.0118,Salicylic Acid,LC-MS/MS
SMP-00513,12.09,47888.2,9318.3,9753.6,0.0483,Chlorpheniramine,LC-MS/MS
SMP-00514,1.3,13836.9,3615.4,3770.4,0.0142,Uracil,LC-MS/MS
SMP-00514,2.82,42345.0,8062.0,8438.8,0.0423,Acetaminophen,LC-MS/MS
SMP-00514,4.13,83805.6,13820.5,14248.4,0.0828,Caffeine,LC-MS/MS
SMP-00514,5.56,29736.0,6650.0,6624.6,0.0301,Aspirin,LC-MS/MS
SMP-00514,7.15,61186.3,10179.8,10596.2,0.0622,Benzoic Acid,LC-MS/MS
SMP-00514,8.97,31434.8,6500.5,6532.2,0.0314,Phenacetin,LC-MS/MS
SMP-00514,10.36,17292.8,4247.5,4353.9,0.0172,Salicylic Acid,LC-MS/MS
SMP-00514,12.14,55483.8,10607.0,10582.5,0.0549,Chlorpheniramine,LC-MS/MS
SMP-00515,1.2,11735.6,2948.2,3049.2,0.0119,Uracil,LC-MS/MS
SMP-00515,2.81,45575.6,8878.6,8973.2,0.0448,Acetaminophen,LC-MS/MS
SMP-00515,4.16,78829.4,13021.0,13363.9,0.0779,Caffeine,LC-MS/MS
SMP-00515,5.56,23674.8,5038.9,5015.1,0.0245,Aspirin,LC-MS/MS
SMP-00515,7.15,69790.2,11874.2,12175.0,0.0697,Benzoic Acid,LC-MS/MS
SMP-00515,8.92,30825.3,6238.0,6256.5,0.0298,Phenacetin,LC-MS/MS
SMP-00515,10.41,13264.3,3224.1,3429.6,0.0136,Salicylic Acid,LC-MS/MS
SMP-00515,12.09,57949.5,10552.9,10871.5,0.0576,Chlorpheniramine,LC-MS/MS
SMP-00516,1.25,12772.9,3285.1,3344.3,0.0134,Uracil,LC-MS/MS
SMP-00516,2.78,48569.7,9369.5,9804.7,0.0482,Acetaminophen,LC-MS/MS
SMP-00516,4.15,85245.6,13846.8,13988.8,0.0871,Caffeine,LC-MS/MS
SMP-00516,5.6,24239.7,5229.6,5466.8,0.0238,Aspirin,LC-MS/MS
SMP-00516,7.23,74431.8,12201.8,12357.1,0.0728,Benzoic Acid,LC-MS/MS
SMP-00516,8.92,40587.9,8467.8,8711.7,0.0411,Phenacetin,LC-MS/MS
SMP-00516,10.37,15431.3,3934.0,4064.5,0.0154,Salicylic Acid,LC-MS/MS
SMP-00516,12.03,56858.6,10015.0,10166.4,0.0561,Chlorpheniramine,LC-MS/MS
SMP-00517,1.32,13176.5,3396.5,3479.8,0.0133,Uracil,LC-MS/MS
SMP-00517,2.8,45771.1,8925.3,9333.2,0.0443,Acetaminophen,LC-MS/MS
SMP-00517,4.14,93087.1,14856.6,15318.4,0.0928,Caffeine,LC-MS/MS
SMP-00517,5.63,24113.4,5361.6,5338.3,0.0233,Aspirin,LC-MS/MS
SMP-00517,7.18,52457.3,8680.0,8713.7,0.0524,Benzoic Acid,LC-MS/MS
SMP-00517,8.92,25761.0,5493.9,5646.4,0.0264,Phenacetin,LC-MS/MS
SMP-00517,10.45,15598.2,3918.4,4053.8,0.0157,Salicylic Acid,LC-MS/MS
SMP-00517,12.06,44875.0,8765.9,9160.2,0.0444,Chlorpheniramine,LC-MS/MS
SMP-00518,1.28,12902.3,3423.1,3439.5,0.0129,Uracil,LC-MS/MS
SMP-00518,2.81,46932.6,9017.7,9556.0,0.0477,Acetaminophen,LC-MS/MS
SMP-00518,4.12,105162.4,17767.4,17512.8,0.1042,Caffeine,LC-MS/MS
SMP-00518,5.57,20189.9,4394.1,4685.1,0.02,Aspirin,LC-MS/MS
SMP-00518,7.15,76940.0,12318.2,12842.8,0.0772,Benzoic Acid,LC-MS/MS
SMP-00518,9.0,30438.6,6166.7,6525.3,0.0304,Phenacetin,LC-MS/MS
SMP-00518,10.41,16107.3,3969.2,4216.4,0.0162,Salicylic Acid,LC-MS/MS
SMP-00518,12.11,65037.6,11671.1,11892.7,0.0656,Chlorpheniramine,LC-MS/MS
SMP-00519,1.3,14561.5,3833.9,3879.3,0.0143,Uracil,LC-MS/MS
SMP-00519,2.8,46528.4,8994.0,9396.7,0.0466,Acetaminophen,LC-MS/MS
SMP-00519,4.17,82172.5,13221.1,13353.6,0.0818,Caffeine,LC-MS/MS
SMP-00519,5.57,22123.9,4836.4,4983.6,0.0216,Aspirin,LC-MS/MS
SMP-00519,7.22,59819.7,9297.1,9529.9,0.0599,Benzoic Acid,LC-MS/MS
SMP-00519,8.94,34015.0,6841.2,7039.7,0.035,Phenacetin,LC-MS/MS
SMP-00519,10.43,16305.9,3806.0,3878.6,0.0166,Salicylic Acid,LC-MS/MS
SMP-00519,12.11,52396.8,9193.0,9288.8,0.0531,Chlorpheniramine,LC-MS/MS
SMP-00520,1.31,11378.7,2910.7,2995.2,0.0117,Uracil,LC-MS/MS
SMP-00520,2.74,52965.1,10025.8,10292.1,0.0521,Acetaminophen,LC-MS/MS
SMP-00520,4.17,95222.3,15221.6,15085.3,0.0958,Caffeine,LC-MS/MS
SMP-00520,5.56,26836.6,5919.3,6197.6,0.027,Aspirin,LC-MS/MS
SMP-00520,7.22,75563.7,12621.3,12587.5,0.0747,Benzoic Acid,LC-MS/MS
SMP-00520,8.97,34039.5,7077.8,7346.2,0.0343,Phenacetin,LC-MS/MS
SMP-00520,10.39,13767.2,3364.7,3464.2,0.0139,Salicylic Acid,LC-MS/MS
SMP-00520,12.09,51425.5,9202.7,9667.8,0.0496,Chlorpheniramine,LC-MS/MS
SMP-00521,1.24,11499.5,2898.6,3014.4,0.0119,Uracil,LC-MS/MS
SMP-00521,2.8,133873.1,24327.6,23368.6,0.1333,Acetaminophen,LC-MS/MS
SMP-00521,4.19,96570.2,16699.7,17365.5,0.0966,Caffeine,LC-MS/MS
SMP-00521,5.58,24680.3,5416.5,5684.8,0.0253,Aspirin,LC-MS/MS
SMP-00521,7.2,52453.1,8675.5,8784.7,0.0523,Benzoic Acid,LC-MS/MS
SMP-00521,8.96,34906.8,7130.1,7149.7,0.034,Phenacetin,LC-MS/MS
SMP-00521,10.41,15692.4,3827.4,3983.4,0.0158,Salicylic Acid,LC-MS/MS
SMP-00521,12.1,50462.4,8872.0,9196.7,0.0507,Chlorpheniramine,LC-MS/MS
SMP-00522,1.24,13016.8,3309.5,3450.0,0.0123,Uracil,LC-MS/MS
SMP-00522,2.77,40439.1,7342.7,7634.6,0.0405,Acetaminophen,LC-MS/MS
SMP-00522,4.15,84614.7,13042.3,13475.8,0.0831,Caffeine,LC-MS/MS
SMP-00522,5.55,20803.8,4713.8,4981.6,0.0201,Aspirin,LC-MS/MS
SMP-00522,7.22,66114.9,10786.6,10950.1,0.0662,Benzoic Acid,LC-MS/MS
SMP-00522,8.99,35779.3,7008.3,7083.2,0.0358,Phenacetin,LC-MS/MS
SMP-00522,10.4,15365.5,3914.5,4169.3,0.0149,Salicylic Acid,LC-MS/MS
SMP-00522,12.04,51503.9,8901.4,9296.6,0.0524,Chlorpheniramine,LC-MS/MS
SMP-00523,1.27,11923.0,2950.1,3074.3,0.0123,Uracil,LC-MS/MS
SMP-00523,2.82,48732.0,9276.6,9225.9,0.0488,Acetaminophen,LC-MS/MS
SMP-00523,4.09,101259.5,15974.5,16623.7,0.1026,Caffeine,LC-MS/MS
SMP-00523,5.6,25428.9,5511.9,5815.7,0.0254,Aspirin,LC-MS/MS
SMP-00523,7.2,62447.9,10537.4,10432.9,0.0616,Benzoic Acid,LC-MS/MS
SMP-00523,8.96,26691.9,5585.7,5781.6,0.0263,Phenacetin,LC-MS/MS
SMP-00523,10.39,17058.5,4096.2,4158.2,0.017,Salicylic Acid,LC-MS/MS
SMP-00523,12.12,55555.4,9758.6,9493.6,0.0545,Chlorpheniramine,LC-MS/MS
SMP-00524,1.25,11821.3,2924.3,3022.9,0.012,Uracil,LC-MS/MS
SMP-00524,2.8,49798.4,10172.7,10834.0,0.0479,Acetaminophen,LC-MS/MS
SMP-00524,4.15,97644.9,16303.9,17081.0,0.0996,Caffeine,LC-MS/MS
SMP-00524,5.57,18784.9,4120.3,4214.6,0.0187,Aspirin,LC-MS/MS
SMP-00524,7.19,73135.5,11801.1,12342.2,0.0732,Benzoic Acid,LC-MS/MS
SMP-00524,8.93,30041.8,6233.5,6454.8,0.0306,Phenacetin,LC-MS/MS
SMP-00524,10.37,18097.9,4391.8,4412.7,0.0177,Salicylic Acid,LC-MS/MS
SMP-00524,12.14,48614.3,8923.9,8976.9,0.0493,Chlorpheniramine,LC-MS/MS
SMP-00525,1.32,13844.0,3625.2,3771.2,0.0143,Uracil,LC-MS/MS
SMP-00525,2.81,39556.6,7482.4,7553.6,0.0414,Acetaminophen,LC-MS/MS
SMP-00525,4.15,84051.4,12930.9,13592.1,0.0834,Caffeine,LC-MS/MS
SMP-00525,5.65,23811.7,5087.3,5159.9,0.024,Aspirin,LC-MS/MS
SMP-00525,7.22,67844.0,11573.5,12165.2,0.0682,Benzoic Acid,LC-MS/MS
SMP-00525,8.94,32112.9,6918.7,7086.3,0.0314,Phenacetin,LC-MS/MS
SMP-00525,10.41,14652.0,3296.9,3354.4,0.0147,Salicylic Acid,LC-MS/MS
SMP-00525,12.08,50568.4,9546.4,9783.6,0.0509,Chlorpheniramine,LC-MS/MS
SMP-00526,1.27,12152.7,2996.4,3188.0,0.0117,Uracil,LC-MS/MS
SMP-00526,2.84,38193.9,7674.1,7726.3,0.0396,Acetaminophen,LC-MS/MS
SMP-00526,4.15,80992.2,12931.6,13120.1,0.083,Caffeine,LC-MS/MS
SMP-00526,5.59,26819.3,5912.3,6070.8,0.0263,Aspirin,LC-MS/MS
SMP-00526,7.2,72414.8,11549.2,12138.6,0.0701,Benzoic Acid,LC-MS/MS
SMP-00526,8.97,38132.6,7684.9,8114.3,0.0396,Phenacetin,LC-MS/MS
SMP-00526,10.41,13305.2,3214.1,3272.0,0.0133,Salicylic Acid,LC-MS/MS
SMP-00526,12.11,54270.7,9651.9,9782.8,0.0559,Chlorpheniramine,LC-MS/MS
SMP-00527,1.22,15685.3,3899.5,4012.3,0.0155,Uracil,LC-MS/MS
SMP-00527,2.82,50163.9,9501.1,9897.5,0.0501,Acetaminophen,LC-MS/MS
SMP-00527,4.16,93842.0,16110.9,16208.4,0.0953,Caffeine,LC-MS/MS
SMP-00527,5.61,24489.4,5340.9,5479.2,0.0254,Aspirin,LC-MS/MS
SMP-00527,7.19,70148.5,11756.9,12733.3,0.0713,Benzoic Acid,LC-MS/MS
SMP-00527,8.92,29630.3,5874.4,5962.4,0.0286,Phenacetin,LC-MS/MS
SMP-00527,10.33,64681.2,14807.7,13863.2,0.0645,Salicylic Acid,LC-MS/MS
SMP-00527,12.09,55905.9,9628.1,9973.3,0.0543,Chlorpheniramine,LC-MS/MS
SMP-00528,1.2,13506.6,3433.2,3329.5,0.0138,Uracil,LC-MS/MS
SMP-00528,2.79,42365.6,7821.1,8103.0,0.0411,Acetaminophen,LC-MS/MS
SMP-00528,4.18,78013.7,12340.9,12428.4,0.076,Caffeine,LC-MS/MS
SMP-00528,5.63,20693.2,4509.6,4649.3,0.0216,Aspirin,LC-MS/MS
SMP-00528,7.18,68864.4,11443.5,12089.3,0.067,Benzoic Acid,LC-MS/MS
SMP-00528,8.97,40609.4,8082.6,8167.4,0.04,Phenacetin,LC-MS/MS
SMP-00528,10.38,14731.9,3452.2,3531.3,0.015,Salicylic Acid,LC-MS/MS
SMP-00528,12.12,50204.1,9200.3,9661.5,0.05,Chlorpheniramine,LC-MS/MS
SMP-00529,1.25,13098.5,3195.1,3292.3,0.013,Uracil,LC-MS/MS
SMP-00529,2.81,46644.9,9071.9,9493.1,0.0483,Acetaminophen,LC-MS/MS
SMP-00529,4.12,94389.6,16268.5,16766.7,0.093,Caffeine,LC-MS/MS
SMP-00529,5.61,20059.6,4597.3,4791.9,0.02,Aspirin,LC-MS/MS
SMP-00529,7.2,61787.0,10211.3,10167.0,0.0636,Benzoic Acid,LC-MS/MS
SMP-00529,8.99,33397.4,6969.5,6931.2,0.0337,Phenacetin,LC-MS/MS
SMP-00529,10.41,13244.4,3024.1,3051.9,0.0133,Salicylic Acid,LC-MS/MS
SMP-00529,12.01,53716.1,9985.9,10327.6,0.0531,Chlorpheniramine,LC-MS/MS
SMP-00530,1.27,13363.8,3433.0,3548.5,0.0135,Uracil,LC-MS/MS
SMP-00530,2.8,42980.7,8562.0,8647.8,0.0441,Acetaminophen,LC-MS/MS
SMP-00530,4.15,86259.8,14478.3,15630.2,0.0882,Caffeine,LC-MS/MS
SMP-00530,5.62,20122.8,4466.3,4632.7,0.0199,Aspirin,LC-MS/MS
SMP-00530,7.25,64416.1,11108.5,11806.8,0.0645,Benzoic Acid,LC-MS/MS
SMP-00530,8.91,24676.0,4765.4,4970.6,0.025,Phenacetin,LC-MS/MS
SMP-00530,10.41,13883.0,3419.4,3511.2,0.0136,Salicylic Acid,LC-MS/MS
SMP-00530,12.11,60756.1,11290.4,11688.0,0.0593,Chlorpheniramine,LC-MS/MS
SMP-00531,1.29,12161.4,3135.4,3159.3,0.0124,Uracil,LC-MS/MS
SMP-00531,2.8,51878.5,10107.8,10275.2,0.0517,Acetaminophen,LC-MS/MS
SMP-00531,4.16,88865.9,14479.7,14031.6,0.088,Caffeine,LC-MS/MS
SMP-00531,5.63,18862.5,4271.1,4401.8,0.0187,Aspirin,LC-MS/MS
SMP-00531,7.26,73231.6,12469.2,12804.5,0.0739,Benzoic Acid,LC-MS/MS
SMP-00531,8.88,32759.1,6811.9,7409.1,0.0323,Phenacetin,LC-MS/MS
SMP-00531,10.4,17980.0,4276.1,4520.6,0.0179,Salicylic Acid,LC-MS/MS
SMP-00531,12.11,65904.2,11510.4,11436.0,0.0666,Chlorpheniramine,LC-MS/MS
SMP-00532,1.25,13313.0,3270.2,3279.7,0.0136,Uracil,LC-MS/MS
SMP-00532,2.76,45025.8,9110.7,9170.1,0.044,Acetaminophen,LC-MS/MS
SMP-00532,4.17,61749.3,9640.5,9745.3,0.0639,Caffeine,LC-MS/MS
SMP-00532,5.6,19833.2,4408.7,4450.4,0.0197,Aspirin,LC-MS/MS
SMP-00532,7.19,70610.4,11592.7,11904.7,0.0707,Benzoic Acid,LC-MS/MS
SMP-00532,9.0,27581.2,5781.7,5768.4,0.0283,Phenacetin,LC-MS/MS
SMP-00532,10.39,18293.0,4592.9,4587.5,0.0183,Salicylic Acid,LC-MS/MS
SMP-00532,12.1,61755.8,11139.6,12068.4,0.0609,Chlorpheniramine,LC-MS/MS
SMP-00533,1.3,11288.3,2959.3,3003.2,0.0109,Uracil,LC-MS/MS
SMP-00533,2.77,47076.7,9313.8,9599.2,0.0474,Acetaminophen,LC-MS/MS
SMP-00533,4.17,90338.4,14386.2,14833.8,0.0887,Caffeine,LC-MS/MS
SMP-00533,5.62,27773.0,6246.2,6321.0,0.0282,Aspirin,LC-MS/MS
SMP-00533,7.19,71681.6,12437.0,12816.7,0.0718,Benzoic Acid,LC-MS/MS
SMP-00533,9.01,33186.0,6773.2,6922.2,0.034,Phenacetin,LC-MS/MS
SMP-00533,10.39,15352.0,3890.6,3962.9,0.0153,Salicylic Acid,LC-MS/MS
SMP-00533,12.11,57064.7,10205.3,10794.9,0.0576,Chlorpheniramine,LC-MS/MS
SMP-00534,1.23,14024.7,3886.3,4014.9,0.0137,Uracil,LC-MS/MS
SMP-00534,2.78,42904.9,8383.6,8649.7,0.0405,Acetaminophen,LC-MS/MS
SMP-00534,4.15,104608.4,17547.8,18360.2,0.1058,Caffeine,LC-MS/MS
SMP-00534,5.62,21578.6,5051.8,5297.5,0.0211,Aspirin,LC-MS/MS
SMP-00534,7.18,61819.4,10004.3,10106.9,0.0609,Benzoic Acid,LC-MS/MS
SMP-00534,8.98,32408.6,6481.7,6618.7,0.0325,Phenacetin,LC-MS/MS
SMP-00534,10.36,18850.5,4752.6,4865.3,0.019,Salicylic Acid,LC-MS/MS
SMP-00534,12.11,49024.6,8797.8,8912.3,0.0495,Chlorpheniramine,LC-MS/MS
SMP-00535,1.23,12444.2,3201.8,3255.9,0.0127,Uracil,LC-MS/MS
SMP-00535,2.79,52568.1,10060.4,10414.1,0.0521,Acetaminophen,LC-MS/MS
SMP-00535,4.09,99872.6,16154.0,16945.2,0.1,Caffeine,LC-MS/MS
SMP-00535,5.56,23207.2,4897.5,4946.9,0.0236,Aspirin,LC-MS/MS
SMP-00535,7.19,73444.4,11810.7,12125.7,0.0731,Benzoic Acid,LC-MS/MS
SMP-00535,8.98,26569.0,5152.0,5154.7,0.0276,Phenacetin,LC-MS/MS
SMP-00535,10.41,15688.4,3842.5,3956.6,0.0162,Salicylic Acid,LC-MS/MS
SMP-00535,12.1,65292.1,11841.1,12712.9,0.0638,Chlorpheniramine,LC-MS/MS
SMP-00536,1.25,11850.7,2984.6,3059.6,0.0119,Uracil,LC-MS/MS
SMP-00536,2.83,46658.7,9232.7,9396.9,0.0461,Acetaminophen,LC-MS/MS
SMP-00536,4.17,84446.8,13409.3,13906.5,0.0823,Caffeine,LC-MS/MS
SMP-00536,5.55,28629.8,6177.0,6484.7,0.0287,Aspirin,LC-MS/MS
SMP-00536,7.15,76476.7,12831.8,12873.0,0.0791,Benzoic Acid,LC-MS/MS
SMP-00536,8.98,32409.7,6538.8,6720.0,0.0334,Phenacetin,LC-MS/MS
SMP-00536,10.4,15610.0,3699.9,3935.9,0.0155,Salicylic Acid,LC-MS/MS
SMP-00536,12.13,62720.1,11061.5,11659.4,0.0607,Chlorpheniramine,LC-MS/MS
SMP-00537,1.25,12008.8,3107.3,3193.0,0.0123,Uracil,LC-MS/MS
SMP-00537,2.78,42465.6,9028.1,8911.1,0.0434,Acetaminophen,LC-MS/MS
SMP-00537,4.15,104472.3,17363.8,18194.3,0.1065,Caffeine,LC-MS/MS
SMP-00537,5.55,26699.1,6002.2,6124.7,0.0281,Aspirin,LC-MS/MS
SMP-00537,7.19,74874.3,11861.9,12390.3,0.0744,Benzoic Acid,LC-MS/MS
SMP-00537,8.92,31214.3,6467.0,6719.6,0.0312,Phenacetin,LC-MS/MS
SMP-00537,10.44,17366.0,4394.2,4379.3,0.0174,Salicylic Acid,LC-MS/MS
SMP-00537,12.04,51141.9,9131.9,9501.6,0.0508,Chlorpheniramine,LC-MS/MS
SMP-00538,1.24,14967.1,3763.2,3945.0,0.0151,Uracil,LC-MS/MS
SMP-00538,2.8,53343.0,10698.2,11070.3,0.0509,Acetaminophen,LC-MS/MS
SMP-00538,4.17,101240.8,15733.0,16152.4,0.105,Caffeine,LC-MS/MS
SMP-00538,5.62,22958.3,4631.7,4863.9,0.0236,Aspirin,LC-MS/MS
SMP-00538,7.17,62115.2,10090.8,10168.8,0.0612,Benzoic Acid,LC-MS/MS
SMP-00538,8.96,32267.5,6316.5,6400.3,0.0314,Phenacetin,LC-MS/MS
SMP-00538,10.46,14601.6,3509.3,3572.6,0.0142,Salicylic Acid,LC-MS/MS
SMP-00538,12.11,57874.9,10514.8,11053.6,0.0575,Chlorpheniramine,LC-MS/MS
SMP-00539,1.25,15258.0,3951.4,4059.6,0.0153,Uracil,LC-MS/MS
SMP-00539,2.78,46672.0,9347.6,9654.8,0.0476,Acetaminophen,LC-MS/MS
SMP-00539,4.11,94307.3,15884.3,15877.5,0.0929,Caffeine,LC-MS/MS
SMP-00539,5.6,19932.7,4449.9,4541.0,0.0203,Aspirin,LC-MS/MS
SMP-00539,7.22,75754.5,12272.6,12675.6,0.0745,Benzoic Acid,LC-MS/MS
SMP-00539,8.97,33453.7,6895.1,7044.2,0.0333,Phenacetin,LC-MS/MS
SMP-00539,10.39,14019.9,3452.4,3563.4,0.014,Salicylic Acid,LC-MS/MS
SMP-00539,12.13,48288.2,8883.1,8909.9,0.0484,Chlorpheniramine,LC-MS/MS
SMP-00540,1.26,10572.0,2754.2,2871.4,0.0104,Uracil,LC-MS/MS
SMP-00540,2.84,42337.6,8384.8,8713.4,0.0413,Acetaminophen,LC-MS/MS
SMP-00540,4.14,99629.5,16351.7,16968.7,0.0999,Caffeine,LC-MS/MS
SMP-00540,5.64,24194.4,5382.9,5540.0,0.0245,Aspirin,LC-MS/MS
SMP-00540,7.2,55137.4,9323.9,9575.0,0.0549,Benzoic Acid,LC-MS/MS
SMP-00540,9.03,34109.3,7027.0,7224.2,0.0339,Phenacetin,LC-MS/MS
SMP-00540,10.36,15879.6,4103.2,4166.7,0.0161,Salicylic Acid,LC-MS/MS
SMP-00540,12.06,49564.2,8797.2,9042.1,0.0504,Chlorpheniramine,LC-MS/MS
SMP-00541,1.25,11341.4,2894.6,2907.1,0.0112,Uracil,LC-MS/MS
SMP-00541,2.85,47388.1,9245.0,9310.4,0.0455,Acetaminophen,LC-MS/MS
SMP-00541,4.1,101295.3,16995.4,17785.0,0.1043,Caffeine,LC-MS/MS
SMP-00541,5.6,24564.5,5568.8,5622.8,0.0242,Aspirin,LC-MS/MS
SMP-00541,7.24,55982.8,8919.2,9024.2,0.0578,Benzoic Acid,LC-MS/MS
SMP-00541,8.93,136948.5,30488.0,24587.4,0.1367,Phenacetin,LC-MS/MS
SMP-00541,10.39,16584.8,4000.4,4058.9,0.0169,Salicylic Acid,LC-MS/MS
SMP-00541,12.07,52074.9,9365.3,9617.4,0.0519,Chlorpheniramine,LC-MS/MS
SMP-00542,1.27,13649.3,3441.7,3533.2,0.0141,Uracil,LC-MS/MS
SMP-00542,2.82,48398.8,9184.8,9263.5,0.0486,Acetaminophen,LC-MS/MS
SMP-00542,4.19,98186.3,16356.4,16766.7,0.0974,Caffeine,LC-MS/MS
SMP-00542,5.58,23431.8,5074.8,5319.0,0.0234,Aspirin,LC-MS/MS
SMP-00542,7.21,406741.2,58447.1,55945.7,0.4217,Benzoic Acid,LC-MS/MS
SMP-00542,8.9,28420.6,5660.6,5895.1,0.0289,Phenacetin,LC-MS/MS
SMP-00542,10.38,15538.6,3840.4,3983.4,0.0152,Salicylic Acid,LC-MS/MS
SMP-00542,12.09,60464.8,10706.3,11017.9,0.0605,Chlorpheniramine,LC-MS/MS
SMP-00543,1.27,15481.6,3846.9,3994.8,0.0156,Uracil,LC-MS/MS
SMP-00543,2.78,40006.1,7869.2,7994.6,0.0399,Acetaminophen,LC-MS/MS
SMP-00543,4.09,59117.3,9711.4,9962.2,0.0585,Caffeine,LC-MS/MS
SMP-00543,5.59,22598.8,4729.5,4879.9,0.0221,Aspirin,LC-MS/MS
SMP-00543,7.21,59919.3,10235.0,10505.4,0.0599,Benzoic Acid,LC-MS/MS
SMP-00543,8.91,34100.8,6817.5,7035.3,0.0336,Phenacetin,LC-MS/MS
SMP-00543,10.37,18623.8,4704.7,4726.8,0.0189,Salicylic Acid,LC-MS/MS
SMP-00543,12.13,48932.2,8716.0,8920.7,0.0485,Chlorpheniramine,LC-MS/MS
SMP-00544,1.24,13771.1,3361.9,3614.0,0.0139,Uracil,LC-MS/MS
SMP-00544,2.84,54302.2,10684.3,11036.4,0.0541,Acetaminophen,LC-MS/MS
SMP-00544,4.16,95511.1,15824.0,16844.9,0.0936,Caffeine,LC-MS/MS
SMP-00544,5.57,22956.9,5016.9,5287.2,0.0228,Aspirin,LC-MS/MS
SMP-00544,7.23,67671.3,11609.8,11852.1,0.07,Benzoic Acid,LC-MS/MS
SMP-00544,8.93,33535.8,7079.6,7302.8,0.0329,Phenacetin,LC-MS/MS
SMP-00544,10.42,13797.6,3376.1,3508.5,0.0136,Salicylic Acid,LC-MS/MS
SMP-00544,12.07,62225.0,11335.3,11681.8,0.0605,Chlorpheniramine,LC-MS/MS
SMP-00545,1.26,13194.6,3413.1,3650.5,0.0133,Uracil,LC-MS/MS
SMP-00545,2.78,45930.1,8904.6,8964.0,0.0455,Acetaminophen,LC-MS/MS
SMP-00545,4.09,101047.7,15941.2,16980.2,0.102,Caffeine,LC-MS/MS
SMP-00545,5.6,26402.2,5826.8,5945.5,0.026,Aspirin,LC-MS/MS
SMP-00545,7.21,91283.8,14736.8,15170.8,0.0913,Benzoic Acid,LC-MS/MS
SMP-00545,8.95,32613.7,6835.1,7160.1,0.0315,Phenacetin,LC-MS/MS
SMP-00545,10.35,17182.0,4119.6,4098.9,0.0169,Salicylic Acid,LC-MS/MS
SMP-00545,12.05,51627.1,9555.8,9961.7,0.0529,Chlorpheniramine,LC-MS/MS
SMP-00546,1.24,11357.4,2905.0,3017.8,0.0112,Uracil,LC-MS/MS
SMP-00546,2.74,45231.2,9034.2,9463.0,0.0465,Acetaminophen,LC-MS/MS
SMP-00546,4.15,76091.3,12595.9,13011.0,0.0787,Caffeine,LC-MS/MS
SMP-00546,5.59,26597.2,5709.0,6178.0,0.0259,Aspirin,LC-MS/MS
SMP-00546,7.17,60373.1,10046.5,10219.0,0.0626,Benzoic Acid,LC-MS/MS
SMP-00546,8.95,32022.5,7147.3,7459.7,0.0325,Phenacetin,LC-MS/MS
SMP-00546,10.4,15399.9,3862.9,3928.7,0.0149,Salicylic Acid,LC-MS/MS
SMP-00546,12.12,53068.8,10155.0,10611.1,0.0541,Chlorpheniramine,LC-MS/MS
SMP-00547,1.21,12569.9,3239.1,3361.9,0.0124,Uracil,LC-MS/MS
SMP-00547,2.75,50039.6,9511.7,9772.9,0.0493,Acetaminophen,LC-MS/MS
SMP-00547,4.2,106454.7,16948.9,17633.8,0.1052,Caffeine,LC-MS/MS
SMP-00547,5.62,20102.9,4550.0,4585.2,0.0204,Aspirin,LC-MS/MS
SMP-00547,7.19,79021.0,13047.7,13971.4,0.0799,Benzoic Acid,LC-MS/MS
SMP-00547,8.94,23463.7,4586.5,4799.3,0.0233,Phenacetin,LC-MS/MS
SMP-00547,10.42,14178.8,3391.9,3392.4,0.0148,Salicylic Acid,LC-MS/MS
SMP-00547,12.13,51375.6,9261.9,9539.4,0.0501,Chlorpheniramine,LC-MS/MS
SMP-00548,1.27,13061.9,3307.0,3400.2,0.013,Uracil,LC-MS/MS
SMP-00548,2.82,42207.5,8899.4,9281.4,0.0426,Acetaminophen,LC-MS/MS
SMP-00548,4.19,113232.7,19036.8,19614.7,0.1119,Caffeine,LC-MS/MS
SMP-00548,5.65,21430.0,4772.0,4844.9,0.0212,Aspirin,LC-MS/MS
SMP-00548,7.16,56964.7,9836.5,9968.9,0.0567,Benzoic Acid,LC-MS/MS
SMP-00548,8.94,28034.6,5671.4,5772.8,0.0276,Phenacetin,LC-MS/MS
SMP-00548,10.38,14858.2,3634.4,3848.8,0.0152,Salicylic Acid,LC-MS/MS
SMP-00548,12.12,56103.1,9900.5,10185.7,0.055,Chlorpheniramine,LC-MS/MS
SMP-00549,1.23,13597.9,3318.3,3444.4,0.0133,Uracil,LC-MS/MS
SMP-00549,2.79,46067.2,9258.3,9569.3,0.0478,Acetaminophen,LC-MS/MS
SMP-00549,4.14,78707.6,12489.4,12933.0,0.0782,Caffeine,LC-MS/MS
SMP-00549,5.58,23952.5,5457.7,5719.3,0.0247,Aspirin,LC-MS/MS
SMP-00549,7.17,64922.0,10083.3,10842.5,0.0677,Benzoic Acid,LC-MS/MS
SMP-00549,8.98,26296.4,5496.4,5730.1,0.0256,Phenacetin,LC-MS/MS
SMP-00549,10.38,16331.7,4098.9,4130.3,0.0166,Salicylic Acid,LC-MS/MS
SMP-00549,12.12,57982.7,10488.6,10732.4,0.0606,Chlorpheniramine,LC-MS/MS
SMP-00550,1.31,12627.6,3389.6,3404.5,0.0124,Uracil,LC-MS/MS
SMP-00550,2.79,45670.3,9418.0,9924.7,0.0442,Acetaminophen,LC-MS/MS
SMP-00550,4.16,77537.5,13165.1,13566.8,0.0797,Caffeine,LC-MS/MS
SMP-00550,5.56,26015.5,5512.7,5695.5,0.0263,Aspirin,LC-MS/MS
SMP-00550,7.19,67083.4,10806.1,10960.5,0.0658,Benzoic Acid,LC-MS/MS
SMP-00550,8.95,33713.1,6794.9,7279.6,0.0337,Phenacetin,LC-MS/MS
SMP-00550,10.48,13983.1,3304.0,3390.1,0.0144,Salicylic Acid,LC-MS/MS
SMP-00550,12.08,47037.1,8141.1,8698.2,0.0476,Chlorpheniramine,LC-MS/MS
SMP-00551,1.2,13266.2,3279.5,3273.1,0.0134,Uracil,LC-MS/MS
SMP-00551,2.81,39170.8,7404.2,7843.9,0.0395,Acetaminophen,LC-MS/MS
SMP-00551,4.13,87610.9,13817.4,13746.2,0.0897,Caffeine,LC-MS/MS
SMP-00551,5.63,20890.8,4687.2,4715.5,0.0206,Aspirin,LC-MS/MS
SMP-00551,7.2,61002.4,10343.2,10851.2,0.0611,Benzoic Acid,LC-MS/MS
SMP-00551,8.88,31835.9,6146.2,6152.6,0.0322,Phenacetin,LC-MS/MS
SMP-00551,10.42,14235.1,3302.5,3374.3,0.0138,Salicylic Acid,LC-MS/MS
SMP-00551,12.08,55936.1,9909.2,10315.3,0.0548,Chlorpheniramine,LC-MS/MS
SMP-00552,1.24,9670.6,2466.4,2526.3,0.0095,Uracil,LC-MS/MS
SMP-00552,2.81,50377.8,9757.4,10214.8,0.0506,Acetaminophen,LC-MS/MS
SMP-00552,4.19,86449.3,13907.9,14395.7,0.0854,Caffeine,LC-MS/MS
SMP-00552,5.6,20926.8,4703.8,4701.8,0.0208,Aspirin,LC-MS/MS
SMP-00552,7.2,78189.1,13029.4,13439.9,0.0789,Benzoic Acid,LC-MS/MS
SMP-00552,8.94,25516.9,5142.5,5322.8,0.0255,Phenacetin,LC-MS/MS
SMP-00552,10.46,15695.4,4011.9,4095.1,0.0155,Salicylic Acid,LC-MS/MS
SMP-00552,12.09,35330.8,6379.5,6562.9,0.035,Chlorpheniramine,LC-MS/MS
SMP-00553,1.24,14780.3,3712.0,3677.4,0.0147,Uracil,LC-MS/MS
SMP-00553,2.81,47843.8,9883.9,10549.4,0.0486,Acetaminophen,LC-MS/MS
SMP-00553,4.14,76099.3,11892.5,12495.8,0.0746,Caffeine,LC-MS/MS
SMP-00553,5.57,19398.3,4340.9,4705.9,0.019,Aspirin,LC-MS/MS
SMP-00553,7.21,70735.4,11376.2,11615.4,0.0702,Benzoic Acid,LC-MS/MS
SMP-00553,8.97,33970.4,6839.2,6845.3,0.0341,Phenacetin,LC-MS/MS
SMP-00553,10.42,14992.4,3711.2,3931.3,0.0151,Salicylic Acid,LC-MS/MS
SMP-00553,12.1,48091.8,9081.9,9634.7,0.0473,Chlorpheniramine,LC-MS/MS
SMP-00554,1.24,13355.6,3203.0,3201.9,0.0135,Uracil,LC-MS/MS
SMP-00554,2.79,48079.8,9615.4,9844.8,0.0479,Acetaminophen,LC-MS/MS
SMP-00554,4.2,98617.0,16567.0,17000.1,0.1001,Caffeine,LC-MS/MS
SMP-00554,5.63,22302.7,4892.5,5034.7,0.0224,Aspirin,LC-MS/MS
SMP-00554,7.23,76591.9,12595.4,12924.0,0.0785,Benzoic Acid,LC-MS/MS
SMP-00554,8.98,32684.0,7032.6,7147.4,0.0338,Phenacetin,LC-MS/MS
SMP-00554,10.37,15187.9,3811.4,3930.6,0.015,Salicylic Acid,LC-MS/MS
SMP-00554,12.1,48064.4,8623.9,9152.9,0.0474,Chlorpheniramine,LC-MS/MS
SMP-00555,1.29,12713.7,3194.3,3193.5,0.0124,Uracil,LC-MS/MS
SMP-00555,2.84,42719.2,8458.5,8744.0,0.0423,Acetaminophen,LC-MS/MS
SMP-00555,4.18,90027.3,14566.6,14708.6,0.0886,Caffeine,LC-MS/MS
SMP-00555,5.59,24943.3,5824.1,6060.5,0.0239,Aspirin,LC-MS/MS
SMP-00555,7.19,70886.6,11654.7,12100.1,0.0687,Benzoic Acid,LC-MS/MS
SMP-00555,8.94,32410.2,6878.3,7321.8,0.0329,Phenacetin,LC-MS/MS
SMP-00555,10.42,15768.7,3802.6,3883.8,0.0157,Salicylic Acid,LC-MS/MS
SMP-00555,12.11,49530.4,8718.8,9008.0,0.0497,Chlorpheniramine,LC-MS/MS
SMP-00556,1.24,12695.0,3347.1,3467.9,0.0131,Uracil,LC-MS/MS
SMP-00556,2.83,49336.4,9454.4,9565.2,0.049,Acetaminophen,LC-MS/MS
SMP-00556,4.14,88578.2,14971.2,15388.2,0.0862,Caffeine,LC-MS/MS
SMP-00556,5.64,21184.2,4544.4,4728.8,0.0208,Aspirin,LC-MS/MS
SMP-00556,7.18,67646.2,10848.5,11368.9,0.0668,Benzoic Acid,LC-MS/MS
SMP-00556,8.97,36354.8,7464.1,7590.1,0.0366,Phenacetin,LC-MS/MS
SMP-00556,10.41,15319.5,3883.0,4066.4,0.0156,Salicylic Acid,LC-MS/MS
SMP-00556,12.07,49288.7,8448.8,8822.2,0.0496,Chlorpheniramine,LC-MS/MS
SMP-00557,1.21,12130.6,3039.5,3056.2,0.0127,Uracil,LC-MS/MS
SMP-00557,2.77,49665.1,9569.2,9848.2,0.0506,Acetaminophen,LC-MS/MS
SMP-00557,4.14,82005.6,13442.0,14291.6,0.0842,Caffeine,LC-MS/MS
SMP-00557,5.63,23956.6,5218.3,5371.6,0.0252,Aspirin,LC-MS/MS
SMP-00557,7.26,71014.8,11442.3,11885.1,0.0702,Benzoic Acid,LC-MS/MS
SMP-00557,8.97,29432.2,5955.7,6135.4,0.0286,Phenacetin,LC-MS/MS
SMP-00557,10.41,13976.4,3442.2,3514.5,0.0136,Salicylic Acid,LC-MS/MS
SMP-00557,12.06,56206.3,10011.2,10315.0,0.0554,Chlorpheniramine,LC-MS/MS
SMP-00558,1.25,13605.1,3426.3,3455.4,0.0136,Uracil,LC-MS/MS
SMP-00558,2.79,53486.2,10769.3,11106.8,0.0526,Acetaminophen,LC-MS/MS
SMP-00558,4.12,76293.5,12139.9,12587.4,0.0771,Caffeine,LC-MS/MS
SMP-00558,5.6,23895.2,5585.8,5774.7,0.0241,Aspirin,LC-MS/MS
SMP-00558,7.14,74186.5,12145.1,12346.8,0.0731,Benzoic Acid,LC-MS/MS
SMP-00558,8.97,31228.9,6276.1,6318.1,0.031,Phenacetin,LC-MS/MS
SMP-00558,10.4,16788.4,4082.4,4148.6,0.0163,Salicylic Acid,LC-MS/MS
SMP-00558,12.04,52767.9,9143.0,9322.6,0.0514,Chlorpheniramine,LC-MS/MS
SMP-00559,1.3,13766.5,3530.1,3583.5,0.014,Uracil,LC-MS/MS
SMP-00559,2.74,45786.4,8520.9,9069.1,0.045,Acetaminophen,LC-MS/MS
SMP-00559,4.15,104838.5,17349.2,18541.7,0.1045,Caffeine,LC-MS/MS
SMP-00559,5.61,21891.0,4728.7,5010.8,0.0221,Aspirin,LC-MS/MS
SMP-00559,7.13,64454.2,10867.6,10961.8,0.0617,Benzoic Acid,LC-MS/MS
SMP-00559,8.93,32228.0,6760.3,6761.1,0.0331,Phenacetin,LC-MS/MS
SMP-00559,10.43,15908.6,3921.1,4022.5,0.0162,Salicylic Acid,LC-MS/MS
SMP-00559,12.08,55598.2,10114.6,10582.4,0.0554,Chlorpheniramine,LC-MS/MS
SMP-00560,1.25,11108.4,2786.6,2906.6,0.0109,Uracil,LC-MS/MS
SMP-00560,2.81,46578.6,8885.4,8773.2,0.0466,Acetaminophen,LC-MS/MS
SMP-00560,4.17,100656.2,16582.3,17113.8,0.1012,Caffeine,LC-MS/MS
SMP-00560,5.59,24213.2,5311.4,5541.0,0.0245,Aspirin,LC-MS/MS
SMP-00560,7.19,77023.8,13353.4,14379.3,0.0765,Benzoic Acid,LC-MS/MS
SMP-00560,8.9,32360.6,6284.6,6389.8,0.0326,Phenacetin,LC-MS/MS
SMP-00560,10.39,13020.5,3140.3,3286.3,0.0127,Salicylic Acid,LC-MS/MS
SMP-00560,12.15,42329.2,7804.6,7780.7,0.0443,Chlorpheniramine,LC-MS/MS
SMP-00561,1.28,11607.1,2985.6,2992.3,0.0112,Uracil,LC-MS/MS
SMP-00561,2.81,45988.6,8764.7,9203.0,0.0462,Acetaminophen,LC-MS/MS
SMP-00561,4.17,86199.6,14282.5,14622.4,0.0862,Caffeine,LC-MS/MS
SMP-00561,5.6,23972.1,5460.4,5586.5,0.0242,Aspirin,LC-MS/MS
SMP-00561,7.17,88966.1,14680.6,14842.6,0.0884,Benzoic Acid,LC-MS/MS
SMP-00561,8.94,32207.7,6601.1,6740.9,0.0321,Phenacetin,LC-MS/MS
SMP-00561,10.39,16594.4,4029.6,4081.8,0.016,Salicylic Acid,LC-MS/MS
SMP-00561,12.09,58904.4,10739.9,11262.1,0.0599,Chlorpheniramine,LC-MS/MS
SMP-00562,1.29,12172.0,3302.5,3388.3,0.0123,Uracil,LC-MS/MS
SMP-00562,2.84,47734.2,9489.1,10181.7,0.0463,Acetaminophen,LC-MS/MS
SMP-00562,4.19,83670.3,13950.0,14304.4,0.0839,Caffeine,LC-MS/MS
SMP-00562,5.65,25092.5,5404.9,5378.3,0.0251,Aspirin,LC-MS/MS
SMP-00562,7.17,68004.7,11492.7,12031.8,0.0682,Benzoic Acid,LC-MS/MS
SMP-00562,8.99,33301.9,6599.1,6622.2,0.0326,Phenacetin,LC-MS/MS
SMP-00562,10.4,15571.0,3830.8,3873.8,0.0159,Salicylic Acid,LC-MS/MS
SMP-00562,12.11,51364.2,8866.9,9552.8,0.0513,Chlorpheniramine,LC-MS/MS
SMP-00563,1.2,13612.0,3553.2,3782.7,0.0135,Uracil,LC-MS/MS
SMP-00563,2.82,49469.0,9712.3,9810.0,0.0504,Acetaminophen,LC-MS/MS
SMP-00563,4.14,89291.1,14754.9,15627.2,0.0897,Caffeine,LC-MS/MS
SMP-00563,5.58,27368.0,6217.2,6365.8,0.0271,Aspirin,LC-MS/MS
SMP-00563,7.22,73693.6,12233.6,12271.6,0.0717,Benzoic Acid,LC-MS/MS
SMP-00563,8.94,30292.2,6633.8,6955.2,0.0301,Phenacetin,LC-MS/MS
SMP-00563,10.44,15622.4,3763.2,3903.9,0.016,Salicylic Acid,LC-MS/MS
SMP-00563,12.12,58397.7,10140.0,10350.1,0.0589,Chlorpheniramine,LC-MS/MS
SMP-00564,1.27,12639.2,3388.4,3504.1,0.0128,Uracil,LC-MS/MS
SMP-00564,2.77,47919.5,9057.9,9167.6,0.0464,Acetaminophen,LC-MS/MS
SMP-00564,4.2,90676.6,14352.8,14998.3,0.0902,Caffeine,LC-MS/MS
SMP-00564,5.64,22804.5,5004.0,5021.1,0.0231,Aspirin,LC-MS/MS
SMP-00564,7.23,67372.4,11005.8,10903.9,0.0674,Benzoic Acid,LC-MS/MS
SMP-00564,8.94,26161.2,5371.9,5505.8,0.0265,Phenacetin,LC-MS/MS
SMP-00564,10.44,14665.8,3581.9,3822.1,0.0152,Salicylic Acid,LC-MS/MS
SMP-00564,12.15,47193.2,8489.5,8612.6,0.0478,Chlorpheniramine,LC-MS/MS
SMP-00565,1.24,13577.0,3385.4,3409.1,0.0137,Uracil,LC-MS/MS
SMP-00565,2.79,42747.3,8751.5,9295.8,0.0439,Acetaminophen,LC-MS/MS
SMP-00565,4.13,89138.2,13917.5,14295.6,0.0894,Caffeine,LC-MS/MS
SMP-00565,5.57,21873.3,4824.5,4916.9,0.0224,Aspirin,LC-MS/MS
SMP-00565,7.19,68417.9,11105.5,11353.2,0.0714,Benzoic Acid,LC-MS/MS
SMP-00565,8.92,30042.7,6321.3,6245.7,0.0301,Phenacetin,LC-MS/MS
SMP-00565,10.39,13564.8,3437.0,3474.9,0.0136,Salicylic Acid,LC-MS/MS
SMP-00565,12.04,52988.1,9594.4,9542.5,0.0525,Chlorpheniramine,LC-MS/MS
SMP-00566,1.28,11114.9,2845.3,2927.9,0.0111,Uracil,LC-MS/MS
SMP-00566,2.79,46731.0,9120.6,9395.7,0.0477,Acetaminophen,LC-MS/MS
SMP-00566,4.19,100136.8,16332.4,16531.7,0.1003,Caffeine,LC-MS/MS
SMP-00566,5.63,24683.5,5476.9,5585.4,0.0245,Aspirin,LC-MS/MS
SMP-00566,7.1,72404.5,12102.5,12856.1,0.0711,Benzoic Acid,LC-MS/MS
SMP-00566,8.99,34615.2,7132.1,7353.3,0.0351,Phenacetin,LC-MS/MS
SMP-00566,10.38,15513.9,3832.5,3983.5,0.0162,Salicylic Acid,LC-MS/MS
SMP-00566,12.1,56485.1,10430.0,10936.3,0.058,Chlorpheniramine,LC-MS/MS
SMP-00567,1.21,60387.9,16769.4,17105.2,0.0606,Uracil,LC-MS/MS
SMP-00567,2.83,48220.1,9647.6,9896.0,0.0473,Acetaminophen,LC-MS/MS
SMP-00567,4.17,83602.2,14184.5,14408.5,0.084,Caffeine,LC-MS/MS
SMP-00567,5.64,25180.7,5590.5,5817.6,0.0248,Aspirin,LC-MS/MS
SMP-00567,7.21,72663.7,11693.3,12211.5,0.073,Benzoic Acid,LC-MS/MS
SMP-00567,8.95,25819.5,5289.2,5480.3,0.0249,Phenacetin,LC-MS/MS
SMP-00567,10.44,16250.1,4038.9,4248.2,0.0164,Salicylic Acid,LC-MS/MS
SMP-00567,12.09,54638.8,9581.6,9931.4,0.0548,Chlorpheniramine,LC-MS/MS
SMP-00568,1.27,11493.1,2853.3,2872.2,0.0116,Uracil,LC-MS/MS
SMP-00568,2.81,41570.0,7476.1,7695.5,0.0411,Acetaminophen,LC-MS/MS
SMP-00568,4.22,87651.9,14512.8,14893.9,0.0896,Caffeine,LC-MS/MS
SMP-00568,5.63,22452.3,5090.6,5389.3,0.0228,Aspirin,LC-MS/MS
SMP-00568,7.21,68656.8,11520.9,11859.6,0.0681,Benzoic Acid,LC-MS/MS
SMP-00568,8.96,29732.8,6453.2,6552.6,0.0289,Phenacetin,LC-MS/MS
SMP-00568,10.37,14194.5,3564.4,3705.1,0.0141,Salicylic Acid,LC-MS/MS
SMP-00568,12.08,48705.9,8293.7,8783.4,0.0488,Chlorpheniramine,LC-MS/MS
SMP-00569,1.26,12394.5,3187.7,3270.0,0.0122,Uracil,LC-MS/MS
SMP-00569,2.82,50040.1,9667.4,9637.6,0.0502,Acetaminophen,LC-MS/MS
SMP-00569,4.14,89186.1,15068.4,15797.4,0.0896,Caffeine,LC-MS/MS
SMP-00569,5.62,20715.4,4434.9,4570.4,0.0198,Aspirin,LC-MS/MS
SMP-00569,7.23,69652.3,11726.5,11597.8,0.0715,Benzoic Acid,LC-MS/MS
SMP-00569,8.97,28458.4,5648.4,5875.0,0.029,Phenacetin,LC-MS/MS
SMP-00569,10.44,15370.5,3776.2,3936.4,0.0158,Salicylic Acid,LC-MS/MS
SMP-00569,12.06,52072.3,9527.6,9784.9,0.0513,Chlorpheniramine,LC-MS/MS
SMP-00570,1.25,13724.8,3405.1,3477.5,0.0135,Uracil,LC-MS/MS
SMP-00570,2.83,48143.8,8997.0,9580.3,0.0484,Acetaminophen,LC-MS/MS
SMP-00570,4.15,87061.6,13525.1,13954.8,0.087,Caffeine,LC-MS/MS
SMP-00570,5.59,21786.2,4510.3,4657.7,0.0209,Aspirin,LC-MS/MS
SMP-00570,7.24,73736.6,12163.5,12501.5,0.0768,Benzoic Acid,LC-MS/MS
SMP-00570,8.98,28557.5,5915.3,6101.2,0.0276,Phenacetin,LC-MS/MS
SMP-00570,10.41,14703.5,3497.3,3625.7,0.0148,Salicylic Acid,LC-MS/MS
SMP-00570,12.09,52395.2,9288.8,9527.3,0.0507,Chlorpheniramine,LC-MS/MS
SMP-00571,1.22,11281.7,2908.9,3006.8,0.0115,Uracil,LC-MS/MS
SMP-00571,2.8,44326.2,8705.4,8918.4,0.0443,Acetaminophen,LC-MS/MS
SMP-00571,4.14,101518.6,17403.7,17859.6,0.1015,Caffeine,LC-MS/MS
SMP-00571,5.56,23789.2,5386.3,5460.4,0.0236,Aspirin,LC-MS/MS
SMP-00571,7.24,75959.9,12724.5,12889.3,0.0759,Benzoic Acid,LC-MS/MS
SMP-00571,9.01,34875.1,6944.8,7310.1,0.0342,Phenacetin,LC-MS/MS
SMP-00571,10.35,14326.7,3455.0,3666.5,0.0141,Salicylic Acid,LC-MS/MS
SMP-00571,12.09,45752.7,8047.6,8341.0,0.0448,Chlorpheniramine,LC-MS/MS
SMP-00572,1.24,9695.7,2493.6,2622.4,0.0096,Uracil,LC-MS/MS
SMP-00572,2.81,50064.3,9389.7,10026.2,0.0503,Acetaminophen,LC-MS/MS
SMP-00572,4.15,73586.9,11517.1,11984.2,0.0726,Caffeine,LC-MS/MS
SMP-00572,5.6,26135.8,5407.5,5805.3,0.0258,Aspirin,LC-MS/MS
SMP-00572,7.22,73972.9,12636.7,13041.3,0.0718,Benzoic Acid,LC-MS/MS
SMP-00572,8.94,32310.2,6506.7,6678.6,0.0318,Phenacetin,LC-MS/MS
SMP-00572,10.37,14593.5,3596.9,3799.9,0.015,Salicylic Acid,LC-MS/MS
SMP-00572,12.09,55105.7,10234.1,10412.2,0.0551,Chlorpheniramine,LC-MS/MS
SMP-00573,1.22,13320.6,3398.5,3499.6,0.0135,Uracil,LC-MS/MS
SMP-00573,2.77,39200.8,7474.9,7997.5,0.0402,Acetaminophen,LC-MS/MS
SMP-00573,4.13,90766.9,14339.2,14381.6,0.0905,Caffeine,LC-MS/MS
SMP-00573,5.59,21988.4,4552.9,4742.0,0.0217,Aspirin,LC-MS/MS
SMP-00573,7.2,68795.6,11638.4,11882.2,0.0681,Benzoic Acid,LC-MS/MS
SMP-00573,8.95,28338.0,5609.8,5980.3,0.0283,Phenacetin,LC-MS/MS
SMP-00573,10.38,14326.7,3392.9,3394.0,0.0147,Salicylic Acid,LC-MS/MS
SMP-00573,12.11,55951.0,9852.7,10185.6,0.0574,Chlorpheniramine,LC-MS/MS
SMP-00574,1.22,13347.4,3185.7,3301.9,0.0134,Uracil,LC-MS/MS
SMP-00574,2.82,55857.3,10838.4,11380.2,0.0547,Acetaminophen,LC-MS/MS
SMP-00574,4.13,88801.5,13652.2,14141.1,0.089,Caffeine,LC-MS/MS
SMP-00574,5.58,22879.7,5089.2,5154.4,0.0223,Aspirin,LC-MS/MS
SMP-00574,7.21,67855.5,11079.9,11250.2,0.0688,Benzoic Acid,LC-MS/MS
SMP-00574,8.92,24921.6,5081.5,5387.4,0.0248,Phenacetin,LC-MS/MS
SMP-00574,10.43,16259.8,3857.1,4045.6,0.0162,Salicylic Acid,LC-MS/MS
SMP-00574,12.1,47324.5,8497.8,8798.0,0.0472,Chlorpheniramine,LC-MS/MS
SMP-00575,1.26,11301.2,2959.8,3037.7,0.0113,Uracil,LC-MS/MS
SMP-00575,2.79,56431.9,11075.3,11474.8,0.0571,Acetaminophen,LC-MS/MS
SMP-00575,4.13,93967.6,15081.5,14899.3,0.091,Caffeine,LC-MS/MS
SMP-00575,5.6,23201.7,5221.2,5433.4,0.0235,Aspirin,LC-MS/MS
SMP-00575,7.16,68282.1,11113.1,11362.1,0.0674,Benzoic Acid,LC-MS/MS
SMP-00575,8.99,37308.6,7370.1,7425.2,0.037,Phenacetin,LC-MS/MS
SMP-00575,10.43,16414.5,3984.8,4077.6,0.0163,Salicylic Acid,LC-MS/MS
SMP-00575,12.1,64686.6,11474.4,12073.9,0.0656,Chlorpheniramine,LC-MS/MS
SMP-00576,1.26,12064.4,3168.4,3310.5,0.0121,Uracil,LC-MS/MS
SMP-00576,2.8,48293.9,9640.4,9789.9,0.0486,Acetaminophen,LC-MS/MS
SMP-00576,4.18,82604.9,13283.4,13473.7,0.0814,Caffeine,LC-MS/MS
SMP-00576,5.64,20540.4,4479.9,4610.4,0.021,Aspirin,LC-MS/MS
SMP-00576,7.19,60696.7,9936.0,10301.3,0.0618,Benzoic Acid,LC-MS/MS
SMP-00576,8.91,174459.4,31147.0,30847.5,0.1732,Phenacetin,LC-MS/MS
SMP-00576,10.47,16415.9,3735.6,3886.0,0.0167,Salicylic Acid,LC-MS/MS
SMP-00576,12.1,52837.1,9705.8,9973.5,0.0536,Chlorpheniramine,LC-MS/MS
SMP-00577,1.28,12829.2,3334.8,3502.2,0.0133,Uracil,LC-MS/MS
SMP-00577,2.87,52269.4,9824.6,10116.4,0.0532,Acetaminophen,LC-MS/MS
SMP-00577,4.12,81097.1,13362.9,13449.4,0.0781,Caffeine,LC-MS/MS
SMP-00577,5.6,21412.1,4693.3,4774.0,0.0221,Aspirin,LC-MS/MS
SMP-00577,7.23,67408.9,11985.6,12125.5,0.0666,Benzoic Acid,LC-MS/MS
SMP-00577,8.91,35137.9,7405.3,7389.0,0.0353,Phenacetin,LC-MS/MS
SMP-00577,10.39,15673.2,3608.2,3708.0,0.0162,Salicylic Acid,LC-MS/MS
SMP-00577,12.12,54965.0,9704.2,9913.1,0.0555,Chlorpheniramine,LC-MS/MS
SMP-00578,1.25,13356.7,3419.7,3448.2,0.0135,Uracil,LC-MS/MS
SMP-00578,2.81,45434.8,9032.2,9254.1,0.0442,Acetaminophen,LC-MS/MS
SMP-00578,4.19,91166.6,14547.7,15192.5,0.0906,Caffeine,LC-MS/MS
SMP-00578,5.55,17831.4,3857.4,3947.1,0.017,Aspirin,LC-MS/MS
SMP-00578,7.22,74739.1,12016.3,12397.8,0.0762,Benzoic Acid,LC-MS/MS
SMP-00578,8.95,33488.4,6833.9,7220.8,0.0338,Phenacetin,LC-MS/MS
SMP-00578,10.38,15924.9,3737.0,3836.2,0.0159,Salicylic Acid,LC-MS/MS
SMP-00578,12.14,299932.3,49134.6,51498.6,0.2946,Chlorpheniramine,LC-MS/MS
SMP-00579,1.27,13178.7,3456.9,3591.4,0.013,Uracil,LC-MS/MS
SMP-00579,2.76,45847.8,8859.8,8788.3,0.0463,Acetaminophen,LC-MS/MS
SMP-00579,4.14,83981.7,13761.3,14284.3,0.0863,Caffeine,LC-MS/MS
SMP-00579,5.59,22797.1,5050.3,5429.0,0.0224,Aspirin,LC-MS/MS
SMP-00579,7.2,74152.8,12582.5,12533.1,0.0764,Benzoic Acid,LC-MS/MS
SMP-00579,8.95,31017.9,6475.8,6689.7,0.0304,Phenacetin,LC-MS/MS
SMP-00579,10.37,18641.1,4621.9,4591.0,0.0187,Salicylic Acid,LC-MS/MS
SMP-00579,12.09,59579.6,10558.2,10401.3,0.0594,Chlorpheniramine,LC-MS/MS
SMP-00580,1.25,12820.5,3253.4,3279.6,0.0129,Uracil,LC-MS/MS
SMP-00580,2.78,43860.2,8370.9,8440.5,0.0433,Acetaminophen,LC-MS/MS
SMP-00580,4.12,94475.6,15734.5,16125.6,0.0955,Caffeine,LC-MS/MS
SMP-00580,5.56,21381.9,4895.5,4972.9,0.0211,Aspirin,LC-MS/MS
SMP-00580,7.19,71283.7,11306.0,12003.5,0.0728,Benzoic Acid,LC-MS/MS
SMP-00580,9.0,31445.2,6588.2,6648.1,0.0306,Phenacetin,LC-MS/MS
SMP-00580,10.42,13573.8,3339.6,3310.2,0.0131,Salicylic Acid,LC-MS/MS
SMP-00580,12.05,55084.6,10477.9,10509.7,0.0567,Chlorpheniramine,LC-MS/MS
SMP-00581,1.3,11897.7,3310.9,3409.2,0.0117,Uracil,LC-MS/MS
SMP-00581,2.82,46575.2,9048.9,9603.1,0.046,Acetaminophen,LC-MS/MS
SMP-00581,4.14,82977.2,13409.4,13530.8,0.0852,Caffeine,LC-MS/MS
SMP-00581,5.59,19858.3,4421.0,4513.2,0.0197,Aspirin,LC-MS/MS
SMP-00581,7.23,64302.8,10826.7,11004.3,0.0624,Benzoic Acid,LC-MS/MS
SMP-00581,8.91,27912.3,5382.3,5641.1,0.0277,Phenacetin,LC-MS/MS
SMP-00581,10.42,15011.5,3607.9,3762.6,0.0153,Salicylic Acid,LC-MS/MS
SMP-00581,12.04,54137.6,9587.8,9996.6,0.0557,Chlorpheniramine,LC-MS/MS
SMP-00582,1.26,12101.2,3153.1,3359.1,0.0121,Uracil,LC-MS/MS
SMP-00582,2.81,46760.9,9261.9,9374.5,0.0455,Acetaminophen,LC-MS/MS
SMP-00582,4.04,77926.7,12604.5,13334.0,0.0779,Caffeine,LC-MS/MS
SMP-00582,5.62,27075.2,6025.1,6074.2,0.0275,Aspirin,LC-MS/MS
SMP-00582,7.17,59876.0,9464.3,9870.7,0.0598,Benzoic Acid,LC-MS/MS
SMP-00582,9.03,30229.3,6224.4,6502.6,0.03,Phenacetin,LC-MS/MS
SMP-00582,10.41,13482.9,3169.1,3284.5,0.0138,Salicylic Acid,LC-MS/MS
SMP-00582,12.1,49730.8,9203.4,9390.9,0.0486,Chlorpheniramine,LC-MS/MS
SMP-00583,1.23,12183.9,2901.0,3057.8,0.0123,Uracil,LC-MS/MS
SMP-00583,2.84,43956.8,8158.5,8299.6,0.0442,Acetaminophen,LC-MS/MS
SMP-00583,4.13,92843.9,15533.6,16050.0,0.0898,Caffeine,LC-MS/MS
SMP-00583,5.59,23295.6,5133.6,5165.7,0.0236,Aspirin,LC-MS/MS
SMP-00583,7.24,71687.9,12507.1,12924.4,0.0736,Benzoic Acid,LC-MS/MS
SMP-00583,8.97,25942.8,4998.6,5091.9,0.0258,Phenacetin,LC-MS/MS
SMP-00583,10.42,14122.2,3579.2,3662.2,0.0137,Salicylic Acid,LC-MS/MS
SMP-00583,12.11,56351.1,10496.4,10749.3,0.0567,Chlorpheniramine,LC-MS/MS
SMP-00584,1.3,10870.7,2639.8,2717.4,0.0106,Uracil,LC-MS/MS
SMP-00584,2.82,48972.8,9458.7,9637.9,0.0486,Acetaminophen,LC-MS/MS
SMP-00584,4.15,82085.0,13860.0,14237.4,0.0831,Caffeine,LC-MS/MS
SMP-00584,5.6,22467.2,4452.0,4483.3,0.0215,Aspirin,LC-MS/MS
SMP-00584,7.19,79184.8,13221.3,13172.3,0.0793,Benzoic Acid,LC-MS/MS
SMP-00584,8.93,29504.6,5870.1,6201.5,0.0297,Phenacetin,LC-MS/MS
SMP-00584,10.44,14449.6,3428.8,3461.0,0.0147,Salicylic Acid,LC-MS/MS
SMP-00584,12.07,66319.3,11761.5,11681.0,0.0678,Chlorpheniramine,LC-MS/MS
SMP-00585,1.24,13533.0,3578.8,3670.2,0.0136,Uracil,LC-MS/MS
SMP-00585,2.83,48877.7,9427.4,9750.1,0.0476,Acetaminophen,LC-MS/MS
SMP-00585,4.12,98735.7,15781.1,16144.9,0.1002,Caffeine,LC-MS/MS
SMP-00585,5.62,22848.5,5126.5,5222.1,0.0224,Aspirin,LC-MS/MS
SMP-00585,7.21,59624.2,10176.1,10118.0,0.0611,Benzoic Acid,LC-MS/MS
SMP-00585,8.95,26124.2,5235.7,5349.1,0.0264,Phenacetin,LC-MS/MS
SMP-00585,10.37,16667.5,4088.3,4144.5,0.0162,Salicylic Acid,LC-MS/MS
SMP-00585,12.05,57678.5,10597.8,11113.4,0.0585,Chlorpheniramine,LC-MS/MS
SMP-00586,1.24,12054.3,3107.3,3172.1,0.012,Uracil,LC-MS/MS
SMP-00586,2.88,45508.2,8881.4,9081.6,0.0455,Acetaminophen,LC-MS/MS
SMP-00586,4.14,101804.1,16399.4,16893.3,0.1033,Caffeine,LC-MS/MS
SMP-00586,5.56,23677.9,5130.9,5342.1,0.0238,Aspirin,LC-MS/MS
SMP-00586,7.2,60468.7,9535.4,9552.6,0.0593,Benzoic Acid,LC-MS/MS
SMP-00586,8.99,29885.5,6238.4,6316.9,0.0299,Phenacetin,LC-MS/MS
SMP-00586,10.44,18728.3,4463.8,4761.2,0.0186,Salicylic Acid,LC-MS/MS
SMP-00586,12.11,52441.7,9039.1,9395.5,0.0519,Chlorpheniramine,LC-MS/MS
SMP-00587,1.22,12314.1,3151.3,3244.3,0.0126,Uracil,LC-MS/MS
SMP-00587,2.83,44471.3,8676.0,8648.0,0.0453,Acetaminophen,LC-MS/MS
SMP-00587,4.14,102693.2,17113.3,18099.6,0.0996,Caffeine,LC-MS/MS
SMP-00587,5.65,23112.2,4908.8,4996.1,0.0223,Aspirin,LC-MS/MS
SMP-00587,7.18,57139.4,9179.1,9494.7,0.0584,Benzoic Acid,LC-MS/MS
SMP-00587,8.96,30354.6,6137.8,6323.3,0.0306,Phenacetin,LC-MS/MS
SMP-00587,10.41,15440.3,3677.7,3770.7,0.0153,Salicylic Acid,LC-MS/MS
SMP-00587,12.07,50881.4,9150.1,9381.8,0.0507,Chlorpheniramine,LC-MS/MS
SMP-00588,1.23,13227.3,3453.3,3625.0,0.0133,Uracil,LC-MS/MS
SMP-00588,2.83,48969.3,10409.4,10870.1,0.0503,Acetaminophen,LC-MS/MS
SMP-00588,4.11,103070.5,17009.2,17655.9,0.1017,Caffeine,LC-MS/MS
SMP-00588,5.58,22371.5,4906.9,4924.1,0.0222,Aspirin,LC-MS/MS
SMP-00588,7.22,69525.0,11303.2,11730.9,0.067,Benzoic Acid,LC-MS/MS
SMP-00588,9.01,26375.5,5555.5,5720.7,0.0265,Phenacetin,LC-MS/MS
SMP-00588,10.38,16887.0,4112.5,4231.3,0.0173,Salicylic Acid,LC-MS/MS
SMP-00588,12.14,53430.7,10366.3,10701.8,0.0521,Chlorpheniramine,LC-MS/MS
SMP-00589,1.24,13051.2,3327.6,3462.1,0.0133,Uracil,LC-MS/MS
SMP-00589,2.81,49110.5,9770.1,10209.4,0.0483,Acetaminophen,LC-MS/MS
SMP-00589,4.18,79337.5,12941.4,13882.6,0.0811,Caffeine,LC-MS/MS
SMP-00589,5.59,22067.4,5131.1,5233.1,0.0223,Aspirin,LC-MS/MS
SMP-00589,7.2,73104.9,12038.0,12180.1,0.0721,Benzoic Acid,LC-MS/MS
SMP-00589,8.96,26981.0,5591.7,5937.7,0.0286,Phenacetin,LC-MS/MS
SMP-00589,10.43,16141.1,4076.3,4278.3,0.0162,Salicylic Acid,LC-MS/MS
SMP-00589,12.12,54836.6,9800.9,10106.0,0.0553,Chlorpheniramine,LC-MS/MS
SMP-00590,1.25,12216.5,2991.2,3098.9,0.0121,Uracil,LC-MS/MS
SMP-00590,2.86,46796.5,8822.3,9016.6,0.047,Acetaminophen,LC-MS/MS
SMP-00590,4.1,81247.2,12814.7,13170.7,0.0824,Caffeine,LC-MS/MS
SMP-00590,5.6,25238.6,5397.5,5524.5,0.0256,Aspirin,LC-MS/MS
SMP-00590,7.22,53046.2,8343.8,8621.4,0.0541,Benzoic Acid,LC-MS/MS
SMP-00590,8.93,29082.8,5796.3,6069.8,0.0282,Phenacetin,LC-MS/MS
SMP-00590,10.38,14021.0,3385.0,3541.3,0.0143,Salicylic Acid,LC-MS/MS
SMP-00590,12.08,55045.8,10209.3,10627.0,0.0551,Chlorpheniramine,LC-MS/MS
SMP-00591,1.22,13364.3,3487.8,3571.7,0.0132,Uracil,LC-MS/MS
SMP-00591,2.8,44098.8,8835.8,9261.9,0.0441,Acetaminophen,LC-MS/MS
SMP-00591,4.17,102576.9,16972.5,18247.3,0.103,Caffeine,LC-MS/MS
SMP-00591,5.61,22525.8,4962.1,5074.7,0.0221,Aspirin,LC-MS/MS
SMP-00591,7.19,71930.3,11724.9,12066.5,0.0746,Benzoic Acid,LC-MS/MS
SMP-00591,8.97,35689.1,7520.1,7481.8,0.0361,Phenacetin,LC-MS/MS
SMP-00591,10.42,14767.0,3605.1,3761.2,0.0144,Salicylic Acid,LC-MS/MS
SMP-00591,12.09,47972.1,8895.4,8941.2,0.0462,Chlorpheniramine,LC-MS/MS
SMP-00592,1.27,10882.1,2953.6,2934.5,0.0109,Uracil,LC-MS/MS
SMP-00592,2.8,49427.3,9771.9,10011.6,0.0489,Acetaminophen,LC-MS/MS
SMP-00592,4.15,94769.0,15182.5,15829.0,0.0964,Caffeine,LC-MS/MS
SMP-00592,5.58,27309.4,6119.2,6108.5,0.0281,Aspirin,LC-MS/MS
SMP-00592,7.21,74827.6,12367.5,12506.6,0.0737,Benzoic Acid,LC-MS/MS
SMP-00592,9.01,27385.6,5818.0,6101.3,0.0272,Phenacetin,LC-MS/MS
SMP-00592,10.37,13564.1,3314.5,3305.6,0.0135,Salicylic Acid,LC-MS/MS
SMP-00592,12.09,53632.9,9724.4,9909.9,0.0523,Chlorpheniramine,LC-MS/MS
SMP-00593,1.26,12278.1,3086.6,3111.0,0.0125,Uracil,LC-MS/MS
SMP-00593,2.81,44137.1,8164.8,8520.0,0.045,Acetaminophen,LC-MS/MS
SMP-00593,4.12,76691.9,13029.1,12941.7,0.0757,Caffeine,LC-MS/MS
SMP-00593,5.53,21184.7,4528.8,4683.2,0.0212,Aspirin,LC-MS/MS
SMP-00593,7.21,64292.0,9917.4,10123.9,0.0662,Benzoic Acid,LC-MS/MS
SMP-00593,8.97,35313.1,7365.0,7464.7,0.0344,Phenacetin,LC-MS/MS
SMP-00593,10.43,16162.3,3873.0,3846.9,0.0165,Salicylic Acid,LC-MS/MS
SMP-00593,12.07,54183.6,10160.9,10591.2,0.0525,Chlorpheniramine,LC-MS/MS
SMP-00594,1.2,11825.8,3123.0,3239.7,0.0125,Uracil,LC-MS/MS
SMP-00594,2.81,53115.3,10134.2,10777.1,0.0522,Acetaminophen,LC-MS/MS
SMP-00594,4.18,78157.1,12402.8,12593.4,0.0771,Caffeine,LC-MS/MS
SMP-00594,5.6,24228.9,5111.7,5025.5,0.0245,Aspirin,LC-MS/MS
SMP-00594,7.21,69705.8,11565.5,12036.9,0.0691,Benzoic Acid,LC-MS/MS
SMP-00594,8.89,32275.2,6429.4,6612.3,0.0322,Phenacetin,LC-MS/MS
SMP-00594,10.42,16449.1,3890.5,4084.9,0.016,Salicylic Acid,LC-MS/MS
SMP-00594,12.12,57755.5,10142.7,10686.3,0.0584,Chlorpheniramine,LC-MS/MS
SMP-00595,1.24,10939.0,2677.8,2802.0,0.0109,Uracil,LC-MS/MS
SMP-00595,2.86,48075.5,9320.1,9950.3,0.048,Acetaminophen,LC-MS/MS
SMP-00595,4.18,101350.8,16376.5,17221.6,0.0976,Caffeine,LC-MS/MS
SMP-00595,5.61,25181.5,5596.2,5956.8,0.0247,Aspirin,LC-MS/MS
SMP-00595,7.25,67648.7,11052.7,11131.5,0.065,Benzoic Acid,LC-MS/MS
SMP-00595,8.95,31526.6,6455.5,6624.6,0.0323,Phenacetin,LC-MS/MS
SMP-00595,10.39,14483.2,3604.5,3865.8,0.0145,Salicylic Acid,LC-MS/MS
SMP-00595,12.11,56385.1,10530.8,10862.9,0.0567,Chlorpheniramine,LC-MS/MS
SMP-00596,1.19,11092.1,2798.3,2885.8,0.0108,Uracil,LC-MS/MS
SMP-00596,2.82,44324.6,9173.9,9216.7,0.0455,Acetaminophen,LC-MS/MS
SMP-00596,4.14,92162.7,14137.4,14593.4,0.0916,Caffeine,LC-MS/MS
SMP-00596,5.57,21160.9,4714.0,5030.3,0.0214,Aspirin,LC-MS/MS
SMP-00596,7.26,73571.2,12028.2,12098.3,0.0745,Benzoic Acid,LC-MS/MS
SMP-00596,8.95,32830.2,6683.4,6845.9,0.0327,Phenacetin,LC-MS/MS
SMP-00596,10.4,14966.2,3651.4,3908.5,0.0146,Salicylic Acid,LC-MS/MS
SMP-00596,12.09,57031.2,10440.7,10357.5,0.0587,Chlorpheniramine,LC-MS/MS
SMP-00597,1.24,15733.3,4059.7,4174.4,0.0156,Uracil,LC-MS/MS
SMP-00597,2.8,47041.1,9254.7,9650.2,0.0464,Acetaminophen,LC-MS/MS
SMP-00597,4.17,83271.2,14377.0,14656.7,0.0843,Caffeine,LC-MS/MS
SMP-00597,5.63,25544.0,5830.8,5994.9,0.0249,Aspirin,LC-MS/MS
SMP-00597,7.17,58237.8,9495.3,9676.3,0.0574,Benzoic Acid,LC-MS/MS
SMP-00597,8.95,30646.9,6065.0,6426.6,0.0304,Phenacetin,LC-MS/MS
SMP-00597,10.38,17401.3,4180.9,4383.7,0.0174,Salicylic Acid,LC-MS/MS
SMP-00597,12.1,56347.1,10374.4,10639.0,0.0561,Chlorpheniramine,LC-MS/MS
SMP-00598,1.29,14772.4,3767.9,3849.1,0.0146,Uracil,LC-MS/MS
SMP-00598,2.77,42077.3,8537.8,8687.3,0.0431,Acetaminophen,LC-MS/MS
SMP-00598,4.15,96143.4,15540.1,16105.7,0.0938,Caffeine,LC-MS/MS
SMP-00598,5.59,23982.8,5304.9,5419.0,0.0245,Aspirin,LC-MS/MS
SMP-00598,7.23,63149.4,10266.9,10548.9,0.0656,Benzoic Acid,LC-MS/MS
SMP-00598,8.95,27811.2,5768.7,5909.2,0.0276,Phenacetin,LC-MS/MS
SMP-00598,10.36,14563.6,3587.7,3602.0,0.0149,Salicylic Acid,LC-MS/MS
SMP-00598,12.14,64940.4,11830.6,12162.4,0.0652,Chlorpheniramine,LC-MS/MS
SMP-00599,1.29,11992.3,3070.6,3098.0,0.0126,Uracil,LC-MS/MS
SMP-00599,2.83,46400.6,8811.1,8878.6,0.0473,Acetaminophen,LC-MS/MS
SMP-00599,4.14,87959.8,14651.6,15552.5,0.0886,Caffeine,LC-MS/MS
SMP-00599,5.62,24253.9,5374.0,5373.0,0.0241,Aspirin,LC-MS/MS
SMP-00599,7.22,65450.4,10760.2,10969.9,0.0646,Benzoic Acid,LC-MS/MS
SMP-00599,8.94,30420.6,6223.4,6382.6,0.0312,Phenacetin,LC-MS/MS
SMP-00599,10.4,14020.0,3320.0,3434.8,0.0142,Salicylic Acid,LC-MS/MS
SMP-00599,12.08,60579.8,10897.6,11814.7,0.0594,Chlorpheniramine,LC-MS/MS
SMP-00600,1.21,9844.7,2453.2,2564.7,0.0099,Uracil,LC-MS/MS
SMP-00600,2.76,43620.8,8895.2,9130.3,0.044,Acetaminophen,LC-MS/MS
SMP-00600,4.12,88124.4,15128.7,15182.6,0.0866,Caffeine,LC-MS/MS
SMP-00600,5.6,23026.2,5081.0,5258.4,0.0226,Aspirin,LC-MS/MS
SMP-00600,7.21,68173.4,11257.2,11334.1,0.0676,Benzoic Acid,LC-MS/MS
SMP-00600,8.94,30364.4,6291.3,6620.6,0.0304,Phenacetin,LC-MS/MS
SMP-00600,10.45,17258.8,4265.4,4450.1,0.0171,Salicylic Acid,LC-MS/MS
SMP-00600,12.08,52916.0,9313.5,9837.1,0.0524,Chlorpheniramine,LC-MS/MS
SMP-00601,1.25,11808.5,2896.2,2931.5,0.0122,Uracil,LC-MS/MS
SMP-00601,2.79,46440.8,9466.7,9754.3,0.0458,Acetaminophen,LC-MS/MS
SMP-00601,4.16,95153.3,15329.4,15961.0,0.0958,Caffeine,LC-MS/MS
SMP-00601,5.59,22795.5,4943.6,5115.6,0.0226,Aspirin,LC-MS/MS
SMP-00601,7.2,65174.8,10772.8,11018.8,0.067,Benzoic Acid,LC-MS/MS
SMP-00601,8.92,29140.6,6060.5,6301.2,0.0288,Phenacetin,LC-MS/MS
SMP-00601,10.42,17571.0,4183.4,4232.1,0.0174,Salicylic Acid,LC-MS/MS
SMP-00601,12.16,59245.9,10220.9,10802.4,0.0599,Chlorpheniramine,LC-MS/MS
SMP-00602,1.21,12343.1,3180.7,3274.3,0.0126,Uracil,LC-MS/MS
SMP-00602,2.79,42865.6,8023.2,8238.1,0.0442,Acetaminophen,LC-MS/MS
SMP-00602,4.17,94949.9,15143.7,15358.9,0.0951,Caffeine,LC-MS/MS
SMP-00602,5.57,20930.1,4628.3,4746.0,0.021,Aspirin,LC-MS/MS
SMP-00602,7.18,62849.3,10179.9,10546.1,0.0644,Benzoic Acid,LC-MS/MS
SMP-00602,8.93,33003.1,6776.4,6816.5,0.0338,Phenacetin,LC-MS/MS
SMP-00602,10.39,17592.8,4267.8,4491.2,0.0181,Salicylic Acid,LC-MS/MS
SMP-00602,12.13,51687.2,9198.4,9400.9,0.0516,Chlorpheniramine,LC-MS/MS
SMP-00603,1.21,13629.4,3507.3,3700.6,0.0139,Uracil,LC-MS/MS
SMP-00603,2.82,41094.3,8163.6,8227.0,0.0395,Acetaminophen,LC-MS/MS
SMP-00603,4.11,88519.0,14296.1,14809.3,0.0896,Caffeine,LC-MS/MS
SMP-00603,5.65,22060.9,4752.4,4747.0,0.0219,Aspirin,LC-MS/MS
SMP-00603,7.24,70864.3,11789.5,12086.1,0.0697,Benzoic Acid,LC-MS/MS
SMP-00603,8.94,32918.8,7085.6,7200.4,0.0331,Phenacetin,LC-MS/MS
SMP-00603,10.35,15260.5,3595.5,3790.8,0.0156,Salicylic Acid,LC-MS/MS
SMP-00603,12.07,59128.1,11251.2,11476.7,0.0591,Chlorpheniramine,LC-MS/MS
SMP-00604,1.28,11944.8,3003.1,3129.0,0.0118,Uracil,LC-MS/MS
SMP-00604,2.78,36256.2,6746.6,7181.7,0.0358,Acetaminophen,LC-MS/MS
SMP-00604,4.14,98814.3,15957.6,16632.0,0.102,Caffeine,LC-MS/MS
SMP-00604,5.55,22083.6,5018.8,5207.0,0.0227,Aspirin,LC-MS/MS
SMP-00604,7.17,64189.6,10557.7,11092.6,0.0663,Benzoic Acid,LC-MS/MS
SMP-00604,8.96,29720.9,6025.1,6025.5,0.0297,Phenacetin,LC-MS/MS
SMP-00604,10.38,15174.3,3809.1,4076.5,0.0149,Salicylic Acid,LC-MS/MS
SMP-00604,12.12,46862.5,8586.5,8644.3,0.0472,Chlorpheniramine,LC-MS/MS
SMP-00605,1.23,13122.4,3389.7,3455.1,0.013,Uracil,LC-MS/MS
SMP-00605,2.81,48723.0,9881.5,10062.6,0.0497,Acetaminophen,LC-MS/MS
SMP-00605,4.14,95111.6,16103.7,16615.8,0.0919,Caffeine,LC-MS/MS
SMP-00605,5.67,23687.7,5626.0,5931.5,0.0234,Aspirin,LC-MS/MS
SMP-00605,7.19,61849.8,10383.0,10516.3,0.0626,Benzoic Acid,LC-MS/MS
SMP-00605,8.95,33099.0,6759.1,7070.5,0.034,Phenacetin,LC-MS/MS
SMP-00605,10.44,17457.8,4204.4,4387.0,0.0179,Salicylic Acid,LC-MS/MS
SMP-00605,12.08,45220.0,8299.8,8684.6,0.0447,Chlorpheniramine,LC-MS/MS
SMP-00606,1.24,12607.0,3381.7,3380.8,0.0129,Uracil,LC-MS/MS
SMP-00606,2.78,51445.0,10074.8,10234.8,0.0515,Acetaminophen,LC-MS/MS
SMP-00606,4.11,101796.6,16764.3,16810.8,0.1044,Caffeine,LC-MS/MS
SMP-00606,5.57,22603.0,5017.6,5233.8,0.0228,Aspirin,LC-MS/MS
SMP-00606,7.2,67985.8,11351.2,11981.3,0.0676,Benzoic Acid,LC-MS/MS
SMP-00606,8.99,31150.3,6449.1,6554.0,0.0308,Phenacetin,LC-MS/MS
SMP-00606,10.4,17619.6,4256.3,4342.7,0.0175,Salicylic Acid,LC-MS/MS
SMP-00606,12.13,53037.5,9951.5,10133.6,0.0526,Chlorpheniramine,LC-MS/MS
SMP-00607,1.2,12975.2,3189.6,3260.1,0.0133,Uracil,LC-MS/MS
SMP-00607,2.78,41435.0,7696.0,7806.1,0.0424,Acetaminophen,LC-MS/MS
SMP-00607,4.1,81502.8,13257.0,13258.9,0.0839,Caffeine,LC-MS/MS
SMP-00607,5.63,25129.4,5597.8,5887.9,0.0255,Aspirin,LC-MS/MS
SMP-00607,7.22,56790.3,9618.4,9947.6,0.0575,Benzoic Acid,LC-MS/MS
SMP-00607,8.97,34143.1,6931.4,7150.1,0.0358,Phenacetin,LC-MS/MS
SMP-00607,10.36,14052.7,3350.0,3401.5,0.0139,Salicylic Acid,LC-MS/MS
SMP-00607,12.11,53651.0,9658.6,9871.9,0.0534,Chlorpheniramine,LC-MS/MS
SMP-00608,1.28,12609.0,3212.3,3299.0,0.0127,Uracil,LC-MS/MS
SMP-00608,2.79,44812.4,8785.3,9065.4,0.044,Acetaminophen,LC-MS/MS
SMP-00608,4.09,113690.1,18696.2,18965.7,0.1163,Caffeine,LC-MS/MS
SMP-00608,5.62,23756.0,5345.4,5435.9,0.0241,Aspirin,LC-MS/MS
SMP-00608,7.25,72138.7,12397.8,12682.5,0.07,Benzoic Acid,LC-MS/MS
SMP-00608,8.98,32348.9,6391.5,6398.4,0.0322,Phenacetin,LC-MS/MS
SMP-00608,10.37,14068.6,3395.2,3477.5,0.0143,Salicylic Acid,LC-MS/MS
SMP-00608,12.07,51819.8,9500.1,9361.2,0.0522,Chlorpheniramine,LC-MS/MS
SMP-00609,1.27,13800.2,3454.5,3637.7,0.0135,Uracil,LC-MS/MS
SMP-00609,2.84,53243.6,10296.6,10672.0,0.053,Acetaminophen,LC-MS/MS
SMP-00609,4.12,95235.8,15241.9,15266.6,0.0953,Caffeine,LC-MS/MS
SMP-00609,5.58,24669.5,5757.2,6080.0,0.0253,Aspirin,LC-MS/MS
SMP-00609,7.25,63404.4,10479.7,10648.2,0.0633,Benzoic Acid,LC-MS/MS
SMP-00609,8.96,26704.5,5341.4,5408.2,0.0264,Phenacetin,LC-MS/MS
SMP-00609,10.39,19486.6,4695.1,4776.7,0.0191,Salicylic Acid,LC-MS/MS
SMP-00609,12.15,43687.3,7611.1,8028.6,0.0434,Chlorpheniramine,LC-MS/MS
SMP-00610,1.26,14650.3,3957.7,4073.2,0.0145,Uracil,LC-MS/MS
SMP-00610,2.8,43032.8,8425.1,8611.3,0.0447,Acetaminophen,LC-MS/MS
SMP-00610,4.11,73178.8,12076.4,12132.0,0.0738,Caffeine,LC-MS/MS
SMP-00610,5.6,23134.2,5226.4,5473.4,0.0223,Aspirin,LC-MS/MS
SMP-00610,7.22,70601.3,11753.1,11944.6,0.072,Benzoic Acid,LC-MS/MS
SMP-00610,8.93,31561.7,6159.1,6226.2,0.031,Phenacetin,LC-MS/MS
SMP-00610,10.39,18261.9,4507.0,4682.6,0.0182,Salicylic Acid,LC-MS/MS
SMP-00610,12.12,52500.8,9527.9,9689.7,0.0532,Chlorpheniramine,LC-MS/MS
SMP-00611,1.23,13587.0,3532.0,3531.4,0.0133,Uracil,LC-MS/MS
SMP-00611,2.84,47589.2,9601.9,9851.9,0.0483,Acetaminophen,LC-MS/MS
SMP-00611,4.17,64530.1,10486.7,11048.3,0.0638,Caffeine,LC-MS/MS
SMP-00611,5.56,20039.3,4316.5,4373.7,0.0203,Aspirin,LC-MS/MS
SMP-00611,7.24,70903.6,11549.2,11864.9,0.0708,Benzoic Acid,LC-MS/MS
SMP-00611,8.9,31866.1,6632.1,6866.5,0.0321,Phenacetin,LC-MS/MS
SMP-00611,10.39,17542.0,4426.8,4561.8,0.018,Salicylic Acid,LC-MS/MS
SMP-00611,12.11,57551.0,10247.8,10797.5,0.0567,Chlorpheniramine,LC-MS/MS
SMP-00612,1.25,12897.7,3331.6,3418.7,0.0129,Uracil,LC-MS/MS
SMP-00612,2.78,49444.5,9273.3,9716.5,0.0507,Acetaminophen,LC-MS/MS
SMP-00612,4.11,90841.1,15122.9,15544.6,0.0904,Caffeine,LC-MS/MS
SMP-00612,5.61,22043.6,4665.4,4730.4,0.0218,Aspirin,LC-MS/MS
SMP-00612,7.22,69875.3,11241.4,11402.1,0.069,Benzoic Acid,LC-MS/MS
SMP-00612,8.92,29702.7,6346.7,6537.8,0.0292,Phenacetin,LC-MS/MS
SMP-00612,10.38,13433.0,3167.7,3384.5,0.0135,Salicylic Acid,LC-MS/MS
SMP-00612,12.12,58814.7,10692.6,11016.7,0.0594,Chlorpheniramine,LC-MS/MS
SMP-00613,1.31,11702.7,2977.3,3065.1,0.0117,Uracil,LC-MS/MS
SMP-00613,2.88,45388.9,9036.1,9199.1,0.0446,Acetaminophen,LC-MS/MS
SMP-00613,4.2,98258.5,16522.8,17341.7,0.0981,Caffeine,LC-MS/MS
SMP-00613,5.57,25215.1,5460.7,5682.7,0.0254,Aspirin,LC-MS/MS
SMP-00613,7.22,63004.3,10467.8,10816.0,0.0617,Benzoic Acid,LC-MS/MS
SMP-00613,8.96,28587.1,5754.7,5842.8,0.0282,Phenacetin,LC-MS/MS
SMP-00613,10.4,14115.0,3555.1,3662.6,0.0139,Salicylic Acid,LC-MS/MS
SMP-00613,12.13,48324.1,8392.1,8360.3,0.0495,Chlorpheniramine,LC-MS/MS
SMP-00614,1.22,11969.2,3150.9,3201.8,0.0119,Uracil,LC-MS/MS
SMP-00614,2.77,50833.8,9770.2,10139.5,0.0503,Acetaminophen,LC-MS/MS
SMP-00614,4.19,94498.8,15606.7,16203.4,0.093,Caffeine,LC-MS/MS
SMP-00614,5.6,22920.2,5046.0,5201.8,0.0225,Aspirin,LC-MS/MS
SMP-00614,7.19,64660.3,10898.6,11251.5,0.0645,Benzoic Acid,LC-MS/MS
SMP-00614,8.95,30881.0,6347.1,6557.0,0.0313,Phenacetin,LC-MS/MS
SMP-00614,10.43,71965.7,13982.2,14475.5,0.0717,Salicylic Acid,LC-MS/MS
SMP-00614,12.08,63139.1,11253.7,11287.3,0.062,Chlorpheniramine,LC-MS/MS
SMP-00615,1.29,11420.0,3049.0,3124.5,0.0116,Uracil,LC-MS/MS
SMP-00615,2.85,44688.1,8531.6,8581.1,0.0433,Acetaminophen,LC-MS/MS
SMP-00615,4.15,80823.5,12499.8,12431.9,0.0801,Caffeine,LC-MS/MS
SMP-00615,5.57,23575.9,5061.4,5045.4,0.0235,Aspirin,LC-MS/MS
SMP-00615,7.16,68116.8,10906.9,10980.2,0.0678,Benzoic Acid,LC-MS/MS
SMP-00615,8.9,32694.9,6764.6,6854.4,0.0325,Phenacetin,LC-MS/MS
SMP-00615,10.4,13630.2,3211.4,3278.6,0.014,Salicylic Acid,LC-MS/MS
SMP-00615,12.14,61880.9,11709.4,12086.1,0.0628,Chlorpheniramine,LC-MS/MS
SMP-00616,1.22,11880.7,3123.0,3085.5,0.0118,Uracil,LC-MS/MS
SMP-00616,2.75,49487.7,9781.0,9954.5,0.0486,Acetaminophen,LC-MS/MS
SMP-00616,4.15,85865.2,13970.8,14192.7,0.084,Caffeine,LC-MS/MS
SMP-00616,5.61,21009.8,4554.7,4734.8,0.0211,Aspirin,LC-MS/MS
SMP-00616,7.2,67440.6,11174.3,11742.9,0.0694,Benzoic Acid,LC-MS/MS
SMP-00616,8.93,32837.9,6897.4,6878.6,0.0331,Phenacetin,LC-MS/MS
SMP-00616,10.45,14383.3,3464.7,3632.1,0.0141,Salicylic Acid,LC-MS/MS
SMP-00616,12.1,55179.4,10430.4,10494.9,0.0558,Chlorpheniramine,LC-MS/MS
SMP-00617,1.24,13717.1,3629.8,3801.2,0.014,Uracil,LC-MS/MS
SMP-00617,2.84,48894.5,9838.0,10306.5,0.0487,Acetaminophen,LC-MS/MS
SMP-00617,4.16,82429.4,13244.9,13356.6,0.0833,Caffeine,LC-MS/MS
SMP-00617,5.61,20408.6,4438.1,4478.2,0.019,Aspirin,LC-MS/MS
SMP-00617,7.23,63327.8,10314.7,10589.2,0.0634,Benzoic Acid,LC-MS/MS
SMP-00617,8.98,28444.0,5844.7,6073.3,0.0284,Phenacetin,LC-MS/MS
SMP-00617,10.4,14469.3,3683.4,3792.8,0.0139,Salicylic Acid,LC-MS/MS
SMP-00617,12.06,57407.7,10642.0,10759.2,0.0573,Chlorpheniramine,LC-MS/MS
SMP-00618,1.29,12613.1,3316.5,3448.2,0.0128,Uracil,LC-MS/MS
SMP-00618,2.81,50636.6,9508.6,9584.7,0.0507,Acetaminophen,LC-MS/MS
SMP-00618,4.12,88308.7,13472.8,14134.4,0.0907,Caffeine,LC-MS/MS
SMP-00618,5.59,25111.5,5584.2,5641.9,0.0245,Aspirin,LC-MS/MS
SMP-00618,7.16,70088.3,11965.5,11979.8,0.0712,Benzoic Acid,LC-MS/MS
SMP-00618,8.93,29196.1,6142.2,6309.5,0.0294,Phenacetin,LC-MS/MS
SMP-00618,10.38,13839.8,3312.3,3314.4,0.014,Salicylic Acid,LC-MS/MS
SMP-00618,12.09,49448.0,8359.4,8504.5,0.0477,Chlorpheniramine,LC-MS/MS
SMP-00619,1.26,12617.5,3052.9,3176.5,0.0125,Uracil,LC-MS/MS
SMP-00619,2.76,46770.0,9120.6,9519.0,0.0463,Acetaminophen,LC-MS/MS
SMP-00619,4.19,73472.5,10902.5,10858.5,0.0755,Caffeine,LC-MS/MS
SMP-00619,5.58,21459.6,4366.5,4468.3,0.0218,Aspirin,LC-MS/MS
SMP-00619,7.22,76334.3,12586.5,13048.2,0.0761,Benzoic Acid,LC-MS/MS
SMP-00619,8.96,29431.5,6223.7,6319.2,0.0291,Phenacetin,LC-MS/MS
SMP-00619,10.36,15291.0,3498.8,3574.1,0.0153,Salicylic Acid,LC-MS/MS
SMP-00619,12.06,58271.1,10435.3,10759.3,0.0583,Chlorpheniramine,LC-MS/MS
SMP-00620,1.19,12486.9,3374.1,3489.4,0.0129,Uracil,LC-MS/MS
SMP-00620,2.82,49124.8,9178.5,9597.0,0.0497,Acetaminophen,LC-MS/MS
SMP-00620,4.16,102893.5,16626.5,16667.9,0.1008,Caffeine,LC-MS/MS
SMP-00620,5.58,21844.4,4579.8,4825.6,0.0218,Aspirin,LC-MS/MS
SMP-00620,7.18,63169.5,10290.3,10620.0,0.0618,Benzoic Acid,LC-MS/MS
SMP-00620,8.92,32268.8,6503.4,6833.9,0.0321,Phenacetin,LC-MS/MS
SMP-00620,10.4,12515.8,3175.5,3333.4,0.0125,Salicylic Acid,LC-MS/MS
SMP-00620,12.08,56466.6,10628.8,11243.1,0.0559,Chlorpheniramine,LC-MS/MS
SMP-00621,1.23,12214.5,3045.8,3084.0,0.0119,Uracil,LC-MS/MS
SMP-00621,2.78,46581.9,8745.0,8802.4,0.0454,Acetaminophen,LC-MS/MS
SMP-00621,4.16,82804.3,12924.8,13545.5,0.0824,Caffeine,LC-MS/MS
SMP-00621,5.6,24597.1,5274.7,5531.0,0.0254,Aspirin,LC-MS/MS
SMP-00621,7.23,78138.3,13018.3,13518.5,0.0768,Benzoic Acid,LC-MS/MS
SMP-00621,8.97,32413.3,6604.6,6934.8,0.0323,Phenacetin,LC-MS/MS
SMP-00621,10.44,18249.2,4489.4,4716.4,0.0183,Salicylic Acid,LC-MS/MS
SMP-00621,12.13,52594.5,9411.1,9395.9,0.0533,Chlorpheniramine,LC-MS/MS
SMP-00622,1.23,11587.2,3009.9,3005.9,0.0115,Uracil,LC-MS/MS
SMP-00622,2.78,45222.7,8729.8,9277.1,0.0451,Acetaminophen,LC-MS/MS
SMP-00622,4.16,85488.3,14039.3,15242.3,0.0855,Caffeine,LC-MS/MS
SMP-00622,5.53,23878.5,5287.7,5519.6,0.0239,Aspirin,LC-MS/MS
SMP-00622,7.17,64300.9,10301.0,10405.4,0.0656,Benzoic Acid,LC-MS/MS
SMP-00622,8.95,32864.1,6529.7,6755.4,0.0316,Phenacetin,LC-MS/MS
SMP-00622,10.37,15796.4,3899.0,3973.9,0.0156,Salicylic Acid,LC-MS/MS
SMP-00622,12.13,58309.2,9901.6,10007.6,0.0578,Chlorpheniramine,LC-MS/MS
SMP-00623,1.24,12130.4,3111.0,3174.4,0.0119,Uracil,LC-MS/MS
SMP-00623,2.8,50105.2,9627.8,9713.7,0.05,Acetaminophen,LC-MS/MS
SMP-00623,4.18,88302.5,14215.6,14634.3,0.0858,Caffeine,LC-MS/MS
SMP-00623,5.59,22258.2,4763.5,4799.1,0.0225,Aspirin,LC-MS/MS
SMP-00623,7.22,66150.1,10833.4,11588.4,0.0654,Benzoic Acid,LC-MS/MS
SMP-00623,8.91,32696.7,6678.2,6845.0,0.0325,Phenacetin,LC-MS/MS
SMP-00623,10.41,15300.4,3875.4,4000.1,0.0151,Salicylic Acid,LC-MS/MS
SMP-00623,12.13,210519.1,36450.9,37629.8,0.2179,Chlorpheniramine,LC-MS/MS
SMP-00624,1.27,12875.6,3227.3,3347.5,0.0129,Uracil,LC-MS/MS
SMP-00624,2.81,44173.5,8507.3,8860.6,0.0445,Acetaminophen,LC-MS/MS
SMP-00624,4.15,79532.1,12793.6,13476.2,0.0773,Caffeine,LC-MS/MS
SMP-00624,5.61,25007.8,5219.4,5324.9,0.0246,Aspirin,LC-MS/MS
SMP-00624,7.19,54104.9,9104.1,9248.5,0.0531,Benzoic Acid,LC-MS/MS
SMP-00624,8.93,36097.7,7275.9,7656.3,0.0354,Phenacetin,LC-MS/MS
SMP-00624,10.39,14941.2,3816.4,3937.9,0.0146,Salicylic Acid,LC-MS/MS
SMP-00624,12.07,43931.0,8003.6,8156.5,0.0431,Chlorpheniramine,LC-MS/MS
SMP-00625,1.28,11356.4,2920.1,3032.0,0.0114,Uracil,LC-MS/MS
SMP-00625,2.83,54339.4,9891.6,10633.2,0.0555,Acetaminophen,LC-MS/MS
SMP-00625,4.15,103063.6,16477.2,16662.8,0.0989,Caffeine,LC-MS/MS
SMP-00625,5.63,22409.8,4704.0,4948.6,0.0226,Aspirin,LC-MS/MS
SMP-00625,7.21,60801.7,9980.8,10394.5,0.0586,Benzoic Acid,LC-MS/MS
SMP-00625,8.95,30251.4,6264.7,6385.7,0.0305,Phenacetin,LC-MS/MS
SMP-00625,10.46,15715.7,3823.0,3918.3,0.0156,Salicylic Acid,LC-MS/MS
SMP-00625,12.07,39828.0,7221.0,7631.0,0.0401,Chlorpheniramine,LC-MS/MS
SMP-00626,1.25,11568.7,3015.4,3104.9,0.0116,Uracil,LC-MS/MS
SMP-00626,2.81,39924.8,7361.1,7760.1,0.0409,Acetaminophen,LC-MS/MS
SMP-00626,4.12,71813.5,11966.0,12562.0,0.0713,Caffeine,LC-MS/MS
SMP-00626,5.61,22870.0,4874.5,5028.6,0.0228,Aspirin,LC-MS/MS
SMP-00626,7.19,70481.9,11660.1,11753.5,0.0702,Benzoic Acid,LC-MS/MS
SMP-00626,8.96,31919.5,6280.2,6634.0,0.0324,Phenacetin,LC-MS/MS
SMP-00626,10.35,15952.6,3887.7,3972.8,0.0166,Salicylic Acid,LC-MS/MS
SMP-00626,12.08,64536.2,11453.1,11795.3,0.0626,Chlorpheniramine,LC-MS/MS
SMP-00627,1.28,12133.0,3066.9,3143.5,0.0126,Uracil,LC-MS/MS
SMP-00627,2.86,36006.6,7283.9,7620.8,0.0364,Acetaminophen,LC-MS/MS
SMP-00627,4.16,84548.3,13834.8,14030.9,0.0882,Caffeine,LC-MS/MS
SMP-00627,5.61,22486.0,4849.3,4976.0,0.0226,Aspirin,LC-MS/MS
SMP-00627,7.21,63401.7,9777.7,10196.8,0.0619,Benzoic Acid,LC-MS/MS
SMP-00627,8.96,35321.5,7496.4,7676.8,0.0354,Phenacetin,LC-MS/MS
SMP-00627,10.36,16275.4,3934.2,3953.2,0.0162,Salicylic Acid,LC-MS/MS
SMP-00627,12.06,53843.9,9543.1,10117.5,0.0546,Chlorpheniramine,LC-MS/MS
SMP-00628,1.24,11416.1,2995.4,3053.7,0.0113,Uracil,LC-MS/MS
SMP-00628,2.81,54700.9,10906.4,11076.3,0.0554,Acetaminophen,LC-MS/MS
SMP-00628,4.13,92307.3,15470.6,15519.2,0.0927,Caffeine,LC-MS/MS
SMP-00628,5.58,22746.9,4824.7,4914.6,0.0232,Aspirin,LC-MS/MS
SMP-00628,7.16,67398.1,11038.2,11424.7,0.0673,Benzoic Acid,LC-MS/MS
SMP-00628,8.94,29580.6,6237.8,6412.3,0.0292,Phenacetin,LC-MS/MS
SMP-00628,10.45,16939.3,4129.8,4201.2,0.0168,Salicylic Acid,LC-MS/MS
SMP-00628,12.13,57392.2,10601.3,10872.3,0.0558,Chlorpheniramine,LC-MS/MS
SMP-00629,1.26,12076.3,3019.5,3030.0,0.0123,Uracil,LC-MS/MS
SMP-00629,2.84,53256.7,10749.9,10892.7,0.0521,Acetaminophen,LC-MS/MS
SMP-00629,4.2,98767.0,16305.9,16650.7,0.1003,Caffeine,LC-MS/MS
SMP-00629,5.65,20913.5,4546.7,4886.5,0.0209,Aspirin,LC-MS/MS
SMP-00629,7.18,70071.6,11623.0,11733.6,0.0727,Benzoic Acid,LC-MS/MS
SMP-00629,8.96,27961.1,5681.1,5890.8,0.0276,Phenacetin,LC-MS/MS
SMP-00629,10.39,16922.8,4308.3,4433.7,0.0169,Salicylic Acid,LC-MS/MS
SMP-00629,12.11,52107.2,9533.1,9335.9,0.0519,Chlorpheniramine,LC-MS/MS
SMP-00630,1.28,12915.6,3273.2,3431.5,0.0125,Uracil,LC-MS/MS
SMP-00630,2.77,53610.0,10642.3,10825.1,0.0542,Acetaminophen,LC-MS/MS
SMP-00630,4.13,103846.7,16665.4,17001.9,0.1039,Caffeine,LC-MS/MS
SMP-00630,5.6,23326.0,5285.7,5254.5,0.0238,Aspirin,LC-MS/MS
SMP-00630,7.23,82655.2,13539.2,14399.2,0.0831,Benzoic Acid,LC-MS/MS
SMP-00630,8.94,27160.1,5821.7,6038.5,0.0281,Phenacetin,LC-MS/MS
SMP-00630,10.44,18952.6,4634.8,4935.9,0.0189,Salicylic Acid,LC-MS/MS
SMP-00630,12.08,53483.4,9543.2,10110.0,0.0529,Chlorpheniramine,LC-MS/MS
SMP-00631,1.27,11862.4,3007.6,3133.7,0.012,Uracil,LC-MS/MS
SMP-00631,2.81,44887.5,8567.4,8961.7,0.0442,Acetaminophen,LC-MS/MS
SMP-00631,4.14,89671.7,14730.3,14777.1,0.0847,Caffeine,LC-MS/MS
SMP-00631,5.6,24984.8,5204.0,5460.8,0.0249,Aspirin,LC-MS/MS
SMP-00631,7.15,73157.9,11782.2,12171.3,0.0744,Benzoic Acid,LC-MS/MS
SMP-00631,8.97,36358.0,7175.3,7293.4,0.037,Phenacetin,LC-MS/MS
SMP-00631,10.4,13928.9,3351.5,3496.9,0.0139,Salicylic Acid,LC-MS/MS
SMP-00631,12.12,58230.1,10499.4,10803.4,0.0589,Chlorpheniramine,LC-MS/MS
SMP-00632,1.22,12008.0,3211.3,3333.8,0.0122,Uracil,LC-MS/MS
SMP-00632,2.82,47510.2,9670.0,9771.6,0.0477,Acetaminophen,LC-MS/MS
SMP-00632,4.16,86828.4,14669.7,14861.3,0.0869,Caffeine,LC-MS/MS
SMP-00632,5.58,20329.4,4536.5,4562.5,0.0194,Aspirin,LC-MS/MS
SMP-00632,7.21,63222.6,10278.2,10614.7,0.061,Benzoic Acid,LC-MS/MS
SMP-00632,8.97,31293.1,6595.4,6751.3,0.031,Phenacetin,LC-MS/MS
SMP-00632,10.38,13942.6,3598.0,3828.9,0.0143,Salicylic Acid,LC-MS/MS
SMP-00632,12.06,51259.4,9177.7,9334.3,0.0505,Chlorpheniramine,LC-MS/MS
SMP-00633,1.27,13103.9,3324.5,3302.7,0.0127,Uracil,LC-MS/MS
SMP-00633,2.79,39621.7,7997.1,8346.4,0.039,Acetaminophen,LC-MS/MS
SMP-00633,4.15,78538.8,12975.8,13329.6,0.08,Caffeine,LC-MS/MS
SMP-00633,5.62,21742.0,4642.6,4636.5,0.0222,Aspirin,LC-MS/MS
SMP-00633,7.24,63530.7,10671.1,10957.5,0.0645,Benzoic Acid,LC-MS/MS
SMP-00633,8.98,30740.4,6309.9,6431.9,0.0302,Phenacetin,LC-MS/MS
SMP-00633,10.42,14652.7,3574.2,3796.4,0.0144,Salicylic Acid,LC-MS/MS
SMP-00633,12.12,63202.1,11717.6,11867.6,0.0625,Chlorpheniramine,LC-MS/MS
SMP-00634,1.21,13385.5,3393.3,3593.6,0.0133,Uracil,LC-MS/MS
SMP-00634,2.82,39550.9,8043.7,8286.6,0.0388,Acetaminophen,LC-MS/MS
SMP-00634,4.12,86032.0,13703.5,13518.1,0.089,Caffeine,LC-MS/MS
SMP-00634,5.62,21699.0,5125.5,5338.5,0.0212,Aspirin,LC-MS/MS
SMP-00634,7.21,64712.5,10500.2,10575.9,0.0655,Benzoic Acid,LC-MS/MS
SMP-00634,8.96,26266.7,5037.3,5141.6,0.026,Phenacetin,LC-MS/MS
SMP-00634,10.4,13434.4,3209.6,3401.5,0.0138,Salicylic Acid,LC-MS/MS
SMP-00634,12.13,55385.4,9515.7,9536.7,0.0554,Chlorpheniramine,LC-MS/MS
SMP-00635,1.23,12485.2,3210.2,3312.3,0.0126,Uracil,LC-MS/MS
SMP-00635,2.84,42891.6,8084.0,8269.6,0.0419,Acetaminophen,LC-MS/MS
SMP-00635,4.19,100972.3,16629.5,17054.7,0.1044,Caffeine,LC-MS/MS
SMP-00635,5.55,22110.2,4990.3,4890.0,0.0225,Aspirin,LC-MS/MS
SMP-00635,7.21,276099.6,41907.7,42670.2,0.2788,Benzoic Acid,LC-MS/MS
SMP-00635,8.96,29969.1,5962.2,6298.5,0.0301,Phenacetin,LC-MS/MS
SMP-00635,10.4,14848.2,3495.7,3612.3,0.0151,Salicylic Acid,LC-MS/MS
SMP-00635,12.07,54795.6,9971.2,10178.8,0.0548,Chlorpheniramine,LC-MS/MS
SMP-00636,1.23,15361.5,4007.4,4109.4,0.0153,Uracil,LC-MS/MS
SMP-00636,2.77,43030.2,8530.4,8634.8,0.0437,Acetaminophen,LC-MS/MS
SMP-00636,4.11,100354.6,16888.2,17823.7,0.1015,Caffeine,LC-MS/MS
SMP-00636,5.6,27692.6,6171.4,6492.8,0.0275,Aspirin,LC-MS/MS
SMP-00636,7.17,67103.1,11830.0,12406.2,0.0682,Benzoic Acid,LC-MS/MS
SMP-00636,8.94,28336.3,5654.9,5785.6,0.0275,Phenacetin,LC-MS/MS
SMP-00636,10.38,18080.7,4545.1,4532.3,0.0181,Salicylic Acid,LC-MS/MS
SMP-00636,12.08,55751.3,10162.2,10542.8,0.0567,Chlorpheniramine,LC-MS/MS
SMP-00637,1.28,11293.5,2969.4,3083.6,0.011,Uracil,LC-MS/MS
SMP-00637,2.73,48369.3,9674.7,9750.2,0.0465,Acetaminophen,LC-MS/MS
SMP-00637,4.22,87560.2,14499.3,15050.9,0.0877,Caffeine,LC-MS/MS
SMP-00637,5.61,24241.0,5292.2,5455.8,0.0246,Aspirin,LC-MS/MS
SMP-00637,7.15,68893.9,10823.4,11308.1,0.0684,Benzoic Acid,LC-MS/MS
SMP-00637,8.97,29770.6,5762.6,5995.9,0.0307,Phenacetin,LC-MS/MS
SMP-00637,10.4,14442.1,3582.3,3561.5,0.0149,Salicylic Acid,LC-MS/MS
SMP-00637,12.08,60093.9,10673.0,11153.7,0.0602,Chlorpheniramine,LC-MS/MS
SMP-00638,1.23,10814.1,2825.4,3033.7,0.0112,Uracil,LC-MS/MS
SMP-00638,2.81,44673.1,8734.7,8886.3,0.0445,Acetaminophen,LC-MS/MS
SMP-00638,4.15,101608.6,16428.0,17268.3,0.1017,Caffeine,LC-MS/MS
SMP-00638,5.6,26522.7,5947.3,6121.3,0.0268,Aspirin,LC-MS/MS
SMP-00638,7.17,61585.6,10183.3,10376.5,0.0599,Benzoic Acid,LC-MS/MS
SMP-00638,8.91,32624.3,6861.5,6975.5,0.0335,Phenacetin,LC-MS/MS
SMP-00638,10.41,15498.5,3929.1,4191.8,0.0161,Salicylic Acid,LC-MS/MS
SMP-00638,12.04,45755.7,8483.4,8747.5,0.0449,Chlorpheniramine,LC-MS/MS
SMP-00639,1.22,14218.3,3563.6,3622.9,0.0141,Uracil,LC-MS/MS
SMP-00639,2.84,46375.2,8980.4,9304.1,0.0465,Acetaminophen,LC-MS/MS
SMP-00639,4.16,84290.0,13182.1,13507.5,0.0859,Caffeine,LC-MS/MS
SMP-00639,5.58,24129.8,5595.6,5839.0,0.0231,Aspirin,LC-MS/MS
SMP-00639,7.17,65835.7,11055.4,11347.1,0.0653,Benzoic Acid,LC-MS/MS
SMP-00639,8.97,27450.6,5478.6,5448.1,0.0287,Phenacetin,LC-MS/MS
SMP-00639,10.42,14929.6,3598.0,3783.4,0.0153,Salicylic Acid,LC-MS/MS
SMP-00639,12.15,54294.4,10171.9,10413.5,0.053,Chlorpheniramine,LC-MS/MS
SMP-00640,1.24,11707.2,3006.6,3020.3,0.0119,Uracil,LC-MS/MS
SMP-00640,2.84,171091.7,33927.8,27973.4,0.1711,Acetaminophen,LC-MS/MS
SMP-00640,4.14,93943.4,15670.7,15616.2,0.0935,Caffeine,LC-MS/MS
SMP-00640,5.64,25054.6,5624.8,5765.3,0.0241,Aspirin,LC-MS/MS
SMP-00640,7.25,72570.0,11731.3,12374.5,0.0723,Benzoic Acid,LC-MS/MS
SMP-00640,8.98,206984.1,40840.6,34825.6,0.2117,Phenacetin,LC-MS/MS
SMP-00640,10.42,16688.9,4240.2,4476.4,0.0167,Salicylic Acid,LC-MS/MS
SMP-00640,12.07,52064.4,10115.3,10456.8,0.0502,Chlorpheniramine,LC-MS/MS
SMP-00641,1.25,12484.4,3350.0,3344.4,0.0128,Uracil,LC-MS/MS
SMP-00641,2.79,44364.8,8591.9,8800.4,0.045,Acetaminophen,LC-MS/MS
SMP-00641,4.11,86763.0,13840.6,14188.6,0.0881,Caffeine,LC-MS/MS
SMP-00641,5.59,22469.5,4816.4,4847.2,0.0224,Aspirin,LC-MS/MS
SMP-00641,7.2,72932.8,11887.2,12605.6,0.0725,Benzoic Acid,LC-MS/MS
SMP-00641,9.0,36417.4,7401.7,7585.2,0.0363,Phenacetin,LC-MS/MS
SMP-00641,10.39,17589.4,4235.5,4342.3,0.0174,Salicylic Acid,LC-MS/MS
SMP-00641,12.06,62625.4,11222.0,11910.5,0.062,Chlorpheniramine,LC-MS/MS
SMP-00642,1.22,12419.1,3298.3,3457.3,0.0125,Uracil,LC-MS/MS
SMP-00642,2.76,45242.5,8924.4,9439.4,0.0459,Acetaminophen,LC-MS/MS
SMP-00642,4.16,73087.1,12008.6,12393.4,0.0722,Caffeine,LC-MS/MS
SMP-00642,5.62,19939.6,4546.6,4724.0,0.0196,Aspirin,LC-MS/MS
SMP-00642,7.22,66600.5,10905.2,11381.4,0.0655,Benzoic Acid,LC-MS/MS
SMP-00642,9.01,30080.5,6445.2,6601.8,0.0305,Phenacetin,LC-MS/MS
SMP-00642,10.44,13704.4,3609.3,3782.3,0.0138,Salicylic Acid,LC-MS/MS
SMP-00642,12.06,59308.5,10718.9,10982.5,0.0582,Chlorpheniramine,LC-MS/MS
SMP-00643,1.18,10439.9,2570.9,2732.2,0.0096,Uracil,LC-MS/MS
SMP-00643,2.82,48739.7,8890.5,9214.0,0.0486,Acetaminophen,LC-MS/MS
SMP-00643,4.19,82903.1,13636.3,14573.0,0.0817,Caffeine,LC-MS/MS
SMP-00643,5.65,21562.5,4844.0,4964.0,0.0216,Aspirin,LC-MS/MS
SMP-00643,7.21,63337.5,10858.8,11273.9,0.0664,Benzoic Acid,LC-MS/MS
SMP-00643,8.95,28851.2,5669.2,5656.5,0.0289,Phenacetin,LC-MS/MS
SMP-00643,10.39,15241.5,3812.8,3998.7,0.0153,Salicylic Acid,LC-MS/MS
SMP-00643,12.1,46912.9,8533.0,8566.5,0.0471,Chlorpheniramine,LC-MS/MS
SMP-00644,1.25,12125.2,2942.4,3054.1,0.0123,Uracil,LC-MS/MS
SMP-00644,2.79,43052.3,8256.2,8615.2,0.0426,Acetaminophen,LC-MS/MS
SMP-00644,4.12,93567.8,15409.3,16143.5,0.0971,Caffeine,LC-MS/MS
SMP-00644,5.68,97441.7,21653.7,16595.4,0.1002,Aspirin,LC-MS/MS
SMP-00644,7.18,77554.4,12905.1,13074.6,0.0766,Benzoic Acid,LC-MS/MS
SMP-00644,8.9,34356.2,7092.4,7437.3,0.0344,Phenacetin,LC-MS/MS
SMP-00644,10.37,16215.1,3928.5,3948.3,0.0161,Salicylic Acid,LC-MS/MS
SMP-00644,12.03,62260.3,11562.2,11874.0,0.0615,Chlorpheniramine,LC-MS/MS
SMP-00645,1.28,11034.4,2699.8,2850.6,0.0112,Uracil,LC-MS/MS
SMP-00645,2.76,45029.0,9205.5,9536.9,0.0447,Acetaminophen,LC-MS/MS
SMP-00645,4.14,99561.7,14921.9,15733.6,0.1018,Caffeine,LC-MS/MS
SMP-00645,5.58,26465.1,5882.6,6064.7,0.0261,Aspirin,LC-MS/MS
SMP-00645,7.16,58020.4,9531.8,9746.8,0.0558,Benzoic Acid,LC-MS/MS
SMP-00645,8.97,29681.9,6067.4,6326.8,0.0301,Phenacetin,LC-MS/MS
SMP-00645,10.34,16765.1,4044.8,4077.8,0.0166,Salicylic Acid,LC-MS/MS
SMP-00645,12.09,51059.7,8932.3,8936.6,0.0521,Chlorpheniramine,LC-MS/MS
SMP-00646,1.26,12640.5,3215.0,3323.5,0.0125,Uracil,LC-MS/MS
SMP-00646,2.79,52111.2,10103.0,10219.4,0.0524,Acetaminophen,LC-MS/MS
SMP-00646,4.16,82742.1,13223.2,13372.8,0.0802,Caffeine,LC-MS/MS
SMP-00646,5.59,26122.0,5558.8,5730.0,0.026,Aspirin,LC-MS/MS
SMP-00646,7.19,75534.2,12312.8,12182.0,0.0767,Benzoic Acid,LC-MS/MS
SMP-00646,8.95,26587.9,5732.8,5729.1,0.0267,Phenacetin,LC-MS/MS
SMP-00646,10.41,16757.3,4087.6,4262.3,0.0168,Salicylic Acid,LC-MS/MS
SMP-00646,12.03,48433.0,8894.8,9364.1,0.0486,Chlorpheniramine,LC-MS/MS
SMP-00647,1.27,11954.6,3214.0,3357.8,0.0119,Uracil,LC-MS/MS
SMP-00647,2.76,45363.0,8719.9,9038.4,0.0471,Acetaminophen,LC-MS/MS
SMP-00647,4.15,79751.7,12598.6,12976.8,0.0811,Caffeine,LC-MS/MS
SMP-00647,5.61,23542.0,5258.1,5360.7,0.0238,Aspirin,LC-MS/MS
SMP-00647,7.21,66049.1,10972.6,11408.6,0.0649,Benzoic Acid,LC-MS/MS
SMP-00647,8.93,29291.5,6037.6,6282.4,0.0294,Phenacetin,LC-MS/MS
SMP-00647,10.39,14409.8,3651.6,3738.9,0.014,Salicylic Acid,LC-MS/MS
SMP-00647,12.1,58033.1,10391.0,10859.4,0.0587,Chlorpheniramine,LC-MS/MS
SMP-00648,1.21,12813.5,3331.1,3462.3,0.0127,Uracil,LC-MS/MS
SMP-00648,2.81,44717.0,9280.3,9677.0,0.045,Acetaminophen,LC-MS/MS
SMP-00648,4.19,88346.6,14108.3,14736.3,0.0866,Caffeine,LC-MS/MS
SMP-00648,5.59,25857.7,5638.5,5873.5,0.0263,Aspirin,LC-MS/MS
SMP-00648,7.18,64451.5,10848.4,11033.3,0.0648,Benzoic Acid,LC-MS/MS
SMP-00648,8.94,31891.5,6536.7,6737.9,0.0331,Phenacetin,LC-MS/MS
SMP-00648,10.37,15708.8,3859.3,3955.8,0.0154,Salicylic Acid,LC-MS/MS
SMP-00648,12.1,51467.0,9251.6,9525.1,0.0513,Chlorpheniramine,LC-MS/MS
SMP-00649,1.23,11344.3,2984.9,3144.6,0.0114,Uracil,LC-MS/MS
SMP-00649,2.79,44295.6,8157.9,8421.0,0.0429,Acetaminophen,LC-MS/MS
SMP-00649,4.17,87908.7,14397.2,14913.1,0.0874,Caffeine,LC-MS/MS
SMP-00649,5.57,121404.7,30574.5,30043.2,0.1251,Aspirin,LC-MS/MS
SMP-00649,7.21,69407.7,11757.3,12129.0,0.0688,Benzoic Acid,LC-MS/MS
SMP-00649,8.97,24632.1,4834.2,4945.2,0.0248,Phenacetin,LC-MS/MS
SMP-00649,10.34,15376.0,3915.6,4143.7,0.0153,Salicylic Acid,LC-MS/MS
SMP-00649,12.08,55774.0,9805.5,9844.9,0.056,Chlorpheniramine,LC-MS/MS
SMP-00650,1.21,12175.8,3242.9,3405.1,0.0124,Uracil,LC-MS/MS
SMP-00650,2.76,50988.9,9551.6,10065.6,0.0512,Acetaminophen,LC-MS/MS
SMP-00650,4.14,92836.6,15114.5,15712.2,0.0931,Caffeine,LC-MS/MS
SMP-00650,5.63,20437.6,4383.0,4497.8,0.021,Aspirin,LC-MS/MS
SMP-00650,7.21,69237.5,11442.6,11484.2,0.0685,Benzoic Acid,LC-MS/MS
SMP-00650,8.97,35055.1,7125.8,7329.6,0.0348,Phenacetin,LC-MS/MS
SMP-00650,10.43,17223.4,4190.6,4278.1,0.0167,Salicylic Acid,LC-MS/MS
SMP-00650,12.08,65079.3,12000.1,11987.4,0.0662,Chlorpheniramine,LC-MS/MS
SMP-00651,1.24,10438.1,2745.6,2914.7,0.0105,Uracil,LC-MS/MS
SMP-00651,2.78,45564.7,8528.0,8648.9,0.0463,Acetaminophen,LC-MS/MS
SMP-00651,4.13,70696.6,12246.8,12757.2,0.0724,Caffeine,LC-MS/MS
SMP-00651,5.62,23399.3,5226.0,5392.3,0.0233,Aspirin,LC-MS/MS
SMP-00651,7.24,72200.8,12196.9,12312.4,0.0709,Benzoic Acid,LC-MS/MS
SMP-00651,8.93,29144.4,5817.5,6198.5,0.0289,Phenacetin,LC-MS/MS
SMP-00651,10.37,19328.3,4702.9,4880.4,0.0195,Salicylic Acid,LC-MS/MS
SMP-00651,12.1,49773.2,8960.1,9367.0,0.0504,Chlorpheniramine,LC-MS/MS
SMP-00652,1.25,13267.7,3403.7,3438.1,0.0135,Uracil,LC-MS/MS
SMP-00652,2.77,45245.8,8568.5,8582.1,0.0447,Acetaminophen,LC-MS/MS
SMP-00652,4.15,102612.5,16682.2,17106.4,0.1027,Caffeine,LC-MS/MS
SMP-00652,5.61,24125.7,5147.3,5253.9,0.0237,Aspirin,LC-MS/MS
SMP-00652,7.16,57454.9,9324.6,9685.8,0.0574,Benzoic Acid,LC-MS/MS
SMP-00652,9.01,33438.7,6900.5,7010.0,0.0335,Phenacetin,LC-MS/MS
SMP-00652,10.32,13695.0,3046.1,3131.5,0.0141,Salicylic Acid,LC-MS/MS
SMP-00652,12.03,55948.4,10254.1,10198.6,0.0548,Chlorpheniramine,LC-MS/MS
SMP-00653,1.24,11788.1,3062.5,3167.3,0.0118,Uracil,LC-MS/MS
SMP-00653,2.81,51185.5,10398.9,10600.1,0.0512,Acetaminophen,LC-MS/MS
SMP-00653,4.18,91817.7,14809.6,15632.3,0.0944,Caffeine,LC-MS/MS
SMP-00653,5.63,21465.7,4714.4,4798.4,0.0213,Aspirin,LC-MS/MS
SMP-00653,7.17,57854.3,9220.2,9522.2,0.0582,Benzoic Acid,LC-MS/MS
SMP-00653,8.95,26612.4,5412.2,5424.6,0.0262,Phenacetin,LC-MS/MS
SMP-00653,10.42,16722.4,4188.6,4300.7,0.0165,Salicylic Acid,LC-MS/MS
SMP-00653,12.05,46701.9,8102.3,8540.2,0.0464,Chlorpheniramine,LC-MS/MS
SMP-00654,1.25,13143.8,3352.5,3509.3,0.0134,Uracil,LC-MS/MS
SMP-00654,2.79,47306.3,9293.4,9246.6,0.0459,Acetaminophen,LC-MS/MS
SMP-00654,4.12,87965.4,15071.2,15363.5,0.089,Caffeine,LC-MS/MS
SMP-00654,5.62,122625.3,24503.9,23847.1,0.1226,Aspirin,LC-MS/MS
SMP-00654,7.22,73521.1,12526.1,12637.6,0.0733,Benzoic Acid,LC-MS/MS
SMP-00654,9.01,33359.0,6755.4,6873.6,0.0327,Phenacetin,LC-MS/MS
SMP-00654,10.39,11409.6,2727.5,2861.7,0.0113,Salicylic Acid,LC-MS/MS
SMP-00654,12.1,59300.9,10898.3,11268.3,0.0583,Chlorpheniramine,LC-MS/MS
SMP-00655,1.26,12910.1,3095.9,3214.2,0.0131,Uracil,LC-MS/MS
SMP-00655,2.8,51785.4,9771.8,10056.1,0.0518,Acetaminophen,LC-MS/MS
SMP-00655,4.15,91007.4,15483.2,16033.1,0.0901,Caffeine,LC-MS/MS
SMP-00655,5.61,20516.0,4593.2,4695.9,0.0207,Aspirin,LC-MS/MS
SMP-00655,7.2,64835.5,10628.5,11203.1,0.0644,Benzoic Acid,LC-MS/MS
SMP-00655,8.96,27987.5,5668.6,5846.6,0.0268,Phenacetin,LC-MS/MS
SMP-00655,10.38,14065.2,3461.7,3541.1,0.0144,Salicylic Acid,LC-MS/MS
SMP-00655,12.11,52758.2,9344.8,9677.9,0.0525,Chlorpheniramine,LC-MS/MS
SMP-00656,1.25,60133.9,16270.3,15944.1,0.0611,Uracil,LC-MS/MS
SMP-00656,2.75,51063.8,9874.2,10304.6,0.0507,Acetaminophen,LC-MS/MS
SMP-00656,4.19,72686.6,12040.0,12663.5,0.0738,Caffeine,LC-MS/MS
SMP-00656,5.58,23740.4,5200.8,5442.6,0.0241,Aspirin,LC-MS/MS
SMP-00656,7.22,61304.3,9802.3,10112.5,0.0605,Benzoic Acid,LC-MS/MS
SMP-00656,8.97,36795.1,7627.5,7891.4,0.0374,Phenacetin,LC-MS/MS
SMP-00656,10.4,14351.8,3632.4,3712.7,0.0143,Salicylic Acid,LC-MS/MS
SMP-00656,12.04,54525.9,9655.3,10178.0,0.0561,Chlorpheniramine,LC-MS/MS
SMP-00657,1.21,13347.3,3314.6,3381.5,0.0136,Uracil,LC-MS/MS
SMP-00657,2.83,46767.7,8959.9,9167.1,0.0441,Acetaminophen,LC-MS/MS
SMP-00657,4.14,77713.8,12362.2,12593.5,0.0779,Caffeine,LC-MS/MS
SMP-00657,5.62,20975.7,4363.7,4483.1,0.0202,Aspirin,LC-MS/MS
SMP-00657,7.19,84665.5,13964.4,13866.3,0.0827,Benzoic Acid,LC-MS/MS
SMP-00657,8.97,33007.8,6693.9,7013.2,0.0327,Phenacetin,LC-MS/MS
SMP-00657,10.42,13544.5,3405.2,3513.3,0.0136,Salicylic Acid,LC-MS/MS
SMP-00657,12.09,57884.2,10759.9,11317.0,0.0572,Chlorpheniramine,LC-MS/MS
SMP-00658,1.26,11992.8,3067.8,3086.7,0.0121,Uracil,LC-MS/MS
SMP-00658,2.81,48585.3,9438.7,9885.5,0.0487,Acetaminophen,LC-MS/MS
SMP-00658,4.14,91919.7,15432.4,15978.7,0.0894,Caffeine,LC-MS/MS
SMP-00658,5.53,25328.0,5606.6,5780.5,0.0239,Aspirin,LC-MS/MS
SMP-00658,7.25,74553.7,12426.5,12711.0,0.0766,Benzoic Acid,LC-MS/MS
SMP-00658,8.96,31989.6,6733.2,7016.1,0.0324,Phenacetin,LC-MS/MS
SMP-00658,10.41,15279.5,3738.8,3803.2,0.0152,Salicylic Acid,LC-MS/MS
SMP-00658,12.06,58315.6,10071.3,10296.6,0.0602,Chlorpheniramine,LC-MS/MS
SMP-00659,1.28,10767.9,2737.6,2774.4,0.0108,Uracil,LC-MS/MS
SMP-00659,2.81,45630.2,8646.6,9102.5,0.0449,Acetaminophen,LC-MS/MS
SMP-00659,4.14,86019.6,14645.1,14888.9,0.0879,Caffeine,LC-MS/MS
SMP-00659,5.6,18639.1,4321.3,4451.4,0.0197,Aspirin,LC-MS/MS
SMP-00659,7.19,57094.9,9085.2,9551.6,0.0563,Benzoic Acid,LC-MS/MS
SMP-00659,8.93,32094.3,6429.7,6347.0,0.0322,Phenacetin,LC-MS/MS
SMP-00659,10.42,17822.7,4213.6,4282.2,0.0178,Salicylic Acid,LC-MS/MS
SMP-00659,12.09,53192.6,9645.7,10105.6,0.0516,Chlorpheniramine,LC-MS/MS
SMP-00660,1.25,13428.4,3501.7,3432.1,0.0138,Uracil,LC-MS/MS
SMP-00660,2.83,37617.5,7088.7,7421.0,0.0369,Acetaminophen,LC-MS/MS
SMP-00660,4.13,97822.9,15818.3,16039.2,0.0958,Caffeine,LC-MS/MS
SMP-00660,5.55,24450.7,5233.1,5512.7,0.0246,Aspirin,LC-MS/MS
SMP-00660,7.27,75289.2,13048.8,13658.5,0.0753,Benzoic Acid,LC-MS/MS
SMP-00660,8.98,29920.4,6039.9,6089.9,0.0286,Phenacetin,LC-MS/MS
SMP-00660,10.41,15024.8,3621.6,3652.1,0.0151,Salicylic Acid,LC-MS/MS
SMP-00660,12.11,50669.1,9237.9,9452.5,0.0519,Chlorpheniramine,LC-MS/MS
SMP-00661,1.28,11222.9,2950.8,3099.0,0.0109,Uracil,LC-MS/MS
SMP-00661,2.8,44378.1,9059.1,9144.3,0.0447,Acetaminophen,LC-MS/MS
SMP-00661,4.12,89308.6,13654.2,14173.2,0.0923,Caffeine,LC-MS/MS
SMP-00661,5.61,23096.7,4880.2,5004.6,0.0237,Aspirin,LC-MS/MS
SMP-00661,7.17,46301.5,7387.3,7913.9,0.0465,Benzoic Acid,LC-MS/MS
SMP-00661,8.96,33282.0,7206.8,7430.6,0.034,Phenacetin,LC-MS/MS
SMP-00661,10.38,17082.9,4198.6,4217.9,0.0176,Salicylic Acid,LC-MS/MS
SMP-00661,12.06,55354.5,9838.2,9857.3,0.0545,Chlorpheniramine,LC-MS/MS
SMP-00662,1.26,13205.5,3495.3,3654.6,0.0132,Uracil,LC-MS/MS
SMP-00662,2.8,185885.6,29035.7,36329.6,0.1894,Acetaminophen,LC-MS/MS
SMP-00662,4.16,90693.8,14577.8,15460.9,0.0879,Caffeine,LC-MS/MS
SMP-00662,5.63,24346.9,5294.8,5400.4,0.0243,Aspirin,LC-MS/MS
SMP-00662,7.19,63430.4,11295.6,11868.4,0.0652,Benzoic Acid,LC-MS/MS
SMP-00662,8.89,32359.6,6487.7,6891.3,0.0321,Phenacetin,LC-MS/MS
SMP-00662,10.4,16294.1,3872.8,3860.6,0.017,Salicylic Acid,LC-MS/MS
SMP-00662,12.08,61925.0,11398.2,11740.3,0.0615,Chlorpheniramine,LC-MS/MS
SMP-00663,1.26,12157.5,3137.7,3274.8,0.0123,Uracil,LC-MS/MS
SMP-00663,2.8,51726.8,9890.7,10385.1,0.0511,Acetaminophen,LC-MS/MS
SMP-00663,4.19,85470.5,14147.7,14425.2,0.0855,Caffeine,LC-MS/MS
SMP-00663,5.62,26972.8,5853.2,5989.3,0.0269,Aspirin,LC-MS/MS
SMP-00663,7.18,71781.9,12458.3,12286.1,0.0698,Benzoic Acid,LC-MS/MS
SMP-00663,8.91,31259.4,6507.0,6509.0,0.0317,Phenacetin,LC-MS/MS
SMP-00663,10.41,14532.9,3350.0,3536.9,0.0145,Salicylic Acid,LC-MS/MS
SMP-00663,12.11,59678.1,10735.2,11035.5,0.0614,Chlorpheniramine,LC-MS/MS
SMP-00664,1.26,13057.6,3426.7,3538.9,0.013,Uracil,LC-MS/MS
SMP-00664,2.87,43598.5,8551.3,8818.8,0.044,Acetaminophen,LC-MS/MS
SMP-00664,4.11,85351.1,13680.5,14564.8,0.0855,Caffeine,LC-MS/MS
SMP-00664,5.58,24124.0,5376.0,5436.2,0.0247,Aspirin,LC-MS/MS
SMP-00664,7.13,66002.8,10842.0,11330.6,0.0659,Benzoic Acid,LC-MS/MS
SMP-00664,8.96,33250.0,6900.1,7143.6,0.0329,Phenacetin,LC-MS/MS
SMP-00664,10.42,15900.7,3948.5,4096.2,0.016,Salicylic Acid,LC-MS/MS
SMP-00664,12.1,59868.3,10493.9,10976.8,0.06,Chlorpheniramine,LC-MS/MS
SMP-00665,1.3,13002.3,3281.5,3394.7,0.0134,Uracil,LC-MS/MS
SMP-00665,2.78,47261.8,9097.5,9248.6,0.0465,Acetaminophen,LC-MS/MS
SMP-00665,4.13,83914.7,13738.4,14272.9,0.0855,Caffeine,LC-MS/MS
SMP-00665,5.65,20240.7,4082.4,4172.9,0.0198,Aspirin,LC-MS/MS
SMP-00665,7.18,60678.7,9976.7,10214.2,0.0602,Benzoic Acid,LC-MS/MS
SMP-00665,8.97,33626.6,7107.1,7299.1,0.0338,Phenacetin,LC-MS/MS
SMP-00665,10.42,15426.9,3858.1,4057.3,0.0158,Salicylic Acid,LC-MS/MS
SMP-00665,12.1,52031.5,8530.6,8940.2,0.0526,Chlorpheniramine,LC-MS/MS
SMP-00666,1.29,13065.2,3285.8,3480.3,0.0132,Uracil,LC-MS/MS
SMP-00666,2.83,50838.2,9991.5,10516.4,0.051,Acetaminophen,LC-MS/MS
SMP-00666,4.11,93766.0,15584.6,16071.5,0.0903,Caffeine,LC-MS/MS
SMP-00666,5.57,25489.2,5651.8,5759.4,0.0254,Aspirin,LC-MS/MS
SMP-00666,7.16,60094.9,10177.1,10356.4,0.0605,Benzoic Acid,LC-MS/MS
SMP-00666,8.93,27103.3,5766.1,5796.3,0.0269,Phenacetin,LC-MS/MS
SMP-00666,10.4,16318.2,3996.9,4153.4,0.0166,Salicylic Acid,LC-MS/MS
SMP-00666,12.13,44522.3,7975.6,8142.6,0.0444,Chlorpheniramine,LC-MS/MS
SMP-00667,1.23,12099.1,3059.8,3193.8,0.0123,Uracil,LC-MS/MS
SMP-00667,2.78,46441.2,9245.1,9566.3,0.0462,Acetaminophen,LC-MS/MS
SMP-00667,4.12,98598.8,15733.3,16518.7,0.0997,Caffeine,LC-MS/MS
SMP-00667,5.62,20519.8,4728.8,4962.1,0.0216,Aspirin,LC-MS/MS
SMP-00667,7.21,72725.8,11885.4,12147.1,0.0734,Benzoic Acid,LC-MS/MS
SMP-00667,8.96,38302.9,7967.3,8197.5,0.0372,Phenacetin,LC-MS/MS
SMP-00667,10.37,17169.0,4370.1,4555.6,0.0172,Salicylic Acid,LC-MS/MS
SMP-00667,12.12,56677.0,10492.4,10787.9,0.0546,Chlorpheniramine,LC-MS/MS
SMP-00668,1.27,13190.1,3276.0,3487.1,0.0134,Uracil,LC-MS/MS
SMP-00668,2.81,43420.7,8602.1,9166.6,0.0447,Acetaminophen,LC-MS/MS
SMP-00668,4.17,101179.8,16458.4,16859.5,0.1012,Caffeine,LC-MS/MS
SMP-00668,5.61,21686.8,4731.0,4933.9,0.022,Aspirin,LC-MS/MS
SMP-00668,7.2,73539.1,12381.5,12439.9,0.0722,Benzoic Acid,LC-MS/MS
SMP-00668,8.92,31976.5,6909.2,6973.4,0.0324,Phenacetin,LC-MS/MS
SMP-00668,10.43,13834.6,3298.0,3403.2,0.0141,Salicylic Acid,LC-MS/MS
SMP-00668,12.09,58315.2,10134.6,10364.6,0.0586,Chlorpheniramine,LC-MS/MS
SMP-00669,1.25,75718.9,19867.5,19236.7,0.0742,Uracil,LC-MS/MS
SMP-00669,2.78,39317.3,7552.1,7731.6,0.0391,Acetaminophen,LC-MS/MS
SMP-00669,4.12,90199.1,14393.3,14855.2,0.0924,Caffeine,LC-MS/MS
SMP-00669,5.58,23261.4,5159.7,5284.1,0.0231,Aspirin,LC-MS/MS
SMP-00669,7.2,75930.2,12424.1,12830.8,0.0741,Benzoic Acid,LC-MS/MS
SMP-00669,8.98,32998.3,6727.2,6804.2,0.0331,Phenacetin,LC-MS/MS
SMP-00669,10.39,15042.3,3803.1,3996.6,0.015,Salicylic Acid,LC-MS/MS
SMP-00669,12.08,62051.6,11011.6,11052.2,0.0625,Chlorpheniramine,LC-MS/MS
SMP-00670,1.28,13562.1,3443.6,3540.6,0.0138,Uracil,LC-MS/MS
SMP-00670,2.82,47925.1,8912.6,9257.3,0.0479,Acetaminophen,LC-MS/MS
SMP-00670,4.19,85990.0,13885.7,14439.4,0.0855,Caffeine,LC-MS/MS
SMP-00670,5.62,22618.7,5164.5,5423.4,0.0218,Aspirin,LC-MS/MS
SMP-00670,7.18,68962.4,11410.2,11927.5,0.0697,Benzoic Acid,LC-MS/MS
SMP-00670,8.92,27698.6,5676.7,6015.0,0.028,Phenacetin,LC-MS/MS
SMP-00670,10.38,17696.4,4114.6,4153.0,0.0178,Salicylic Acid,LC-MS/MS
SMP-00670,12.1,48483.6,9083.4,9616.4,0.0473,Chlorpheniramine,LC-MS/MS
SMP-00671,1.24,11417.4,2919.1,3036.6,0.0115,Uracil,LC-MS/MS
SMP-00671,2.84,55945.9,11212.6,11583.4,0.0561,Acetaminophen,LC-MS/MS
SMP-00671,4.13,93944.0,15899.3,16835.6,0.092,Caffeine,LC-MS/MS
SMP-00671,5.52,24004.0,5471.2,5494.7,0.0247,Aspirin,LC-MS/MS
SMP-00671,7.18,64072.7,10257.4,10410.5,0.0642,Benzoic Acid,LC-MS/MS
SMP-00671,8.93,28470.3,5837.6,6223.5,0.0285,Phenacetin,LC-MS/MS
SMP-00671,10.35,15253.9,3541.2,3537.7,0.0155,Salicylic Acid,LC-MS/MS
SMP-00671,12.07,57139.5,9994.0,10371.5,0.0564,Chlorpheniramine,LC-MS/MS
SMP-00672,1.26,11571.8,2942.2,3020.7,0.0117,Uracil,LC-MS/MS
SMP-00672,2.83,29405.1,5817.1,5867.1,0.0305,Acetaminophen,LC-MS/MS
SMP-00672,4.13,72327.7,11357.5,11670.8,0.0699,Caffeine,LC-MS/MS
SMP-00672,5.56,25295.6,5676.9,5615.7,0.0255,Aspirin,LC-MS/MS
SMP-00672,7.23,77355.5,12993.6,13818.0,0.0781,Benzoic Acid,LC-MS/MS
SMP-00672,8.97,30881.6,6302.9,6334.6,0.031,Phenacetin,LC-MS/MS
SMP-00672,10.37,16016.3,3882.6,3961.7,0.0163,Salicylic Acid,LC-MS/MS
SMP-00672,12.09,60077.0,11228.8,11917.7,0.061,Chlorpheniramine,LC-MS/MS
SMP-00673,1.26,13825.8,3468.8,3565.3,0.0138,Uracil,LC-MS/MS
SMP-00673,2.78,41067.4,8018.4,8207.6,0.0417,Acetaminophen,LC-MS/MS
SMP-00673,4.12,82003.0,12867.1,13583.9,0.0814,Caffeine,LC-MS/MS
SMP-00673,5.59,23271.8,5115.9,5233.2,0.0235,Aspirin,LC-MS/MS
SMP-00673,7.25,59975.3,10081.0,10405.2,0.0607,Benzoic Acid,LC-MS/MS
SMP-00673,8.91,33637.2,6647.6,6907.6,0.0336,Phenacetin,LC-MS/MS
SMP-00673,10.42,15410.2,3614.2,3660.6,0.0155,Salicylic Acid,LC-MS/MS
SMP-00673,12.12,51117.9,9014.6,9276.3,0.0521,Chlorpheniramine,LC-MS/MS
SMP-00674,1.22,11404.7,2955.8,3058.0,0.0114,Uracil,LC-MS/MS
SMP-00674,2.75,44457.3,8867.1,9315.6,0.044,Acetaminophen,LC-MS/MS
SMP-00674,4.17,103871.8,17492.7,17716.9,0.1042,Caffeine,LC-MS/MS
SMP-00674,5.6,20597.6,4553.1,4814.3,0.0212,Aspirin,LC-MS/MS
SMP-00674,7.21,72390.5,12753.3,13224.3,0.0713,Benzoic Acid,LC-MS/MS
SMP-00674,8.97,35084.8,6891.4,7052.3,0.0344,Phenacetin,LC-MS/MS
SMP-00674,10.43,16142.1,4034.2,4285.9,0.0161,Salicylic Acid,LC-MS/MS
SMP-00674,12.08,71640.3,13646.8,14422.7,0.0708,Chlorpheniramine,LC-MS/MS
SMP-00675,1.27,12804.3,3280.7,3361.3,0.0127,Uracil,LC-MS/MS
SMP-00675,2.82,49968.5,10110.3,10283.1,0.0502,Acetaminophen,LC-MS/MS
SMP-00675,4.12,81962.9,13580.7,13929.1,0.0791,Caffeine,LC-MS/MS
SMP-00675,5.66,22094.5,4944.8,5132.4,0.0225,Aspirin,LC-MS/MS
SMP-00675,7.16,58473.6,10102.6,10626.9,0.057,Benzoic Acid,LC-MS/MS
SMP-00675,8.96,28687.5,5854.2,6138.2,0.0285,Phenacetin,LC-MS/MS
SMP-00675,10.37,17712.3,4170.8,4299.6,0.0179,Salicylic Acid,LC-MS/MS
SMP-00675,12.04,57562.6,10278.7,10989.9,0.0563,Chlorpheniramine,LC-MS/MS
SMP-00676,1.23,13718.3,3729.3,3825.8,0.0135,Uracil,LC-MS/MS
SMP-00676,2.81,45341.1,8873.7,9108.8,0.0456,Acetaminophen,LC-MS/MS
SMP-00676,4.17,104748.0,16935.8,18305.2,0.1037,Caffeine,LC-MS/MS
SMP-00676,5.62,23306.2,5158.1,5316.5,0.023,Aspirin,LC-MS/MS
SMP-00676,7.22,62069.8,10285.6,10751.3,0.0614,Benzoic Acid,LC-MS/MS
SMP-00676,8.99,30737.8,6497.8,7035.2,0.0305,Phenacetin,LC-MS/MS
SMP-00676,10.41,16182.4,3976.7,4090.5,0.0164,Salicylic Acid,LC-MS/MS
SMP-00676,12.07,63119.0,11423.7,11779.3,0.0619,Chlorpheniramine,LC-MS/MS
SMP-00677,1.27,12466.1,3130.8,3245.2,0.0125,Uracil,LC-MS/MS
SMP-00677,2.8,49893.8,9702.8,9991.4,0.0496,Acetaminophen,LC-MS/MS
SMP-00677,4.18,88047.0,14925.3,14758.7,0.0853,Caffeine,LC-MS/MS
SMP-00677,5.54,24704.6,5580.3,5716.7,0.0259,Aspirin,LC-MS/MS
SMP-00677,7.2,62955.9,10373.4,10845.1,0.0638,Benzoic Acid,LC-MS/MS
SMP-00677,8.96,29507.5,6235.0,6233.2,0.0287,Phenacetin,LC-MS/MS
SMP-00677,10.42,17482.8,4183.8,4249.2,0.0177,Salicylic Acid,LC-MS/MS
SMP-00677,12.14,51032.3,9474.6,9845.0,0.049,Chlorpheniramine,LC-MS/MS
SMP-00678,1.28,35363.5,9956.7,8807.6,0.0351,Uracil,LC-MS/MS
SMP-00678,2.78,36848.6,7308.7,7644.6,0.037,Acetaminophen,LC-MS/MS
SMP-00678,4.14,86925.1,13859.9,14303.1,0.0862,Caffeine,LC-MS/MS
SMP-00678,5.65,25965.5,5711.1,5981.3,0.0268,Aspirin,LC-MS/MS
SMP-00678,7.19,58538.7,9964.9,10236.5,0.0583,Benzoic Acid,LC-MS/MS
SMP-00678,8.94,32296.1,6642.8,6749.3,0.0326,Phenacetin,LC-MS/MS
SMP-00678,10.4,16150.9,3826.3,3943.1,0.016,Salicylic Acid,LC-MS/MS
SMP-00678,12.12,59569.3,10828.0,11017.7,0.0595,Chlorpheniramine,LC-MS/MS
SMP-00679,1.27,12666.7,3265.4,3391.6,0.0129,Uracil,LC-MS/MS
SMP-00679,2.84,47175.8,9347.9,9426.3,0.0464,Acetaminophen,LC-MS/MS
SMP-00679,4.17,91590.1,15557.8,16168.6,0.093,Caffeine,LC-MS/MS
SMP-00679,5.59,21731.4,4591.6,4730.3,0.0219,Aspirin,LC-MS/MS
SMP-00679,7.25,59065.9,10143.4,10389.6,0.0595,Benzoic Acid,LC-MS/MS
SMP-00679,8.91,27788.0,5940.7,6227.6,0.0287,Phenacetin,LC-MS/MS
SMP-00679,10.36,14265.9,3347.8,3430.7,0.0136,Salicylic Acid,LC-MS/MS
SMP-00679,12.08,60493.0,10540.5,11145.5,0.06,Chlorpheniramine,LC-MS/MS
SMP-00680,1.23,12787.4,3300.3,3544.9,0.0124,Uracil,LC-MS/MS
SMP-00680,2.81,48448.5,9534.7,9763.1,0.049,Acetaminophen,LC-MS/MS
SMP-00680,4.14,93577.0,14875.7,15511.4,0.0916,Caffeine,LC-MS/MS
SMP-00680,5.54,20893.0,4880.2,5022.7,0.0207,Aspirin,LC-MS/MS
SMP-00680,7.25,69150.7,11228.4,11515.7,0.0675,Benzoic Acid,LC-MS/MS
SMP-00680,8.95,33593.6,7014.0,7290.9,0.0341,Phenacetin,LC-MS/MS
SMP-00680,10.42,13662.7,3444.1,3434.8,0.0139,Salicylic Acid,LC-MS/MS
SMP-00680,12.1,59591.0,10690.9,11117.1,0.06,Chlorpheniramine,LC-MS/MS
SMP-00681,1.19,13951.3,3654.8,3724.9,0.0145,Uracil,LC-MS/MS
SMP-00681,2.72,51299.3,9950.0,10134.6,0.0503,Acetaminophen,LC-MS/MS
SMP-00681,4.15,84908.3,13280.8,14027.2,0.0808,Caffeine,LC-MS/MS
SMP-00681,5.62,23042.2,4873.3,4988.5,0.0236,Aspirin,LC-MS/MS
SMP-00681,7.19,72562.3,11956.6,12212.8,0.0695,Benzoic Acid,LC-MS/MS
SMP-00681,8.95,29017.0,5859.7,5701.3,0.0287,Phenacetin,LC-MS/MS
SMP-00681,10.36,16373.6,4335.4,4664.1,0.0164,Salicylic Acid,LC-MS/MS
SMP-00681,12.14,49168.7,8700.7,8827.1,0.0476,Chlorpheniramine,LC-MS/MS
SMP-00682,1.23,13334.6,3576.4,3569.3,0.0134,Uracil,LC-MS/MS
SMP-00682,2.81,48017.6,9155.9,9641.4,0.0491,Acetaminophen,LC-MS/MS
SMP-00682,4.11,59897.4,10012.1,10425.1,0.0619,Caffeine,LC-MS/MS
SMP-00682,5.61,22680.5,5041.8,5426.7,0.0227,Aspirin,LC-MS/MS
SMP-00682,7.26,62032.6,10506.9,10798.1,0.0606,Benzoic Acid,LC-MS/MS
SMP-00682,8.96,33535.4,6624.9,6775.2,0.0341,Phenacetin,LC-MS/MS
SMP-00682,10.43,17570.9,4407.0,4581.6,0.0176,Salicylic Acid,LC-MS/MS
SMP-00682,12.13,54469.1,9569.4,10001.9,0.0549,Chlorpheniramine,LC-MS/MS
SMP-00683,1.22,13250.5,3340.2,3494.8,0.0136,Uracil,LC-MS/MS
SMP-00683,2.83,45075.1,8942.5,9295.8,0.0455,Acetaminophen,LC-MS/MS
SMP-00683,4.12,96329.2,16243.3,16578.5,0.0937,Caffeine,LC-MS/MS
SMP-00683,5.58,23693.0,5295.8,5574.8,0.0239,Aspirin,LC-MS/MS
SMP-00683,7.25,74261.3,12236.2,12600.5,0.0739,Benzoic Acid,LC-MS/MS
SMP-00683,8.95,35668.6,7241.2,7176.6,0.0349,Phenacetin,LC-MS/MS
SMP-00683,10.42,14377.9,3418.5,3454.9,0.0139,Salicylic Acid,LC-MS/MS
SMP-00683,12.06,53835.5,10276.3,10550.4,0.0518,Chlorpheniramine,LC-MS/MS
SMP-00684,1.27,14167.7,3622.3,3711.3,0.014,Uracil,LC-MS/MS
SMP-00684,2.8,47508.2,9293.5,9790.0,0.0487,Acetaminophen,LC-MS/MS
SMP-00684,4.18,72515.8,11613.8,11870.9,0.0707,Caffeine,LC-MS/MS
SMP-00684,5.57,27894.9,6263.0,6448.7,0.0274,Aspirin,LC-MS/MS
SMP-00684,7.18,53932.4,9060.5,9490.2,0.054,Benzoic Acid,LC-MS/MS
SMP-00684,8.97,30032.4,6091.3,6145.1,0.0297,Phenacetin,LC-MS/MS
SMP-00684,10.43,16317.4,4000.4,3990.6,0.0165,Salicylic Acid,LC-MS/MS
SMP-00684,12.12,58224.1,10821.4,11498.1,0.0591,Chlorpheniramine,LC-MS/MS
SMP-00685,1.27,11552.2,2926.3,3011.8,0.0118,Uracil,LC-MS/MS
SMP-00685,2.78,46116.9,9235.5,9827.3,0.0482,Acetaminophen,LC-MS/MS
SMP-00685,4.17,81814.9,13533.1,13785.4,0.0823,Caffeine,LC-MS/MS
SMP-00685,5.63,23045.6,5001.7,5240.0,0.0227,Aspirin,LC-MS/MS
SMP-00685,7.2,73697.8,12197.8,12573.6,0.0734,Benzoic Acid,LC-MS/MS
SMP-00685,8.96,31126.3,6265.7,6389.0,0.0308,Phenacetin,LC-MS/MS
SMP-00685,10.41,11028.4,2820.6,2908.1,0.0114,Salicylic Acid,LC-MS/MS
SMP-00685,12.13,55424.9,10098.0,10810.5,0.0563,Chlorpheniramine,LC-MS/MS
SMP-00686,1.24,12303.2,3319.1,3394.6,0.0125,Uracil,LC-MS/MS
SMP-00686,2.81,48561.5,9534.5,10166.6,0.0495,Acetaminophen,LC-MS/MS
SMP-00686,4.15,94738.1,15752.5,16095.5,0.094,Caffeine,LC-MS/MS
SMP-00686,5.6,24056.3,5281.2,5312.3,0.0241,Aspirin,LC-MS/MS
SMP-00686,7.19,78249.0,12696.7,12795.6,0.077,Benzoic Acid,LC-MS/MS
SMP-00686,8.93,33496.6,6907.3,7099.1,0.034,Phenacetin,LC-MS/MS
SMP-00686,10.43,17029.3,4032.8,4125.4,0.0172,Salicylic Acid,LC-MS/MS
SMP-00686,12.14,53302.9,9528.9,9845.5,0.0527,Chlorpheniramine,LC-MS/MS
SMP-00687,1.31,11698.1,3142.4,3296.7,0.0115,Uracil,LC-MS/MS
SMP-00687,2.8,45534.0,8614.6,9163.3,0.0464,Acetaminophen,LC-MS/MS
SMP-00687,4.11,79255.8,12397.3,12870.5,0.0795,Caffeine,LC-MS/MS
SMP-00687,5.64,24569.2,5558.7,5653.1,0.0242,Aspirin,LC-MS/MS
SMP-00687,7.17,55958.0,9409.0,9982.5,0.0573,Benzoic Acid,LC-MS/MS
SMP-00687,8.95,29315.2,5830.6,5909.7,0.0295,Phenacetin,LC-MS/MS
SMP-00687,10.39,16968.4,4267.5,4323.0,0.0169,Salicylic Acid,LC-MS/MS
SMP-00687,12.1,52281.5,9666.5,10129.2,0.0526,Chlorpheniramine,LC-MS/MS
SMP-00688,1.29,13418.3,3638.7,3867.0,0.0135,Uracil,LC-MS/MS
SMP-00688,2.72,44597.5,8804.9,8820.1,0.0449,Acetaminophen,LC-MS/MS
SMP-00688,4.19,88597.3,14974.3,15962.0,0.0876,Caffeine,LC-MS/MS
SMP-00688,5.59,24493.9,5565.7,5699.4,0.025,Aspirin,LC-MS/MS
SMP-00688,7.26,66885.6,11122.0,11448.9,0.0684,Benzoic Acid,LC-MS/MS
SMP-00688,8.97,31478.5,6666.9,6814.5,0.0315,Phenacetin,LC-MS/MS
SMP-00688,10.38,16050.5,3693.8,3844.9,0.0158,Salicylic Acid,LC-MS/MS
SMP-00688,12.12,57543.5,10272.2,10862.1,0.0576,Chlorpheniramine,LC-MS/MS
SMP-00689,1.27,11719.6,2847.4,3015.8,0.0117,Uracil,LC-MS/MS
SMP-00689,2.83,45012.9,9215.3,9313.7,0.0446,Acetaminophen,LC-MS/MS
SMP-00689,4.13,72784.1,11639.3,11838.0,0.0742,Caffeine,LC-MS/MS
SMP-00689,5.59,20023.5,4519.2,4497.8,0.0199,Aspirin,LC-MS/MS
SMP-00689,7.21,60856.8,10473.3,10865.0,0.0604,Benzoic Acid,LC-MS/MS
SMP-00689,8.94,32036.2,6778.6,7103.5,0.031,Phenacetin,LC-MS/MS
SMP-00689,10.36,16221.7,4031.7,4186.7,0.0164,Salicylic Acid,LC-MS/MS
SMP-00689,12.08,57363.2,10668.4,11029.4,0.0568,Chlorpheniramine,LC-MS/MS
SMP-00690,1.23,12837.6,3300.1,3423.0,0.0127,Uracil,LC-MS/MS
SMP-00690,2.78,37638.1,7290.6,7512.9,0.0367,Acetaminophen,LC-MS/MS
SMP-00690,4.15,84624.1,13323.5,13734.3,0.0854,Caffeine,LC-MS/MS
SMP-00690,5.62,25745.4,5783.9,6024.1,0.0248,Aspirin,LC-MS/MS
SMP-00690,7.22,62816.5,10143.0,10598.4,0.0619,Benzoic Acid,LC-MS/MS
SMP-00690,8.89,32224.5,6317.9,6435.1,0.0315,Phenacetin,LC-MS/MS
SMP-00690,10.39,16970.4,4050.1,4240.0,0.0172,Salicylic Acid,LC-MS/MS
SMP-00690,12.09,48930.9,8482.3,8563.1,0.0482,Chlorpheniramine,LC-MS/MS
SMP-00691,1.25,13963.1,3609.3,3687.5,0.0137,Uracil,LC-MS/MS
SMP-00691,2.8,54145.2,11005.6,11245.1,0.0532,Acetaminophen,LC-MS/MS
SMP-00691,4.17,79055.3,13170.3,13246.9,0.0772,Caffeine,LC-MS/MS
SMP-00691,5.64,25038.2,5469.4,5601.1,0.0255,Aspirin,LC-MS/MS
SMP-00691,7.17,59294.8,9764.7,10223.0,0.0587,Benzoic Acid,LC-MS/MS
SMP-00691,8.93,26629.0,5614.9,5675.2,0.0267,Phenacetin,LC-MS/MS
SMP-00691,10.39,15740.3,3867.1,4037.1,0.0163,Salicylic Acid,LC-MS/MS
SMP-00691,12.15,51095.3,9281.0,9506.1,0.0518,Chlorpheniramine,LC-MS/MS
SMP-00692,1.21,13186.6,3316.2,3475.9,0.0132,Uracil,LC-MS/MS
SMP-00692,2.79,44408.5,8850.9,9333.3,0.0442,Acetaminophen,LC-MS/MS
SMP-00692,4.12,73773.4,12346.9,12921.9,0.0714,Caffeine,LC-MS/MS
SMP-00692,5.57,19401.6,4072.7,4153.0,0.0199,Aspirin,LC-MS/MS
SMP-00692,7.21,231026.6,39795.1,39433.8,0.2327,Benzoic Acid,LC-MS/MS
SMP-00692,8.97,35174.7,7011.0,7450.5,0.0344,Phenacetin,LC-MS/MS
SMP-00692,10.38,16461.6,4133.9,4212.0,0.0163,Salicylic Acid,LC-MS/MS
SMP-00692,12.1,45295.1,8024.3,8463.5,0.0437,Chlorpheniramine,LC-MS/MS
SMP-00693,1.2,13002.5,3244.9,3432.2,0.0128,Uracil,LC-MS/MS
SMP-00693,2.81,44899.7,8900.4,9132.4,0.0456,Acetaminophen,LC-MS/MS
SMP-00693,4.15,80148.2,12462.0,12995.3,0.0807,Caffeine,LC-MS/MS
SMP-00693,5.65,23767.9,5155.6,5451.3,0.0239,Aspirin,LC-MS/MS
SMP-00693,7.19,71910.2,12301.7,12725.5,0.0715,Benzoic Acid,LC-MS/MS
SMP-00693,8.95,28687.9,5896.1,5921.7,0.0293,Phenacetin,LC-MS/MS
SMP-00693,10.38,15327.3,3747.9,3896.6,0.0152,Salicylic Acid,LC-MS/MS
SMP-00693,12.06,57672.3,10018.2,10529.0,0.0568,Chlorpheniramine,LC-MS/MS
SMP-00694,1.26,12411.8,3255.5,3287.6,0.0126,Uracil,LC-MS/MS
SMP-00694,2.79,44507.5,8299.2,8847.8,0.0452,Acetaminophen,LC-MS/MS
SMP-00694,4.14,86115.9,14464.3,15372.6,0.0836,Caffeine,LC-MS/MS
SMP-00694,5.64,30651.5,6702.7,6876.2,0.03,Aspirin,LC-MS/MS
SMP-00694,7.18,58940.5,10324.6,10472.0,0.0615,Benzoic Acid,LC-MS/MS
SMP-00694,8.95,23449.8,4896.3,5031.3,0.0229,Phenacetin,LC-MS/MS
SMP-00694,10.39,18281.4,4389.0,4753.7,0.0182,Salicylic Acid,LC-MS/MS
SMP-00694,12.1,57725.9,10560.6,10903.0,0.0573,Chlorpheniramine,LC-MS/MS
SMP-00695,1.27,12845.6,3375.6,3531.8,0.013,Uracil,LC-MS/MS
SMP-00695,2.84,43509.0,7629.2,7511.6,0.0423,Acetaminophen,LC-MS/MS
SMP-00695,4.1,89461.7,14877.0,15359.5,0.0868,Caffeine,LC-MS/MS
SMP-00695,5.53,20811.6,4434.9,4592.5,0.0216,Aspirin,LC-MS/MS
SMP-00695,7.23,62448.9,10260.9,11097.2,0.0609,Benzoic Acid,LC-MS/MS
SMP-00695,8.98,34587.7,7299.6,7635.5,0.0346,Phenacetin,LC-MS/MS
SMP-00695,10.4,13247.1,3126.0,3253.8,0.0127,Salicylic Acid,LC-MS/MS
SMP-00695,12.03,54110.2,9743.3,9924.4,0.0546,Chlorpheniramine,LC-MS/MS
SMP-00696,1.21,13449.0,3462.0,3585.5,0.0135,Uracil,LC-MS/MS
SMP-00696,2.81,45027.8,8925.0,9260.1,0.0454,Acetaminophen,LC-MS/MS
SMP-00696,4.19,83735.5,13682.9,13430.5,0.0827,Caffeine,LC-MS/MS
SMP-00696,5.57,22628.6,4987.4,5126.4,0.0233,Aspirin,LC-MS/MS
SMP-00696,7.15,56081.4,9860.4,10198.2,0.0547,Benzoic Acid,LC-MS/MS
SMP-00696,8.94,29249.7,5964.7,6057.7,0.0281,Phenacetin,LC-MS/MS
SMP-00696,10.4,15993.6,3748.6,3852.6,0.0158,Salicylic Acid,LC-MS/MS
SMP-00696,12.15,50706.7,9465.4,9920.5,0.0514,Chlorpheniramine,LC-MS/MS
SMP-00697,1.21,14088.1,3624.2,3724.8,0.0141,Uracil,LC-MS/MS
SMP-00697,2.79,38934.8,7139.2,7225.4,0.04,Acetaminophen,LC-MS/MS
SMP-00697,4.12,83903.4,13691.2,14443.0,0.0826,Caffeine,LC-MS/MS
SMP-00697,5.61,24344.9,5271.1,5398.7,0.024,Aspirin,LC-MS/MS
SMP-00697,7.19,63771.0,10486.2,10599.9,0.0648,Benzoic Acid,LC-MS/MS
SMP-00697,8.95,37715.7,7550.8,7696.7,0.0382,Phenacetin,LC-MS/MS
SMP-00697,10.39,16311.8,4162.7,4126.9,0.0162,Salicylic Acid,LC-MS/MS
SMP-00697,12.08,51077.6,9623.1,9878.4,0.0513,Chlorpheniramine,LC-MS/MS
SMP-00698,1.25,12970.2,3396.4,3416.9,0.0133,Uracil,LC-MS/MS
SMP-00698,2.79,46213.7,8971.9,9179.3,0.0471,Acetaminophen,LC-MS/MS
SMP-00698,4.14,103160.6,16664.0,17070.6,0.101,Caffeine,LC-MS/MS
SMP-00698,5.59,27038.1,5915.7,6027.5,0.0274,Aspirin,LC-MS/MS
SMP-00698,7.21,77007.0,12743.2,12703.3,0.0766,Benzoic Acid,LC-MS/MS
SMP-00698,8.94,31047.1,6139.3,6502.4,0.0316,Phenacetin,LC-MS/MS
SMP-00698,10.37,12100.6,2978.6,3088.5,0.0121,Salicylic Acid,LC-MS/MS
SMP-00698,12.1,50127.6,9226.1,9478.0,0.0514,Chlorpheniramine,LC-MS/MS
SMP-00699,1.23,11188.1,2691.1,2838.1,0.0109,Uracil,LC-MS/MS
SMP-00699,2.79,47272.7,9194.4,9349.2,0.0487,Acetaminophen,LC-MS/MS
SMP-00699,4.18,90683.2,15001.0,15124.2,0.0901,Caffeine,LC-MS/MS
SMP-00699,5.63,21628.8,4856.1,5050.5,0.0217,Aspirin,LC-MS/MS
SMP-00699,7.13,66839.3,11135.0,11650.6,0.0664,Benzoic Acid,LC-MS/MS
SMP-00699,8.95,33134.4,6585.4,7055.7,0.033,Phenacetin,LC-MS/MS
SMP-00699,10.41,14111.8,3455.6,3632.0,0.0139,Salicylic Acid,LC-MS/MS
SMP-00699,12.16,60847.9,11491.5,12057.6,0.0598,Chlorpheniramine,LC-MS/MS
SMP-00700,1.31,12101.2,3040.1,3071.8,0.0125,Uracil,LC-MS/MS
SMP-00700,2.75,51031.7,9749.6,10001.6,0.0516,Acetaminophen,LC-MS/MS
SMP-00700,4.11,82713.0,12763.3,12816.0,0.0848,Caffeine,LC-MS/MS
SMP-00700,5.65,22970.6,5020.5,4975.3,0.0232,Aspirin,LC-MS/MS
SMP-00700,7.23,78265.7,13121.5,13030.7,0.0772,Benzoic Acid,LC-MS/MS
SMP-00700,8.96,27726.2,5128.7,5347.0,0.0274,Phenacetin,LC-MS/MS
SMP-00700,10.38,15089.0,3764.8,3836.8,0.0146,Salicylic Acid,LC-MS/MS
SMP-00700,12.1,45523.6,8231.1,8576.5,0.043,Chlorpheniramine,LC-MS/MS
SMP-00701,1.23,13254.5,3283.2,3338.3,0.0133,Uracil,LC-MS/MS
SMP-00701,2.8,44814.1,8511.9,8904.9,0.0434,Acetaminophen,LC-MS/MS
SMP-00701,4.13,82332.4,12905.9,13574.3,0.0832,Caffeine,LC-MS/MS
SMP-00701,5.56,19889.8,4424.2,4582.2,0.0198,Aspirin,LC-MS/MS
SMP-00701,7.15,74987.3,12613.4,13180.9,0.075,Benzoic Acid,LC-MS/MS
SMP-00701,8.96,29785.6,6106.5,6384.0,0.0288,Phenacetin,LC-MS/MS
SMP-00701,10.42,15058.2,3619.2,3737.7,0.0152,Salicylic Acid,LC-MS/MS
SMP-00701,12.14,53272.5,9827.0,10238.4,0.0544,Chlorpheniramine,LC-MS/MS
SMP-00702,1.27,11255.7,2713.0,2827.7,0.0116,Uracil,LC-MS/MS
SMP-00702,2.77,49452.2,9923.6,10164.1,0.0507,Acetaminophen,LC-MS/MS
SMP-00702,4.12,85032.5,14224.8,14529.5,0.0875,Caffeine,LC-MS/MS
SMP-00702,5.54,25045.6,5569.3,5713.4,0.0244,Aspirin,LC-MS/MS
SMP-00702,7.22,60910.6,9810.8,10264.8,0.0608,Benzoic Acid,LC-MS/MS
SMP-00702,8.93,32546.6,6724.3,6894.8,0.0335,Phenacetin,LC-MS/MS
SMP-00702,10.42,15044.0,3658.4,3797.0,0.0149,Salicylic Acid,LC-MS/MS
SMP-00702,12.15,48691.9,8934.3,9380.9,0.0494,Chlorpheniramine,LC-MS/MS
SMP-00703,1.22,13215.8,3394.1,3304.2,0.0132,Uracil,LC-MS/MS
SMP-00703,2.77,53309.1,10666.3,11175.6,0.0525,Acetaminophen,LC-MS/MS
SMP-00703,4.21,93914.6,15198.4,15135.1,0.0938,Caffeine,LC-MS/MS
SMP-00703,5.57,23393.8,5173.8,5413.3,0.0231,Aspirin,LC-MS/MS
SMP-00703,7.23,70008.5,11597.0,11627.1,0.0725,Benzoic Acid,LC-MS/MS
SMP-00703,8.97,32163.9,6950.2,7155.7,0.0312,Phenacetin,LC-MS/MS
SMP-00703,10.36,15667.4,3689.1,3904.4,0.016,Salicylic Acid,LC-MS/MS
SMP-00703,12.11,50222.2,8656.2,8901.9,0.0501,Chlorpheniramine,LC-MS/MS
SMP-00704,1.22,11030.6,2872.2,2956.6,0.0108,Uracil,LC-MS/MS
SMP-00704,2.82,45601.5,9008.5,9356.3,0.0452,Acetaminophen,LC-MS/MS
SMP-00704,4.15,82518.3,12851.4,13129.0,0.0828,Caffeine,LC-MS/MS
SMP-00704,5.57,22410.3,5206.6,5207.6,0.0224,Aspirin,LC-MS/MS
SMP-00704,7.2,68614.0,11387.6,11956.0,0.0672,Benzoic Acid,LC-MS/MS
SMP-00704,8.98,33049.6,6556.0,6822.7,0.0332,Phenacetin,LC-MS/MS
SMP-00704,10.38,16329.0,4093.0,4214.3,0.0156,Salicylic Acid,LC-MS/MS
SMP-00704,12.11,62375.1,11429.0,11738.9,0.063,Chlorpheniramine,LC-MS/MS
SMP-00705,1.26,11975.1,2993.4,3052.4,0.0118,Uracil,LC-MS/MS
SMP-00705,2.76,44538.5,9056.6,9303.6,0.0451,Acetaminophen,LC-MS/MS
SMP-00705,4.19,87888.9,14231.1,14093.1,0.087,Caffeine,LC-MS/MS
SMP-00705,5.67,21180.9,4428.3,4735.2,0.0216,Aspirin,LC-MS/MS
SMP-00705,7.19,60844.3,10260.8,10363.6,0.0601,Benzoic Acid,LC-MS/MS
SMP-00705,8.95,33199.5,6752.3,6954.0,0.0335,Phenacetin,LC-MS/MS
SMP-00705,10.45,17302.9,4233.2,4458.0,0.0174,Salicylic Acid,LC-MS/MS
SMP-00705,12.1,45325.6,8315.2,8732.6,0.0463,Chlorpheniramine,LC-MS/MS
SMP-00706,1.25,13029.3,3302.9,3407.3,0.013,Uracil,LC-MS/MS
SMP-00706,2.78,52647.7,10257.3,10437.0,0.0535,Acetaminophen,LC-MS/MS
SMP-00706,4.17,91409.7,14881.3,15513.4,0.089,Caffeine,LC-MS/MS
SMP-00706,5.59,21133.6,4647.8,4581.1,0.0211,Aspirin,LC-MS/MS
SMP-00706,7.25,65223.5,10547.9,10653.5,0.0651,Benzoic Acid,LC-MS/MS
SMP-00706,8.95,28308.2,5944.0,6086.8,0.027,Phenacetin,LC-MS/MS
SMP-00706,10.41,14591.5,3593.0,3681.3,0.0148,Salicylic Acid,LC-MS/MS
SMP-00706,12.11,46926.9,8225.4,8560.1,0.0482,Chlorpheniramine,LC-MS/MS
SMP-00707,1.23,13412.1,3444.0,3690.3,0.014,Uracil,LC-MS/MS
SMP-00707,2.78,165843.0,28731.9,33125.4,0.1544,Acetaminophen,LC-MS/MS
SMP-00707,4.12,91429.5,14917.3,15398.6,0.0922,Caffeine,LC-MS/MS
SMP-00707,5.53,23850.4,5358.1,5544.5,0.0245,Aspirin,LC-MS/MS
SMP-00707,7.22,68812.6,11248.6,11379.5,0.0694,Benzoic Acid,LC-MS/MS
SMP-00707,8.92,33904.5,6910.3,7032.1,0.0342,Phenacetin,LC-MS/MS
SMP-00707,10.37,13542.6,3244.6,3317.2,0.0139,Salicylic Acid,LC-MS/MS
SMP-00707,12.1,58533.1,10482.7,11268.6,0.0583,Chlorpheniramine,LC-MS/MS
SMP-00708,1.24,10404.6,2697.4,2799.1,0.0105,Uracil,LC-MS/MS
SMP-00708,2.8,46907.8,9073.4,9464.8,0.0441,Acetaminophen,LC-MS/MS
SMP-00708,4.17,98421.3,16055.1,16770.6,0.0999,Caffeine,LC-MS/MS
SMP-00708,5.6,20697.3,4478.3,4688.8,0.0203,Aspirin,LC-MS/MS
SMP-00708,7.2,68624.3,11372.4,11262.8,0.0683,Benzoic Acid,LC-MS/MS
SMP-00708,8.95,27516.9,5538.6,5762.4,0.0266,Phenacetin,LC-MS/MS
SMP-00708,10.41,14794.7,3534.0,3497.7,0.0146,Salicylic Acid,LC-MS/MS
SMP-00708,12.05,58133.8,9816.3,10043.7,0.0578,Chlorpheniramine,LC-MS/MS
SMP-00709,1.26,11197.0,2866.0,2958.9,0.0112,Uracil,LC-MS/MS
SMP-00709,2.76,44475.2,8907.6,9137.5,0.0441,Acetaminophen,LC-MS/MS
SMP-00709,4.15,91020.6,14449.0,15590.7,0.0929,Caffeine,LC-MS/MS
SMP-00709,5.63,23851.3,5241.4,5478.5,0.0242,Aspirin,LC-MS/MS
SMP-00709,7.2,71699.8,11773.5,12296.9,0.0716,Benzoic Acid,LC-MS/MS
SMP-00709,8.89,23723.5,5092.8,5268.9,0.0245,Phenacetin,LC-MS/MS
SMP-00709,10.43,16443.8,4265.8,4352.2,0.0162,Salicylic Acid,LC-MS/MS
SMP-00709,12.17,51490.7,9576.7,9784.9,0.052,Chlorpheniramine,LC-MS/MS
SMP-00710,1.22,11258.0,2893.8,2954.0,0.0115,Uracil,LC-MS/MS
SMP-00710,2.83,48168.2,9943.6,10104.5,0.0484,Acetaminophen,LC-MS/MS
SMP-00710,4.16,96595.3,16152.7,16718.0,0.0977,Caffeine,LC-MS/MS
SMP-00710,5.6,19753.9,4335.4,4476.9,0.0194,Aspirin,LC-MS/MS
SMP-00710,7.18,81560.4,13780.8,14037.9,0.0814,Benzoic Acid,LC-MS/MS
SMP-00710,8.95,33861.3,7226.7,7316.6,0.0335,Phenacetin,LC-MS/MS
SMP-00710,10.38,15707.1,3805.9,4037.8,0.0152,Salicylic Acid,LC-MS/MS
SMP-00710,12.1,54987.0,10393.5,10739.4,0.0537,Chlorpheniramine,LC-MS/MS
SMP-00711,1.27,11295.1,2746.7,2940.1,0.011,Uracil,LC-MS/MS
SMP-00711,2.85,41522.6,8319.5,8754.6,0.0412,Acetaminophen,LC-MS/MS
SMP-00711,4.15,75196.1,11646.0,11936.2,0.0769,Caffeine,LC-MS/MS
SMP-00711,5.59,21582.6,4883.3,5094.6,0.0211,Aspirin,LC-MS/MS
SMP-00711,7.22,74974.8,12686.2,12657.8,0.075,Benzoic Acid,LC-MS/MS
SMP-00711,8.99,30859.5,6127.1,6202.7,0.0298,Phenacetin,LC-MS/MS
SMP-00711,10.42,17509.6,4392.1,4546.8,0.0176,Salicylic Acid,LC-MS/MS
SMP-00711,12.06,64557.4,11609.2,12241.3,0.0647,Chlorpheniramine,LC-MS/MS
SMP-00712,1.22,12919.4,3273.1,3328.8,0.0135,Uracil,LC-MS/MS
SMP-00712,2.79,43574.5,8948.3,9103.3,0.0421,Acetaminophen,LC-MS/MS
SMP-00712,4.15,96002.9,15345.8,15783.7,0.0949,Caffeine,LC-MS/MS
SMP-00712,5.61,22421.1,5201.3,5422.9,0.0224,Aspirin,LC-MS/MS
SMP-00712,7.2,63846.9,10461.6,10861.6,0.0616,Benzoic Acid,LC-MS/MS
SMP-00712,8.98,32375.6,6704.4,7044.2,0.032,Phenacetin,LC-MS/MS
SMP-00712,10.4,13636.6,3327.9,3468.3,0.0141,Salicylic Acid,LC-MS/MS
SMP-00712,12.11,57414.8,10313.8,11027.0,0.0557,Chlorpheniramine,LC-MS/MS
SMP-00713,1.36,11686.0,2878.2,3010.0,0.0117,Uracil,LC-MS/MS
SMP-00713,2.75,51369.1,9765.1,10148.7,0.0512,Acetaminophen,LC-MS/MS
SMP-00713,4.17,88741.8,14760.9,15049.7,0.0872,Caffeine,LC-MS/MS
SMP-00713,5.58,20760.5,4589.8,4600.0,0.0215,Aspirin,LC-MS/MS
SMP-00713,7.21,74866.3,12382.8,12657.4,0.0778,Benzoic Acid,LC-MS/MS
SMP-00713,8.89,30359.8,6306.6,6315.8,0.0312,Phenacetin,LC-MS/MS
SMP-00713,10.35,15110.8,3859.9,4048.8,0.0149,Salicylic Acid,LC-MS/MS
SMP-00713,12.14,56012.0,10003.2,10364.4,0.0548,Chlorpheniramine,LC-MS/MS
SMP-00714,1.28,12395.9,3090.9,3102.9,0.0122,Uracil,LC-MS/MS
SMP-00714,2.79,43834.8,8516.1,8990.0,0.0451,Acetaminophen,LC-MS/MS
SMP-00714,4.14,90984.0,14915.1,15202.1,0.0935,Caffeine,LC-MS/MS
SMP-00714,5.64,21448.6,4713.3,4888.7,0.0219,Aspirin,LC-MS/MS
SMP-00714,7.24,59730.6,9260.6,9487.9,0.0604,Benzoic Acid,LC-MS/MS
SMP-00714,8.96,27964.3,5472.4,5598.5,0.0288,Phenacetin,LC-MS/MS
SMP-00714,10.4,15538.7,3918.2,3972.1,0.015,Salicylic Acid,LC-MS/MS
SMP-00714,12.14,57645.1,10873.2,11382.8,0.0567,Chlorpheniramine,LC-MS/MS
SMP-00715,1.22,13386.0,3543.2,3739.4,0.0127,Uracil,LC-MS/MS
SMP-00715,2.79,43021.1,8285.1,8283.8,0.0441,Acetaminophen,LC-MS/MS
SMP-00715,4.13,88462.8,14208.8,14307.9,0.0895,Caffeine,LC-MS/MS
SMP-00715,5.61,24745.9,5630.7,5882.2,0.0247,Aspirin,LC-MS/MS
SMP-00715,7.22,62874.2,10588.7,10903.6,0.0639,Benzoic Acid,LC-MS/MS
SMP-00715,8.94,30683.4,6313.5,6677.0,0.0304,Phenacetin,LC-MS/MS
SMP-00715,10.43,17306.2,4232.7,4267.7,0.0174,Salicylic Acid,LC-MS/MS
SMP-00715,12.13,48181.0,8894.2,9398.3,0.0484,Chlorpheniramine,LC-MS/MS
SMP-00716,1.23,13317.4,3494.6,3698.2,0.0134,Uracil,LC-MS/MS
SMP-00716,2.81,40401.7,8063.4,8404.0,0.0409,Acetaminophen,LC-MS/MS
SMP-00716,4.14,84966.6,13370.1,13763.1,0.0845,Caffeine,LC-MS/MS
SMP-00716,5.58,22747.9,5025.9,5333.6,0.0228,Aspirin,LC-MS/MS
SMP-00716,7.14,71941.3,12088.8,12146.1,0.0739,Benzoic Acid,LC-MS/MS
SMP-00716,8.97,34709.3,7114.6,7628.4,0.0348,Phenacetin,LC-MS/MS
SMP-00716,10.37,16518.6,3823.3,3885.1,0.0164,Salicylic Acid,LC-MS/MS
SMP-00716,12.08,50813.7,9034.4,9165.7,0.0513,Chlorpheniramine,LC-MS/MS
SMP-00717,1.23,13232.8,3406.9,3552.3,0.013,Uracil,LC-MS/MS
SMP-00717,2.77,41880.3,8512.0,9075.2,0.0405,Acetaminophen,LC-MS/MS
SMP-00717,4.17,89584.4,14844.1,15241.4,0.0902,Caffeine,LC-MS/MS
SMP-00717,5.61,22099.1,4947.3,5053.3,0.0221,Aspirin,LC-MS/MS
SMP-00717,7.21,68624.2,11432.1,11931.2,0.0689,Benzoic Acid,LC-MS/MS
SMP-00717,8.98,31056.0,6415.3,6726.9,0.0304,Phenacetin,LC-MS/MS
SMP-00717,10.35,15403.2,3984.3,4141.3,0.0149,Salicylic Acid,LC-MS/MS
SMP-00717,12.07,50907.5,9413.2,9487.4,0.0519,Chlorpheniramine,LC-MS/MS
SMP-00718,1.26,12749.3,3352.3,3502.4,0.0125,Uracil,LC-MS/MS
SMP-00718,2.78,48041.7,9585.6,9968.6,0.0475,Acetaminophen,LC-MS/MS
SMP-00718,4.2,81302.3,13525.7,13876.8,0.0847,Caffeine,LC-MS/MS
SMP-00718,5.62,24663.2,5469.3,5771.3,0.0243,Aspirin,LC-MS/MS
SMP-00718,7.18,68090.5,11321.3,11504.6,0.0681,Benzoic Acid,LC-MS/MS
SMP-00718,8.95,27703.6,5533.5,5622.2,0.0278,Phenacetin,LC-MS/MS
SMP-00718,10.44,14470.6,3364.8,3510.6,0.0146,Salicylic Acid,LC-MS/MS
SMP-00718,12.12,54284.8,9632.1,10007.7,0.0563,Chlorpheniramine,LC-MS/MS
SMP-00719,1.27,12394.0,3162.6,3346.3,0.0121,Uracil,LC-MS/MS
SMP-00719,2.78,46682.1,9209.0,9612.1,0.0458,Acetaminophen,LC-MS/MS
SMP-00719,4.14,77896.0,13017.9,13255.6,0.0777,Caffeine,LC-MS/MS
SMP-00719,5.54,20974.2,4788.0,4779.4,0.0211,Aspirin,LC-MS/MS
SMP-00719,7.25,57278.8,9454.9,9758.0,0.055,Benzoic Acid,LC-MS/MS
SMP-00719,8.93,30266.0,5973.8,6254.2,0.0306,Phenacetin,LC-MS/MS
SMP-00719,10.41,16032.3,3891.3,3980.0,0.0163,Salicylic Acid,LC-MS/MS
SMP-00719,12.11,54948.8,9693.6,9576.6,0.0547,Chlorpheniramine,LC-MS/MS
SMP-00720,1.27,13907.1,3556.6,3766.9,0.0139,Uracil,LC-MS/MS
SMP-00720,2.82,46549.2,9382.7,9525.2,0.0449,Acetaminophen,LC-MS/MS
SMP-00720,4.21,84703.9,13759.9,13863.9,0.0861,Caffeine,LC-MS/MS
SMP-00720,5.55,19906.1,4415.7,4583.2,0.0199,Aspirin,LC-MS/MS
SMP-00720,7.25,73379.8,12805.0,13355.0,0.071,Benzoic Acid,LC-MS/MS
SMP-00720,8.96,152747.9,29842.3,28942.7,0.1451,Phenacetin,LC-MS/MS
SMP-00720,10.43,15353.1,3697.0,3848.8,0.0156,Salicylic Acid,LC-MS/MS
SMP-00720,12.08,58442.5,10860.1,11262.5,0.0569,Chlorpheniramine,LC-MS/MS
SMP-00721,1.21,11690.8,3039.3,3122.8,0.0118,Uracil,LC-MS/MS
SMP-00721,2.86,132665.7,28723.3,27816.7,0.1326,Acetaminophen,LC-MS/MS
SMP-00721,4.12,78175.1,12397.6,12933.2,0.0776,Caffeine,LC-MS/MS
SMP-00721,5.63,28271.4,6425.2,6746.4,0.0282,Aspirin,LC-MS/MS
SMP-00721,7.21,67688.9,11181.1,11378.7,0.068,Benzoic Acid,LC-MS/MS
SMP-00721,8.99,36200.5,7693.4,8078.2,0.0371,Phenacetin,LC-MS/MS
SMP-00721,10.4,16586.3,4023.3,4192.2,0.0168,Salicylic Acid,LC-MS/MS
SMP-00721,12.08,49321.3,8618.4,8810.3,0.0491,Chlorpheniramine,LC-MS/MS
SMP-00722,1.26,13328.5,3479.8,3555.6,0.0134,Uracil,LC-MS/MS
SMP-00722,2.76,50960.8,9735.2,9643.9,0.0508,Acetaminophen,LC-MS/MS
SMP-00722,4.13,91095.5,15432.3,15979.0,0.0909,Caffeine,LC-MS/MS
SMP-00722,5.63,23431.1,5331.1,5557.0,0.0227,Aspirin,LC-MS/MS
SMP-00722,7.17,59289.2,9936.6,9991.0,0.0593,Benzoic Acid,LC-MS/MS
SMP-00722,8.96,31381.3,6566.5,6687.4,0.0308,Phenacetin,LC-MS/MS
SMP-00722,10.47,16060.3,3876.4,4088.5,0.0153,Salicylic Acid,LC-MS/MS
SMP-00722,12.12,62339.9,11505.7,11754.2,0.0637,Chlorpheniramine,LC-MS/MS
SMP-00723,1.23,9687.3,2496.2,2625.1,0.0098,Uracil,LC-MS/MS
SMP-00723,2.78,45047.0,8873.5,9548.9,0.0451,Acetaminophen,LC-MS/MS
SMP-00723,4.14,89933.2,15000.6,15284.2,0.0847,Caffeine,LC-MS/MS
SMP-00723,5.69,22543.2,5059.2,5346.8,0.0229,Aspirin,LC-MS/MS
SMP-00723,7.2,67231.5,11503.2,11687.1,0.0664,Benzoic Acid,LC-MS/MS
SMP-00723,8.92,32812.6,6672.8,6769.5,0.0324,Phenacetin,LC-MS/MS
SMP-00723,10.42,13511.9,3331.9,3377.8,0.0136,Salicylic Acid,LC-MS/MS
SMP-00723,12.06,64059.9,11368.4,11735.9,0.0637,Chlorpheniramine,LC-MS/MS
SMP-00724,1.25,12657.7,3270.1,3433.1,0.0128,Uracil,LC-MS/MS
SMP-00724,2.76,48813.4,9604.8,9986.0,0.0492,Acetaminophen,LC-MS/MS
SMP-00724,4.12,87253.0,14895.3,14948.7,0.0859,Caffeine,LC-MS/MS
SMP-00724,5.6,24244.6,5365.2,5418.2,0.0241,Aspirin,LC-MS/MS
SMP-00724,7.18,65408.8,11053.5,11261.9,0.0641,Benzoic Acid,LC-MS/MS
SMP-00724,8.95,28125.7,5843.9,6380.3,0.0277,Phenacetin,LC-MS/MS
SMP-00724,10.39,16306.3,3849.7,3967.9,0.0163,Salicylic Acid,LC-MS/MS
SMP-00724,12.11,58221.2,10510.4,10966.4,0.0582,Chlorpheniramine,LC-MS/MS
SMP-00725,1.23,12725.5,3378.3,3476.2,0.0124,Uracil,LC-MS/MS
SMP-00725,2.82,45284.6,8536.6,8720.7,0.047,Acetaminophen,LC-MS/MS
SMP-00725,4.14,94909.4,15777.4,16588.8,0.0959,Caffeine,LC-MS/MS
SMP-00725,5.64,22982.1,5030.7,5147.0,0.023,Aspirin,LC-MS/MS
SMP-00725,7.22,46354.0,7497.1,7620.0,0.0459,Benzoic Acid,LC-MS/MS
SMP-00725,9.0,30659.1,6027.0,6190.9,0.0305,Phenacetin,LC-MS/MS
SMP-00725,10.37,16133.2,4008.3,4114.8,0.016,Salicylic Acid,LC-MS/MS
SMP-00725,12.12,51202.2,8962.4,9093.6,0.0507,Chlorpheniramine,LC-MS/MS
SMP-00726,1.3,14158.7,3395.5,3543.2,0.0142,Uracil,LC-MS/MS
SMP-00726,2.83,43269.6,8684.7,9101.0,0.0434,Acetaminophen,LC-MS/MS
SMP-00726,4.15,79429.2,13292.7,13590.2,0.0806,Caffeine,LC-MS/MS
SMP-00726,5.58,24161.7,5568.7,5705.0,0.0239,Aspirin,LC-MS/MS
SMP-00726,7.23,57459.9,9524.0,9784.1,0.0566,Benzoic Acid,LC-MS/MS
SMP-00726,9.01,27529.0,6029.3,6106.6,0.0267,Phenacetin,LC-MS/MS
SMP-00726,10.41,13635.8,3364.4,3656.2,0.0135,Salicylic Acid,LC-MS/MS
SMP-00726,12.07,54004.9,9492.5,9915.3,0.053,Chlorpheniramine,LC-MS/MS
SMP-00727,1.25,10979.1,2865.9,2945.1,0.0113,Uracil,LC-MS/MS
SMP-00727,2.8,49493.9,9290.2,9377.5,0.0513,Acetaminophen,LC-MS/MS
SMP-00727,4.15,479171.4,61979.2,66199.8,0.4859,Caffeine,LC-MS/MS
SMP-00727,5.64,21383.1,4665.0,4868.4,0.022,Aspirin,LC-MS/MS
SMP-00727,7.19,73970.1,12669.2,13331.4,0.0717,Benzoic Acid,LC-MS/MS
SMP-00727,8.96,32116.6,6660.3,6747.2,0.0322,Phenacetin,LC-MS/MS
SMP-00727,10.42,13084.1,3276.9,3421.5,0.013,Salicylic Acid,LC-MS/MS
SMP-00727,12.1,57546.3,9964.2,10415.4,0.059,Chlorpheniramine,LC-MS/MS
SMP-00728,1.24,12517.2,3234.8,3322.3,0.013,Uracil,LC-MS/MS
SMP-00728,2.81,47817.0,9853.1,10182.3,0.0477,Acetaminophen,LC-MS/MS
SMP-00728,4.1,100412.3,15996.9,16311.7,0.0999,Caffeine,LC-MS/MS
SMP-00728,5.58,22566.5,4794.3,4963.0,0.0223,Aspirin,LC-MS/MS
SMP-00728,7.24,67759.3,11472.8,11967.6,0.0686,Benzoic Acid,LC-MS/MS
SMP-00728,8.96,127268.9,23561.2,25848.1,0.1232,Phenacetin,LC-MS/MS
SMP-00728,10.37,13803.2,3248.1,3427.4,0.014,Salicylic Acid,LC-MS/MS
SMP-00728,12.06,55814.0,10396.6,11006.8,0.054,Chlorpheniramine,LC-MS/MS
SMP-00729,1.2,12010.4,3156.8,3204.9,0.012,Uracil,LC-MS/MS
SMP-00729,2.74,42688.8,8538.5,8984.7,0.0425,Acetaminophen,LC-MS/MS
SMP-00729,4.21,80452.2,13020.7,12802.4,0.0803,Caffeine,LC-MS/MS
SMP-00729,5.59,20068.7,4639.9,4861.7,0.0199,Aspirin,LC-MS/MS
SMP-00729,7.17,75704.1,12222.7,12741.5,0.077,Benzoic Acid,LC-MS/MS
SMP-00729,8.9,29354.8,6113.8,6276.4,0.0291,Phenacetin,LC-MS/MS
SMP-00729,10.45,17913.1,4056.4,4225.9,0.0176,Salicylic Acid,LC-MS/MS
SMP-00729,12.08,51230.2,9510.9,9560.9,0.0511,Chlorpheniramine,LC-MS/MS
SMP-00730,1.28,13859.3,3495.0,3567.8,0.0144,Uracil,LC-MS/MS
SMP-00730,2.81,48788.8,9584.3,9727.2,0.0495,Acetaminophen,LC-MS/MS
SMP-00730,4.13,333303.9,54478.4,44858.3,0.3286,Caffeine,LC-MS/MS
SMP-00730,5.58,17309.9,3970.1,4092.4,0.0184,Aspirin,LC-MS/MS
SMP-00730,7.2,70116.4,11620.9,11924.6,0.0709,Benzoic Acid,LC-MS/MS
SMP-00730,8.96,28855.4,5470.6,5752.4,0.0285,Phenacetin,LC-MS/MS
SMP-00730,10.45,14271.0,3533.5,3587.0,0.0146,Salicylic Acid,LC-MS/MS
SMP-00730,12.11,50904.1,9110.7,8953.8,0.05,Chlorpheniramine,LC-MS/MS
SMP-00731,1.32,13213.8,3394.3,3558.7,0.0132,Uracil,LC-MS/MS
SMP-00731,2.82,50618.6,10032.9,10453.9,0.0503,Acetaminophen,LC-MS/MS
SMP-00731,4.13,103055.8,16665.1,17191.0,0.1017,Caffeine,LC-MS/MS
SMP-00731,5.56,23617.3,5314.0,5301.4,0.0238,Aspirin,LC-MS/MS
SMP-00731,7.17,64026.0,10229.1,10344.9,0.0653,Benzoic Acid,LC-MS/MS
SMP-00731,8.94,29772.5,6179.4,6304.9,0.0294,Phenacetin,LC-MS/MS
SMP-00731,10.41,12431.0,3232.8,3458.5,0.0124,Salicylic Acid,LC-MS/MS
SMP-00731,12.11,62331.0,10989.0,11107.1,0.0626,Chlorpheniramine,LC-MS/MS
SMP-00732,1.27,10929.8,2910.7,2987.4,0.0111,Uracil,LC-MS/MS
SMP-00732,2.76,45599.5,8854.8,8862.7,0.0453,Acetaminophen,LC-MS/MS
SMP-00732,4.17,93832.2,15532.8,15806.1,0.0915,Caffeine,LC-MS/MS
SMP-00732,5.6,25524.0,5607.1,6002.2,0.0257,Aspirin,LC-MS/MS
SMP-00732,7.24,63728.1,10173.7,10375.1,0.0627,Benzoic Acid,LC-MS/MS
SMP-00732,8.96,26775.5,5798.9,5994.8,0.0278,Phenacetin,LC-MS/MS
SMP-00732,10.43,15628.4,3898.7,4026.7,0.016,Salicylic Acid,LC-MS/MS
SMP-00732,12.12,50384.8,9134.1,9172.2,0.0502,Chlorpheniramine,LC-MS/MS
SMP-00733,1.25,11950.8,3102.0,3268.2,0.012,Uracil,LC-MS/MS
SMP-00733,2.74,53869.9,10414.9,10605.8,0.054,Acetaminophen,LC-MS/MS
SMP-00733,4.14,97316.0,15767.7,16644.2,0.0979,Caffeine,LC-MS/MS
SMP-00733,5.59,22568.2,4901.1,5082.4,0.023,Aspirin,LC-MS/MS
SMP-00733,7.17,66915.6,10828.0,10978.8,0.0637,Benzoic Acid,LC-MS/MS
SMP-00733,8.89,25604.1,5395.0,5636.5,0.0247,Phenacetin,LC-MS/MS
SMP-00733,10.39,19616.5,4868.2,5093.0,0.0194,Salicylic Acid,LC-MS/MS
SMP-00733,12.12,48620.9,8996.1,9563.1,0.0485,Chlorpheniramine,LC-MS/MS
SMP-00734,1.21,12510.2,3269.3,3254.2,0.0123,Uracil,LC-MS/MS
SMP-00734,2.79,158276.1,28939.9,27752.2,0.1524,Acetaminophen,LC-MS/MS
SMP-00734,4.17,75658.6,12984.0,13163.1,0.0737,Caffeine,LC-MS/MS
SMP-00734,5.65,24682.1,5364.4,5505.8,0.0255,Aspirin,LC-MS/MS
SMP-00734,7.21,68446.9,11595.9,11914.4,0.0703,Benzoic Acid,LC-MS/MS
SMP-00734,8.93,32035.7,6924.1,7242.3,0.0321,Phenacetin,LC-MS/MS
SMP-00734,10.42,15516.1,3736.8,3856.7,0.0158,Salicylic Acid,LC-MS/MS
SMP-00734,12.12,56471.4,9804.1,9876.6,0.056,Chlorpheniramine,LC-MS/MS
SMP-00735,1.23,11772.5,3064.6,3170.7,0.0118,Uracil,LC-MS/MS
SMP-00735,2.82,37882.5,7670.0,7978.7,0.0384,Acetaminophen,LC-MS/MS
SMP-00735,4.14,89403.6,14664.5,14836.6,0.0899,Caffeine,LC-MS/MS
SMP-00735,5.61,20594.6,4422.8,4501.9,0.0203,Aspirin,LC-MS/MS
SMP-00735,7.19,54421.9,8945.6,8927.1,0.0554,Benzoic Acid,LC-MS/MS
SMP-00735,8.98,36202.0,7772.1,8180.7,0.0358,Phenacetin,LC-MS/MS
SMP-00735,10.39,16031.6,3987.8,4100.9,0.0165,Salicylic Acid,LC-MS/MS
SMP-00735,12.15,55831.2,10276.6,10638.1,0.055,Chlorpheniramine,LC-MS/MS
SMP-00736,1.29,10880.4,2879.5,2964.8,0.0106,Uracil,LC-MS/MS
SMP-00736,2.81,48701.7,9347.5,9668.7,0.0475,Acetaminophen,LC-MS/MS
SMP-00736,4.18,91763.7,15481.8,16029.2,0.0898,Caffeine,LC-MS/MS
SMP-00736,5.61,23641.7,5160.9,5213.8,0.0233,Aspirin,LC-MS/MS
SMP-00736,7.17,65068.6,11323.2,11549.0,0.0659,Benzoic Acid,LC-MS/MS
SMP-00736,8.92,103030.7,16456.7,22037.7,0.1016,Phenacetin,LC-MS/MS
SMP-00736,10.4,18498.6,4603.6,4791.8,0.0188,Salicylic Acid,LC-MS/MS
SMP-00736,12.04,54078.3,9391.3,9700.7,0.0525,Chlorpheniramine,LC-MS/MS
SMP-00737,1.22,9735.4,2360.7,2483.5,0.0095,Uracil,LC-MS/MS
SMP-00737,2.85,43231.2,8590.8,8957.0,0.0442,Acetaminophen,LC-MS/MS
SMP-00737,4.1,92804.0,15376.5,15783.9,0.094,Caffeine,LC-MS/MS
SMP-00737,5.6,22908.7,5231.8,5457.6,0.0227,Aspirin,LC-MS/MS
SMP-00737,7.2,69808.1,11770.8,12313.5,0.0701,Benzoic Acid,LC-MS/MS
SMP-00737,8.94,26872.4,5523.8,5694.1,0.0265,Phenacetin,LC-MS/MS
SMP-00737,10.4,17366.1,4332.7,4598.0,0.0174,Salicylic Acid,LC-MS/MS
SMP-00737,12.11,62415.8,11417.9,11603.0,0.0622,Chlorpheniramine,LC-MS/MS
SMP-00738,1.24,13053.7,3255.8,3452.3,0.0133,Uracil,LC-MS/MS
SMP-00738,2.79,44327.1,8290.0,8787.5,0.0437,Acetaminophen,LC-MS/MS
SMP-00738,4.12,91920.6,15688.3,16433.2,0.0921,Caffeine,LC-MS/MS
SMP-00738,5.55,23404.1,4951.5,5082.6,0.0238,Aspirin,LC-MS/MS
SMP-00738,7.2,72205.5,12225.0,12366.6,0.0723,Benzoic Acid,LC-MS/MS
SMP-00738,9.0,26586.0,5692.3,5983.0,0.0274,Phenacetin,LC-MS/MS
SMP-00738,10.45,17158.6,4012.2,4060.2,0.0162,Salicylic Acid,LC-MS/MS
SMP-00738,12.09,57260.9,10244.4,10851.7,0.0583,Chlorpheniramine,LC-MS/MS
SMP-00739,1.28,11658.2,2968.0,3043.8,0.0117,Uracil,LC-MS/MS
SMP-00739,2.82,33112.6,6603.7,6851.5,0.0331,Acetaminophen,LC-MS/MS
SMP-00739,4.21,93029.1,15203.2,15426.8,0.0931,Caffeine,LC-MS/MS
SMP-00739,5.61,20132.1,4338.7,4298.3,0.0186,Aspirin,LC-MS/MS
SMP-00739,7.16,64141.1,10880.8,10929.7,0.0649,Benzoic Acid,LC-MS/MS
SMP-00739,8.92,32670.2,6481.7,6282.9,0.0325,Phenacetin,LC-MS/MS
SMP-00739,10.37,15921.1,3770.7,3839.7,0.0155,Salicylic Acid,LC-MS/MS
SMP-00739,12.11,54254.7,9445.0,9361.8,0.0551,Chlorpheniramine,LC-MS/MS
SMP-00740,1.24,11213.9,2930.7,3007.0,0.0113,Uracil,LC-MS/MS
SMP-00740,2.81,50953.8,9870.7,10129.1,0.0509,Acetaminophen,LC-MS/MS
SMP-00740,4.14,96213.9,16521.9,17420.8,0.0951,Caffeine,LC-MS/MS
SMP-00740,5.62,25379.1,5575.9,5557.8,0.025,Aspirin,LC-MS/MS
SMP-00740,7.16,74297.4,12455.1,12688.1,0.0741,Benzoic Acid,LC-MS/MS
SMP-00740,9.04,30567.5,6068.6,6264.7,0.0299,Phenacetin,LC-MS/MS
SMP-00740,10.39,15637.3,4052.6,4233.8,0.0155,Salicylic Acid,LC-MS/MS
SMP-00740,12.1,52285.4,9161.1,9476.8,0.0523,Chlorpheniramine,LC-MS/MS
SMP-00741,1.18,46252.8,10601.8,11726.8,0.0476,Uracil,LC-MS/MS
SMP-00741,2.81,50738.7,10071.0,10412.4,0.0505,Acetaminophen,LC-MS/MS
SMP-00741,4.17,84690.3,13268.6,13957.5,0.087,Caffeine,LC-MS/MS
SMP-00741,5.58,20723.8,4504.1,4681.0,0.0209,Aspirin,LC-MS/MS
SMP-00741,7.21,76846.4,12680.3,13182.7,0.0731,Benzoic Acid,LC-MS/MS
SMP-00741,8.92,26906.9,5373.0,5424.2,0.0259,Phenacetin,LC-MS/MS
SMP-00741,10.36,14313.1,3546.1,3741.1,0.0139,Salicylic Acid,LC-MS/MS
SMP-00741,12.09,53435.3,10052.2,10314.8,0.0539,Chlorpheniramine,LC-MS/MS
SMP-00742,1.25,13289.0,3451.2,3469.4,0.0129,Uracil,LC-MS/MS
SMP-00742,2.83,51880.6,9714.8,9753.6,0.0516,Acetaminophen,LC-MS/MS
SMP-00742,4.19,90969.1,14773.0,14618.0,0.0928,Caffeine,LC-MS/MS
SMP-00742,5.59,22663.8,4813.5,4943.8,0.0231,Aspirin,LC-MS/MS
SMP-00742,7.18,72016.2,12322.1,12941.2,0.0721,Benzoic Acid,LC-MS/MS
SMP-00742,8.99,36977.4,7415.2,7623.6,0.0366,Phenacetin,LC-MS/MS
SMP-00742,10.43,16766.0,4002.2,4016.8,0.017,Salicylic Acid,LC-MS/MS
SMP-00742,12.14,59075.4,10948.6,11279.2,0.0594,Chlorpheniramine,LC-MS/MS
SMP-00743,1.25,10793.8,2799.7,3013.5,0.0107,Uracil,LC-MS/MS
SMP-00743,2.79,45809.7,8711.8,9003.2,0.0481,Acetaminophen,LC-MS/MS
SMP-00743,4.16,93958.4,15875.3,16985.8,0.0967,Caffeine,LC-MS/MS
SMP-00743,5.64,26136.5,5946.0,6193.2,0.0259,Aspirin,LC-MS/MS
SMP-00743,7.18,75169.4,13034.6,13357.8,0.0741,Benzoic Acid,LC-MS/MS
SMP-00743,8.9,27399.4,5517.9,5783.6,0.0279,Phenacetin,LC-MS/MS
SMP-00743,10.38,12931.1,3153.4,3186.1,0.013,Salicylic Acid,LC-MS/MS
SMP-00743,12.07,63427.9,11241.4,11406.0,0.0613,Chlorpheniramine,LC-MS/MS
SMP-00744,1.21,11011.0,2790.1,2844.4,0.0108,Uracil,LC-MS/MS
SMP-00744,2.76,51893.9,10263.5,10662.5,0.051,Acetaminophen,LC-MS/MS
SMP-00744,4.22,84467.4,13289.2,14018.0,0.085,Caffeine,LC-MS/MS
SMP-00744,5.6,26164.7,5690.8,5916.0,0.0266,Aspirin,LC-MS/MS
SMP-00744,7.27,61270.1,10263.1,10603.9,0.0618,Benzoic Acid,LC-MS/MS
SMP-00744,9.03,26535.0,5643.4,5851.2,0.0263,Phenacetin,LC-MS/MS
SMP-00744,10.38,18400.0,4380.3,4493.8,0.0188,Salicylic Acid,LC-MS/MS
SMP-00744,12.08,55899.4,10157.6,10263.8,0.0553,Chlorpheniramine,LC-MS/MS
SMP-00745,1.28,10719.1,2577.8,2701.4,0.0107,Uracil,LC-MS/MS
SMP-00745,2.8,47709.2,9541.4,9914.9,0.0477,Acetaminophen,LC-MS/MS
SMP-00745,4.18,96590.6,16349.6,16497.5,0.0943,Caffeine,LC-MS/MS
SMP-00745,5.63,21740.5,4947.9,4988.7,0.0212,Aspirin,LC-MS/MS
SMP-00745,7.15,70380.3,11187.9,12052.8,0.0708,Benzoic Acid,LC-MS/MS
SMP-00745,8.91,27811.9,5798.6,5848.8,0.0275,Phenacetin,LC-MS/MS
SMP-00745,10.44,13691.4,3469.9,3432.7,0.014,Salicylic Acid,LC-MS/MS
SMP-00745,12.06,44594.1,8049.8,8261.0,0.0432,Chlorpheniramine,LC-MS/MS
SMP-00746,1.21,10519.0,2773.6,2908.9,0.0107,Uracil,LC-MS/MS
SMP-00746,2.87,44432.6,8596.2,8916.2,0.0449,Acetaminophen,LC-MS/MS
SMP-00746,4.1,90638.7,14690.1,14427.8,0.0906,Caffeine,LC-MS/MS
SMP-00746,5.59,18357.7,3776.6,3820.9,0.0182,Aspirin,LC-MS/MS
SMP-00746,7.17,74041.2,11622.1,12276.3,0.0736,Benzoic Acid,LC-MS/MS
SMP-00746,8.99,28803.0,5997.1,6198.9,0.0287,Phenacetin,LC-MS/MS
SMP-00746,10.36,15251.9,3756.8,3875.8,0.0151,Salicylic Acid,LC-MS/MS
SMP-00746,12.08,49651.4,9164.5,9258.4,0.0505,Chlorpheniramine,LC-MS/MS
SMP-00747,1.32,12765.3,3177.3,3332.1,0.0127,Uracil,LC-MS/MS
SMP-00747,2.85,45904.2,8871.8,9164.9,0.0452,Acetaminophen,LC-MS/MS
SMP-00747,4.08,83575.8,13311.8,13593.8,0.0818,Caffeine,LC-MS/MS
SMP-00747,5.6,21322.6,4797.9,5105.2,0.0217,Aspirin,LC-MS/MS
SMP-00747,7.23,70481.8,11392.3,11578.4,0.0699,Benzoic Acid,LC-MS/MS
SMP-00747,8.93,26646.2,5462.1,5752.3,0.026,Phenacetin,LC-MS/MS
SMP-00747,10.41,15713.1,4013.8,4120.5,0.0159,Salicylic Acid,LC-MS/MS
SMP-00747,12.14,56744.4,10474.3,10995.5,0.0556,Chlorpheniramine,LC-MS/MS
SMP-00748,1.23,13530.1,3480.4,3583.8,0.0136,Uracil,LC-MS/MS
SMP-00748,2.81,45612.3,9030.8,9292.9,0.0461,Acetaminophen,LC-MS/MS
SMP-00748,4.16,86923.7,14051.0,14861.7,0.0899,Caffeine,LC-MS/MS
SMP-00748,5.61,23145.2,5203.4,5253.9,0.023,Aspirin,LC-MS/MS
SMP-00748,7.2,68766.5,10844.2,10757.2,0.0678,Benzoic Acid,LC-MS/MS
SMP-00748,8.99,36864.0,7694.0,7929.4,0.0363,Phenacetin,LC-MS/MS
SMP-00748,10.37,16291.8,3951.6,4089.8,0.0158,Salicylic Acid,LC-MS/MS
SMP-00748,12.09,54920.0,10296.5,10387.5,0.0545,Chlorpheniramine,LC-MS/MS
SMP-00749,1.23,13421.4,3512.5,3719.6,0.0132,Uracil,LC-MS/MS
SMP-00749,2.78,51220.5,9865.8,10197.9,0.0511,Acetaminophen,LC-MS/MS
SMP-00749,4.16,83196.8,13754.4,14246.4,0.0816,Caffeine,LC-MS/MS
SMP-00749,5.6,21958.7,4809.8,4958.2,0.0227,Aspirin,LC-MS/MS
SMP-00749,7.19,69001.4,11975.8,12585.5,0.071,Benzoic Acid,LC-MS/MS
SMP-00749,8.96,30225.1,6187.8,6070.7,0.0318,Phenacetin,LC-MS/MS
SMP-00749,10.33,16722.3,4012.2,4168.5,0.017,Salicylic Acid,LC-MS/MS
SMP-00749,12.11,59068.4,10406.9,10436.7,0.0582,Chlorpheniramine,LC-MS/MS
SMP-00750,1.22,12824.6,3522.7,3639.1,0.0127,Uracil,LC-MS/MS
SMP-00750,2.79,49459.0,9577.9,9878.0,0.0493,Acetaminophen,LC-MS/MS
SMP-00750,4.19,72859.7,11900.3,12213.8,0.0751,Caffeine,LC-MS/MS
SMP-00750,5.6,24681.3,5364.3,5603.2,0.0247,Aspirin,LC-MS/MS
SMP-00750,7.17,65112.1,11619.2,11908.4,0.0648,Benzoic Acid,LC-MS/MS
SMP-00750,8.95,26192.3,5166.5,5321.2,0.0261,Phenacetin,LC-MS/MS
SMP-00750,10.36,17130.9,4170.9,4143.4,0.0177,Salicylic Acid,LC-MS/MS
SMP-00750,12.12,49839.3,9565.7,9836.0,0.0512,Chlorpheniramine,LC-MS/MS
SMP-00751,1.19,13783.5,3506.4,3607.9,0.0132,Uracil,LC-MS/MS
SMP-00751,2.77,55728.2,10803.5,11183.2,0.0562,Acetaminophen,LC-MS/MS
SMP-00751,4.1,99407.4,15419.6,15590.5,0.098,Caffeine,LC-MS/MS
SMP-00751,5.59,24384.9,5399.4,5454.9,0.0248,Aspirin,LC-MS/MS
SMP-00751,7.19,51595.1,8255.0,8535.8,0.0548,Benzoic Acid,LC-MS/MS
SMP-00751,8.91,237431.9,46763.2,52768.3,0.2374,Phenacetin,LC-MS/MS
SMP-00751,10.41,15914.7,3896.2,4033.8,0.0156,Salicylic Acid,LC-MS/MS
SMP-00751,12.1,46831.0,8463.6,8579.2,0.0481,Chlorpheniramine,LC-MS/MS
SMP-00752,1.25,13727.7,3445.3,3548.0,0.0138,Uracil,LC-MS/MS
SMP-00752,2.8,45222.5,9175.1,9530.3,0.0447,Acetaminophen,LC-MS/MS
SMP-00752,4.17,86524.1,14281.9,14488.7,0.084,Caffeine,LC-MS/MS
SMP-00752,5.62,26529.4,6032.5,6227.9,0.0265,Aspirin,LC-MS/MS
SMP-00752,7.23,391988.0,65211.4,67914.0,0.3819,Benzoic Acid,LC-MS/MS
SMP-00752,8.92,31149.3,6399.5,6615.2,0.0327,Phenacetin,LC-MS/MS
SMP-00752,10.36,17008.3,4139.4,4286.4,0.0168,Salicylic Acid,LC-MS/MS
SMP-00752,12.1,59200.6,10614.0,11003.2,0.0583,Chlorpheniramine,LC-MS/MS
SMP-00753,1.21,14420.2,3755.3,3891.9,0.0146,Uracil,LC-MS/MS
SMP-00753,2.79,42342.5,8560.1,8554.3,0.0421,Acetaminophen,LC-MS/MS
SMP-00753,4.13,93947.0,15106.4,15755.5,0.0974,Caffeine,LC-MS/MS
SMP-00753,5.62,21793.2,4760.9,4895.8,0.0225,Aspirin,LC-MS/MS
SMP-00753,7.21,66428.4,11410.1,11512.1,0.0661,Benzoic Acid,LC-MS/MS
SMP-00753,8.93,30549.3,6392.2,6809.1,0.0308,Phenacetin,LC-MS/MS
SMP-00753,10.37,18935.7,4376.5,4513.6,0.0188,Salicylic Acid,LC-MS/MS
SMP-00753,12.11,44743.1,8270.2,8709.1,0.0451,Chlorpheniramine,LC-MS/MS
SMP-00754,1.31,12693.2,3211.3,3367.7,0.0129,Uracil,LC-MS/MS
SMP-00754,2.83,49142.1,9596.8,9676.6,0.0495,Acetaminophen,LC-MS/MS
SMP-00754,4.14,84896.8,13136.4,13410.8,0.0863,Caffeine,LC-MS/MS
SMP-00754,5.58,24046.8,5540.9,5582.9,0.0241,Aspirin,LC-MS/MS
SMP-00754,7.16,64954.7,10903.1,11042.7,0.065,Benzoic Acid,LC-MS/MS
SMP-00754,8.94,35818.8,7133.7,7210.2,0.0359,Phenacetin,LC-MS/MS
SMP-00754,10.38,14381.3,3339.9,3583.8,0.0138,Salicylic Acid,LC-MS/MS
SMP-00754,12.13,52773.3,9509.1,9660.7,0.0531,Chlorpheniramine,LC-MS/MS
SMP-00755,1.23,12188.0,3158.6,3240.7,0.0123,Uracil,LC-MS/MS
SMP-00755,2.8,52692.1,10346.2,10683.4,0.0531,Acetaminophen,LC-MS/MS
SMP-00755,4.15,85974.9,14548.8,15103.9,0.0877,Caffeine,LC-MS/MS
SMP-00755,5.62,23465.1,5063.6,4954.2,0.0235,Aspirin,LC-MS/MS
SMP-00755,7.16,63431.4,11145.5,11804.1,0.0618,Benzoic Acid,LC-MS/MS
SMP-00755,8.93,30407.8,6055.9,6367.2,0.0299,Phenacetin,LC-MS/MS
SMP-00755,10.39,15608.2,3642.1,3593.4,0.0156,Salicylic Acid,LC-MS/MS
SMP-00755,12.14,56654.5,9899.6,9972.1,0.0576,Chlorpheniramine,LC-MS/MS
SMP-00756,1.21,13931.2,3721.3,3885.0,0.0144,Uracil,LC-MS/MS
SMP-00756,2.78,55990.5,11188.7,11855.9,0.0567,Acetaminophen,LC-MS/MS
SMP-00756,4.16,112242.4,18525.8,19269.9,0.1102,Caffeine,LC-MS/MS
SMP-00756,5.61,23479.0,5102.3,5109.0,0.0233,Aspirin,LC-MS/MS
SMP-00756,7.23,61754.6,10831.5,11255.8,0.0634,Benzoic Acid,LC-MS/MS
SMP-00756,8.94,33122.6,6721.5,6877.6,0.0336,Phenacetin,LC-MS/MS
SMP-00756,10.46,17637.9,4239.9,4287.3,0.0175,Salicylic Acid,LC-MS/MS
SMP-00756,12.07,48456.3,8632.3,8830.0,0.0495,Chlorpheniramine,LC-MS/MS
SMP-00757,1.25,11632.5,3020.7,3126.1,0.0115,Uracil,LC-MS/MS
SMP-00757,2.78,49090.4,9769.5,10081.7,0.0499,Acetaminophen,LC-MS/MS
SMP-00757,4.13,74240.1,11614.2,11810.5,0.0737,Caffeine,LC-MS/MS
SMP-00757,5.6,24619.2,5593.2,5828.1,0.0246,Aspirin,LC-MS/MS
SMP-00757,7.19,71440.9,11261.8,11206.6,0.073,Benzoic Acid,LC-MS/MS
SMP-00757,8.96,29837.5,6469.3,6478.6,0.0301,Phenacetin,LC-MS/MS
SMP-00757,10.39,13959.0,3200.1,3346.7,0.0143,Salicylic Acid,LC-MS/MS
SMP-00757,12.07,51342.5,9368.9,9635.9,0.0515,Chlorpheniramine,LC-MS/MS
SMP-00758,1.22,10898.0,2912.5,2939.8,0.0111,Uracil,LC-MS/MS
SMP-00758,2.81,40527.4,7832.0,8300.2,0.0413,Acetaminophen,LC-MS/MS
SMP-00758,4.13,87382.3,13680.4,13972.5,0.0863,Caffeine,LC-MS/MS
SMP-00758,5.6,24355.3,5474.3,5616.5,0.0241,Aspirin,LC-MS/MS
SMP-00758,7.22,60619.0,10189.8,10578.2,0.0603,Benzoic Acid,LC-MS/MS
SMP-00758,8.97,33976.0,6826.7,7085.9,0.0335,Phenacetin,LC-MS/MS
SMP-00758,10.39,18541.0,4464.5,4539.9,0.0184,Salicylic Acid,LC-MS/MS
SMP-00758,12.11,55272.1,10138.9,10438.5,0.0543,Chlorpheniramine,LC-MS/MS
SMP-00759,1.2,12192.1,3121.7,3250.2,0.0122,Uracil,LC-MS/MS
SMP-00759,2.8,50944.5,10131.1,10266.7,0.0511,Acetaminophen,LC-MS/MS
SMP-00759,4.14,78197.8,12100.7,12643.0,0.0792,Caffeine,LC-MS/MS
SMP-00759,5.57,23634.2,5193.6,5347.5,0.0246,Aspirin,LC-MS/MS
SMP-00759,7.2,71068.7,12271.0,12927.2,0.0702,Benzoic Acid,LC-MS/MS
SMP-00759,8.94,32214.2,6560.2,6820.8,0.0324,Phenacetin,LC-MS/MS
SMP-00759,10.43,15051.2,3640.8,3790.8,0.0151,Salicylic Acid,LC-MS/MS
SMP-00759,12.19,47823.1,8675.6,8965.6,0.0478,Chlorpheniramine,LC-MS/MS
SMP-00760,1.27,13023.8,3260.8,3316.6,0.0128,Uracil,LC-MS/MS
SMP-00760,2.78,47230.5,9014.7,9377.0,0.0468,Acetaminophen,LC-MS/MS
SMP-00760,4.14,106509.9,17076.5,17294.9,0.1068,Caffeine,LC-MS/MS
SMP-00760,5.56,22616.4,5092.4,5187.0,0.0223,Aspirin,LC-MS/MS
SMP-00760,7.17,63275.7,10330.2,10730.4,0.0637,Benzoic Acid,LC-MS/MS
SMP-00760,8.95,30939.2,6288.1,6624.5,0.0306,Phenacetin,LC-MS/MS
SMP-00760,10.4,18405.5,4662.6,4840.1,0.0182,Salicylic Acid,LC-MS/MS
SMP-00760,12.13,55265.3,9816.9,10259.9,0.0537,Chlorpheniramine,LC-MS/MS
SMP-00761,1.26,14255.5,3754.9,3893.8,0.0139,Uracil,LC-MS/MS
SMP-00761,2.78,42716.2,8537.4,8735.9,0.0434,Acetaminophen,LC-MS/MS
SMP-00761,4.14,74357.9,11831.2,12153.9,0.0758,Caffeine,LC-MS/MS
SMP-00761,5.62,26165.1,5812.5,6024.9,0.0255,Aspirin,LC-MS/MS
SMP-00761,7.21,62642.3,10357.1,10955.6,0.0615,Benzoic Acid,LC-MS/MS
SMP-00761,8.95,31818.6,6682.4,7144.4,0.0317,Phenacetin,LC-MS/MS
SMP-00761,10.42,13711.1,3212.3,3281.9,0.0138,Salicylic Acid,LC-MS/MS
SMP-00761,12.1,57052.8,10554.8,10709.2,0.0578,Chlorpheniramine,LC-MS/MS
SMP-00762,1.24,13879.2,3690.4,3840.6,0.0139,Uracil,LC-MS/MS
SMP-00762,2.79,171334.0,28635.2,28138.1,0.1705,Acetaminophen,LC-MS/MS
SMP-00762,4.16,93962.1,15677.2,16042.2,0.0941,Caffeine,LC-MS/MS
SMP-00762,5.58,22468.2,4881.3,5045.0,0.0234,Aspirin,LC-MS/MS
SMP-00762,7.18,65182.7,10883.7,11356.8,0.0654,Benzoic Acid,LC-MS/MS
SMP-00762,8.94,32564.2,6434.7,6675.4,0.0317,Phenacetin,LC-MS/MS
SMP-00762,10.39,13729.5,3360.1,3600.6,0.0133,Salicylic Acid,LC-MS/MS
SMP-00762,12.12,51827.8,9730.3,10043.5,0.0512,Chlorpheniramine,LC-MS/MS
SMP-00763,1.24,12914.1,3501.1,3557.0,0.0129,Uracil,LC-MS/MS
SMP-00763,2.82,48237.1,9488.8,9513.7,0.048,Acetaminophen,LC-MS/MS
SMP-00763,4.17,84594.5,12995.4,13483.9,0.0821,Caffeine,LC-MS/MS
SMP-00763,5.61,18664.0,4178.9,4367.0,0.0178,Aspirin,LC-MS/MS
SMP-00763,7.19,72464.1,11912.5,12044.6,0.0729,Benzoic Acid,LC-MS/MS
SMP-00763,8.89,32785.1,6631.3,6913.6,0.0327,Phenacetin,LC-MS/MS
SMP-00763,10.41,17684.7,4224.5,4426.5,0.0178,Salicylic Acid,LC-MS/MS
SMP-00763,12.15,46192.2,8312.5,8456.5,0.0477,Chlorpheniramine,LC-MS/MS
SMP-00764,1.22,11261.7,2817.3,2988.4,0.0113,Uracil,LC-MS/MS
SMP-00764,2.72,38390.2,7452.0,7535.0,0.0389,Acetaminophen,LC-MS/MS
SMP-00764,4.16,83768.0,14329.4,14173.4,0.0845,Caffeine,LC-MS/MS
SMP-00764,5.64,25007.6,5560.5,5704.2,0.0256,Aspirin,LC-MS/MS
SMP-00764,7.22,70273.1,11644.1,11969.8,0.0709,Benzoic Acid,LC-MS/MS
SMP-00764,8.93,32973.4,6477.0,6654.5,0.0328,Phenacetin,LC-MS/MS
SMP-00764,10.42,13111.7,3395.4,3508.0,0.0128,Salicylic Acid,LC-MS/MS
SMP-00764,12.11,58896.5,10687.6,11027.8,0.0591,Chlorpheniramine,LC-MS/MS
SMP-00765,1.28,14531.7,3761.1,3835.6,0.0147,Uracil,LC-MS/MS
SMP-00765,2.84,42856.7,8035.8,7823.6,0.0428,Acetaminophen,LC-MS/MS
SMP-00765,4.13,86196.3,13949.0,14163.6,0.0848,Caffeine,LC-MS/MS
SMP-00765,5.61,29015.5,6296.7,6528.0,0.0284,Aspirin,LC-MS/MS
SMP-00765,7.24,57624.4,9389.1,9596.3,0.0595,Benzoic Acid,LC-MS/MS
SMP-00765,8.95,34743.5,7019.3,7361.1,0.0342,Phenacetin,LC-MS/MS
SMP-00765,10.41,14381.5,3582.4,3697.1,0.0144,Salicylic Acid,LC-MS/MS
SMP-00765,12.06,62287.3,11814.7,12225.2,0.0621,Chlorpheniramine,LC-MS/MS
SMP-00766,1.25,12257.7,3111.4,3178.6,0.0122,Uracil,LC-MS/MS
SMP-00766,2.81,46033.6,8806.9,8924.5,0.046,Acetaminophen,LC-MS/MS
SMP-00766,4.1,97022.3,16144.7,16092.8,0.0987,Caffeine,LC-MS/MS
SMP-00766,5.57,24168.7,5259.4,5274.3,0.0242,Aspirin,LC-MS/MS
SMP-00766,7.22,66312.9,10564.7,11086.9,0.0654,Benzoic Acid,LC-MS/MS
SMP-00766,8.94,32099.4,6804.6,6813.7,0.0324,Phenacetin,LC-MS/MS
SMP-00766,10.42,14441.5,3382.8,3477.3,0.0144,Salicylic Acid,LC-MS/MS
SMP-00766,12.07,40005.0,6773.5,7118.5,0.0389,Chlorpheniramine,LC-MS/MS
SMP-00767,1.24,13500.8,3652.9,3820.3,0.0135,Uracil,LC-MS/MS
SMP-00767,2.83,49343.6,10242.1,10891.3,0.05,Acetaminophen,LC-MS/MS
SMP-00767,4.11,88758.3,14159.3,14480.3,0.0899,Caffeine,LC-MS/MS
SMP-00767,5.6,24937.7,5921.8,6008.2,0.0254,Aspirin,LC-MS/MS
SMP-00767,7.21,58105.6,10219.6,10561.5,0.0558,Benzoic Acid,LC-MS/MS
SMP-00767,8.98,37039.8,7502.1,7578.1,0.0373,Phenacetin,LC-MS/MS
SMP-00767,10.37,14504.8,3488.6,3609.2,0.0146,Salicylic Acid,LC-MS/MS
SMP-00767,12.12,218533.9,36029.3,33968.1,0.2245,Chlorpheniramine,LC-MS/MS
SMP-00768,1.27,12396.0,3294.2,3429.0,0.0123,Uracil,LC-MS/MS
SMP-00768,2.77,45492.8,9361.0,9826.4,0.0452,Acetaminophen,LC-MS/MS
SMP-00768,4.12,79863.5,12901.4,13358.4,0.0812,Caffeine,LC-MS/MS
SMP-00768,5.6,23982.2,4925.6,5159.5,0.0238,Aspirin,LC-MS/MS
SMP-00768,7.19,69310.7,11715.8,11731.3,0.0708,Benzoic Acid,LC-MS/MS
SMP-00768,8.99,32395.2,6826.4,6993.8,0.0328,Phenacetin,LC-MS/MS
SMP-00768,10.39,13857.5,3397.0,3384.1,0.0136,Salicylic Acid,LC-MS/MS
SMP-00768,12.1,57098.6,10526.3,10829.4,0.0574,Chlorpheniramine,LC-MS/MS
SMP-00769,1.21,11302.6,2820.7,2895.8,0.0115,Uracil,LC-MS/MS
SMP-00769,2.79,36318.9,7369.4,7272.4,0.0353,Acetaminophen,LC-MS/MS
SMP-00769,4.08,85528.5,13203.2,13245.6,0.0822,Caffeine,LC-MS/MS
SMP-00769,5.65,19697.9,4372.0,4479.9,0.0196,Aspirin,LC-MS/MS
SMP-00769,7.18,52102.9,8690.8,8857.4,0.0532,Benzoic Acid,LC-MS/MS
SMP-00769,8.89,32434.2,6865.1,7084.2,0.0323,Phenacetin,LC-MS/MS
SMP-00769,10.38,16526.6,3957.0,4054.1,0.0168,Salicylic Acid,LC-MS/MS
SMP-00769,12.07,44523.0,7477.2,7549.5,0.0422,Chlorpheniramine,LC-MS/MS
SMP-00770,1.29,13136.7,3333.7,3473.3,0.0133,Uracil,LC-MS/MS
SMP-00770,2.76,40877.6,8018.0,8046.8,0.0409,Acetaminophen,LC-MS/MS
SMP-00770,4.13,74944.0,12543.3,12466.5,0.076,Caffeine,LC-MS/MS
SMP-00770,5.6,22871.0,4737.4,4747.5,0.0229,Aspirin,LC-MS/MS
SMP-00770,7.16,74090.3,12121.2,12629.2,0.0752,Benzoic Acid,LC-MS/MS
SMP-00770,8.98,29709.4,5922.1,6002.8,0.0302,Phenacetin,LC-MS/MS
SMP-00770,10.34,15695.0,3781.3,3866.0,0.0161,Salicylic Acid,LC-MS/MS
SMP-00770,12.1,54547.5,10185.2,10469.5,0.0532,Chlorpheniramine,LC-MS/MS
SMP-00771,1.25,12207.6,3137.3,3196.7,0.0124,Uracil,LC-MS/MS
SMP-00771,2.8,43275.8,8176.2,8469.9,0.0427,Acetaminophen,LC-MS/MS
SMP-00771,4.1,97625.0,15571.5,15843.5,0.0983,Caffeine,LC-MS/MS
SMP-00771,5.55,22176.0,4548.2,4659.6,0.0218,Aspirin,LC-MS/MS
SMP-00771,7.19,54861.0,8923.1,9215.8,0.0539,Benzoic Acid,LC-MS/MS
SMP-00771,8.94,34301.8,6834.3,6796.1,0.0345,Phenacetin,LC-MS/MS
SMP-00771,10.44,13864.2,3533.5,3641.8,0.014,Salicylic Acid,LC-MS/MS
SMP-00771,12.13,43936.2,8278.3,8496.9,0.0447,Chlorpheniramine,LC-MS/MS
SMP-00772,1.3,13241.7,3486.4,3646.5,0.0134,Uracil,LC-MS/MS
SMP-00772,2.79,49282.6,9728.4,10159.3,0.0492,Acetaminophen,LC-MS/MS
SMP-00772,4.12,91963.3,14791.9,15329.0,0.0878,Caffeine,LC-MS/MS
SMP-00772,5.58,23864.3,5356.6,5306.2,0.0236,Aspirin,LC-MS/MS
SMP-00772,7.2,66989.0,10241.2,10588.2,0.0671,Benzoic Acid,LC-MS/MS
SMP-00772,8.94,28741.1,6335.9,6512.9,0.0275,Phenacetin,LC-MS/MS
SMP-00772,10.39,14980.5,3688.2,3784.5,0.0149,Salicylic Acid,LC-MS/MS
SMP-00772,12.09,59349.1,10728.7,11140.9,0.0585,Chlorpheniramine,LC-MS/MS
SMP-00773,1.28,11655.1,2921.7,2975.5,0.0116,Uracil,LC-MS/MS
SMP-00773,2.81,39655.2,7514.8,7721.4,0.0394,Acetaminophen,LC-MS/MS
SMP-00773,4.21,91049.1,15261.6,15120.1,0.088,Caffeine,LC-MS/MS
SMP-00773,5.65,22566.0,4754.1,4912.8,0.0223,Aspirin,LC-MS/MS
SMP-00773,7.15,78976.8,13243.6,13652.1,0.0794,Benzoic Acid,LC-MS/MS
SMP-00773,8.92,33271.0,6768.5,7017.2,0.0326,Phenacetin,LC-MS/MS
SMP-00773,10.4,16343.6,3993.7,4198.3,0.0163,Salicylic Acid,LC-MS/MS
SMP-00773,12.1,59008.0,10409.0,10467.4,0.0585,Chlorpheniramine,LC-MS/MS
SMP-00774,1.25,11819.6,2994.2,3130.6,0.0121,Uracil,LC-MS/MS
SMP-00774,2.84,40070.8,7774.8,8215.1,0.0408,Acetaminophen,LC-MS/MS
SMP-00774,4.18,78022.7,12899.4,13368.1,0.0801,Caffeine,LC-MS/MS
SMP-00774,5.58,27657.2,6213.3,6417.5,0.0277,Aspirin,LC-MS/MS
SMP-00774,7.2,70022.1,11391.9,11671.8,0.0727,Benzoic Acid,LC-MS/MS
SMP-00774,8.95,26532.3,5574.4,5900.1,0.026,Phenacetin,LC-MS/MS
SMP-00774,10.39,16396.1,4107.4,4191.4,0.0166,Salicylic Acid,LC-MS/MS
SMP-00774,12.09,50103.5,9471.4,10009.6,0.0508,Chlorpheniramine,LC-MS/MS
SMP-00775,1.18,13041.5,3421.4,3435.5,0.013,Uracil,LC-MS/MS
SMP-00775,2.82,42932.1,8656.9,8892.3,0.0439,Acetaminophen,LC-MS/MS
SMP-00775,4.15,86148.6,13892.0,14240.9,0.0854,Caffeine,LC-MS/MS
SMP-00775,5.63,24590.9,5241.7,5613.8,0.0243,Aspirin,LC-MS/MS
SMP-00775,7.17,78572.1,13090.0,13604.6,0.0793,Benzoic Acid,LC-MS/MS
SMP-00775,8.96,31612.6,6667.8,6658.6,0.0319,Phenacetin,LC-MS/MS
SMP-00775,10.4,15370.9,3619.7,3709.6,0.0158,Salicylic Acid,LC-MS/MS
SMP-00775,12.1,45906.9,8311.2,8602.4,0.0474,Chlorpheniramine,LC-MS/MS
SMP-00776,1.25,14647.9,3749.9,3863.8,0.0143,Uracil,LC-MS/MS
SMP-00776,2.77,39861.1,7368.7,7719.0,0.0393,Acetaminophen,LC-MS/MS
SMP-00776,4.16,92511.7,14607.0,14783.1,0.091,Caffeine,LC-MS/MS
SMP-00776,5.6,25886.8,5817.8,6037.5,0.0252,Aspirin,LC-MS/MS
SMP-00776,7.29,71279.2,11643.4,11726.9,0.0716,Benzoic Acid,LC-MS/MS
SMP-00776,8.95,22022.0,4659.8,4740.4,0.022,Phenacetin,LC-MS/MS
SMP-00776,10.36,14753.6,3752.1,3775.5,0.0144,Salicylic Acid,LC-MS/MS
SMP-00776,12.13,54105.7,9734.2,9755.4,0.0545,Chlorpheniramine,LC-MS/MS
SMP-00777,1.22,11718.1,3061.2,3263.5,0.0119,Uracil,LC-MS/MS
SMP-00777,2.81,48293.3,9430.0,10235.9,0.048,Acetaminophen,LC-MS/MS
SMP-00777,4.17,85472.5,14235.3,14560.9,0.0856,Caffeine,LC-MS/MS
SMP-00777,5.55,24752.3,5251.7,5397.2,0.0246,Aspirin,LC-MS/MS
SMP-00777,7.18,66999.5,11115.6,11349.7,0.066,Benzoic Acid,LC-MS/MS
SMP-00777,8.94,33095.6,7243.6,7348.0,0.0344,Phenacetin,LC-MS/MS
SMP-00777,10.44,16247.9,3921.8,4126.3,0.0164,Salicylic Acid,LC-MS/MS
SMP-00777,12.09,60087.9,10746.4,10990.5,0.0609,Chlorpheniramine,LC-MS/MS
SMP-00778,1.25,9392.4,2508.2,2550.9,0.0098,Uracil,LC-MS/MS
SMP-00778,2.8,50722.9,9877.9,10155.3,0.0517,Acetaminophen,LC-MS/MS
SMP-00778,4.13,81157.8,12977.4,13464.9,0.0809,Caffeine,LC-MS/MS
SMP-00778,5.63,24526.3,5543.8,5772.8,0.0244,Aspirin,LC-MS/MS
SMP-00778,7.24,65824.0,11001.3,11396.8,0.0655,Benzoic Acid,LC-MS/MS
SMP-00778,8.96,37376.4,7798.7,8208.7,0.0379,Phenacetin,LC-MS/MS
SMP-00778,10.39,15886.1,3784.9,3861.9,0.0165,Salicylic Acid,LC-MS/MS
SMP-00778,12.11,55964.1,9961.5,10641.6,0.0568,Chlorpheniramine,LC-MS/MS
SMP-00779,1.26,13886.5,3623.1,3748.5,0.0141,Uracil,LC-MS/MS
SMP-00779,2.8,42237.0,7681.1,7922.7,0.0419,Acetaminophen,LC-MS/MS
SMP-00779,4.17,99943.0,15842.3,16271.9,0.1,Caffeine,LC-MS/MS
SMP-00779,5.65,28016.7,6312.5,6436.8,0.0278,Aspirin,LC-MS/MS
SMP-00779,7.21,61559.3,10245.0,10870.9,0.0613,Benzoic Acid,LC-MS/MS
SMP-00779,8.96,31655.0,6323.1,6478.9,0.031,Phenacetin,LC-MS/MS
SMP-00779,10.39,14410.5,3501.6,3514.1,0.0147,Salicylic Acid,LC-MS/MS
SMP-00779,12.1,51512.7,9406.8,9787.9,0.0503,Chlorpheniramine,LC-MS/MS
SMP-00780,1.27,14612.5,3686.5,3772.1,0.0145,Uracil,LC-MS/MS
SMP-00780,2.8,46234.4,9316.4,9674.7,0.0462,Acetaminophen,LC-MS/MS
SMP-00780,4.16,101143.9,16637.2,16760.2,0.1017,Caffeine,LC-MS/MS
SMP-00780,5.6,24861.7,5567.0,5782.4,0.0244,Aspirin,LC-MS/MS
SMP-00780,7.2,60903.4,9658.4,9957.9,0.0613,Benzoic Acid,LC-MS/MS
SMP-00780,8.92,35042.8,6908.4,6994.3,0.0346,Phenacetin,LC-MS/MS
SMP-00780,10.39,14034.2,3384.0,3385.0,0.0138,Salicylic Acid,LC-MS/MS
SMP-00780,12.13,54612.5,9401.4,9790.0,0.0559,Chlorpheniramine,LC-MS/MS
SMP-00781,1.25,14452.0,3773.3,4037.6,0.0146,Uracil,LC-MS/MS
SMP-00781,2.74,45555.8,9098.9,9506.4,0.0455,Acetaminophen,LC-MS/MS
SMP-00781,4.19,79299.3,13152.0,13385.0,0.0785,Caffeine,LC-MS/MS
SMP-00781,5.62,27077.9,5782.1,6033.1,0.0276,Aspirin,LC-MS/MS
SMP-00781,7.2,76037.0,12336.5,13058.0,0.0747,Benzoic Acid,LC-MS/MS
SMP-00781,8.94,30228.2,6308.6,6562.8,0.0307,Phenacetin,LC-MS/MS
SMP-00781,10.41,15622.0,3913.4,4029.5,0.0154,Salicylic Acid,LC-MS/MS
SMP-00781,12.16,61295.1,10876.2,11077.2,0.0608,Chlorpheniramine,LC-MS/MS
SMP-00782,1.24,13747.9,3516.8,3620.2,0.0138,Uracil,LC-MS/MS
SMP-00782,2.84,48871.4,9457.6,9625.2,0.0482,Acetaminophen,LC-MS/MS
SMP-00782,4.16,97188.5,15964.1,16758.3,0.0971,Caffeine,LC-MS/MS
SMP-00782,5.61,24492.5,5150.3,5182.4,0.0246,Aspirin,LC-MS/MS
SMP-00782,7.19,64656.4,10672.1,11277.5,0.0645,Benzoic Acid,LC-MS/MS
SMP-00782,8.93,26897.3,5564.8,6049.8,0.0266,Phenacetin,LC-MS/MS
SMP-00782,10.39,15929.6,4013.9,4030.1,0.0161,Salicylic Acid,LC-MS/MS
SMP-00782,12.15,55521.7,10205.3,10771.0,0.0557,Chlorpheniramine,LC-MS/MS
SMP-00783,1.21,11018.8,2893.5,2949.9,0.0114,Uracil,LC-MS/MS
SMP-00783,2.79,36979.1,7097.3,7136.2,0.0359,Acetaminophen,LC-MS/MS
SMP-00783,4.14,86677.0,14036.0,14125.8,0.0886,Caffeine,LC-MS/MS
SMP-00783,5.58,22774.9,5022.8,5115.8,0.0227,Aspirin,LC-MS/MS
SMP-00783,7.28,75447.7,12080.9,12385.9,0.077,Benzoic Acid,LC-MS/MS
SMP-00783,8.95,26131.9,5392.5,5511.1,0.0265,Phenacetin,LC-MS/MS
SMP-00783,10.45,15835.2,3838.8,3993.1,0.0153,Salicylic Acid,LC-MS/MS
SMP-00783,12.08,49647.5,9294.9,9397.0,0.0494,Chlorpheniramine,LC-MS/MS
SMP-00784,1.24,10970.2,2940.7,3014.4,0.0109,Uracil,LC-MS/MS
SMP-00784,2.81,40374.6,7471.1,7977.4,0.0397,Acetaminophen,LC-MS/MS
SMP-00784,4.14,88919.5,13785.8,13921.6,0.0906,Caffeine,LC-MS/MS
SMP-00784,5.63,27473.4,6174.8,6532.9,0.028,Aspirin,LC-MS/MS
SMP-00784,7.16,77064.2,12953.6,13576.0,0.077,Benzoic Acid,LC-MS/MS
SMP-00784,8.96,32479.9,6462.7,6588.9,0.0327,Phenacetin,LC-MS/MS
SMP-00784,10.42,15592.9,3908.8,4040.1,0.0157,Salicylic Acid,LC-MS/MS
SMP-00784,12.15,49465.3,8530.8,8704.0,0.049,Chlorpheniramine,LC-MS/MS
SMP-00785,1.27,13018.2,3383.1,3483.8,0.0129,Uracil,LC-MS/MS
SMP-00785,2.76,48015.1,9304.8,9299.0,0.048,Acetaminophen,LC-MS/MS
SMP-00785,4.11,91822.6,15030.3,15442.5,0.091,Caffeine,LC-MS/MS
SMP-00785,5.63,24027.1,5497.0,5591.2,0.0237,Aspirin,LC-MS/MS
SMP-00785,7.17,67132.3,10645.8,11258.9,0.0657,Benzoic Acid,LC-MS/MS
SMP-00785,8.97,29065.5,5825.3,5887.3,0.0286,Phenacetin,LC-MS/MS
SMP-00785,10.4,15633.3,3665.9,3732.3,0.0154,Salicylic Acid,LC-MS/MS
SMP-00785,12.1,51571.6,9514.2,9839.0,0.0508,Chlorpheniramine,LC-MS/MS
SMP-00786,1.25,11281.6,2925.2,3057.2,0.0114,Uracil,LC-MS/MS
SMP-00786,2.83,40418.3,8303.9,8499.8,0.0409,Acetaminophen,LC-MS/MS
SMP-00786,4.13,81374.4,12883.9,12875.3,0.0806,Caffeine,LC-MS/MS
SMP-00786,5.57,22794.4,5177.0,5418.5,0.0221,Aspirin,LC-MS/MS
SMP-00786,7.28,61637.3,10712.4,11164.3,0.0625,Benzoic Acid,LC-MS/MS
SMP-00786,8.96,32281.3,6356.5,6612.2,0.0323,Phenacetin,LC-MS/MS
SMP-00786,10.38,19637.4,4937.9,5172.8,0.0195,Salicylic Acid,LC-MS/MS
SMP-00786,12.09,52295.8,9372.8,9616.5,0.0525,Chlorpheniramine,LC-MS/MS
SMP-00787,1.26,10196.7,2677.6,2780.1,0.0103,Uracil,LC-MS/MS
SMP-00787,2.82,42933.4,8215.2,8682.1,0.0434,Acetaminophen,LC-MS/MS
SMP-00787,4.14,96659.5,15822.7,16680.2,0.0984,Caffeine,LC-MS/MS
SMP-00787,5.56,25471.7,5380.2,5545.8,0.0253,Aspirin,LC-MS/MS
SMP-00787,7.22,71078.4,11392.7,11857.3,0.0702,Benzoic Acid,LC-MS/MS
SMP-00787,8.94,26226.6,5368.1,5508.8,0.0264,Phenacetin,LC-MS/MS
SMP-00787,10.41,16941.3,3998.9,4210.3,0.0168,Salicylic Acid,LC-MS/MS
SMP-00787,12.11,49571.5,9371.2,9679.9,0.0487,Chlorpheniramine,LC-MS/MS
SMP-00788,1.29,12818.2,3349.2,3516.3,0.0129,Uracil,LC-MS/MS
SMP-00788,2.8,49566.9,9479.6,9704.2,0.0502,Acetaminophen,LC-MS/MS
SMP-00788,4.16,66351.6,10455.5,10996.7,0.0689,Caffeine,LC-MS/MS
SMP-00788,5.54,21829.0,4844.1,4804.9,0.0212,Aspirin,LC-MS/MS
SMP-00788,7.2,68541.6,12055.3,12591.3,0.0702,Benzoic Acid,LC-MS/MS
SMP-00788,8.95,30182.9,5878.3,6026.7,0.0301,Phenacetin,LC-MS/MS
SMP-00788,10.45,15047.5,3825.4,4023.7,0.0149,Salicylic Acid,LC-MS/MS
SMP-00788,12.12,51123.7,9693.0,10350.2,0.0508,Chlorpheniramine,LC-MS/MS
SMP-00789,1.3,12627.1,3403.4,3525.8,0.013,Uracil,LC-MS/MS
SMP-00789,2.85,49148.9,9594.8,9805.8,0.0496,Acetaminophen,LC-MS/MS
SMP-00789,4.12,73355.3,11986.8,12460.0,0.0719,Caffeine,LC-MS/MS
SMP-00789,5.65,24259.9,5411.9,5517.1,0.0239,Aspirin,LC-MS/MS
SMP-00789,7.22,75567.9,12612.1,13313.4,0.074,Benzoic Acid,LC-MS/MS
SMP-00789,8.96,32798.3,7145.0,7344.4,0.0328,Phenacetin,LC-MS/MS
SMP-00789,10.38,16005.0,3658.7,3720.0,0.0158,Salicylic Acid,LC-MS/MS
SMP-00789,12.06,51637.4,9141.7,9823.9,0.0518,Chlorpheniramine,LC-MS/MS
SMP-00790,1.26,12342.7,3087.6,3135.3,0.0123,Uracil,LC-MS/MS
SMP-00790,2.83,44766.5,8878.5,8923.8,0.0445,Acetaminophen,LC-MS/MS
SMP-00790,4.16,89652.0,14507.5,15040.9,0.0901,Caffeine,LC-MS/MS
SMP-00790,5.55,20608.9,4478.9,4585.1,0.0209,Aspirin,LC-MS/MS
SMP-00790,7.2,67193.0,11409.4,11866.9,0.0649,Benzoic Acid,LC-MS/MS
SMP-00790,8.93,28426.1,5390.6,5451.6,0.0284,Phenacetin,LC-MS/MS
SMP-00790,10.41,18901.2,4591.4,4762.9,0.0186,Salicylic Acid,LC-MS/MS
SMP-00790,12.13,54144.1,9745.9,10043.7,0.0545,Chlorpheniramine,LC-MS/MS
SMP-00791,1.24,13322.5,3547.2,3601.1,0.0136,Uracil,LC-MS/MS
SMP-00791,2.79,170473.3,29098.3,30325.0,0.1698,Acetaminophen,LC-MS/MS
SMP-00791,4.12,81198.0,13708.6,14346.2,0.0796,Caffeine,LC-MS/MS
SMP-00791,5.6,19258.9,4196.3,4336.7,0.0188,Aspirin,LC-MS/MS
SMP-00791,7.2,75534.0,12383.2,12938.9,0.0749,Benzoic Acid,LC-MS/MS
SMP-00791,8.97,27137.0,5565.2,5626.5,0.0275,Phenacetin,LC-MS/MS
SMP-00791,10.41,15615.4,3770.0,4008.7,0.0149,Salicylic Acid,LC-MS/MS
SMP-00791,12.08,58475.9,10790.3,11313.0,0.0579,Chlorpheniramine,LC-MS/MS
SMP-00792,1.22,37662.8,8694.0,11911.7,0.038,Uracil,LC-MS/MS
SMP-00792,2.84,39220.9,7781.4,7918.9,0.0388,Acetaminophen,LC-MS/MS
SMP-00792,4.17,93392.7,15014.3,15228.5,0.0967,Caffeine,LC-MS/MS
SMP-00792,5.54,27279.6,6191.0,6432.1,0.0274,Aspirin,LC-MS/MS
SMP-00792,7.22,68286.2,11416.7,11633.9,0.0676,Benzoic Acid,LC-MS/MS
SMP-00792,8.92,33354.9,6578.4,6856.5,0.0325,Phenacetin,LC-MS/MS
SMP-00792,10.41,17780.5,4522.6,4620.5,0.0172,Salicylic Acid,LC-MS/MS
SMP-00792,12.12,51790.3,9365.8,9497.9,0.0522,Chlorpheniramine,LC-MS/MS
SMP-00793,1.22,12180.2,3082.2,3185.9,0.0126,Uracil,LC-MS/MS
SMP-00793,2.82,39570.1,7210.2,7406.6,0.0391,Acetaminophen,LC-MS/MS
SMP-00793,4.18,91186.2,15212.8,15786.6,0.0956,Caffeine,LC-MS/MS
SMP-00793,5.59,20094.3,4367.0,4381.9,0.0197,Aspirin,LC-MS/MS
SMP-00793,7.19,59930.7,9620.1,9882.1,0.0611,Benzoic Acid,LC-MS/MS
SMP-00793,8.95,31632.3,6226.0,6439.0,0.0322,Phenacetin,LC-MS/MS
SMP-00793,10.41,16420.4,3893.2,3891.6,0.0169,Salicylic Acid,LC-MS/MS
SMP-00793,12.06,46388.6,8711.8,9223.1,0.0485,Chlorpheniramine,LC-MS/MS
SMP-00794,1.27,12283.6,3316.8,3433.4,0.0126,Uracil,LC-MS/MS
SMP-00794,2.79,42226.6,7953.6,8257.0,0.0418,Acetaminophen,LC-MS/MS
SMP-00794,4.2,95730.1,14942.8,15692.0,0.0956,Caffeine,LC-MS/MS
SMP-00794,5.58,24809.7,5608.8,5842.3,0.0255,Aspirin,LC-MS/MS
SMP-00794,7.15,64731.0,10890.9,11199.2,0.0645,Benzoic Acid,LC-MS/MS
SMP-00794,8.93,31781.4,6293.2,6559.2,0.032,Phenacetin,LC-MS/MS
SMP-00794,10.39,19381.1,4871.7,4929.1,0.0193,Salicylic Acid,LC-MS/MS
SMP-00794,12.06,52942.1,9800.1,10500.3,0.0531,Chlorpheniramine,LC-MS/MS
SMP-00795,1.24,12104.8,3068.4,3209.2,0.0125,Uracil,LC-MS/MS
SMP-00795,2.81,43549.6,8320.9,8608.2,0.0432,Acetaminophen,LC-MS/MS
SMP-00795,4.19,76894.4,13429.0,14005.8,0.0795,Caffeine,LC-MS/MS
SMP-00795,5.61,21660.3,4799.4,4940.7,0.0212,Aspirin,LC-MS/MS
SMP-00795,7.17,65368.7,11220.9,11661.3,0.0672,Benzoic Acid,LC-MS/MS
SMP-00795,8.94,33489.9,6862.9,7171.2,0.0339,Phenacetin,LC-MS/MS
SMP-00795,10.36,14670.5,3414.6,3566.5,0.0147,Salicylic Acid,LC-MS/MS
SMP-00795,12.09,56374.9,10241.3,10963.3,0.0566,Chlorpheniramine,LC-MS/MS
SMP-00796,1.19,10961.3,2736.8,2840.3,0.0109,Uracil,LC-MS/MS
SMP-00796,2.82,54770.1,10695.4,11095.5,0.0557,Acetaminophen,LC-MS/MS
SMP-00796,4.15,86700.7,14179.7,14951.8,0.0866,Caffeine,LC-MS/MS
SMP-00796,5.63,17980.2,4163.2,4379.9,0.0177,Aspirin,LC-MS/MS
SMP-00796,7.27,60708.1,9414.7,9679.6,0.0605,Benzoic Acid,LC-MS/MS
SMP-00796,8.98,30828.5,6229.0,6353.8,0.0304,Phenacetin,LC-MS/MS
SMP-00796,10.39,14233.3,3512.8,3542.0,0.0139,Salicylic Acid,LC-MS/MS
SMP-00796,12.08,54531.5,10117.5,10503.1,0.0548,Chlorpheniramine,LC-MS/MS
SMP-00797,1.24,13844.9,3614.5,3721.1,0.0138,Uracil,LC-MS/MS
SMP-00797,2.81,46045.5,8742.3,9169.5,0.0456,Acetaminophen,LC-MS/MS
SMP-00797,4.18,104899.3,16772.9,18394.1,0.1037,Caffeine,LC-MS/MS
SMP-00797,5.6,21664.4,4787.1,4917.9,0.0216,Aspirin,LC-MS/MS
SMP-00797,7.16,70936.3,11961.7,12486.8,0.0707,Benzoic Acid,LC-MS/MS
SMP-00797,8.96,26346.5,5381.6,5524.9,0.0264,Phenacetin,LC-MS/MS
SMP-00797,10.42,14962.1,3567.3,3668.2,0.0149,Salicylic Acid,LC-MS/MS
SMP-00797,12.1,56349.6,9569.3,9625.3,0.0581,Chlorpheniramine,LC-MS/MS
SMP-00798,1.24,10691.6,2925.4,3012.3,0.0108,Uracil,LC-MS/MS
SMP-00798,2.76,41816.7,8432.4,8968.2,0.0418,Acetaminophen,LC-MS/MS
SMP-00798,4.13,97921.2,16190.7,16067.1,0.0994,Caffeine,LC-MS/MS
SMP-00798,5.6,25735.4,5716.9,5879.5,0.0258,Aspirin,LC-MS/MS
SMP-00798,7.21,76804.1,13007.7,13191.3,0.0771,Benzoic Acid,LC-MS/MS
SMP-00798,8.93,33244.0,6831.7,6942.3,0.0332,Phenacetin,LC-MS/MS
SMP-00798,10.38,16573.5,3824.9,3780.2,0.0168,Salicylic Acid,LC-MS/MS
SMP-00798,12.08,55997.2,9888.6,9963.2,0.0551,Chlorpheniramine,LC-MS/MS
SMP-00799,1.22,12056.8,3093.1,3243.4,0.0119,Uracil,LC-MS/MS
SMP-00799,2.78,46350.6,9474.9,9622.3,0.0457,Acetaminophen,LC-MS/MS
SMP-00799,4.14,77102.2,13498.7,13534.8,0.0784,Caffeine,LC-MS/MS
SMP-00799,5.6,23185.1,5036.9,5220.2,0.0242,Aspirin,LC-MS/MS
SMP-00799,7.27,66678.7,11897.2,12241.8,0.0661,Benzoic Acid,LC-MS/MS
SMP-00799,8.95,36011.9,7407.2,7499.0,0.0364,Phenacetin,LC-MS/MS
SMP-00799,10.4,14021.3,3534.6,3626.4,0.0139,Salicylic Acid,LC-MS/MS
SMP-00799,12.05,65652.4,12188.8,12787.4,0.0649,Chlorpheniramine,LC-MS/MS
SMP-00800,1.21,11882.1,3033.0,3116.7,0.0121,Uracil,LC-MS/MS
SMP-00800,2.79,42837.8,8322.7,8610.5,0.043,Acetaminophen,LC-MS/MS
SMP-00800,4.15,79336.0,13180.7,13091.3,0.081,Caffeine,LC-MS/MS
SMP-00800,5.58,24625.8,5542.5,5823.1,0.0244,Aspirin,LC-MS/MS
SMP-00800,7.16,64592.9,10809.7,10887.9,0.065,Benzoic Acid,LC-MS/MS
SMP-00800,8.98,31784.8,6353.1,6419.6,0.0322,Phenacetin,LC-MS/MS
SMP-00800,10.39,15145.9,3604.7,3685.4,0.0154,Salicylic Acid,LC-MS/MS
SMP-00800,12.16,55811.8,10215.4,10522.6,0.0531,Chlorpheniramine,LC-MS/MS
SMP-00801,1.2,14545.4,3684.0,3763.4,0.0148,Uracil,LC-MS/MS
SMP-00801,2.82,44231.6,8705.5,8996.7,0.0446,Acetaminophen,LC-MS/MS
SMP-00801,4.13,87156.3,13095.6,13616.5,0.0872,Caffeine,LC-MS/MS
SMP-00801,5.62,25293.3,5724.3,6015.6,0.0254,Aspirin,LC-MS/MS
SMP-00801,7.2,69852.2,12075.6,12291.2,0.0707,Benzoic Acid,LC-MS/MS
SMP-00801,9.02,29249.3,5880.0,6095.8,0.0277,Phenacetin,LC-MS/MS
SMP-00801,10.37,16601.9,4098.2,4180.4,0.0164,Salicylic Acid,LC-MS/MS
SMP-00801,12.11,56726.0,10084.7,10186.3,0.056,Chlorpheniramine,LC-MS/MS
SMP-00802,1.26,46742.2,11375.4,13013.8,0.0471,Uracil,LC-MS/MS
SMP-00802,2.83,45807.2,9239.5,9628.1,0.0459,Acetaminophen,LC-MS/MS
SMP-00802,4.24,105609.0,17477.9,17884.3,0.1054,Caffeine,LC-MS/MS
SMP-00802,5.61,19634.1,4354.0,4526.2,0.0195,Aspirin,LC-MS/MS
SMP-00802,7.17,55936.7,9420.4,9574.8,0.0589,Benzoic Acid,LC-MS/MS
SMP-00802,8.94,35113.0,7179.2,7415.6,0.0345,Phenacetin,LC-MS/MS
SMP-00802,10.4,16264.5,3983.2,4106.7,0.0164,Salicylic Acid,LC-MS/MS
SMP-00802,12.11,52540.1,9787.2,10301.7,0.0522,Chlorpheniramine,LC-MS/MS
SMP-00803,1.22,11785.1,2986.9,3116.6,0.0116,Uracil,LC-MS/MS
SMP-00803,2.8,43411.8,8416.6,8647.3,0.0429,Acetaminophen,LC-MS/MS
SMP-00803,4.14,99302.9,16471.3,17234.1,0.0974,Caffeine,LC-MS/MS
SMP-00803,5.58,19469.3,4280.3,4516.2,0.0195,Aspirin,LC-MS/MS
SMP-00803,7.22,68949.9,11594.5,12191.4,0.0677,Benzoic Acid,LC-MS/MS
SMP-00803,9.0,34024.2,6998.3,7009.0,0.0347,Phenacetin,LC-MS/MS
SMP-00803,10.35,59769.5,14578.3,11882.6,0.0612,Salicylic Acid,LC-MS/MS
SMP-00803,12.11,58414.3,11119.0,11474.5,0.0597,Chlorpheniramine,LC-MS/MS
SMP-00804,1.24,12323.7,3021.5,3232.3,0.0123,Uracil,LC-MS/MS
SMP-00804,2.82,49556.1,9587.5,9835.1,0.0497,Acetaminophen,LC-MS/MS
SMP-00804,4.12,84936.8,13207.7,13798.8,0.0851,Caffeine,LC-MS/MS
SMP-00804,5.61,19495.8,4295.0,4341.2,0.0201,Aspirin,LC-MS/MS
SMP-00804,7.18,74852.1,12202.5,12951.7,0.0769,Benzoic Acid,LC-MS/MS
SMP-00804,8.98,26778.1,5364.3,5458.6,0.0276,Phenacetin,LC-MS/MS
SMP-00804,10.4,13839.3,3404.0,3462.2,0.0139,Salicylic Acid,LC-MS/MS
SMP-00804,12.09,52477.9,9418.2,9391.8,0.0531,Chlorpheniramine,LC-MS/MS
SMP-00805,1.3,11854.0,3079.1,3147.4,0.0117,Uracil,LC-MS/MS
SMP-00805,2.77,56032.8,10780.0,11000.2,0.0562,Acetaminophen,LC-MS/MS
SMP-00805,4.22,75934.0,12481.0,12583.6,0.0735,Caffeine,LC-MS/MS
SMP-00805,5.61,25936.5,6045.7,6107.0,0.0258,Aspirin,LC-MS/MS
SMP-00805,7.18,70201.7,11574.7,11317.2,0.0728,Benzoic Acid,LC-MS/MS
SMP-00805,8.95,33680.1,7006.9,7222.1,0.0345,Phenacetin,LC-MS/MS
SMP-00805,10.39,13836.8,3447.0,3448.9,0.0139,Salicylic Acid,LC-MS/MS
SMP-00805,12.09,53669.6,9330.4,9252.8,0.0543,Chlorpheniramine,LC-MS/MS
SMP-00806,1.27,14098.8,3778.9,4056.1,0.0141,Uracil,LC-MS/MS
SMP-00806,2.8,38937.0,7462.7,7698.8,0.0394,Acetaminophen,LC-MS/MS
SMP-00806,4.1,84098.3,13538.4,13513.0,0.0845,Caffeine,LC-MS/MS
SMP-00806,5.62,22362.8,4780.4,4951.0,0.0216,Aspirin,LC-MS/MS
SMP-00806,7.21,60986.1,10604.4,10646.5,0.0616,Benzoic Acid,LC-MS/MS
SMP-00806,8.97,32088.1,6446.4,6443.7,0.0316,Phenacetin,LC-MS/MS
SMP-00806,10.4,12150.3,2909.7,3009.9,0.0129,Salicylic Acid,LC-MS/MS
SMP-00806,12.1,48038.3,8866.3,9317.4,0.048,Chlorpheniramine,LC-MS/MS
SMP-00807,1.24,9545.1,2488.3,2510.3,0.01,Uracil,LC-MS/MS
SMP-00807,2.8,47962.8,9421.5,9775.4,0.0457,Acetaminophen,LC-MS/MS
SMP-00807,4.17,85177.2,13748.1,13933.7,0.0838,Caffeine,LC-MS/MS
SMP-00807,5.58,21402.1,4985.4,5218.3,0.0215,Aspirin,LC-MS/MS
SMP-00807,7.2,68469.0,11965.8,12343.5,0.0676,Benzoic Acid,LC-MS/MS
SMP-00807,8.97,29571.5,6240.6,6584.7,0.0289,Phenacetin,LC-MS/MS
SMP-00807,10.4,13842.3,3359.3,3381.6,0.0137,Salicylic Acid,LC-MS/MS
SMP-00807,12.07,56605.7,10094.4,10447.4,0.0554,Chlorpheniramine,LC-MS/MS
SMP-00808,1.22,10462.7,2757.2,2872.1,0.0103,Uracil,LC-MS/MS
SMP-00808,2.8,48981.5,10043.8,10369.2,0.0492,Acetaminophen,LC-MS/MS
SMP-00808,4.14,91830.4,13810.8,13872.8,0.089,Caffeine,LC-MS/MS
SMP-00808,5.59,25732.9,5581.8,5588.1,0.0259,Aspirin,LC-MS/MS
SMP-00808,7.2,60543.7,10021.5,10328.9,0.0605,Benzoic Acid,LC-MS/MS
SMP-00808,9.0,29933.3,6174.6,6234.3,0.0301,Phenacetin,LC-MS/MS
SMP-00808,10.41,15661.8,3946.2,4124.8,0.0165,Salicylic Acid,LC-MS/MS
SMP-00808,12.11,55013.3,9657.1,10149.6,0.0543,Chlorpheniramine,LC-MS/MS
SMP-00809,1.24,11533.6,2993.5,3171.0,0.0111,Uracil,LC-MS/MS
SMP-00809,2.83,42037.3,8414.2,8457.5,0.0396,Acetaminophen,LC-MS/MS
SMP-00809,4.2,81769.1,13387.0,13708.0,0.0813,Caffeine,LC-MS/MS
SMP-00809,5.65,25885.8,5655.9,5891.3,0.0259,Aspirin,LC-MS/MS
SMP-00809,7.17,61331.3,9936.1,10251.9,0.0648,Benzoic Acid,LC-MS/MS
SMP-00809,8.96,27170.5,5570.9,5684.6,0.0272,Phenacetin,LC-MS/MS
SMP-00809,10.42,14287.7,3359.9,3537.0,0.0139,Salicylic Acid,LC-MS/MS
SMP-00809,12.02,60046.5,11166.0,11582.4,0.0592,Chlorpheniramine,LC-MS/MS
SMP-00810,1.24,13362.9,3524.2,3616.1,0.0139,Uracil,LC-MS/MS
SMP-00810,2.82,43424.4,8596.9,8696.2,0.0441,Acetaminophen,LC-MS/MS
SMP-00810,4.17,76751.9,12252.3,12947.9,0.0771,Caffeine,LC-MS/MS
SMP-00810,5.59,25914.9,5615.1,5693.3,0.0265,Aspirin,LC-MS/MS
SMP-00810,7.16,61273.0,10181.6,10273.0,0.06,Benzoic Acid,LC-MS/MS
SMP-00810,8.88,32657.3,6994.0,7179.5,0.0341,Phenacetin,LC-MS/MS
SMP-00810,10.44,14756.5,3462.8,3559.9,0.0153,Salicylic Acid,LC-MS/MS
SMP-00810,12.06,46396.4,9105.8,9448.9,0.0457,Chlorpheniramine,LC-MS/MS
SMP-00811,1.27,11990.9,2942.8,3085.8,0.0123,Uracil,LC-MS/MS
SMP-00811,2.8,55322.1,10847.8,11520.3,0.0556,Acetaminophen,LC-MS/MS
SMP-00811,4.14,96166.7,15092.3,15566.6,0.0978,Caffeine,LC-MS/MS
SMP-00811,5.64,22139.3,5127.8,5204.0,0.0222,Aspirin,LC-MS/MS
SMP-00811,7.21,64277.8,10904.6,11208.5,0.0636,Benzoic Acid,LC-MS/MS
SMP-00811,8.97,30216.7,5943.7,6173.8,0.0309,Phenacetin,LC-MS/MS
SMP-00811,10.38,15326.0,3760.6,4032.4,0.0148,Salicylic Acid,LC-MS/MS
SMP-00811,12.14,53646.8,10070.0,10453.2,0.0541,Chlorpheniramine,LC-MS/MS
SMP-00812,1.23,13838.8,3534.6,3618.8,0.0135,Uracil,LC-MS/MS
SMP-00812,2.79,47234.3,8900.9,9189.5,0.0474,Acetaminophen,LC-MS/MS
SMP-00812,4.14,87137.4,14481.0,15145.1,0.0902,Caffeine,LC-MS/MS
SMP-00812,5.59,24904.2,5486.1,5489.7,0.0247,Aspirin,LC-MS/MS
SMP-00812,7.19,70904.6,11985.3,12066.4,0.0699,Benzoic Acid,LC-MS/MS
SMP-00812,8.94,33675.8,6822.8,6800.4,0.0336,Phenacetin,LC-MS/MS
SMP-00812,10.39,15841.7,3811.2,3960.3,0.0163,Salicylic Acid,LC-MS/MS
SMP-00812,12.12,49639.6,9071.1,9560.0,0.0506,Chlorpheniramine,LC-MS/MS
SMP-00813,1.23,12419.5,3165.3,3205.1,0.0123,Uracil,LC-MS/MS
SMP-00813,2.79,266054.5,53332.3,50956.1,0.2709,Acetaminophen,LC-MS/MS
SMP-00813,4.2,102684.4,17120.3,18178.4,0.1027,Caffeine,LC-MS/MS
SMP-00813,5.55,25728.6,5527.3,5688.0,0.026,Aspirin,LC-MS/MS
SMP-00813,7.15,58745.7,9900.9,10427.3,0.0603,Benzoic Acid,LC-MS/MS
SMP-00813,8.93,29606.2,6008.8,6102.2,0.0291,Phenacetin,LC-MS/MS
SMP-00813,10.39,15648.4,3575.1,3635.3,0.0161,Salicylic Acid,LC-MS/MS
SMP-00813,12.1,53426.3,9919.5,10051.7,0.055,Chlorpheniramine,LC-MS/MS
SMP-00814,1.26,11749.9,3070.7,3192.3,0.0114,Uracil,LC-MS/MS
SMP-00814,2.82,45171.4,8527.0,8575.6,0.0463,Acetaminophen,LC-MS/MS
SMP-00814,4.17,70635.1,10977.1,11587.4,0.0669,Caffeine,LC-MS/MS
SMP-00814,5.63,22234.6,5046.6,5043.0,0.0219,Aspirin,LC-MS/MS
SMP-00814,7.21,74730.3,12757.1,13484.3,0.0754,Benzoic Acid,LC-MS/MS
SMP-00814,8.94,30467.4,5851.4,5927.3,0.0294,Phenacetin,LC-MS/MS
SMP-00814,10.43,17980.0,4191.5,4328.1,0.0185,Salicylic Acid,LC-MS/MS
SMP-00814,12.04,44584.9,8601.0,8734.5,0.0477,Chlorpheniramine,LC-MS/MS
SMP-00815,1.28,10334.6,2742.8,2850.6,0.0109,Uracil,LC-MS/MS
SMP-00815,2.83,42015.1,8340.5,8518.0,0.042,Acetaminophen,LC-MS/MS
SMP-00815,4.11,103183.2,16328.7,17192.6,0.1029,Caffeine,LC-MS/MS
SMP-00815,5.65,19707.6,4241.1,4464.9,0.0196,Aspirin,LC-MS/MS
SMP-00815,7.19,55602.5,9387.5,9442.1,0.056,Benzoic Acid,LC-MS/MS
SMP-00815,8.93,31535.0,6517.5,6753.2,0.0321,Phenacetin,LC-MS/MS
SMP-00815,10.41,14526.7,3349.0,3478.3,0.0142,Salicylic Acid,LC-MS/MS
SMP-00815,12.12,51998.6,9694.6,10385.8,0.0523,Chlorpheniramine,LC-MS/MS
SMP-00816,1.23,14751.6,3627.4,3783.1,0.0145,Uracil,LC-MS/MS
SMP-00816,2.77,48330.0,9487.7,9725.9,0.0476,Acetaminophen,LC-MS/MS
SMP-00816,4.14,86238.1,13881.2,14925.1,0.0844,Caffeine,LC-MS/MS
SMP-00816,5.56,27820.4,6206.9,6435.6,0.0279,Aspirin,LC-MS/MS
SMP-00816,7.24,64234.2,10595.0,10942.5,0.0663,Benzoic Acid,LC-MS/MS
SMP-00816,8.96,34223.1,7207.6,7304.4,0.0337,Phenacetin,LC-MS/MS
SMP-00816,10.39,17136.0,4164.1,4263.7,0.0171,Salicylic Acid,LC-MS/MS
SMP-00816,12.15,45727.6,8279.1,8206.8,0.0457,Chlorpheniramine,LC-MS/MS
SMP-00817,1.2,12337.2,3324.3,3413.3,0.0121,Uracil,LC-MS/MS
SMP-00817,2.83,41012.6,8046.7,8564.5,0.0404,Acetaminophen,LC-MS/MS
SMP-00817,4.12,95192.9,15029.3,15085.3,0.0953,Caffeine,LC-MS/MS
SMP-00817,5.65,19768.1,4339.6,4512.2,0.0197,Aspirin,LC-MS/MS
SMP-00817,7.19,62429.4,10338.8,10608.7,0.0613,Benzoic Acid,LC-MS/MS
SMP-00817,8.92,36407.7,7564.0,7609.0,0.0363,Phenacetin,LC-MS/MS
SMP-00817,10.38,14750.4,3542.8,3689.5,0.0147,Salicylic Acid,LC-MS/MS
SMP-00817,12.09,54063.7,9922.6,10275.6,0.0535,Chlorpheniramine,LC-MS/MS
SMP-00818,1.27,11452.0,2898.7,2899.4,0.0113,Uracil,LC-MS/MS
SMP-00818,2.79,46794.9,9503.9,9844.5,0.0462,Acetaminophen,LC-MS/MS
SMP-00818,4.19,93090.7,15244.2,15431.1,0.092,Caffeine,LC-MS/MS
SMP-00818,5.57,17070.5,4127.9,4283.1,0.0176,Aspirin,LC-MS/MS
SMP-00818,7.21,69323.5,11383.5,11476.3,0.0677,Benzoic Acid,LC-MS/MS
SMP-00818,9.0,32969.8,6571.1,6587.2,0.0322,Phenacetin,LC-MS/MS
SMP-00818,10.46,16470.3,4140.6,4239.3,0.016,Salicylic Acid,LC-MS/MS
SMP-00818,12.07,50016.1,9080.4,9512.9,0.0504,Chlorpheniramine,LC-MS/MS
SMP-00819,1.26,10852.9,2920.0,2945.2,0.0107,Uracil,LC-MS/MS
SMP-00819,2.82,40218.8,7697.9,7883.4,0.0413,Acetaminophen,LC-MS/MS
SMP-00819,4.16,90041.6,14239.8,14367.2,0.0892,Caffeine,LC-MS/MS
SMP-00819,5.6,22097.9,4906.0,5001.2,0.0217,Aspirin,LC-MS/MS
SMP-00819,7.21,66085.2,11071.4,11555.5,0.068,Benzoic Acid,LC-MS/MS
SMP-00819,8.97,35161.8,7187.7,7529.5,0.0359,Phenacetin,LC-MS/MS
SMP-00819,10.34,13454.3,3093.1,3167.1,0.0135,Salicylic Acid,LC-MS/MS
SMP-00819,12.14,58210.5,10229.4,10127.5,0.0578,Chlorpheniramine,LC-MS/MS
SMP-00820,1.28,13420.0,3352.2,3491.1,0.0135,Uracil,LC-MS/MS
SMP-00820,2.77,43021.0,8493.0,8700.7,0.0442,Acetaminophen,LC-MS/MS
SMP-00820,4.15,100380.7,16233.8,16905.6,0.0984,Caffeine,LC-MS/MS
SMP-00820,5.62,27192.0,5818.1,5986.2,0.0268,Aspirin,LC-MS/MS
SMP-00820,7.19,69274.3,11724.5,12064.9,0.0701,Benzoic Acid,LC-MS/MS
SMP-00820,9.0,32410.0,6607.7,6948.1,0.0322,Phenacetin,LC-MS/MS
SMP-00820,10.37,13110.0,3185.4,3304.2,0.0136,Salicylic Acid,LC-MS/MS
SMP-00820,12.08,46382.1,8919.9,9371.5,0.046,Chlorpheniramine,LC-MS/MS
SMP-00821,1.21,15044.8,3633.4,3847.2,0.0149,Uracil,LC-MS/MS
SMP-00821,2.74,46801.0,9522.9,9701.6,0.0457,Acetaminophen,LC-MS/MS
SMP-00821,4.18,95311.8,14834.6,15480.3,0.0968,Caffeine,LC-MS/MS
SMP-00821,5.63,25649.9,5560.7,5618.6,0.0261,Aspirin,LC-MS/MS
SMP-00821,7.18,67041.0,11004.2,11161.8,0.066,Benzoic Acid,LC-MS/MS
SMP-00821,8.89,31741.6,6385.5,6522.6,0.0309,Phenacetin,LC-MS/MS
SMP-00821,10.42,15878.1,3921.0,3945.7,0.0159,Salicylic Acid,LC-MS/MS
SMP-00821,12.13,54611.0,9968.1,10064.1,0.0525,Chlorpheniramine,LC-MS/MS
SMP-00822,1.22,12619.6,3122.5,3183.9,0.0125,Uracil,LC-MS/MS
SMP-00822,2.81,51459.7,10127.4,10449.9,0.0506,Acetaminophen,LC-MS/MS
SMP-00822,4.14,90064.9,14193.4,14142.1,0.0912,Caffeine,LC-MS/MS
SMP-00822,5.56,21668.2,4828.1,4968.6,0.0211,Aspirin,LC-MS/MS
SMP-00822,7.28,69123.1,11490.8,11748.6,0.0694,Benzoic Acid,LC-MS/MS
SMP-00822,8.9,23304.4,4399.7,4471.3,0.0233,Phenacetin,LC-MS/MS
SMP-00822,10.42,15710.7,3762.2,3862.4,0.0156,Salicylic Acid,LC-MS/MS
SMP-00822,12.09,48908.2,8956.2,9113.0,0.0476,Chlorpheniramine,LC-MS/MS
SMP-00823,1.24,11164.5,2969.7,3008.0,0.0112,Uracil,LC-MS/MS
SMP-00823,2.83,40143.8,7796.7,8084.6,0.0405,Acetaminophen,LC-MS/MS
SMP-00823,4.14,91597.8,13742.0,14314.2,0.0904,Caffeine,LC-MS/MS
SMP-00823,5.68,24927.8,5689.4,5959.8,0.0257,Aspirin,LC-MS/MS
SMP-00823,7.16,73404.8,12279.0,12357.1,0.0716,Benzoic Acid,LC-MS/MS
SMP-00823,8.98,32056.7,6594.9,6859.3,0.0326,Phenacetin,LC-MS/MS
SMP-00823,10.38,16751.0,4018.4,4277.2,0.0169,Salicylic Acid,LC-MS/MS
SMP-00823,12.13,49847.9,9248.9,9631.0,0.0501,Chlorpheniramine,LC-MS/MS
SMP-00824,1.19,11511.7,2918.7,2883.2,0.0116,Uracil,LC-MS/MS
SMP-00824,2.87,49679.7,9384.8,9481.6,0.0506,Acetaminophen,LC-MS/MS
SMP-00824,4.16,85576.9,14236.6,14353.4,0.0868,Caffeine,LC-MS/MS
SMP-00824,5.61,24560.0,5561.5,5814.8,0.0247,Aspirin,LC-MS/MS
SMP-00824,7.18,76256.3,12463.9,12853.7,0.0765,Benzoic Acid,LC-MS/MS
SMP-00824,8.93,27552.6,5607.2,5561.1,0.0272,Phenacetin,LC-MS/MS
SMP-00824,10.37,17003.4,4022.7,4215.0,0.0171,Salicylic Acid,LC-MS/MS
SMP-00824,12.09,54010.9,9411.4,9579.8,0.0541,Chlorpheniramine,LC-MS/MS
SMP-00825,1.23,12292.5,3127.3,3211.7,0.0123,Uracil,LC-MS/MS
SMP-00825,2.82,42691.7,8432.1,8490.1,0.0438,Acetaminophen,LC-MS/MS
SMP-00825,4.15,86429.8,13286.2,14150.8,0.0856,Caffeine,LC-MS/MS
SMP-00825,5.63,25367.0,5227.4,5465.2,0.0246,Aspirin,LC-MS/MS
SMP-00825,7.19,64617.4,10433.7,10759.8,0.0635,Benzoic Acid,LC-MS/MS
SMP-00825,8.93,33733.1,6978.2,7438.6,0.034,Phenacetin,LC-MS/MS
SMP-00825,10.4,17764.3,4381.8,4323.7,0.0176,Salicylic Acid,LC-MS/MS
SMP-00825,12.09,48967.1,8540.9,8791.8,0.0483,Chlorpheniramine,LC-MS/MS
SMP-00826,1.25,12752.2,3400.2,3511.6,0.0129,Uracil,LC-MS/MS
SMP-00826,2.79,45929.1,8352.1,8847.0,0.0479,Acetaminophen,LC-MS/MS
SMP-00826,4.17,79534.3,12447.9,12688.6,0.0767,Caffeine,LC-MS/MS
SMP-00826,5.59,22418.7,5003.4,5062.5,0.0227,Aspirin,LC-MS/MS
SMP-00826,7.23,60714.8,9935.9,10700.1,0.0607,Benzoic Acid,LC-MS/MS
SMP-00826,9.0,30970.5,6347.1,6558.6,0.031,Phenacetin,LC-MS/MS
SMP-00826,10.41,16186.6,4129.9,4065.3,0.0164,Salicylic Acid,LC-MS/MS
SMP-00826,12.12,56829.1,9703.8,9883.9,0.0579,Chlorpheniramine,LC-MS/MS
SMP-00827,1.29,12066.4,2949.0,3013.4,0.0117,Uracil,LC-MS/MS
SMP-00827,2.81,43593.3,8598.4,8883.4,0.0436,Acetaminophen,LC-MS/MS
SMP-00827,4.18,88230.3,15026.7,14631.6,0.0855,Caffeine,LC-MS/MS
SMP-00827,5.65,26857.9,6000.7,6322.7,0.0262,Aspirin,LC-MS/MS
SMP-00827,7.15,72424.1,11581.2,11695.5,0.0711,Benzoic Acid,LC-MS/MS
SMP-00827,8.9,32227.3,6295.5,6451.7,0.0323,Phenacetin,LC-MS/MS
SMP-00827,10.39,17788.5,4405.0,4560.1,0.0174,Salicylic Acid,LC-MS/MS
SMP-00827,12.11,54243.6,10223.8,10362.1,0.054,Chlorpheniramine,LC-MS/MS
SMP-00828,1.3,11936.7,3256.1,3340.2,0.0121,Uracil,LC-MS/MS
SMP-00828,2.81,44807.9,8674.3,8747.1,0.046,Acetaminophen,LC-MS/MS
SMP-00828,4.2,86076.6,14553.0,14920.5,0.0873,Caffeine,LC-MS/MS
SMP-00828,5.58,25360.1,5706.3,5939.8,0.0251,Aspirin,LC-MS/MS
SMP-00828,7.24,70499.5,11397.7,12077.7,0.0665,Benzoic Acid,LC-MS/MS
SMP-00828,8.98,32850.3,6955.1,7131.0,0.0337,Phenacetin,LC-MS/MS
SMP-00828,10.39,14068.4,3670.7,3756.5,0.0145,Salicylic Acid,LC-MS/MS
SMP-00828,12.13,58905.5,10862.6,11273.6,0.0593,Chlorpheniramine,LC-MS/MS
SMP-00829,1.25,13429.5,3579.1,3719.5,0.0136,Uracil,LC-MS/MS
SMP-00829,2.77,43796.1,8529.9,8504.0,0.044,Acetaminophen,LC-MS/MS
SMP-00829,4.14,88336.0,15390.9,15346.9,0.0909,Caffeine,LC-MS/MS
SMP-00829,5.61,22595.2,4630.0,4864.3,0.0229,Aspirin,LC-MS/MS
SMP-00829,7.2,60960.5,10392.1,10135.6,0.0604,Benzoic Acid,LC-MS/MS
SMP-00829,8.93,34680.0,7265.1,7769.8,0.0355,Phenacetin,LC-MS/MS
SMP-00829,10.44,15333.5,3799.5,4048.3,0.0153,Salicylic Acid,LC-MS/MS
SMP-00829,12.07,52358.1,9554.6,9621.1,0.0525,Chlorpheniramine,LC-MS/MS
SMP-00830,1.16,12088.7,3046.1,3219.5,0.0124,Uracil,LC-MS/MS
SMP-00830,2.83,42912.1,8007.8,8082.5,0.042,Acetaminophen,LC-MS/MS
SMP-00830,4.18,89728.0,15062.6,15951.0,0.0904,Caffeine,LC-MS/MS
SMP-00830,5.64,24136.9,5480.9,5800.1,0.0242,Aspirin,LC-MS/MS
SMP-00830,7.19,65182.6,10265.1,10719.5,0.0671,Benzoic Acid,LC-MS/MS
SMP-00830,8.93,26867.7,5316.9,5597.4,0.0267,Phenacetin,LC-MS/MS
SMP-00830,10.47,12898.9,3229.4,3284.5,0.0124,Salicylic Acid,LC-MS/MS
SMP-00830,12.04,47057.8,8499.9,8528.9,0.0481,Chlorpheniramine,LC-MS/MS
SMP-00831,1.24,14833.1,3907.3,4153.3,0.0151,Uracil,LC-MS/MS
SMP-00831,2.81,45986.1,9191.9,9517.7,0.0468,Acetaminophen,LC-MS/MS
SMP-00831,4.14,86472.0,13914.9,14128.2,0.0893,Caffeine,LC-MS/MS
SMP-00831,5.62,22155.1,5132.0,5381.4,0.0222,Aspirin,LC-MS/MS
SMP-00831,7.27,80154.0,12670.2,13400.6,0.0828,Benzoic Acid,LC-MS/MS
SMP-00831,8.88,30016.1,5789.3,5904.9,0.0298,Phenacetin,LC-MS/MS
SMP-00831,10.38,14998.8,3701.4,3830.9,0.0146,Salicylic Acid,LC-MS/MS
SMP-00831,12.11,42985.9,7414.7,7745.6,0.0443,Chlorpheniramine,LC-MS/MS
SMP-00832,1.23,12877.4,3237.6,3188.4,0.0126,Uracil,LC-MS/MS
SMP-00832,2.78,53070.3,10276.6,10832.3,0.0537,Acetaminophen,LC-MS/MS
SMP-00832,4.17,90547.6,14627.2,15332.9,0.0894,Caffeine,LC-MS/MS
SMP-00832,5.6,23818.6,5117.3,5335.9,0.0239,Aspirin,LC-MS/MS
SMP-00832,7.22,70761.9,11801.2,11981.5,0.0712,Benzoic Acid,LC-MS/MS
SMP-00832,8.91,33952.4,6981.6,7132.6,0.0334,Phenacetin,LC-MS/MS
SMP-00832,10.42,14344.0,3490.4,3638.6,0.0145,Salicylic Acid,LC-MS/MS
SMP-00832,12.13,49193.7,8243.0,8942.7,0.0489,Chlorpheniramine,LC-MS/MS
SMP-00833,1.28,12396.0,3021.5,3110.6,0.0123,Uracil,LC-MS/MS
SMP-00833,2.74,41524.1,7996.2,8309.4,0.0417,Acetaminophen,LC-MS/MS
SMP-00833,4.2,91450.6,14823.3,15771.8,0.0878,Caffeine,LC-MS/MS
SMP-00833,5.63,26408.1,6003.8,6156.9,0.0267,Aspirin,LC-MS/MS
SMP-00833,7.22,63652.5,10881.1,11155.6,0.062,Benzoic Acid,LC-MS/MS
SMP-00833,8.96,27536.9,5824.8,5845.9,0.0273,Phenacetin,LC-MS/MS
SMP-00833,10.38,14638.7,3588.7,3704.4,0.0147,Salicylic Acid,LC-MS/MS
SMP-00833,12.08,53565.1,9546.9,9890.7,0.0548,Chlorpheniramine,LC-MS/MS
SMP-00834,1.26,9341.4,2417.8,2468.4,0.0093,Uracil,LC-MS/MS
SMP-00834,2.78,53117.1,10211.8,10430.8,0.0537,Acetaminophen,LC-MS/MS
SMP-00834,4.07,96181.1,16005.3,16220.9,0.0974,Caffeine,LC-MS/MS
SMP-00834,5.61,26079.5,5820.5,5928.2,0.0261,Aspirin,LC-MS/MS
SMP-00834,7.21,80599.3,13979.5,14882.9,0.0806,Benzoic Acid,LC-MS/MS
SMP-00834,8.97,33647.2,6815.2,7215.3,0.0331,Phenacetin,LC-MS/MS
SMP-00834,10.38,11886.7,3135.8,3197.9,0.012,Salicylic Acid,LC-MS/MS
SMP-00834,12.07,61438.2,11435.7,11610.9,0.0618,Chlorpheniramine,LC-MS/MS
SMP-00835,1.21,10101.4,2681.1,2819.9,0.0096,Uracil,LC-MS/MS
SMP-00835,2.84,47098.2,9116.8,9701.1,0.048,Acetaminophen,LC-MS/MS
SMP-00835,4.19,84385.6,14110.3,14680.8,0.0862,Caffeine,LC-MS/MS
SMP-00835,5.63,23127.2,5355.9,5606.1,0.0228,Aspirin,LC-MS/MS
SMP-00835,7.22,67994.1,11111.4,11000.8,0.0689,Benzoic Acid,LC-MS/MS
SMP-00835,9.0,29216.5,5886.1,6074.2,0.0299,Phenacetin,LC-MS/MS
SMP-00835,10.44,15746.3,3812.7,3910.7,0.0163,Salicylic Acid,LC-MS/MS
SMP-00835,12.09,52834.9,8867.9,9394.8,0.051,Chlorpheniramine,LC-MS/MS
SMP-00836,1.21,13542.9,3504.7,3592.7,0.0138,Uracil,LC-MS/MS
SMP-00836,2.83,40795.9,7616.9,7813.5,0.0427,Acetaminophen,LC-MS/MS
SMP-00836,4.18,102459.2,16633.1,17404.2,0.1012,Caffeine,LC-MS/MS
SMP-00836,5.58,24613.1,5193.9,5290.3,0.0252,Aspirin,LC-MS/MS
SMP-00836,7.21,67062.5,10817.5,10944.9,0.0677,Benzoic Acid,LC-MS/MS
SMP-00836,8.99,26105.1,5330.5,5332.6,0.0268,Phenacetin,LC-MS/MS
SMP-00836,10.44,16066.1,4000.3,4167.9,0.0163,Salicylic Acid,LC-MS/MS
SMP-00836,12.09,244436.3,40132.2,37513.7,0.2361,Chlorpheniramine,LC-MS/MS
SMP-00837,1.25,10937.7,2903.4,2894.9,0.0116,Uracil,LC-MS/MS
SMP-00837,2.77,41899.0,8006.1,8593.7,0.0412,Acetaminophen,LC-MS/MS
SMP-00837,4.16,89548.4,14296.8,14669.1,0.0889,Caffeine,LC-MS/MS
SMP-00837,5.59,20855.6,4778.9,4848.3,0.0212,Aspirin,LC-MS/MS
SMP-00837,7.21,67116.6,10978.1,10915.7,0.067,Benzoic Acid,LC-MS/MS
SMP-00837,8.98,23747.0,4687.6,4870.8,0.0229,Phenacetin,LC-MS/MS
SMP-00837,10.36,15251.8,3922.2,4064.7,0.0156,Salicylic Acid,LC-MS/MS
SMP-00837,12.12,56319.9,9943.3,10016.8,0.057,Chlorpheniramine,LC-MS/MS
SMP-00838,1.23,12245.0,3098.6,3221.0,0.0121,Uracil,LC-MS/MS
SMP-00838,2.75,43387.3,8693.0,8992.4,0.0431,Acetaminophen,LC-MS/MS
SMP-00838,4.14,93466.6,16027.4,16357.4,0.0932,Caffeine,LC-MS/MS
SMP-00838,5.61,21890.9,4700.6,4867.5,0.022,Aspirin,LC-MS/MS
SMP-00838,7.13,63012.0,10641.9,11078.0,0.0631,Benzoic Acid,LC-MS/MS
SMP-00838,8.94,32971.8,6885.6,6913.3,0.033,Phenacetin,LC-MS/MS
SMP-00838,10.38,16390.7,4007.0,4084.6,0.0165,Salicylic Acid,LC-MS/MS
SMP-00838,12.06,58847.9,10351.5,10707.7,0.0586,Chlorpheniramine,LC-MS/MS
SMP-00839,1.26,13178.9,3502.2,3623.1,0.0133,Uracil,LC-MS/MS
SMP-00839,2.78,45723.2,9060.4,9253.9,0.0467,Acetaminophen,LC-MS/MS
SMP-00839,4.15,84425.6,12932.9,13712.9,0.0834,Caffeine,LC-MS/MS
SMP-00839,5.58,19903.6,4175.6,4271.2,0.0195,Aspirin,LC-MS/MS
SMP-00839,7.21,69750.2,11819.4,11879.6,0.0712,Benzoic Acid,LC-MS/MS
SMP-00839,8.91,28830.3,5883.9,6242.2,0.0286,Phenacetin,LC-MS/MS
SMP-00839,10.42,15694.2,3864.7,3994.1,0.0159,Salicylic Acid,LC-MS/MS
SMP-00839,12.08,53025.2,9774.1,10299.2,0.0537,Chlorpheniramine,LC-MS/MS
SMP-00840,1.29,10174.4,2629.2,2624.5,0.0105,Uracil,LC-MS/MS
SMP-00840,2.8,42629.8,8170.1,8412.1,0.0429,Acetaminophen,LC-MS/MS
SMP-00840,4.21,101338.9,16157.6,16632.7,0.1008,Caffeine,LC-MS/MS
SMP-00840,5.59,24693.9,5391.2,5458.9,0.0255,Aspirin,LC-MS/MS
SMP-00840,7.17,59042.5,10227.2,10858.2,0.0588,Benzoic Acid,LC-MS/MS
SMP-00840,8.95,25890.8,5504.1,5519.8,0.0262,Phenacetin,LC-MS/MS
SMP-00840,10.35,17958.0,4426.7,4532.0,0.0183,Salicylic Acid,LC-MS/MS
SMP-00840,12.13,49187.1,9085.0,9432.7,0.0485,Chlorpheniramine,LC-MS/MS
SMP-00841,1.26,12698.0,3197.5,3302.7,0.0124,Uracil,LC-MS/MS
SMP-00841,2.78,42261.4,8171.2,8480.0,0.043,Acetaminophen,LC-MS/MS
SMP-00841,4.19,112891.4,17970.2,19180.7,0.1111,Caffeine,LC-MS/MS
SMP-00841,5.59,27740.5,6432.2,6561.7,0.0274,Aspirin,LC-MS/MS
SMP-00841,7.24,71855.0,12148.9,12240.0,0.0738,Benzoic Acid,LC-MS/MS
SMP-00841,8.94,28042.8,5315.9,5532.5,0.027,Phenacetin,LC-MS/MS
SMP-00841,10.43,14723.9,3638.4,3714.4,0.0147,Salicylic Acid,LC-MS/MS
SMP-00841,12.09,55055.8,9911.2,10239.2,0.0559,Chlorpheniramine,LC-MS/MS
SMP-00842,1.18,13197.2,3242.5,3245.6,0.0132,Uracil,LC-MS/MS
SMP-00842,2.82,42752.7,7637.0,7693.6,0.0418,Acetaminophen,LC-MS/MS
SMP-00842,4.14,94005.7,15255.8,15635.2,0.0936,Caffeine,LC-MS/MS
SMP-00842,5.58,21259.6,4603.0,4688.5,0.0214,Aspirin,LC-MS/MS
SMP-00842,7.15,72064.8,11628.1,12287.5,0.071,Benzoic Acid,LC-MS/MS
SMP-00842,9.0,31717.8,6373.5,6499.4,0.0325,Phenacetin,LC-MS/MS
SMP-00842,10.35,17150.3,3949.6,3986.7,0.0171,Salicylic Acid,LC-MS/MS
SMP-00842,12.04,58653.2,10555.8,11044.4,0.0573,Chlorpheniramine,LC-MS/MS
SMP-00843,1.25,12858.8,3327.8,3519.1,0.0126,Uracil,LC-MS/MS
SMP-00843,2.82,34182.9,6287.1,6440.7,0.0339,Acetaminophen,LC-MS/MS
SMP-00843,4.15,86947.9,14775.0,15490.8,0.0885,Caffeine,LC-MS/MS
SMP-00843,5.59,25229.5,5620.3,5742.7,0.0247,Aspirin,LC-MS/MS
SMP-00843,7.18,64665.4,10583.0,10727.2,0.0633,Benzoic Acid,LC-MS/MS
SMP-00843,8.93,26031.0,5197.3,5397.0,0.0259,Phenacetin,LC-MS/MS
SMP-00843,10.42,17003.3,4261.9,4421.0,0.017,Salicylic Acid,LC-MS/MS
SMP-00843,12.05,51938.0,9741.0,9861.2,0.0504,Chlorpheniramine,LC-MS/MS
SMP-00844,1.19,14101.2,3732.8,3811.5,0.014,Uracil,LC-MS/MS
SMP-00844,2.76,45101.9,9068.7,9413.8,0.0462,Acetaminophen,LC-MS/MS
SMP-00844,4.12,104158.1,16642.2,16680.0,0.1021,Caffeine,LC-MS/MS
SMP-00844,5.66,19240.1,4226.3,4246.1,0.0185,Aspirin,LC-MS/MS
SMP-00844,7.21,57609.6,9642.3,9975.6,0.058,Benzoic Acid,LC-MS/MS
SMP-00844,8.96,34335.1,6795.8,6932.0,0.0341,Phenacetin,LC-MS/MS
SMP-00844,10.39,14008.8,3231.4,3381.7,0.0139,Salicylic Acid,LC-MS/MS
SMP-00844,12.1,48215.6,8221.2,8433.1,0.0472,Chlorpheniramine,LC-MS/MS
SMP-00845,1.23,11513.3,2923.5,3034.9,0.0116,Uracil,LC-MS/MS
SMP-00845,2.83,42022.4,8058.6,8373.4,0.0423,Acetaminophen,LC-MS/MS
SMP-00845,4.1,87091.7,14052.7,14274.9,0.0869,Caffeine,LC-MS/MS
SMP-00845,5.6,17065.2,3672.2,3833.1,0.018,Aspirin,LC-MS/MS
SMP-00845,7.16,65424.0,10780.7,11148.1,0.0625,Benzoic Acid,LC-MS/MS
SMP-00845,8.96,30368.6,6113.1,6228.0,0.0309,Phenacetin,LC-MS/MS
SMP-00845,10.42,15874.2,3722.5,3914.7,0.0156,Salicylic Acid,LC-MS/MS
SMP-00845,12.15,54201.5,9787.2,10029.3,0.0534,Chlorpheniramine,LC-MS/MS
SMP-00846,1.24,11193.9,2865.2,2932.8,0.011,Uracil,LC-MS/MS
SMP-00846,2.8,44812.4,9029.6,9475.5,0.0456,Acetaminophen,LC-MS/MS
SMP-00846,4.14,84563.4,13902.5,14340.4,0.0845,Caffeine,LC-MS/MS
SMP-00846,5.58,19368.3,4302.5,4414.7,0.0195,Aspirin,LC-MS/MS
SMP-00846,7.2,68567.0,11674.0,11822.3,0.0693,Benzoic Acid,LC-MS/MS
SMP-00846,8.94,27783.8,5736.4,6181.9,0.0277,Phenacetin,LC-MS/MS
SMP-00846,10.43,16051.2,3879.3,3992.0,0.0161,Salicylic Acid,LC-MS/MS
SMP-00846,12.1,62373.3,10915.7,11412.5,0.0629,Chlorpheniramine,LC-MS/MS
SMP-00847,1.28,11777.1,3091.8,3142.4,0.0116,Uracil,LC-MS/MS
SMP-00847,2.79,43108.3,8445.1,8859.7,0.0432,Acetaminophen,LC-MS/MS
SMP-00847,4.17,86684.8,13507.7,13812.6,0.0869,Caffeine,LC-MS/MS
SMP-00847,5.6,22183.9,4992.8,5202.9,0.0219,Aspirin,LC-MS/MS
SMP-00847,7.22,67050.6,11152.8,11721.9,0.0688,Benzoic Acid,LC-MS/MS
SMP-00847,8.93,33451.7,6766.7,6878.5,0.0337,Phenacetin,LC-MS/MS
SMP-00847,10.43,18068.6,4392.4,4517.0,0.0176,Salicylic Acid,LC-MS/MS
SMP-00847,12.12,53467.0,9115.3,9270.9,0.0535,Chlorpheniramine,LC-MS/MS
SMP-00848,1.27,13763.2,3437.0,3451.9,0.0137,Uracil,LC-MS/MS
SMP-00848,2.83,41074.1,8011.1,8378.3,0.0421,Acetaminophen,LC-MS/MS
SMP-00848,4.08,88104.0,13290.7,13692.1,0.0887,Caffeine,LC-MS/MS
SMP-00848,5.58,22603.2,4873.4,5025.8,0.0222,Aspirin,LC-MS/MS
SMP-00848,7.16,72689.4,12058.6,12659.1,0.0727,Benzoic Acid,LC-MS/MS
SMP-00848,8.92,33161.4,6660.4,6712.0,0.0338,Phenacetin,LC-MS/MS
SMP-00848,10.4,15210.6,3664.1,3838.4,0.0157,Salicylic Acid,LC-MS/MS
SMP-00848,12.09,64128.7,11510.8,11901.9,0.0639,Chlorpheniramine,LC-MS/MS
SMP-00849,1.2,12417.0,3221.9,3278.0,0.0124,Uracil,LC-MS/MS
SMP-00849,2.82,46588.8,9004.9,8638.4,0.0446,Acetaminophen,LC-MS/MS
SMP-00849,4.14,85376.3,15033.8,15275.8,0.0881,Caffeine,LC-MS/MS
SMP-00849,5.62,24048.3,5447.5,5598.9,0.0237,Aspirin,LC-MS/MS
SMP-00849,7.2,62047.2,9748.7,10325.9,0.0623,Benzoic Acid,LC-MS/MS
SMP-00849,8.94,30958.5,6395.6,6598.2,0.0305,Phenacetin,LC-MS/MS
SMP-00849,10.37,15141.9,3404.9,3553.9,0.0152,Salicylic Acid,LC-MS/MS
SMP-00849,12.09,62134.9,11429.9,11722.0,0.0627,Chlorpheniramine,LC-MS/MS
SMP-00850,1.21,11977.6,2977.0,3060.3,0.0121,Uracil,LC-MS/MS
SMP-00850,2.8,48904.0,9510.9,9723.1,0.0498,Acetaminophen,LC-MS/MS
SMP-00850,4.15,77296.1,12809.1,13246.3,0.0771,Caffeine,LC-MS/MS
SMP-00850,5.64,21679.2,4922.0,5040.5,0.0217,Aspirin,LC-MS/MS
SMP-00850,7.17,72929.7,12422.2,13185.7,0.072,Benzoic Acid,LC-MS/MS
SMP-00850,8.92,37592.5,7481.4,7750.1,0.0382,Phenacetin,LC-MS/MS
SMP-00850,10.34,12454.5,2938.5,3087.9,0.0129,Salicylic Acid,LC-MS/MS
SMP-00850,12.06,58667.4,10411.3,10662.1,0.0584,Chlorpheniramine,LC-MS/MS
SMP-00851,1.25,11231.9,2941.8,3079.7,0.0112,Uracil,LC-MS/MS
SMP-00851,2.83,43480.7,8561.9,8879.1,0.0428,Acetaminophen,LC-MS/MS
SMP-00851,4.2,96617.7,15660.4,16065.7,0.0984,Caffeine,LC-MS/MS
SMP-00851,5.53,24898.4,5621.6,5952.2,0.0245,Aspirin,LC-MS/MS
SMP-00851,7.19,67641.4,11029.2,11093.7,0.065,Benzoic Acid,LC-MS/MS
SMP-00851,8.93,32345.6,6705.6,7010.2,0.0323,Phenacetin,LC-MS/MS
SMP-00851,10.38,14197.0,3454.8,3547.5,0.014,Salicylic Acid,LC-MS/MS
SMP-00851,12.13,55293.5,9642.2,9877.3,0.0564,Chlorpheniramine,LC-MS/MS
SMP-00852,1.22,13034.2,3461.3,3617.3,0.013,Uracil,LC-MS/MS
SMP-00852,2.84,41592.4,7912.9,8208.9,0.0433,Acetaminophen,LC-MS/MS
SMP-00852,4.16,68413.2,12046.5,11998.7,0.0659,Caffeine,LC-MS/MS
SMP-00852,5.57,22802.8,5035.8,5276.1,0.022,Aspirin,LC-MS/MS
SMP-00852,7.16,58908.9,9999.9,10244.5,0.0602,Benzoic Acid,LC-MS/MS
SMP-00852,8.94,35541.2,7318.9,7426.0,0.0361,Phenacetin,LC-MS/MS
SMP-00852,10.43,15767.2,3767.5,3890.0,0.0153,Salicylic Acid,LC-MS/MS
SMP-00852,12.12,57603.9,10340.8,10845.5,0.06,Chlorpheniramine,LC-MS/MS
SMP-00853,1.29,13183.2,3368.1,3499.0,0.0132,Uracil,LC-MS/MS
SMP-00853,2.76,42471.6,7934.6,8062.6,0.0431,Acetaminophen,LC-MS/MS
SMP-00853,4.18,102295.4,15986.8,16596.5,0.102,Caffeine,LC-MS/MS
SMP-00853,5.58,24889.0,5319.5,5618.7,0.0259,Aspirin,LC-MS/MS
SMP-00853,7.2,65143.7,11106.3,11470.8,0.0661,Benzoic Acid,LC-MS/MS
SMP-00853,8.93,34074.5,6870.4,7149.8,0.0345,Phenacetin,LC-MS/MS
SMP-00853,10.45,75384.6,20070.2,18981.7,0.0762,Salicylic Acid,LC-MS/MS
SMP-00853,12.14,49342.5,8739.9,8629.7,0.0492,Chlorpheniramine,LC-MS/MS
SMP-00854,1.2,12566.5,3196.7,3323.2,0.0127,Uracil,LC-MS/MS
SMP-00854,2.84,44202.3,8284.7,8529.3,0.0443,Acetaminophen,LC-MS/MS
SMP-00854,4.12,96608.6,15538.4,16001.3,0.0992,Caffeine,LC-MS/MS
SMP-00854,5.57,26829.8,6098.5,6124.2,0.0259,Aspirin,LC-MS/MS
SMP-00854,7.18,71546.1,12693.5,12749.6,0.073,Benzoic Acid,LC-MS/MS
SMP-00854,8.93,32561.9,6894.4,7053.2,0.0322,Phenacetin,LC-MS/MS
SMP-00854,10.4,15884.3,3705.0,3773.0,0.0161,Salicylic Acid,LC-MS/MS
SMP-00854,12.11,52657.7,9906.1,10407.5,0.0521,Chlorpheniramine,LC-MS/MS
SMP-00855,1.21,13556.3,3327.4,3471.5,0.0134,Uracil,LC-MS/MS
SMP-00855,2.79,32202.5,6368.1,6629.8,0.0321,Acetaminophen,LC-MS/MS
SMP-00855,4.17,86852.9,14851.8,15338.0,0.0851,Caffeine,LC-MS/MS
SMP-00855,5.65,19242.7,4089.4,4187.8,0.0195,Aspirin,LC-MS/MS
SMP-00855,7.23,79595.9,12867.2,13282.3,0.0803,Benzoic Acid,LC-MS/MS
SMP-00855,8.93,31914.5,6738.5,7024.6,0.0325,Phenacetin,LC-MS/MS
SMP-00855,10.45,12869.7,2989.3,3096.3,0.013,Salicylic Acid,LC-MS/MS
SMP-00855,12.11,54088.3,9697.0,9860.3,0.0553,Chlorpheniramine,LC-MS/MS
SMP-00856,1.29,13956.9,3537.6,3683.0,0.0141,Uracil,LC-MS/MS
SMP-00856,2.73,46098.4,9093.9,9010.1,0.0458,Acetaminophen,LC-MS/MS
SMP-00856,4.18,81562.1,13719.7,13997.1,0.0839,Caffeine,LC-MS/MS
SMP-00856,5.57,28856.1,6675.9,7057.6,0.0294,Aspirin,LC-MS/MS
SMP-00856,7.26,66971.3,11176.9,11067.2,0.0655,Benzoic Acid,LC-MS/MS
SMP-00856,9.0,33887.6,6725.0,7011.1,0.0341,Phenacetin,LC-MS/MS
SMP-00856,10.48,15852.4,3875.7,4033.0,0.0159,Salicylic Acid,LC-MS/MS
SMP-00856,12.11,55683.9,10605.4,10765.7,0.054,Chlorpheniramine,LC-MS/MS
SMP-00857,1.18,11918.7,3134.5,3215.9,0.0114,Uracil,LC-MS/MS
SMP-00857,2.84,47344.7,8871.4,9302.3,0.0465,Acetaminophen,LC-MS/MS
SMP-00857,4.18,101691.2,16714.8,17554.7,0.1003,Caffeine,LC-MS/MS
SMP-00857,5.6,25774.7,5558.0,5748.6,0.0253,Aspirin,LC-MS/MS
SMP-00857,7.2,54391.5,8857.1,9200.0,0.0535,Benzoic Acid,LC-MS/MS
SMP-00857,8.95,39557.8,8023.7,8160.6,0.0401,Phenacetin,LC-MS/MS
SMP-00857,10.34,15770.3,3849.4,3989.6,0.0155,Salicylic Acid,LC-MS/MS
SMP-00857,12.11,61659.4,10809.8,11236.7,0.0626,Chlorpheniramine,LC-MS/MS
SMP-00858,1.28,9681.5,2501.6,2483.6,0.0096,Uracil,LC-MS/MS
SMP-00858,2.78,193916.6,31334.2,42708.9,0.1987,Acetaminophen,LC-MS/MS
SMP-00858,4.16,84516.6,13593.9,13977.8,0.0857,Caffeine,LC-MS/MS
SMP-00858,5.61,21439.7,4847.9,4895.1,0.021,Aspirin,LC-MS/MS
SMP-00858,7.16,74557.0,11670.3,12280.4,0.0735,Benzoic Acid,LC-MS/MS
SMP-00858,8.94,21666.4,4666.3,4880.7,0.0219,Phenacetin,LC-MS/MS
SMP-00858,10.42,16273.6,3991.9,4162.3,0.0166,Salicylic Acid,LC-MS/MS
SMP-00858,12.14,58556.6,10634.5,11095.6,0.0578,Chlorpheniramine,LC-MS/MS
SMP-00859,1.25,12901.3,3202.9,3301.9,0.0128,Uracil,LC-MS/MS
SMP-00859,2.81,46020.3,9240.0,9362.8,0.0459,Acetaminophen,LC-MS/MS
SMP-00859,4.16,85225.1,13019.4,13178.9,0.0875,Caffeine,LC-MS/MS
SMP-00859,5.61,25130.2,5278.0,5337.7,0.0256,Aspirin,LC-MS/MS
SMP-00859,7.23,68085.2,11476.6,12483.9,0.0699,Benzoic Acid,LC-MS/MS
SMP-00859,8.97,30362.4,6528.7,6775.1,0.0299,Phenacetin,LC-MS/MS
SMP-00859,10.4,14549.7,3311.9,3448.8,0.0145,Salicylic Acid,LC-MS/MS
SMP-00859,12.05,51711.0,9462.9,9393.4,0.0536,Chlorpheniramine,LC-MS/MS
SMP-00860,1.29,13293.0,3394.4,3428.2,0.0133,Uracil,LC-MS/MS
SMP-00860,2.82,43199.1,8555.8,8802.9,0.0439,Acetaminophen,LC-MS/MS
SMP-00860,4.17,81057.4,13425.7,13334.9,0.0803,Caffeine,LC-MS/MS
SMP-00860,5.57,20801.2,4400.4,4566.0,0.0204,Aspirin,LC-MS/MS
SMP-00860,7.19,65951.7,10519.3,10230.9,0.0662,Benzoic Acid,LC-MS/MS
SMP-00860,8.98,33567.6,6964.5,7306.9,0.0343,Phenacetin,LC-MS/MS
SMP-00860,10.41,13915.4,3374.7,3653.0,0.014,Salicylic Acid,LC-MS/MS
SMP-00860,12.04,60914.2,11430.4,11865.4,0.062,Chlorpheniramine,LC-MS/MS
SMP-00861,1.26,11962.1,3148.0,3172.4,0.0122,Uracil,LC-MS/MS
SMP-00861,2.85,38971.2,7715.4,8081.5,0.0377,Acetaminophen,LC-MS/MS
SMP-00861,4.18,95659.2,15509.3,16124.5,0.094,Caffeine,LC-MS/MS
SMP-00861,5.61,23066.7,5330.5,5631.6,0.0233,Aspirin,LC-MS/MS
SMP-00861,7.24,67161.0,11218.8,11541.8,0.065,Benzoic Acid,LC-MS/MS
SMP-00861,8.95,26273.0,5556.4,5792.2,0.0262,Phenacetin,LC-MS/MS
SMP-00861,10.43,16246.5,3861.8,4081.7,0.0162,Salicylic Acid,LC-MS/MS
SMP-00861,12.14,52521.7,9607.5,9854.3,0.051,Chlorpheniramine,LC-MS/MS
SMP-00862,1.23,12873.5,3460.1,3490.7,0.013,Uracil,LC-MS/MS
SMP-00862,2.79,38092.9,7067.0,7211.2,0.0359,Acetaminophen,LC-MS/MS
SMP-00862,4.15,74673.5,11719.9,11868.6,0.0752,Caffeine,LC-MS/MS
SMP-00862,5.61,22769.4,5158.7,5420.1,0.0225,Aspirin,LC-MS/MS
SMP-00862,7.21,72190.1,12189.6,12339.4,0.0729,Benzoic Acid,LC-MS/MS
SMP-00862,8.98,30507.0,6600.1,6772.0,0.0305,Phenacetin,LC-MS/MS
SMP-00862,10.45,15637.8,3824.5,3886.7,0.016,Salicylic Acid,LC-MS/MS
SMP-00862,12.16,46423.1,9086.5,9697.2,0.0472,Chlorpheniramine,LC-MS/MS
SMP-00863,1.26,12732.6,3204.1,3247.9,0.0129,Uracil,LC-MS/MS
SMP-00863,2.83,42688.4,8051.9,8622.2,0.0444,Acetaminophen,LC-MS/MS
SMP-00863,4.14,72958.0,11138.4,11621.4,0.0733,Caffeine,LC-MS/MS
SMP-00863,5.58,21715.3,4904.2,5062.3,0.0227,Aspirin,LC-MS/MS
SMP-00863,7.18,74822.9,11914.7,11923.0,0.0725,Benzoic Acid,LC-MS/MS
SMP-00863,9.01,30747.3,6222.5,6302.9,0.0311,Phenacetin,LC-MS/MS
SMP-00863,10.4,14245.1,3459.0,3616.6,0.0142,Salicylic Acid,LC-MS/MS
SMP-00863,12.05,51127.3,9541.4,9574.7,0.0498,Chlorpheniramine,LC-MS/MS
SMP-00864,1.22,11524.5,2937.5,2955.7,0.0114,Uracil,LC-MS/MS
SMP-00864,2.79,40082.1,7772.5,7953.5,0.0416,Acetaminophen,LC-MS/MS
SMP-00864,4.14,109684.8,17602.4,18309.8,0.1114,Caffeine,LC-MS/MS
SMP-00864,5.63,23329.4,5138.1,5325.8,0.0235,Aspirin,LC-MS/MS
SMP-00864,7.22,71180.7,11813.2,12256.7,0.0677,Benzoic Acid,LC-MS/MS
SMP-00864,8.98,27357.4,5550.2,5795.0,0.0274,Phenacetin,LC-MS/MS
SMP-00864,10.41,85421.0,21171.3,22106.5,0.0831,Salicylic Acid,LC-MS/MS
SMP-00864,12.13,53566.9,9569.7,9789.4,0.0533,Chlorpheniramine,LC-MS/MS
SMP-00865,1.22,12037.9,3341.5,3480.1,0.0121,Uracil,LC-MS/MS
SMP-00865,2.81,39744.9,7763.5,8140.1,0.0405,Acetaminophen,LC-MS/MS
SMP-00865,4.1,88131.7,14761.5,14711.0,0.0889,Caffeine,LC-MS/MS
SMP-00865,5.65,20722.8,4523.3,4561.8,0.0208,Aspirin,LC-MS/MS
SMP-00865,7.19,61791.2,10466.4,10509.8,0.062,Benzoic Acid,LC-MS/MS
SMP-00865,8.91,29906.8,5935.7,6170.4,0.0294,Phenacetin,LC-MS/MS
SMP-00865,10.39,17211.4,4317.8,4565.8,0.0175,Salicylic Acid,LC-MS/MS
SMP-00865,12.1,55404.9,10179.0,10396.3,0.0564,Chlorpheniramine,LC-MS/MS
SMP-00866,1.26,12871.4,3539.1,3695.9,0.013,Uracil,LC-MS/MS
SMP-00866,2.84,47483.4,9348.4,9860.3,0.0475,Acetaminophen,LC-MS/MS
SMP-00866,4.15,84236.4,14089.7,14213.5,0.0859,Caffeine,LC-MS/MS
SMP-00866,5.59,20700.7,4676.6,4743.6,0.0204,Aspirin,LC-MS/MS
SMP-00866,7.23,81257.3,13502.3,13740.2,0.0804,Benzoic Acid,LC-MS/MS
SMP-00866,8.97,37498.9,7601.4,7766.3,0.037,Phenacetin,LC-MS/MS
SMP-00866,10.41,12373.3,2992.8,3186.3,0.0123,Salicylic Acid,LC-MS/MS
SMP-00866,12.11,52007.1,9563.1,9801.6,0.0519,Chlorpheniramine,LC-MS/MS
SMP-00867,1.23,12252.1,3239.3,3447.5,0.0127,Uracil,LC-MS/MS
SMP-00867,2.79,42260.7,8560.1,8877.0,0.0413,Acetaminophen,LC-MS/MS
SMP-00867,4.19,87749.3,14739.1,14702.3,0.0877,Caffeine,LC-MS/MS
SMP-00867,5.59,25434.1,5525.9,5606.2,0.0257,Aspirin,LC-MS/MS
SMP-00867,7.18,62363.0,10417.4,10948.6,0.062,Benzoic Acid,LC-MS/MS
SMP-00867,8.95,29488.1,6023.2,6188.3,0.0292,Phenacetin,LC-MS/MS
SMP-00867,10.44,14950.7,3535.6,3747.3,0.0148,Salicylic Acid,LC-MS/MS
SMP-00867,12.09,57958.4,10072.4,10106.1,0.0575,Chlorpheniramine,LC-MS/MS
SMP-00868,1.25,13488.8,3425.8,3493.4,0.0133,Uracil,LC-MS/MS
SMP-00868,2.8,45850.6,8977.3,9449.6,0.0475,Acetaminophen,LC-MS/MS
SMP-00868,4.14,87246.1,15040.2,15272.8,0.0871,Caffeine,LC-MS/MS
SMP-00868,5.61,20314.4,4536.4,4676.4,0.0198,Aspirin,LC-MS/MS
SMP-00868,7.21,72183.6,11938.2,12436.4,0.0747,Benzoic Acid,LC-MS/MS
SMP-00868,8.94,126961.7,24843.0,24809.7,0.1268,Phenacetin,LC-MS/MS
SMP-00868,10.39,15192.0,3900.3,3903.7,0.015,Salicylic Acid,LC-MS/MS
SMP-00868,12.17,49393.6,9066.2,9122.2,0.0475,Chlorpheniramine,LC-MS/MS
SMP-00869,1.28,11818.1,2881.3,2998.7,0.0121,Uracil,LC-MS/MS
SMP-00869,2.81,45349.9,8940.7,9163.7,0.0453,Acetaminophen,LC-MS/MS
SMP-00869,4.15,89582.3,14806.3,14897.8,0.0867,Caffeine,LC-MS/MS
SMP-00869,5.64,25536.1,5447.3,5567.5,0.0255,Aspirin,LC-MS/MS
SMP-00869,7.21,73608.0,12056.5,12342.6,0.0726,Benzoic Acid,LC-MS/MS
SMP-00869,8.93,35546.2,7266.1,7306.1,0.036,Phenacetin,LC-MS/MS
SMP-00869,10.4,16747.4,4084.2,4323.7,0.0167,Salicylic Acid,LC-MS/MS
SMP-00869,12.12,60942.8,10869.4,11458.6,0.0616,Chlorpheniramine,LC-MS/MS
SMP-00870,1.23,13199.3,3420.1,3548.1,0.0134,Uracil,LC-MS/MS
SMP-00870,2.82,49214.8,9661.7,10183.4,0.0501,Acetaminophen,LC-MS/MS
SMP-00870,4.18,72717.0,12036.3,12277.5,0.0705,Caffeine,LC-MS/MS
SMP-00870,5.64,25237.3,5390.7,5580.2,0.0247,Aspirin,LC-MS/MS
SMP-00870,7.2,70910.3,11708.4,11867.0,0.0714,Benzoic Acid,LC-MS/MS
SMP-00870,8.92,24467.7,4917.9,5122.5,0.0231,Phenacetin,LC-MS/MS
SMP-00870,10.47,14787.3,3645.8,3681.5,0.0152,Salicylic Acid,LC-MS/MS
SMP-00870,12.07,49878.3,9056.3,9271.7,0.0509,Chlorpheniramine,LC-MS/MS
SMP-00871,1.27,12476.1,3317.3,3432.0,0.0126,Uracil,LC-MS/MS
SMP-00871,2.74,54653.7,10588.6,11011.8,0.0539,Acetaminophen,LC-MS/MS
SMP-00871,4.16,83037.6,14049.9,14881.8,0.0854,Caffeine,LC-MS/MS
SMP-00871,5.6,23836.8,5079.4,5334.0,0.0242,Aspirin,LC-MS/MS
SMP-00871,7.18,50898.9,8788.5,9098.6,0.0525,Benzoic Acid,LC-MS/MS
SMP-00871,8.9,28765.1,5864.1,6104.7,0.0295,Phenacetin,LC-MS/MS
SMP-00871,10.43,16050.1,4006.0,4147.5,0.0159,Salicylic Acid,LC-MS/MS
SMP-00871,12.12,54264.3,10150.7,10623.4,0.0542,Chlorpheniramine,LC-MS/MS
SMP-00872,1.27,12241.7,3247.9,3380.7,0.0124,Uracil,LC-MS/MS
SMP-00872,2.78,53712.1,10229.5,10523.5,0.0538,Acetaminophen,LC-MS/MS
SMP-00872,4.16,76064.3,12614.7,12896.1,0.0766,Caffeine,LC-MS/MS
SMP-00872,5.6,21971.7,4856.5,4953.5,0.0212,Aspirin,LC-MS/MS
SMP-00872,7.2,75000.9,12415.3,12782.3,0.0787,Benzoic Acid,LC-MS/MS
SMP-00872,8.96,32770.1,6763.9,6921.2,0.0323,Phenacetin,LC-MS/MS
SMP-00872,10.43,18026.7,4426.4,4493.7,0.0177,Salicylic Acid,LC-MS/MS
SMP-00872,12.09,50272.6,9066.2,9473.2,0.051,Chlorpheniramine,LC-MS/MS
SMP-00873,1.23,51035.9,11675.0,13643.2,0.0519,Uracil,LC-MS/MS
SMP-00873,2.81,52405.6,10322.6,10628.6,0.0514,Acetaminophen,LC-MS/MS
SMP-00873,4.22,87672.2,14345.9,15136.9,0.0881,Caffeine,LC-MS/MS
SMP-00873,5.58,25615.5,5559.6,5801.3,0.0247,Aspirin,LC-MS/MS
SMP-00873,7.22,68143.2,11419.3,11885.7,0.0683,Benzoic Acid,LC-MS/MS
SMP-00873,8.93,30156.7,6499.1,6780.7,0.0294,Phenacetin,LC-MS/MS
SMP-00873,10.4,15983.3,3898.0,4070.0,0.016,Salicylic Acid,LC-MS/MS
SMP-00873,12.09,48530.9,8907.5,9366.8,0.0499,Chlorpheniramine,LC-MS/MS
SMP-00874,1.26,13503.8,3535.8,3550.5,0.0139,Uracil,LC-MS/MS
SMP-00874,2.8,53273.6,10217.3,10327.1,0.0527,Acetaminophen,LC-MS/MS
SMP-00874,4.15,79061.5,12412.6,12800.0,0.0785,Caffeine,LC-MS/MS
SMP-00874,5.62,22328.9,4845.7,5083.9,0.0219,Aspirin,LC-MS/MS
SMP-00874,7.25,62600.8,9926.7,10068.9,0.0641,Benzoic Acid,LC-MS/MS
SMP-00874,8.97,32864.2,6871.9,6900.7,0.0326,Phenacetin,LC-MS/MS
SMP-00874,10.4,16210.9,3757.4,3718.8,0.0161,Salicylic Acid,LC-MS/MS
SMP-00874,12.13,50363.7,8918.1,9476.2,0.0514,Chlorpheniramine,LC-MS/MS
SMP-00875,1.27,11278.8,2885.4,2982.7,0.0115,Uracil,LC-MS/MS
SMP-00875,2.83,43078.0,8560.6,8838.8,0.0433,Acetaminophen,LC-MS/MS
SMP-00875,4.18,84231.3,14252.3,14837.3,0.0839,Caffeine,LC-MS/MS
SMP-00875,5.64,27927.3,6198.6,6415.0,0.0279,Aspirin,LC-MS/MS
SMP-00875,7.16,72863.8,12027.3,12520.2,0.072,Benzoic Acid,LC-MS/MS
SMP-00875,8.94,28613.7,6016.1,6421.5,0.0286,Phenacetin,LC-MS/MS
SMP-00875,10.4,14160.9,3654.1,3732.6,0.0137,Salicylic Acid,LC-MS/MS
SMP-00875,12.12,60702.0,11263.6,11587.1,0.0607,Chlorpheniramine,LC-MS/MS
SMP-00876,1.2,13240.6,3369.0,3600.1,0.0135,Uracil,LC-MS/MS
SMP-00876,2.77,44779.1,8674.4,8652.6,0.0447,Acetaminophen,LC-MS/MS
SMP-00876,4.12,88583.4,14391.1,15428.0,0.0876,Caffeine,LC-MS/MS
SMP-00876,5.59,21068.0,4431.1,4632.9,0.0212,Aspirin,LC-MS/MS
SMP-00876,7.16,80814.1,13750.7,14437.9,0.0812,Benzoic Acid,LC-MS/MS
SMP-00876,8.97,29700.5,6131.4,6279.5,0.029,Phenacetin,LC-MS/MS
SMP-00876,10.41,15426.6,3699.0,3896.9,0.0153,Salicylic Acid,LC-MS/MS
SMP-00876,12.15,55865.0,9794.9,9905.5,0.0569,Chlorpheniramine,LC-MS/MS
SMP-00877,1.25,11966.4,2952.7,3024.3,0.0119,Uracil,LC-MS/MS
SMP-00877,2.8,41199.3,8017.3,8090.6,0.0425,Acetaminophen,LC-MS/MS
SMP-00877,4.18,89625.0,14640.0,15116.8,0.0922,Caffeine,LC-MS/MS
SMP-00877,5.62,18451.9,4109.3,4191.8,0.0179,Aspirin,LC-MS/MS
SMP-00877,7.19,58923.6,10288.5,10390.9,0.0596,Benzoic Acid,LC-MS/MS
SMP-00877,8.99,22938.8,4592.6,4605.7,0.0232,Phenacetin,LC-MS/MS
SMP-00877,10.45,16608.3,4038.7,4164.5,0.0166,Salicylic Acid,LC-MS/MS
SMP-00877,12.11,49673.0,8928.1,8793.6,0.0508,Chlorpheniramine,LC-MS/MS
SMP-00878,1.24,11968.3,2946.1,3145.1,0.0123,Uracil,LC-MS/MS
SMP-00878,2.84,41743.7,7934.5,8352.7,0.0426,Acetaminophen,LC-MS/MS
SMP-00878,4.18,107763.5,17682.8,18355.2,0.1058,Caffeine,LC-MS/MS
SMP-00878,5.66,21507.7,4770.4,4985.5,0.0217,Aspirin,LC-MS/MS
SMP-00878,7.17,68799.2,11215.6,11571.6,0.0669,Benzoic Acid,LC-MS/MS
SMP-00878,8.93,28370.3,5898.5,5976.9,0.0281,Phenacetin,LC-MS/MS
SMP-00878,10.38,13305.4,3231.4,3299.7,0.0131,Salicylic Acid,LC-MS/MS
SMP-00878,12.13,52542.0,9776.7,10298.1,0.0529,Chlorpheniramine,LC-MS/MS
SMP-00879,1.25,10014.3,2794.0,2901.3,0.0097,Uracil,LC-MS/MS
SMP-00879,2.79,45163.1,8428.9,8933.1,0.0454,Acetaminophen,LC-MS/MS
SMP-00879,4.14,89536.7,14570.7,14893.0,0.089,Caffeine,LC-MS/MS
SMP-00879,5.58,25850.1,5621.2,5864.9,0.0257,Aspirin,LC-MS/MS
SMP-00879,7.2,53342.1,8875.6,9306.3,0.0519,Benzoic Acid,LC-MS/MS
SMP-00879,8.95,30595.9,6162.2,6347.1,0.03,Phenacetin,LC-MS/MS
SMP-00879,10.4,16243.3,3936.3,4116.5,0.0165,Salicylic Acid,LC-MS/MS
SMP-00879,12.05,55197.6,9839.1,10011.0,0.0547,Chlorpheniramine,LC-MS/MS
SMP-00880,1.23,15093.4,3819.1,3956.0,0.0148,Uracil,LC-MS/MS
SMP-00880,2.77,45180.6,8557.1,8875.5,0.0436,Acetaminophen,LC-MS/MS
SMP-00880,4.12,87546.9,14160.3,14562.4,0.0864,Caffeine,LC-MS/MS
SMP-00880,5.6,29637.9,6581.4,6636.5,0.0297,Aspirin,LC-MS/MS
SMP-00880,7.19,60868.7,10111.3,10159.2,0.0629,Benzoic Acid,LC-MS/MS
SMP-00880,8.99,31105.2,6454.0,6571.2,0.0303,Phenacetin,LC-MS/MS
SMP-00880,10.37,14999.9,3743.2,3888.9,0.0152,Salicylic Acid,LC-MS/MS
SMP-00880,12.1,62177.3,10872.9,10988.3,0.0643,Chlorpheniramine,LC-MS/MS
SMP-00881,1.22,11453.3,2882.0,2982.3,0.0115,Uracil,LC-MS/MS
SMP-00881,2.79,43419.2,8117.3,8431.5,0.0447,Acetaminophen,LC-MS/MS
SMP-00881,4.17,88786.2,14814.4,15013.3,0.0871,Caffeine,LC-MS/MS
SMP-00881,5.59,22329.6,5162.3,5361.1,0.0223,Aspirin,LC-MS/MS
SMP-00881,7.17,72394.1,12189.9,13042.3,0.0734,Benzoic Acid,LC-MS/MS
SMP-00881,8.97,28733.3,5638.8,5775.2,0.0296,Phenacetin,LC-MS/MS
SMP-00881,10.37,17793.8,4124.9,4198.3,0.0178,Salicylic Acid,LC-MS/MS
SMP-00881,12.09,53377.4,9284.6,9496.2,0.0526,Chlorpheniramine,LC-MS/MS
SMP-00882,1.26,11868.9,3133.0,3255.1,0.0123,Uracil,LC-MS/MS
SMP-00882,2.8,44080.1,8287.3,8515.4,0.0439,Acetaminophen,LC-MS/MS
SMP-00882,4.14,88445.0,14916.2,16062.7,0.0906,Caffeine,LC-MS/MS
SMP-00882,5.6,21510.6,4384.3,4540.3,0.0209,Aspirin,LC-MS/MS
SMP-00882,7.18,67505.2,10855.6,10963.0,0.065,Benzoic Acid,LC-MS/MS
SMP-00882,8.96,30139.4,5702.0,5958.6,0.0308,Phenacetin,LC-MS/MS
SMP-00882,10.42,14917.9,3704.5,3827.8,0.0147,Salicylic Acid,LC-MS/MS
SMP-00882,12.13,56269.0,10405.8,10629.2,0.0559,Chlorpheniramine,LC-MS/MS
SMP-00883,1.16,12828.6,3385.3,3491.5,0.0129,Uracil,LC-MS/MS
SMP-00883,2.81,48400.9,8983.8,9034.7,0.0504,Acetaminophen,LC-MS/MS
SMP-00883,4.17,89965.7,14551.1,14315.9,0.0906,Caffeine,LC-MS/MS
SMP-00883,5.59,23263.8,5128.6,5427.6,0.0238,Aspirin,LC-MS/MS
SMP-00883,7.17,72595.7,12284.3,12706.7,0.0703,Benzoic Acid,LC-MS/MS
SMP-00883,8.96,26859.4,5467.7,5555.7,0.0261,Phenacetin,LC-MS/MS
SMP-00883,10.39,17225.3,4103.4,4209.4,0.0171,Salicylic Acid,LC-MS/MS
SMP-00883,12.07,52730.9,9167.1,9322.7,0.0534,Chlorpheniramine,LC-MS/MS
SMP-00884,1.25,12890.0,3290.0,3357.7,0.013,Uracil,LC-MS/MS
SMP-00884,2.73,41625.1,8421.0,8957.5,0.0416,Acetaminophen,LC-MS/MS
SMP-00884,4.1,70611.1,11365.8,11711.8,0.0719,Caffeine,LC-MS/MS
SMP-00884,5.6,23884.0,4959.7,4974.3,0.0239,Aspirin,LC-MS/MS
SMP-00884,7.25,77697.4,12733.1,12762.7,0.0771,Benzoic Acid,LC-MS/MS
SMP-00884,8.93,30374.8,6349.5,6711.2,0.0295,Phenacetin,LC-MS/MS
SMP-00884,10.4,16159.9,3992.1,4075.9,0.0154,Salicylic Acid,LC-MS/MS
SMP-00884,12.1,52202.8,9704.4,10067.1,0.051,Chlorpheniramine,LC-MS/MS
SMP-00885,1.24,11293.6,3022.9,3022.3,0.0116,Uracil,LC-MS/MS
SMP-00885,2.79,43662.1,8057.6,8294.4,0.0422,Acetaminophen,LC-MS/MS
SMP-00885,4.06,84060.1,14085.0,13877.9,0.083,Caffeine,LC-MS/MS
SMP-00885,5.61,21248.3,4591.8,4756.0,0.022,Aspirin,LC-MS/MS
SMP-00885,7.19,66587.1,11089.1,11624.4,0.0652,Benzoic Acid,LC-MS/MS
SMP-00885,8.9,30653.1,6270.6,6498.1,0.0309,Phenacetin,LC-MS/MS
SMP-00885,10.39,15087.5,3712.4,3779.3,0.015,Salicylic Acid,LC-MS/MS
SMP-00885,12.12,63615.4,11502.2,11611.6,0.0618,Chlorpheniramine,LC-MS/MS
SMP-00886,1.25,13080.9,3427.2,3429.6,0.0131,Uracil,LC-MS/MS
SMP-00886,2.77,42322.5,8420.9,8750.9,0.0425,Acetaminophen,LC-MS/MS
SMP-00886,4.18,94030.5,15267.0,15646.0,0.0942,Caffeine,LC-MS/MS
SMP-00886,5.64,18033.8,3934.7,3997.1,0.0187,Aspirin,LC-MS/MS
SMP-00886,7.17,73143.3,12634.2,12845.8,0.0737,Benzoic Acid,LC-MS/MS
SMP-00886,9.0,30686.7,6323.0,6545.0,0.0307,Phenacetin,LC-MS/MS
SMP-00886,10.4,15630.0,3796.5,3947.1,0.0157,Salicylic Acid,LC-MS/MS
SMP-00886,12.08,50455.4,8992.8,8937.9,0.0515,Chlorpheniramine,LC-MS/MS
SMP-00887,1.26,10795.3,2767.6,2957.5,0.0105,Uracil,LC-MS/MS
SMP-00887,2.81,41587.1,7859.7,8196.5,0.0425,Acetaminophen,LC-MS/MS
SMP-00887,4.13,88909.2,14543.4,14766.3,0.0882,Caffeine,LC-MS/MS
SMP-00887,5.61,20847.7,4662.9,4661.3,0.021,Aspirin,LC-MS/MS
SMP-00887,7.19,276743.2,47171.5,47213.2,0.2726,Benzoic Acid,LC-MS/MS
SMP-00887,8.93,33538.9,6698.8,6840.4,0.0328,Phenacetin,LC-MS/MS
SMP-00887,10.44,15459.5,3830.9,3859.5,0.015,Salicylic Acid,LC-MS/MS
SMP-00887,12.11,49313.5,8551.3,8975.1,0.0477,Chlorpheniramine,LC-MS/MS
SMP-00888,1.27,12805.7,3001.7,3120.2,0.013,Uracil,LC-MS/MS
SMP-00888,2.78,42401.9,8827.9,9047.8,0.0425,Acetaminophen,LC-MS/MS
SMP-00888,4.1,85242.7,14039.6,14614.4,0.0863,Caffeine,LC-MS/MS
SMP-00888,5.58,25346.7,5746.0,5827.9,0.0256,Aspirin,LC-MS/MS
SMP-00888,7.21,68467.8,10895.7,11686.9,0.0686,Benzoic Acid,LC-MS/MS
SMP-00888,8.98,31663.9,6631.3,6906.2,0.0315,Phenacetin,LC-MS/MS
SMP-00888,10.38,15348.8,3783.1,3877.4,0.0154,Salicylic Acid,LC-MS/MS
SMP-00888,12.15,51626.8,9307.9,9802.3,0.0504,Chlorpheniramine,LC-MS/MS
SMP-00889,1.24,10222.6,2628.9,2707.8,0.0109,Uracil,LC-MS/MS
SMP-00889,2.84,42199.3,8153.1,8447.4,0.042,Acetaminophen,LC-MS/MS
SMP-00889,4.17,94957.6,15183.3,15980.3,0.0923,Caffeine,LC-MS/MS
SMP-00889,5.61,23040.4,5086.9,5258.4,0.0227,Aspirin,LC-MS/MS
SMP-00889,7.23,64403.3,10700.0,11237.6,0.0666,Benzoic Acid,LC-MS/MS
SMP-00889,9.0,35305.1,7200.8,7479.1,0.0352,Phenacetin,LC-MS/MS
SMP-00889,10.46,17344.6,4316.9,4436.5,0.0179,Salicylic Acid,LC-MS/MS
SMP-00889,12.09,51320.6,9259.9,9521.4,0.0504,Chlorpheniramine,LC-MS/MS
SMP-00890,1.25,13148.4,3300.9,3333.5,0.0133,Uracil,LC-MS/MS
SMP-00890,2.76,50624.5,10237.7,10613.7,0.0501,Acetaminophen,LC-MS/MS
SMP-00890,4.17,81231.6,13698.4,14455.5,0.0826,Caffeine,LC-MS/MS
SMP-00890,5.66,88248.2,17289.0,18904.8,0.0882,Aspirin,LC-MS/MS
SMP-00890,7.18,67808.3,10936.4,11225.6,0.0681,Benzoic Acid,LC-MS/MS
SMP-00890,8.94,34934.9,7301.0,7458.6,0.0333,Phenacetin,LC-MS/MS
SMP-00890,10.39,16700.0,4102.1,4201.7,0.0167,Salicylic Acid,LC-MS/MS
SMP-00890,12.07,65480.3,11880.0,12186.2,0.0642,Chlorpheniramine,LC-MS/MS
SMP-00891,1.23,12749.1,3340.4,3485.2,0.0127,Uracil,LC-MS/MS
SMP-00891,2.78,46782.4,8636.8,8892.2,0.0473,Acetaminophen,LC-MS/MS
SMP-00891,4.16,105230.4,16851.8,16787.7,0.1042,Caffeine,LC-MS/MS
SMP-00891,5.59,24846.6,5567.2,5574.1,0.0251,Aspirin,LC-MS/MS
SMP-00891,7.2,75162.9,12560.8,12605.6,0.0737,Benzoic Acid,LC-MS/MS
SMP-00891,8.92,26017.4,5350.3,5605.9,0.0257,Phenacetin,LC-MS/MS
SMP-00891,10.39,18173.4,4360.7,4546.4,0.0183,Salicylic Acid,LC-MS/MS
SMP-00891,12.11,59375.2,10896.2,11427.8,0.0617,Chlorpheniramine,LC-MS/MS
SMP-00892,1.29,12652.9,3242.2,3355.7,0.0129,Uracil,LC-MS/MS
SMP-00892,2.79,46281.6,9184.7,9798.1,0.0443,Acetaminophen,LC-MS/MS
SMP-00892,4.14,90264.8,14312.8,15184.3,0.0902,Caffeine,LC-MS/MS
SMP-00892,5.62,23236.9,5198.6,5337.4,0.0233,Aspirin,LC-MS/MS
SMP-00892,7.2,76268.7,12375.2,13094.1,0.0769,Benzoic Acid,LC-MS/MS
SMP-00892,8.94,26588.8,5490.9,5633.5,0.0264,Phenacetin,LC-MS/MS
SMP-00892,10.43,15752.8,3884.3,3915.0,0.0158,Salicylic Acid,LC-MS/MS
SMP-00892,12.13,52207.1,9404.7,9771.7,0.0531,Chlorpheniramine,LC-MS/MS
SMP-00893,1.31,13079.9,3200.2,3338.3,0.013,Uracil,LC-MS/MS
SMP-00893,2.84,43866.3,8932.0,9204.1,0.0453,Acetaminophen,LC-MS/MS
SMP-00893,4.1,92331.6,14519.6,15136.8,0.0954,Caffeine,LC-MS/MS
SMP-00893,5.59,20269.8,4685.2,4880.8,0.0199,Aspirin,LC-MS/MS
SMP-00893,7.18,75055.0,12245.5,12543.2,0.0753,Benzoic Acid,LC-MS/MS
SMP-00893,8.99,30156.8,6334.1,6462.8,0.0294,Phenacetin,LC-MS/MS
SMP-00893,10.44,15816.2,3874.7,4071.3,0.0157,Salicylic Acid,LC-MS/MS
SMP-00893,12.14,45409.2,8201.3,8647.1,0.0428,Chlorpheniramine,LC-MS/MS
SMP-00894,1.24,11676.5,2975.4,3089.6,0.0113,Uracil,LC-MS/MS
SMP-00894,2.75,42413.2,8044.8,8399.3,0.0435,Acetaminophen,LC-MS/MS
SMP-00894,4.11,619929.0,95606.2,99988.3,0.6079,Caffeine,LC-MS/MS
SMP-00894,5.64,21885.4,4596.9,4796.4,0.0223,Aspirin,LC-MS/MS
SMP-00894,7.17,66301.1,11010.1,11317.7,0.0662,Benzoic Acid,LC-MS/MS
SMP-00894,8.96,29519.2,6148.9,6298.5,0.0307,Phenacetin,LC-MS/MS
SMP-00894,10.38,18300.9,4443.9,4400.6,0.0184,Salicylic Acid,LC-MS/MS
SMP-00894,12.13,54569.1,9745.0,10114.7,0.0549,Chlorpheniramine,LC-MS/MS
SMP-00895,1.21,13321.4,3259.7,3457.0,0.0133,Uracil,LC-MS/MS
SMP-00895,2.75,47690.3,9309.2,9563.1,0.0475,Acetaminophen,LC-MS/MS
SMP-00895,4.22,79363.7,13726.6,13939.9,0.0761,Caffeine,LC-MS/MS
SMP-00895,5.61,24368.0,5361.3,5370.1,0.0247,Aspirin,LC-MS/MS
SMP-00895,7.26,74092.5,12236.7,12675.4,0.0735,Benzoic Acid,LC-MS/MS
SMP-00895,8.94,31223.6,6542.6,6860.6,0.0317,Phenacetin,LC-MS/MS
SMP-00895,10.38,14297.8,3507.8,3733.2,0.0138,Salicylic Acid,LC-MS/MS
SMP-00895,12.1,56976.0,10299.8,10426.9,0.0576,Chlorpheniramine,LC-MS/MS
SMP-00896,1.27,13102.2,3440.4,3506.3,0.0133,Uracil,LC-MS/MS
SMP-00896,2.84,51401.7,9746.8,10191.9,0.0518,Acetaminophen,LC-MS/MS
SMP-00896,4.16,87193.7,15043.4,15458.0,0.087,Caffeine,LC-MS/MS
SMP-00896,5.61,24593.4,5332.0,5420.2,0.0243,Aspirin,LC-MS/MS
SMP-00896,7.2,64306.5,10960.3,11267.0,0.0663,Benzoic Acid,LC-MS/MS
SMP-00896,8.93,30642.8,6473.1,6692.4,0.0305,Phenacetin,LC-MS/MS
SMP-00896,10.41,15053.5,3745.9,3974.8,0.0156,Salicylic Acid,LC-MS/MS
SMP-00896,12.15,55843.9,9612.7,10017.2,0.0579,Chlorpheniramine,LC-MS/MS
SMP-00897,1.26,12182.6,3188.3,3311.8,0.012,Uracil,LC-MS/MS
SMP-00897,2.78,52325.5,9774.0,10185.6,0.0536,Acetaminophen,LC-MS/MS
SMP-00897,4.22,93320.2,15785.1,15987.3,0.0945,Caffeine,LC-MS/MS
SMP-00897,5.62,22926.1,4754.8,4967.6,0.023,Aspirin,LC-MS/MS
SMP-00897,7.19,65084.0,10684.2,10998.4,0.0659,Benzoic Acid,LC-MS/MS
SMP-00897,8.93,31613.8,6399.6,6639.6,0.0312,Phenacetin,LC-MS/MS
SMP-00897,10.4,14398.7,3565.9,3604.2,0.0138,Salicylic Acid,LC-MS/MS
SMP-00897,12.19,42819.1,7824.5,8120.1,0.0427,Chlorpheniramine,LC-MS/MS
SMP-00898,1.24,12094.3,2990.2,3088.0,0.0125,Uracil,LC-MS/MS
SMP-00898,2.79,46066.4,9018.0,8996.5,0.0464,Acetaminophen,LC-MS/MS
SMP-00898,4.13,82926.9,13634.9,13628.8,0.0843,Caffeine,LC-MS/MS
SMP-00898,5.57,24958.9,5578.1,5839.4,0.0252,Aspirin,LC-MS/MS
SMP-00898,7.19,63683.3,10363.0,10457.3,0.0614,Benzoic Acid,LC-MS/MS
SMP-00898,8.95,35675.0,7069.6,7048.4,0.0351,Phenacetin,LC-MS/MS
SMP-00898,10.39,14960.9,3813.9,3851.0,0.0152,Salicylic Acid,LC-MS/MS
SMP-00898,12.09,59392.4,10923.6,11432.6,0.0575,Chlorpheniramine,LC-MS/MS
SMP-00899,1.23,12776.7,3188.1,3252.3,0.0127,Uracil,LC-MS/MS
SMP-00899,2.79,249211.6,40461.8,43540.0,0.2498,Acetaminophen,LC-MS/MS
SMP-00899,4.13,83308.4,13701.8,13940.0,0.0825,Caffeine,LC-MS/MS
SMP-00899,5.64,20995.7,4785.7,4990.1,0.0208,Aspirin,LC-MS/MS
SMP-00899,7.18,61078.7,9775.7,10007.3,0.0594,Benzoic Acid,LC-MS/MS
SMP-00899,8.97,30652.7,6345.3,6631.0,0.0311,Phenacetin,LC-MS/MS
SMP-00899,10.42,15575.4,3632.4,3766.2,0.0159,Salicylic Acid,LC-MS/MS
SMP-00899,12.11,55209.1,9759.5,9959.6,0.0565,Chlorpheniramine,LC-MS/MS
SMP-00900,1.24,13472.8,3662.3,3662.8,0.0139,Uracil,LC-MS/MS
SMP-00900,2.72,39683.2,8168.6,8411.4,0.0395,Acetaminophen,LC-MS/MS
SMP-00900,4.12,93182.6,15177.2,15933.4,0.0945,Caffeine,LC-MS/MS
SMP-00900,5.65,25618.1,5210.5,5381.2,0.026,Aspirin,LC-MS/MS
SMP-00900,7.21,75716.2,12530.5,12878.3,0.0725,Benzoic Acid,LC-MS/MS
SMP-00900,8.95,32785.6,6839.4,6816.5,0.0323,Phenacetin,LC-MS/MS
SMP-00900,10.43,16153.1,3826.3,3978.8,0.0164,Salicylic Acid,LC-MS/MS
SMP-00900,12.13,55200.7,9978.8,10317.9,0.0539,Chlorpheniramine,LC-MS/MS
SMP-00901,1.22,12666.9,3369.0,3469.0,0.0125,Uracil,LC-MS/MS
SMP-00901,2.84,46655.2,9521.7,9942.7,0.0462,Acetaminophen,LC-MS/MS
SMP-00901,4.1,90650.9,14952.8,15185.1,0.0918,Caffeine,LC-MS/MS
SMP-00901,5.59,80311.6,17346.6,16657.1,0.0813,Aspirin,LC-MS/MS
SMP-00901,7.2,64745.8,10984.3,10943.6,0.0653,Benzoic Acid,LC-MS/MS
SMP-00901,8.97,35275.3,7112.9,7479.4,0.0364,Phenacetin,LC-MS/MS
SMP-00901,10.37,11947.7,2904.6,2986.6,0.0118,Salicylic Acid,LC-MS/MS
SMP-00901,12.0,58404.2,11058.9,11254.3,0.0579,Chlorpheniramine,LC-MS/MS
SMP-00902,1.22,14213.8,3692.7,3797.8,0.014,Uracil,LC-MS/MS
SMP-00902,2.79,208999.0,33364.8,36827.4,0.211,Acetaminophen,LC-MS/MS
SMP-00902,4.14,89781.7,14292.0,15011.3,0.0905,Caffeine,LC-MS/MS
SMP-00902,5.65,23378.4,5044.6,5202.7,0.0235,Aspirin,LC-MS/MS
SMP-00902,7.18,77522.3,13438.7,14177.5,0.079,Benzoic Acid,LC-MS/MS
SMP-00902,8.93,33606.3,7013.0,6971.3,0.0329,Phenacetin,LC-MS/MS
SMP-00902,10.37,13076.1,3182.4,3206.6,0.013,Salicylic Acid,LC-MS/MS
SMP-00902,12.08,49818.3,9506.5,9785.6,0.0507,Chlorpheniramine,LC-MS/MS
SMP-00903,1.26,14997.8,3852.5,4037.4,0.0152,Uracil,LC-MS/MS
SMP-00903,2.8,42965.2,8431.0,8596.0,0.0432,Acetaminophen,LC-MS/MS
SMP-00903,4.13,92997.9,15688.1,16646.9,0.0949,Caffeine,LC-MS/MS
SMP-00903,5.6,23113.7,5101.1,5218.7,0.0237,Aspirin,LC-MS/MS
SMP-00903,7.22,66008.9,10499.6,10808.5,0.064,Benzoic Acid,LC-MS/MS
SMP-00903,8.91,32795.9,6519.8,6566.6,0.0335,Phenacetin,LC-MS/MS
SMP-00903,10.36,16750.3,3782.8,3877.1,0.0168,Salicylic Acid,LC-MS/MS
SMP-00903,12.08,56527.3,10685.2,11181.9,0.0577,Chlorpheniramine,LC-MS/MS
SMP-00904,1.22,12697.1,3363.0,3545.2,0.0129,Uracil,LC-MS/MS
SMP-00904,2.81,42886.0,8580.9,8837.6,0.0417,Acetaminophen,LC-MS/MS
SMP-00904,4.19,72051.2,12256.7,12549.3,0.0668,Caffeine,LC-MS/MS
SMP-00904,5.64,22217.7,4815.3,4954.7,0.0227,Aspirin,LC-MS/MS
SMP-00904,7.16,61403.6,10516.9,10659.4,0.0599,Benzoic Acid,LC-MS/MS
SMP-00904,8.89,30713.9,6395.7,6599.6,0.0296,Phenacetin,LC-MS/MS
SMP-00904,10.43,15318.1,3831.9,3942.2,0.0155,Salicylic Acid,LC-MS/MS
SMP-00904,12.08,63313.6,11622.6,12097.9,0.0635,Chlorpheniramine,LC-MS/MS
SMP-00905,1.26,11240.2,2866.4,2943.0,0.0114,Uracil,LC-MS/MS
SMP-00905,2.75,56408.4,10985.4,11129.6,0.0564,Acetaminophen,LC-MS/MS
SMP-00905,4.18,84286.3,13982.2,14584.5,0.0882,Caffeine,LC-MS/MS
SMP-00905,5.63,25793.9,5761.9,5943.6,0.0258,Aspirin,LC-MS/MS
SMP-00905,7.19,59821.2,9720.4,10477.5,0.0596,Benzoic Acid,LC-MS/MS
SMP-00905,8.99,34581.4,6801.0,6991.0,0.035,Phenacetin,LC-MS/MS
SMP-00905,10.45,17528.4,4290.0,4517.1,0.0173,Salicylic Acid,LC-MS/MS
SMP-00905,12.03,50824.2,8911.2,9415.2,0.0501,Chlorpheniramine,LC-MS/MS
SMP-00906,1.25,12097.8,3055.7,3127.8,0.0122,Uracil,LC-MS/MS
SMP-00906,2.84,40734.1,8187.6,8312.5,0.0398,Acetaminophen,LC-MS/MS
SMP-00906,4.13,75171.4,12493.2,12585.8,0.0758,Caffeine,LC-MS/MS
SMP-00906,5.58,24198.7,5359.4,5568.0,0.0243,Aspirin,LC-MS/MS
SMP-00906,7.21,63763.2,10374.9,10809.1,0.064,Benzoic Acid,LC-MS/MS
SMP-00906,8.95,33408.3,6823.5,7097.2,0.0331,Phenacetin,LC-MS/MS
SMP-00906,10.35,15206.2,3581.6,3649.9,0.0151,Salicylic Acid,LC-MS/MS
SMP-00906,12.11,55187.7,9530.4,9965.7,0.0537,Chlorpheniramine,LC-MS/MS
SMP-00907,1.23,14354.7,3665.5,3788.8,0.0144,Uracil,LC-MS/MS
SMP-00907,2.78,38251.8,7876.5,8139.5,0.0392,Acetaminophen,LC-MS/MS
SMP-00907,4.11,103745.0,17589.8,17642.1,0.1037,Caffeine,LC-MS/MS
SMP-00907,5.62,24106.9,5173.3,5254.1,0.024,Aspirin,LC-MS/MS
SMP-00907,7.17,66905.2,11341.2,11836.7,0.0664,Benzoic Acid,LC-MS/MS
SMP-00907,8.93,33230.9,6497.2,6756.8,0.0341,Phenacetin,LC-MS/MS
SMP-00907,10.4,15379.1,3666.9,3824.8,0.0154,Salicylic Acid,LC-MS/MS
SMP-00907,12.11,47119.8,8501.8,9126.9,0.048,Chlorpheniramine,LC-MS/MS
SMP-00908,1.25,14213.0,3541.6,3643.8,0.0143,Uracil,LC-MS/MS
SMP-00908,2.86,47494.5,9429.5,9804.5,0.0475,Acetaminophen,LC-MS/MS
SMP-00908,4.15,83851.8,13507.7,14291.4,0.0848,Caffeine,LC-MS/MS
SMP-00908,5.61,23397.4,5341.8,5612.3,0.0229,Aspirin,LC-MS/MS
SMP-00908,7.19,54714.0,9320.1,9283.2,0.0541,Benzoic Acid,LC-MS/MS
SMP-00908,8.92,31613.4,6438.8,6444.4,0.031,Phenacetin,LC-MS/MS
SMP-00908,10.4,17139.2,4030.7,4248.0,0.0168,Salicylic Acid,LC-MS/MS
SMP-00908,12.04,56998.5,9979.1,10477.9,0.0574,Chlorpheniramine,LC-MS/MS
SMP-00909,1.25,11686.8,3008.9,3072.6,0.012,Uracil,LC-MS/MS
SMP-00909,2.77,39074.8,7219.2,7423.2,0.0395,Acetaminophen,LC-MS/MS
SMP-00909,4.17,87256.0,14014.8,14239.4,0.0901,Caffeine,LC-MS/MS
SMP-00909,5.59,24996.5,5382.0,5446.4,0.0251,Aspirin,LC-MS/MS
SMP-00909,7.19,78686.5,12476.0,12181.8,0.0784,Benzoic Acid,LC-MS/MS
SMP-00909,8.92,144200.5,24192.1,31011.2,0.1472,Phenacetin,LC-MS/MS
SMP-00909,10.37,14389.7,3544.0,3633.0,0.0144,Salicylic Acid,LC-MS/MS
SMP-00909,12.08,49600.9,9053.0,9358.1,0.0495,Chlorpheniramine,LC-MS/MS
SMP-00910,1.18,12921.1,3378.8,3455.7,0.0131,Uracil,LC-MS/MS
SMP-00910,2.82,47655.3,9388.3,9749.2,0.0475,Acetaminophen,LC-MS/MS
SMP-00910,4.14,97264.1,15391.7,16134.1,0.0961,Caffeine,LC-MS/MS
SMP-00910,5.58,21861.0,4823.7,4943.0,0.0217,Aspirin,LC-MS/MS
SMP-00910,7.21,63383.8,9908.2,10304.8,0.0632,Benzoic Acid,LC-MS/MS
SMP-00910,8.93,35043.8,7220.0,7538.4,0.0344,Phenacetin,LC-MS/MS
SMP-00910,10.43,18996.6,4604.4,4681.2,0.0194,Salicylic Acid,LC-MS/MS
SMP-00910,12.09,61557.2,11109.4,11624.8,0.0608,Chlorpheniramine,LC-MS/MS
SMP-00911,1.21,69361.5,14707.3,19000.1,0.0689,Uracil,LC-MS/MS
SMP-00911,2.77,34609.4,6984.2,7050.0,0.0341,Acetaminophen,LC-MS/MS
SMP-00911,4.19,75917.0,12364.2,12812.0,0.0756,Caffeine,LC-MS/MS
SMP-00911,5.59,27030.7,5789.7,5988.3,0.0269,Aspirin,LC-MS/MS
SMP-00911,7.2,65219.5,10820.5,11412.2,0.0657,Benzoic Acid,LC-MS/MS
SMP-00911,8.99,32502.7,6715.5,6685.0,0.0322,Phenacetin,LC-MS/MS
SMP-00911,10.38,14020.2,3427.9,3522.2,0.0136,Salicylic Acid,LC-MS/MS
SMP-00911,12.08,45104.2,7917.3,8253.2,0.0437,Chlorpheniramine,LC-MS/MS
SMP-00912,1.23,12406.8,3198.2,3171.9,0.0125,Uracil,LC-MS/MS
SMP-00912,2.78,36061.2,7182.2,7320.6,0.0354,Acetaminophen,LC-MS/MS
SMP-00912,4.19,99699.6,15951.7,15965.7,0.099,Caffeine,LC-MS/MS
SMP-00912,5.59,22560.9,5058.6,5111.5,0.0226,Aspirin,LC-MS/MS
SMP-00912,7.25,65329.3,10963.3,11385.4,0.0643,Benzoic Acid,LC-MS/MS
SMP-00912,8.99,33290.0,6915.9,7190.6,0.0339,Phenacetin,LC-MS/MS
SMP-00912,10.42,14199.1,3309.8,3402.4,0.014,Salicylic Acid,LC-MS/MS
SMP-00912,12.05,51292.9,9442.3,9497.8,0.0487,Chlorpheniramine,LC-MS/MS
SMP-00913,1.27,11519.1,2871.6,2892.0,0.0116,Uracil,LC-MS/MS
SMP-00913,2.77,50070.0,9169.3,9472.4,0.0494,Acetaminophen,LC-MS/MS
SMP-00913,4.15,99484.3,15807.4,16756.3,0.0995,Caffeine,LC-MS/MS
SMP-00913,5.58,24063.1,5333.2,5617.2,0.0239,Aspirin,LC-MS/MS
SMP-00913,7.21,70486.7,11172.9,11212.1,0.0707,Benzoic Acid,LC-MS/MS
SMP-00913,8.93,29799.7,6154.1,6348.9,0.0296,Phenacetin,LC-MS/MS
SMP-00913,10.4,16636.7,4137.2,4185.7,0.017,Salicylic Acid,LC-MS/MS
SMP-00913,12.11,56256.5,9767.5,10297.4,0.0582,Chlorpheniramine,LC-MS/MS
SMP-00914,1.22,13369.8,3381.1,3508.5,0.0131,Uracil,LC-MS/MS
SMP-00914,2.84,51756.1,9929.3,10111.9,0.0505,Acetaminophen,LC-MS/MS
SMP-00914,4.15,85438.3,13660.1,14367.4,0.0817,Caffeine,LC-MS/MS
SMP-00914,5.59,25163.1,5593.5,5728.3,0.0248,Aspirin,LC-MS/MS
SMP-00914,7.22,54333.7,8804.3,9372.3,0.0535,Benzoic Acid,LC-MS/MS
SMP-00914,8.89,31691.5,6555.0,6713.3,0.0305,Phenacetin,LC-MS/MS
SMP-00914,10.4,13686.5,3255.9,3310.1,0.0135,Salicylic Acid,LC-MS/MS
SMP-00914,12.1,216158.4,39171.4,43310.9,0.2212,Chlorpheniramine,LC-MS/MS
SMP-00915,1.27,13136.7,3342.4,3479.5,0.0135,Uracil,LC-MS/MS
SMP-00915,2.82,56730.3,10553.9,10706.3,0.0566,Acetaminophen,LC-MS/MS
SMP-00915,4.15,473824.3,71656.6,72892.6,0.4666,Caffeine,LC-MS/MS
SMP-00915,5.62,23292.5,5318.2,5249.2,0.0231,Aspirin,LC-MS/MS
SMP-00915,7.22,62727.1,10709.7,11041.5,0.0611,Benzoic Acid,LC-MS/MS
SMP-00915,8.95,32325.1,6526.3,6660.7,0.0324,Phenacetin,LC-MS/MS
SMP-00915,10.4,15419.6,3720.5,3853.9,0.0154,Salicylic Acid,LC-MS/MS
SMP-00915,12.15,50635.0,8846.1,9189.5,0.0501,Chlorpheniramine,LC-MS/MS
SMP-00916,1.26,11508.7,2964.8,3002.1,0.0118,Uracil,LC-MS/MS
SMP-00916,2.79,47872.9,9572.3,9892.5,0.0479,Acetaminophen,LC-MS/MS
SMP-00916,4.14,104772.6,16536.8,16216.2,0.1075,Caffeine,LC-MS/MS
SMP-00916,5.58,28676.4,6519.6,6600.8,0.0284,Aspirin,LC-MS/MS
SMP-00916,7.23,67023.4,11287.7,11850.6,0.0672,Benzoic Acid,LC-MS/MS
SMP-00916,8.94,32811.2,6944.1,7085.1,0.032,Phenacetin,LC-MS/MS
SMP-00916,10.37,18148.4,4352.0,4439.9,0.0185,Salicylic Acid,LC-MS/MS
SMP-00916,12.06,49786.6,8849.9,9263.1,0.0511,Chlorpheniramine,LC-MS/MS
SMP-00917,1.23,10651.9,2597.5,2758.6,0.0103,Uracil,LC-MS/MS
SMP-00917,2.78,51359.8,9715.3,9857.8,0.0508,Acetaminophen,LC-MS/MS
SMP-00917,4.19,76715.1,12002.7,12235.7,0.0752,Caffeine,LC-MS/MS
SMP-00917,5.62,23684.0,5094.4,5138.9,0.0242,Aspirin,LC-MS/MS
SMP-00917,7.21,67565.3,11318.2,11353.9,0.0663,Benzoic Acid,LC-MS/MS
SMP-00917,8.97,29720.9,5978.6,6071.1,0.0297,Phenacetin,LC-MS/MS
SMP-00917,10.39,15983.2,3821.6,4100.4,0.0164,Salicylic Acid,LC-MS/MS
SMP-00917,12.09,55345.0,9994.6,10318.5,0.0568,Chlorpheniramine,LC-MS/MS
SMP-00918,1.28,13315.5,3372.6,3441.8,0.0135,Uracil,LC-MS/MS
SMP-00918,2.82,53260.8,10398.2,10647.4,0.0533,Acetaminophen,LC-MS/MS
SMP-00918,4.1,97283.3,15741.3,15714.9,0.0953,Caffeine,LC-MS/MS
SMP-00918,5.57,26234.9,5921.6,6063.8,0.0261,Aspirin,LC-MS/MS
SMP-00918,7.21,63311.5,10147.0,10349.5,0.0622,Benzoic Acid,LC-MS/MS
SMP-00918,8.93,32633.8,6599.6,7144.3,0.033,Phenacetin,LC-MS/MS
SMP-00918,10.37,17300.6,4341.7,4417.5,0.0175,Salicylic Acid,LC-MS/MS
SMP-00918,12.09,50215.8,9140.9,9522.1,0.0508,Chlorpheniramine,LC-MS/MS
SMP-00919,1.25,13944.3,3663.4,3724.0,0.0139,Uracil,LC-MS/MS
SMP-00919,2.86,46827.7,9183.7,9483.1,0.0471,Acetaminophen,LC-MS/MS
SMP-00919,4.08,100303.5,16278.1,17056.3,0.1003,Caffeine,LC-MS/MS
SMP-00919,5.62,19978.4,4239.8,4363.0,0.0196,Aspirin,LC-MS/MS
SMP-00919,7.21,58893.2,9610.2,9995.7,0.0581,Benzoic Acid,LC-MS/MS
SMP-00919,8.97,32966.2,6465.3,6508.8,0.0341,Phenacetin,LC-MS/MS
SMP-00919,10.36,13162.8,3016.5,3068.0,0.0137,Salicylic Acid,LC-MS/MS
SMP-00919,12.09,55914.1,10419.1,10499.8,0.0556,Chlorpheniramine,LC-MS/MS
SMP-00920,1.26,10834.3,2667.6,2713.0,0.0109,Uracil,LC-MS/MS
SMP-00920,2.86,44681.6,8797.9,9131.8,0.0456,Acetaminophen,LC-MS/MS
SMP-00920,4.11,119544.5,19521.2,20760.6,0.1157,Caffeine,LC-MS/MS
SMP-00920,5.61,21207.1,4706.4,4816.8,0.0216,Aspirin,LC-MS/MS
SMP-00920,7.17,65404.3,10736.0,11134.5,0.0636,Benzoic Acid,LC-MS/MS
SMP-00920,8.9,29808.0,5909.0,6131.3,0.0294,Phenacetin,LC-MS/MS
SMP-00920,10.44,14676.2,3675.3,3822.2,0.0143,Salicylic Acid,LC-MS/MS
SMP-00920,12.1,50968.7,9596.6,9754.7,0.0513,Chlorpheniramine,LC-MS/MS
SMP-00921,1.28,10163.7,2572.9,2573.1,0.0101,Uracil,LC-MS/MS
SMP-00921,2.79,36562.9,7830.4,8247.0,0.035,Acetaminophen,LC-MS/MS
SMP-00921,4.09,85175.7,13319.6,13642.0,0.0853,Caffeine,LC-MS/MS
SMP-00921,5.56,19257.0,4145.2,4327.7,0.0193,Aspirin,LC-MS/MS
SMP-00921,7.21,63829.6,10687.1,10864.4,0.0641,Benzoic Acid,LC-MS/MS
SMP-00921,8.98,31103.3,6259.2,6471.9,0.0322,Phenacetin,LC-MS/MS
SMP-00921,10.38,15855.7,3724.5,3766.9,0.0157,Salicylic Acid,LC-MS/MS
SMP-00921,12.12,61213.3,10810.5,11290.7,0.0613,Chlorpheniramine,LC-MS/MS
SMP-00922,1.23,12371.9,3282.0,3481.7,0.0122,Uracil,LC-MS/MS
SMP-00922,2.79,43267.9,8267.7,8778.2,0.0444,Acetaminophen,LC-MS/MS
SMP-00922,4.11,77346.4,12123.6,12153.1,0.0786,Caffeine,LC-MS/MS
SMP-00922,5.62,23815.0,5196.2,5335.2,0.0238,Aspirin,LC-MS/MS
SMP-00922,7.21,53515.8,8829.7,9173.9,0.0525,Benzoic Acid,LC-MS/MS
SMP-00922,8.96,31291.5,6571.4,6860.6,0.0301,Phenacetin,LC-MS/MS
SMP-00922,10.38,18096.3,4444.8,4490.7,0.018,Salicylic Acid,LC-MS/MS
SMP-00922,12.11,58592.6,10371.3,10465.4,0.058,Chlorpheniramine,LC-MS/MS
SMP-00923,1.24,14061.4,3668.4,3858.9,0.0144,Uracil,LC-MS/MS
SMP-00923,2.83,41353.4,8027.6,8300.2,0.041,Acetaminophen,LC-MS/MS
SMP-00923,4.2,89114.3,14489.4,14951.3,0.0877,Caffeine,LC-MS/MS
SMP-00923,5.58,21027.8,4550.0,4539.6,0.0207,Aspirin,LC-MS/MS
SMP-00923,7.15,82685.6,13741.3,14932.7,0.0815,Benzoic Acid,LC-MS/MS
SMP-00923,8.96,30301.0,6315.9,6204.1,0.0309,Phenacetin,LC-MS/MS
SMP-00923,10.43,16345.4,4093.0,4226.2,0.0162,Salicylic Acid,LC-MS/MS
SMP-00923,12.07,51260.9,9223.0,9700.6,0.0503,Chlorpheniramine,LC-MS/MS
SMP-00924,1.32,12187.6,3131.4,3245.3,0.0124,Uracil,LC-MS/MS
SMP-00924,2.8,49315.7,9529.2,9722.0,0.0475,Acetaminophen,LC-MS/MS
SMP-00924,4.13,86252.1,13917.9,14697.3,0.0889,Caffeine,LC-MS/MS
SMP-00924,5.62,23677.4,4925.0,5141.4,0.0242,Aspirin,LC-MS/MS
SMP-00924,7.22,56854.5,9036.5,8997.8,0.0585,Benzoic Acid,LC-MS/MS
SMP-00924,9.0,31251.5,6422.2,6690.3,0.0314,Phenacetin,LC-MS/MS
SMP-00924,10.43,14103.0,3369.5,3438.6,0.0145,Salicylic Acid,LC-MS/MS
SMP-00924,12.05,54885.7,9672.7,10025.0,0.0538,Chlorpheniramine,LC-MS/MS
SMP-00925,1.28,11222.8,2719.1,2811.9,0.0112,Uracil,LC-MS/MS
SMP-00925,2.8,47990.9,9695.0,9862.1,0.0489,Acetaminophen,LC-MS/MS
SMP-00925,4.18,72955.0,11276.3,11686.8,0.0708,Caffeine,LC-MS/MS
SMP-00925,5.6,20935.8,4786.4,4906.2,0.0213,Aspirin,LC-MS/MS
SMP-00925,7.17,65746.2,10964.5,11274.4,0.067,Benzoic Acid,LC-MS/MS
SMP-00925,8.92,32162.9,6766.6,7096.5,0.0319,Phenacetin,LC-MS/MS
SMP-00925,10.38,16944.5,4050.5,4175.0,0.0167,Salicylic Acid,LC-MS/MS
SMP-00925,12.06,59268.8,10408.2,10544.7,0.059,Chlorpheniramine,LC-MS/MS
SMP-00926,1.27,11358.9,3116.8,3214.0,0.0117,Uracil,LC-MS/MS
SMP-00926,2.8,41320.6,7632.5,7491.5,0.0435,Acetaminophen,LC-MS/MS
SMP-00926,4.17,91469.4,14741.1,14676.8,0.0922,Caffeine,LC-MS/MS
SMP-00926,5.52,24859.7,5301.0,5534.8,0.0247,Aspirin,LC-MS/MS
SMP-00926,7.25,79800.7,13333.5,13754.2,0.0797,Benzoic Acid,LC-MS/MS
SMP-00926,8.98,24276.5,4900.4,4993.7,0.0237,Phenacetin,LC-MS/MS
SMP-00926,10.37,20476.7,4931.1,5180.3,0.0202,Salicylic Acid,LC-MS/MS
SMP-00926,12.08,48866.5,8710.7,9365.0,0.0474,Chlorpheniramine,LC-MS/MS
SMP-00927,1.23,10338.5,2677.5,2760.5,0.0105,Uracil,LC-MS/MS
SMP-00927,2.8,54339.3,11028.0,11345.3,0.0531,Acetaminophen,LC-MS/MS
SMP-00927,4.18,101522.8,16296.9,16970.4,0.0987,Caffeine,LC-MS/MS
SMP-00927,5.61,22262.0,4823.6,5048.1,0.0221,Aspirin,LC-MS/MS
SMP-00927,7.22,62513.1,10159.8,10265.9,0.0632,Benzoic Acid,LC-MS/MS
SMP-00927,8.92,32171.2,6558.3,6612.7,0.0324,Phenacetin,LC-MS/MS
SMP-00927,10.38,17954.6,4187.7,4389.2,0.0175,Salicylic Acid,LC-MS/MS
SMP-00927,12.1,59618.5,10647.7,11337.6,0.0591,Chlorpheniramine,LC-MS/MS
SMP-00928,1.24,13686.3,3451.0,3606.6,0.0131,Uracil,LC-MS/MS
SMP-00928,2.8,41891.3,7956.5,8242.2,0.0422,Acetaminophen,LC-MS/MS
SMP-00928,4.19,85252.0,12902.2,13499.1,0.0834,Caffeine,LC-MS/MS
SMP-00928,5.62,19214.9,4033.7,4302.5,0.0199,Aspirin,LC-MS/MS
SMP-00928,7.23,61713.8,9590.6,9935.2,0.0609,Benzoic Acid,LC-MS/MS
SMP-00928,8.96,28669.5,5699.4,5985.8,0.0293,Phenacetin,LC-MS/MS
SMP-00928,10.41,17197.0,4037.3,3893.0,0.0167,Salicylic Acid,LC-MS/MS
SMP-00928,12.07,46125.5,8448.8,8790.1,0.0461,Chlorpheniramine,LC-MS/MS
SMP-00929,1.25,13555.9,3419.2,3421.8,0.0136,Uracil,LC-MS/MS
SMP-00929,2.75,51524.8,10203.4,10391.0,0.0512,Acetaminophen,LC-MS/MS
SMP-00929,4.13,88194.0,14680.0,15222.7,0.0879,Caffeine,LC-MS/MS
SMP-00929,5.58,24505.3,5268.5,5488.5,0.0248,Aspirin,LC-MS/MS
SMP-00929,7.18,67533.4,10911.3,11469.1,0.0691,Benzoic Acid,LC-MS/MS
SMP-00929,8.93,26778.7,5728.3,5824.2,0.0265,Phenacetin,LC-MS/MS
SMP-00929,10.4,15008.8,3583.8,3587.0,0.0149,Salicylic Acid,LC-MS/MS
SMP-00929,12.13,55553.7,10122.1,10301.8,0.0557,Chlorpheniramine,LC-MS/MS
SMP-00930,1.26,13493.4,3524.6,3618.9,0.0133,Uracil,LC-MS/MS
SMP-00930,2.78,44658.5,8663.5,9140.2,0.044,Acetaminophen,LC-MS/MS
SMP-00930,4.13,85833.0,14348.9,15256.9,0.0856,Caffeine,LC-MS/MS
SMP-00930,5.61,23036.8,5116.0,5192.8,0.0231,Aspirin,LC-MS/MS
SMP-00930,7.23,330501.1,53543.6,61207.0,0.3176,Benzoic Acid,LC-MS/MS
SMP-00930,8.95,32622.2,6530.8,6850.1,0.0318,Phenacetin,LC-MS/MS
SMP-00930,10.44,15230.1,3502.9,3629.9,0.0148,Salicylic Acid,LC-MS/MS
SMP-00930,12.11,54316.5,9487.4,9645.2,0.0536,Chlorpheniramine,LC-MS/MS
SMP-00931,1.31,12687.3,3166.1,3155.6,0.0129,Uracil,LC-MS/MS
SMP-00931,2.86,49485.2,10356.6,10786.3,0.0493,Acetaminophen,LC-MS/MS
SMP-00931,4.15,92339.5,14945.3,14885.0,0.0905,Caffeine,LC-MS/MS
SMP-00931,5.67,23569.9,5365.1,5614.3,0.0238,Aspirin,LC-MS/MS
SMP-00931,7.23,62754.3,9349.1,9937.1,0.0637,Benzoic Acid,LC-MS/MS
SMP-00931,8.95,38330.9,7818.4,8038.7,0.0384,Phenacetin,LC-MS/MS
SMP-00931,10.41,16908.5,4107.6,4232.1,0.0171,Salicylic Acid,LC-MS/MS
SMP-00931,12.12,47467.0,8171.3,8483.6,0.0464,Chlorpheniramine,LC-MS/MS
SMP-00932,1.29,13528.0,3337.6,3446.4,0.0136,Uracil,LC-MS/MS
SMP-00932,2.76,41088.9,8206.0,8336.8,0.0415,Acetaminophen,LC-MS/MS
SMP-00932,4.13,90991.4,14129.2,14714.0,0.0909,Caffeine,LC-MS/MS
SMP-00932,5.61,24423.1,5367.6,5412.2,0.0252,Aspirin,LC-MS/MS
SMP-00932,7.22,72388.5,11458.9,11465.0,0.0742,Benzoic Acid,LC-MS/MS
SMP-00932,8.93,34907.0,7137.5,7317.9,0.035,Phenacetin,LC-MS/MS
SMP-00932,10.37,68115.2,18283.6,14194.4,0.0696,Salicylic Acid,LC-MS/MS
SMP-00932,12.1,56995.2,10838.9,11081.5,0.0574,Chlorpheniramine,LC-MS/MS
SMP-00933,1.29,11072.2,2741.2,2798.4,0.0121,Uracil,LC-MS/MS
SMP-00933,2.85,48121.9,9418.6,9916.1,0.0467,Acetaminophen,LC-MS/MS
SMP-00933,4.17,87932.3,13991.4,14501.8,0.0862,Caffeine,LC-MS/MS
SMP-00933,5.63,26938.9,6196.2,6561.0,0.0275,Aspirin,LC-MS/MS
SMP-00933,7.16,54056.1,9362.6,9773.4,0.0553,Benzoic Acid,LC-MS/MS
SMP-00933,8.97,28413.9,5729.8,5932.2,0.0288,Phenacetin,LC-MS/MS
SMP-00933,10.42,13441.5,3132.4,3282.3,0.0132,Salicylic Acid,LC-MS/MS
SMP-00933,12.11,59230.2,10657.1,11020.4,0.0594,Chlorpheniramine,LC-MS/MS
SMP-00934,1.27,13094.7,3428.9,3361.8,0.0128,Uracil,LC-MS/MS
SMP-00934,2.79,54669.3,10631.6,11065.1,0.054,Acetaminophen,LC-MS/MS
SMP-00934,4.15,86755.6,14479.8,15135.7,0.086,Caffeine,LC-MS/MS
SMP-00934,5.58,23557.6,5334.4,5605.5,0.0234,Aspirin,LC-MS/MS
SMP-00934,7.19,68358.7,11982.4,11974.6,0.0694,Benzoic Acid,LC-MS/MS
SMP-00934,8.94,104922.1,19391.0,22351.1,0.1061,Phenacetin,LC-MS/MS
SMP-00934,10.42,49500.8,11344.7,13380.3,0.0491,Salicylic Acid,LC-MS/MS
SMP-00934,12.09,54843.0,9973.8,10318.9,0.0549,Chlorpheniramine,LC-MS/MS
SMP-00935,1.21,11130.8,2775.4,2891.0,0.0114,Uracil,LC-MS/MS
SMP-00935,2.8,41196.7,7847.9,7917.6,0.0411,Acetaminophen,LC-MS/MS
SMP-00935,4.15,77735.6,12789.1,13524.3,0.079,Caffeine,LC-MS/MS
SMP-00935,5.6,20240.1,4416.4,4403.8,0.0208,Aspirin,LC-MS/MS
SMP-00935,7.16,60537.2,10658.5,10976.0,0.0598,Benzoic Acid,LC-MS/MS
SMP-00935,8.9,26440.7,5670.3,5902.0,0.0269,Phenacetin,LC-MS/MS
SMP-00935,10.34,17786.2,4346.6,4525.3,0.0176,Salicylic Acid,LC-MS/MS
SMP-00935,12.09,61881.8,11243.4,11444.4,0.0624,Chlorpheniramine,LC-MS/MS
SMP-00936,1.28,12608.3,3226.1,3450.2,0.0129,Uracil,LC-MS/MS
SMP-00936,2.82,53943.8,10850.4,10995.4,0.0552,Acetaminophen,LC-MS/MS
SMP-00936,4.17,87810.6,14908.4,15012.8,0.0895,Caffeine,LC-MS/MS
SMP-00936,5.56,22422.1,4841.5,5036.2,0.0221,Aspirin,LC-MS/MS
SMP-00936,7.17,66917.7,10867.2,11155.5,0.0677,Benzoic Acid,LC-MS/MS
SMP-00936,8.95,32346.9,6597.2,6676.5,0.0316,Phenacetin,LC-MS/MS
SMP-00936,10.36,17416.7,4280.2,4417.7,0.0174,Salicylic Acid,LC-MS/MS
SMP-00936,12.13,52057.8,9545.0,9853.5,0.0525,Chlorpheniramine,LC-MS/MS
SMP-00937,1.24,12442.0,3175.1,3295.9,0.013,Uracil,LC-MS/MS
SMP-00937,2.78,43718.4,8393.6,8543.1,0.0432,Acetaminophen,LC-MS/MS
SMP-00937,4.14,87594.7,13164.7,13218.9,0.0899,Caffeine,LC-MS/MS
SMP-00937,5.62,27587.4,6203.5,6483.9,0.0275,Aspirin,LC-MS/MS
SMP-00937,7.18,85014.7,14294.2,14808.4,0.0861,Benzoic Acid,LC-MS/MS
SMP-00937,8.94,28835.7,5949.0,6076.9,0.0281,Phenacetin,LC-MS/MS
SMP-00937,10.34,16612.3,4082.6,4319.1,0.0165,Salicylic Acid,LC-MS/MS
SMP-00937,12.09,61865.5,11362.4,11964.6,0.0602,Chlorpheniramine,LC-MS/MS
SMP-00938,1.25,10423.4,2632.0,2748.0,0.0103,Uracil,LC-MS/MS
SMP-00938,2.8,42909.6,8532.1,8759.5,0.044,Acetaminophen,LC-MS/MS
SMP-00938,4.08,103368.0,17401.9,18661.6,0.1027,Caffeine,LC-MS/MS
SMP-00938,5.56,20308.1,4375.6,4478.3,0.0205,Aspirin,LC-MS/MS
SMP-00938,7.19,72464.5,11765.7,11968.6,0.0726,Benzoic Acid,LC-MS/MS
SMP-00938,8.96,29471.7,6118.7,6103.8,0.0302,Phenacetin,LC-MS/MS
SMP-00938,10.41,14900.8,3677.1,3801.6,0.0154,Salicylic Acid,LC-MS/MS
SMP-00938,12.1,44764.9,8029.0,7937.4,0.0438,Chlorpheniramine,LC-MS/MS
SMP-00939,1.26,12374.7,3150.4,3279.8,0.0124,Uracil,LC-MS/MS
SMP-00939,2.81,44426.7,9090.0,9469.4,0.044,Acetaminophen,LC-MS/MS
SMP-00939,4.14,79831.7,12007.1,12771.4,0.0823,Caffeine,LC-MS/MS
SMP-00939,5.62,23570.9,5145.8,5298.8,0.0237,Aspirin,LC-MS/MS
SMP-00939,7.21,64160.7,10874.2,11107.7,0.0632,Benzoic Acid,LC-MS/MS
SMP-00939,8.95,192962.7,40395.0,43158.9,0.1876,Phenacetin,LC-MS/MS
SMP-00939,10.43,11644.4,2975.0,3014.3,0.0113,Salicylic Acid,LC-MS/MS
SMP-00939,12.1,50075.8,9142.7,9225.4,0.05,Chlorpheniramine,LC-MS/MS
SMP-00940,1.28,11652.6,2871.1,3008.9,0.0112,Uracil,LC-MS/MS
SMP-00940,2.78,37647.8,7723.4,7993.0,0.0376,Acetaminophen,LC-MS/MS
SMP-00940,4.18,99488.6,16281.8,16809.8,0.0998,Caffeine,LC-MS/MS
SMP-00940,5.63,22531.6,4861.6,4990.9,0.0219,Aspirin,LC-MS/MS
SMP-00940,7.2,70974.0,11943.9,11972.1,0.0699,Benzoic Acid,LC-MS/MS
SMP-00940,8.99,29351.3,6251.2,6583.9,0.0296,Phenacetin,LC-MS/MS
SMP-00940,10.4,15633.5,3925.5,4090.9,0.0158,Salicylic Acid,LC-MS/MS
SMP-00940,12.07,51670.9,9344.2,9804.9,0.0516,Chlorpheniramine,LC-MS/MS
SMP-00941,1.28,13198.5,3334.5,3423.6,0.013,Uracil,LC-MS/MS
SMP-00941,2.81,52300.0,10279.9,10258.6,0.0528,Acetaminophen,LC-MS/MS
SMP-00941,4.17,83049.6,13884.3,14157.0,0.0829,Caffeine,LC-MS/MS
SMP-00941,5.61,20666.3,4530.8,4701.6,0.0198,Aspirin,LC-MS/MS
SMP-00941,7.21,62721.9,10749.2,11169.5,0.0642,Benzoic Acid,LC-MS/MS
SMP-00941,8.94,31252.8,6137.0,6309.5,0.0319,Phenacetin,LC-MS/MS
SMP-00941,10.41,17623.6,4193.5,4432.8,0.0178,Salicylic Acid,LC-MS/MS
SMP-00941,12.05,58850.4,11029.2,11208.1,0.0604,Chlorpheniramine,LC-MS/MS
SMP-00942,1.24,11561.6,3040.7,3181.7,0.0117,Uracil,LC-MS/MS
SMP-00942,2.8,34193.6,6621.5,6810.0,0.0347,Acetaminophen,LC-MS/MS
SMP-00942,4.17,92747.3,15760.1,16137.0,0.0914,Caffeine,LC-MS/MS
SMP-00942,5.61,24332.4,5183.1,5321.2,0.0241,Aspirin,LC-MS/MS
SMP-00942,7.21,73045.7,12064.9,12384.0,0.0738,Benzoic Acid,LC-MS/MS
SMP-00942,8.99,27922.3,5964.3,6091.9,0.027,Phenacetin,LC-MS/MS
SMP-00942,10.37,15379.4,3768.5,3806.8,0.0152,Salicylic Acid,LC-MS/MS
SMP-00942,12.15,66797.8,12021.2,12245.7,0.0668,Chlorpheniramine,LC-MS/MS
SMP-00943,1.24,13355.1,3604.0,3792.6,0.0132,Uracil,LC-MS/MS
SMP-00943,2.78,45584.2,9400.6,10088.0,0.0466,Acetaminophen,LC-MS/MS
SMP-00943,4.18,84067.0,13387.2,13882.4,0.0849,Caffeine,LC-MS/MS
SMP-00943,5.65,22654.9,4888.3,4990.4,0.0227,Aspirin,LC-MS/MS
SMP-00943,7.24,55360.0,9575.9,9631.1,0.0543,Benzoic Acid,LC-MS/MS
SMP-00943,8.92,26721.4,5327.9,5598.0,0.0253,Phenacetin,LC-MS/MS
SMP-00943,10.37,11791.0,2938.3,3167.5,0.0118,Salicylic Acid,LC-MS/MS
SMP-00943,12.12,50927.6,8851.4,9195.8,0.0506,Chlorpheniramine,LC-MS/MS
SMP-00944,1.29,12717.6,3318.2,3487.5,0.013,Uracil,LC-MS/MS
SMP-00944,2.85,47058.7,9099.9,9382.6,0.0484,Acetaminophen,LC-MS/MS
SMP-00944,4.15,78897.1,12384.5,12531.3,0.0779,Caffeine,LC-MS/MS
SMP-00944,5.56,23435.4,5341.5,5502.1,0.0229,Aspirin,LC-MS/MS
SMP-00944,7.2,75167.7,12755.0,13030.8,0.0752,Benzoic Acid,LC-MS/MS
SMP-00944,8.93,28400.7,5798.7,6076.2,0.0294,Phenacetin,LC-MS/MS
SMP-00944,10.37,15400.6,3684.6,3813.6,0.0154,Salicylic Acid,LC-MS/MS
SMP-00944,12.07,59360.1,11200.2,11790.6,0.0594,Chlorpheniramine,LC-MS/MS
SMP-00945,1.33,12834.8,3368.6,3456.4,0.0127,Uracil,LC-MS/MS
SMP-00945,2.72,48500.0,9462.1,9507.3,0.049,Acetaminophen,LC-MS/MS
SMP-00945,4.2,86051.7,13688.7,13457.6,0.0864,Caffeine,LC-MS/MS
SMP-00945,5.61,25809.8,5613.6,5787.5,0.026,Aspirin,LC-MS/MS
SMP-00945,7.26,71090.1,12464.8,12513.1,0.0722,Benzoic Acid,LC-MS/MS
SMP-00945,8.9,35998.6,7445.8,7771.0,0.0359,Phenacetin,LC-MS/MS
SMP-00945,10.4,52688.8,13647.5,14695.3,0.0525,Salicylic Acid,LC-MS/MS
SMP-00945,12.05,52706.4,9468.1,9731.1,0.0533,Chlorpheniramine,LC-MS/MS
SMP-00946,1.25,11217.0,2820.6,2775.5,0.0114,Uracil,LC-MS/MS
SMP-00946,2.77,44647.0,8417.9,8947.2,0.0447,Acetaminophen,LC-MS/MS
SMP-00946,4.18,117827.7,19271.4,19765.3,0.1177,Caffeine,LC-MS/MS
SMP-00946,5.63,19361.9,4291.6,4502.0,0.0192,Aspirin,LC-MS/MS
SMP-00946,7.26,54015.4,9230.5,9331.3,0.0524,Benzoic Acid,LC-MS/MS
SMP-00946,8.92,28386.7,6016.0,6045.2,0.0289,Phenacetin,LC-MS/MS
SMP-00946,10.38,14777.9,3551.0,3676.0,0.0147,Salicylic Acid,LC-MS/MS
SMP-00946,12.09,49348.2,8647.9,8977.7,0.0494,Chlorpheniramine,LC-MS/MS
SMP-00947,1.22,11864.9,3037.7,3033.7,0.0112,Uracil,LC-MS/MS
SMP-00947,2.74,46935.6,9169.3,9494.8,0.0459,Acetaminophen,LC-MS/MS
SMP-00947,4.11,70702.7,11091.8,11339.9,0.0711,Caffeine,LC-MS/MS
SMP-00947,5.6,23891.5,5139.1,5441.4,0.0245,Aspirin,LC-MS/MS
SMP-00947,7.2,241734.4,43300.8,43942.4,0.2399,Benzoic Acid,LC-MS/MS
SMP-00947,8.92,29775.7,5894.4,5956.7,0.0301,Phenacetin,LC-MS/MS
SMP-00947,10.4,15997.2,3868.8,3906.5,0.0161,Salicylic Acid,LC-MS/MS
SMP-00947,12.08,62091.6,11379.8,11476.8,0.0628,Chlorpheniramine,LC-MS/MS
SMP-00948,1.27,12283.1,3149.5,3318.8,0.0127,Uracil,LC-MS/MS
SMP-00948,2.83,45067.5,9303.7,9758.0,0.0451,Acetaminophen,LC-MS/MS
SMP-00948,4.19,77767.9,12558.1,13504.7,0.0757,Caffeine,LC-MS/MS
SMP-00948,5.61,24861.2,5548.9,6095.9,0.0244,Aspirin,LC-MS/MS
SMP-00948,7.23,55632.5,9477.4,10028.4,0.0557,Benzoic Acid,LC-MS/MS
SMP-00948,8.96,27290.3,5422.0,5623.5,0.0274,Phenacetin,LC-MS/MS
SMP-00948,10.39,15825.8,3748.2,3798.7,0.0158,Salicylic Acid,LC-MS/MS
SMP-00948,12.09,46215.5,8201.2,8534.1,0.048,Chlorpheniramine,LC-MS/MS
SMP-00949,1.26,14450.7,3698.0,3782.9,0.0143,Uracil,LC-MS/MS
SMP-00949,2.79,39600.7,7590.0,7787.7,0.0395,Acetaminophen,LC-MS/MS
SMP-00949,4.13,91886.5,15030.4,15414.0,0.0923,Caffeine,LC-MS/MS
SMP-00949,5.59,23217.6,5324.4,5701.9,0.0233,Aspirin,LC-MS/MS
SMP-00949,7.23,58893.0,9902.2,10240.4,0.0599,Benzoic Acid,LC-MS/MS
SMP-00949,8.93,25546.5,5434.3,5394.3,0.0263,Phenacetin,LC-MS/MS
SMP-00949,10.41,15689.3,3738.5,3850.6,0.0158,Salicylic Acid,LC-MS/MS
SMP-00949,12.1,42948.5,6939.9,7415.2,0.0435,Chlorpheniramine,LC-MS/MS
SMP-00950,1.22,11208.7,2969.5,3113.1,0.0112,Uracil,LC-MS/MS
SMP-00950,2.77,44749.4,8699.8,8992.4,0.0455,Acetaminophen,LC-MS/MS
SMP-00950,4.14,85735.9,14031.8,14643.0,0.0856,Caffeine,LC-MS/MS
SMP-00950,5.63,21753.4,4580.2,4660.5,0.0216,Aspirin,LC-MS/MS
SMP-00950,7.26,54436.1,9181.3,9881.7,0.055,Benzoic Acid,LC-MS/MS
SMP-00950,8.93,30849.0,6280.3,6388.9,0.0308,Phenacetin,LC-MS/MS
SMP-00950,10.41,16472.7,3915.6,4099.0,0.0162,Salicylic Acid,LC-MS/MS
SMP-00950,12.09,64702.9,11363.2,11944.0,0.0637,Chlorpheniramine,LC-MS/MS
SMP-00951,1.24,11506.5,3054.4,3247.2,0.012,Uracil,LC-MS/MS
SMP-00951,2.72,45911.0,8663.9,9041.0,0.0458,Acetaminophen,LC-MS/MS
SMP-00951,4.12,78466.5,12938.0,13204.5,0.0788,Caffeine,LC-MS/MS
SMP-00951,5.59,22400.8,5112.5,5325.5,0.0231,Aspirin,LC-MS/MS
SMP-00951,7.13,62896.7,10056.4,10338.6,0.0628,Benzoic Acid,LC-MS/MS
SMP-00951,8.96,31216.8,6612.6,6662.4,0.0317,Phenacetin,LC-MS/MS
SMP-00951,10.38,15552.6,3768.6,3892.3,0.0152,Salicylic Acid,LC-MS/MS
SMP-00951,12.09,55293.1,9945.6,10062.3,0.0541,Chlorpheniramine,LC-MS/MS
SMP-00952,1.24,15042.1,3777.0,4038.2,0.0152,Uracil,LC-MS/MS
SMP-00952,2.75,51377.9,10205.9,10632.4,0.0524,Acetaminophen,LC-MS/MS
SMP-00952,4.13,83621.4,13715.5,13654.7,0.0835,Caffeine,LC-MS/MS
SMP-00952,5.59,20169.2,4565.9,4781.0,0.0198,Aspirin,LC-MS/MS
SMP-00952,7.15,72192.0,11882.6,12141.2,0.0742,Benzoic Acid,LC-MS/MS
SMP-00952,8.94,28788.4,5738.2,5846.2,0.0295,Phenacetin,LC-MS/MS
SMP-00952,10.39,16631.0,4132.9,4348.0,0.0171,Salicylic Acid,LC-MS/MS
SMP-00952,12.13,55910.6,10020.8,10589.8,0.0548,Chlorpheniramine,LC-MS/MS
SMP-00953,1.21,13013.8,3323.2,3520.7,0.0129,Uracil,LC-MS/MS
SMP-00953,2.78,43259.7,7973.4,8286.2,0.0427,Acetaminophen,LC-MS/MS
SMP-00953,4.15,83275.8,13431.6,13861.1,0.0843,Caffeine,LC-MS/MS
SMP-00953,5.63,20741.4,4586.4,4733.2,0.0204,Aspirin,LC-MS/MS
SMP-00953,7.22,75681.7,12445.1,12676.1,0.0758,Benzoic Acid,LC-MS/MS
SMP-00953,8.93,36050.8,7313.6,7693.8,0.0354,Phenacetin,LC-MS/MS
SMP-00953,10.41,18152.7,4434.7,4739.3,0.0186,Salicylic Acid,LC-MS/MS
SMP-00953,12.05,50918.9,9326.9,9622.6,0.0519,Chlorpheniramine,LC-MS/MS
SMP-00954,1.27,11612.8,2948.7,3067.8,0.0118,Uracil,LC-MS/MS
SMP-00954,2.77,41579.2,7649.2,7780.3,0.0417,Acetaminophen,LC-MS/MS
SMP-00954,4.12,85451.1,13029.2,13306.5,0.086,Caffeine,LC-MS/MS
SMP-00954,5.59,23471.5,5364.6,5658.6,0.023,Aspirin,LC-MS/MS
SMP-00954,7.19,62776.9,10185.5,10436.7,0.0633,Benzoic Acid,LC-MS/MS
SMP-00954,8.94,30445.9,6258.7,6746.5,0.0311,Phenacetin,LC-MS/MS
SMP-00954,10.37,16770.1,4004.0,3979.2,0.0167,Salicylic Acid,LC-MS/MS
SMP-00954,12.13,57353.0,10290.0,10632.4,0.058,Chlorpheniramine,LC-MS/MS
SMP-00955,1.23,11656.3,2997.4,3089.2,0.0117,Uracil,LC-MS/MS
SMP-00955,2.76,135764.6,23051.6,22675.4,0.1393,Acetaminophen,LC-MS/MS
SMP-00955,4.14,82774.3,12780.1,12814.9,0.083,Caffeine,LC-MS/MS
SMP-00955,5.62,20690.4,4735.2,4964.7,0.0212,Aspirin,LC-MS/MS
SMP-00955,7.23,73139.3,11555.4,12130.4,0.0717,Benzoic Acid,LC-MS/MS
SMP-00955,8.9,29805.6,6304.5,6318.1,0.0295,Phenacetin,LC-MS/MS
SMP-00955,10.37,14313.3,3590.3,3761.3,0.014,Salicylic Acid,LC-MS/MS
SMP-00955,12.09,56480.5,10179.6,10546.9,0.0573,Chlorpheniramine,LC-MS/MS
SMP-00956,1.24,11755.7,2947.0,2998.8,0.0118,Uracil,LC-MS/MS
SMP-00956,2.82,52347.4,10413.2,10663.5,0.0542,Acetaminophen,LC-MS/MS
SMP-00956,4.12,73151.6,10749.6,11145.0,0.0709,Caffeine,LC-MS/MS
SMP-00956,5.62,26729.7,5896.5,6040.8,0.0263,Aspirin,LC-MS/MS
SMP-00956,7.2,72722.8,12494.7,12770.5,0.0728,Benzoic Acid,LC-MS/MS
SMP-00956,8.89,35684.4,7363.0,7510.0,0.0356,Phenacetin,LC-MS/MS
SMP-00956,10.43,14060.9,3412.0,3434.3,0.0143,Salicylic Acid,LC-MS/MS
SMP-00956,12.12,52366.1,9575.1,9729.7,0.0518,Chlorpheniramine,LC-MS/MS
SMP-00957,1.25,13031.1,3373.7,3427.7,0.0126,Uracil,LC-MS/MS
SMP-00957,2.83,206110.3,33240.1,43603.0,0.2097,Acetaminophen,LC-MS/MS
SMP-00957,4.18,79059.4,13304.1,14113.5,0.0799,Caffeine,LC-MS/MS
SMP-00957,5.62,19304.5,4439.3,4590.0,0.0189,Aspirin,LC-MS/MS
SMP-00957,7.23,69059.9,11482.8,11897.0,0.0673,Benzoic Acid,LC-MS/MS
SMP-00957,8.92,34248.9,7122.0,7139.3,0.0347,Phenacetin,LC-MS/MS
SMP-00957,10.42,17952.2,4268.9,4544.7,0.0177,Salicylic Acid,LC-MS/MS
SMP-00957,12.11,55513.5,10625.0,11032.8,0.0573,Chlorpheniramine,LC-MS/MS
SMP-00958,1.26,11694.7,2939.9,3004.8,0.0114,Uracil,LC-MS/MS
SMP-00958,2.79,44673.9,8660.0,8989.2,0.0446,Acetaminophen,LC-MS/MS
SMP-00958,4.11,89893.5,14454.1,15367.4,0.0873,Caffeine,LC-MS/MS
SMP-00958,5.56,25885.8,5879.0,6054.3,0.0253,Aspirin,LC-MS/MS
SMP-00958,7.18,63135.4,10407.8,10860.5,0.0624,Benzoic Acid,LC-MS/MS
SMP-00958,8.93,27360.9,5713.0,5882.6,0.0269,Phenacetin,LC-MS/MS
SMP-00958,10.41,13757.8,3328.0,3458.2,0.0131,Salicylic Acid,LC-MS/MS
SMP-00958,12.1,52820.1,9200.1,9390.3,0.0532,Chlorpheniramine,LC-MS/MS
SMP-00959,1.3,15159.5,3890.8,4028.5,0.0153,Uracil,LC-MS/MS
SMP-00959,2.78,50782.2,10232.7,10414.0,0.0498,Acetaminophen,LC-MS/MS
SMP-00959,4.09,96250.3,14788.0,15401.9,0.094,Caffeine,LC-MS/MS
SMP-00959,5.54,24796.6,5353.9,5518.0,0.0253,Aspirin,LC-MS/MS
SMP-00959,7.2,74431.5,12561.7,12834.8,0.0738,Benzoic Acid,LC-MS/MS
SMP-00959,8.92,165110.9,33397.5,34783.0,0.165,Phenacetin,LC-MS/MS
SMP-00959,10.41,15557.6,3985.9,4046.8,0.0152,Salicylic Acid,LC-MS/MS
SMP-00959,12.07,61807.5,11242.1,11243.2,0.0599,Chlorpheniramine,LC-MS/MS
SMP-00960,1.18,11596.6,2909.8,2975.7,0.0116,Uracil,LC-MS/MS
SMP-00960,2.8,44995.6,8453.0,8483.1,0.0453,Acetaminophen,LC-MS/MS
SMP-00960,4.17,93762.3,14743.3,15141.9,0.0961,Caffeine,LC-MS/MS
SMP-00960,5.6,22573.1,5100.0,5104.0,0.023,Aspirin,LC-MS/MS
SMP-00960,7.22,69052.3,11180.7,11265.9,0.0714,Benzoic Acid,LC-MS/MS
SMP-00960,9.0,29946.1,6297.2,6326.0,0.0295,Phenacetin,LC-MS/MS
SMP-00960,10.34,10705.6,2667.7,2699.6,0.0107,Salicylic Acid,LC-MS/MS
SMP-00960,12.07,65663.4,11768.9,12014.5,0.064,Chlorpheniramine,LC-MS/MS
SMP-00961,1.28,12371.0,3319.8,3506.8,0.0127,Uracil,LC-MS/MS
SMP-00961,2.84,40251.3,8300.4,8848.6,0.041,Acetaminophen,LC-MS/MS
SMP-00961,4.16,78214.4,12349.1,12572.7,0.0783,Caffeine,LC-MS/MS
SMP-00961,5.65,20858.5,4453.0,4722.0,0.0204,Aspirin,LC-MS/MS
SMP-00961,7.16,61731.8,9976.7,10291.3,0.061,Benzoic Acid,LC-MS/MS
SMP-00961,8.92,32182.2,6679.6,6953.0,0.0327,Phenacetin,LC-MS/MS
SMP-00961,10.4,15315.2,3923.7,4102.0,0.0148,Salicylic Acid,LC-MS/MS
SMP-00961,12.15,51913.2,9143.4,9694.9,0.0533,Chlorpheniramine,LC-MS/MS
SMP-00962,1.2,11407.8,3021.1,3273.9,0.0118,Uracil,LC-MS/MS
SMP-00962,2.84,51169.8,9649.8,9753.2,0.0505,Acetaminophen,LC-MS/MS
SMP-00962,4.18,91218.5,14763.0,15132.3,0.0888,Caffeine,LC-MS/MS
SMP-00962,5.57,20405.7,4608.1,4771.6,0.0206,Aspirin,LC-MS/MS
SMP-00962,7.2,60384.0,10372.0,10872.3,0.0603,Benzoic Acid,LC-MS/MS
SMP-00962,8.91,28257.6,5796.8,6141.2,0.0278,Phenacetin,LC-MS/MS
SMP-00962,10.35,16315.7,4112.4,4363.6,0.0158,Salicylic Acid,LC-MS/MS
SMP-00962,12.12,54610.1,9927.6,10380.3,0.0558,Chlorpheniramine,LC-MS/MS
SMP-00963,1.23,12742.2,3440.9,3556.3,0.013,Uracil,LC-MS/MS
SMP-00963,2.83,46813.0,9503.9,9462.6,0.0467,Acetaminophen,LC-MS/MS
SMP-00963,4.18,90838.7,15115.6,15151.1,0.0901,Caffeine,LC-MS/MS
SMP-00963,5.66,20458.1,4494.0,4577.5,0.021,Aspirin,LC-MS/MS
SMP-00963,7.19,63790.0,11171.7,11429.4,0.0615,Benzoic Acid,LC-MS/MS
SMP-00963,8.94,32155.1,7054.0,7337.4,0.0319,Phenacetin,LC-MS/MS
SMP-00963,10.41,14895.6,3721.0,3913.0,0.0145,Salicylic Acid,LC-MS/MS
SMP-00963,12.11,46987.8,8348.3,8667.2,0.0474,Chlorpheniramine,LC-MS/MS
SMP-00964,1.25,11431.3,3030.5,3071.7,0.0116,Uracil,LC-MS/MS
SMP-00964,2.77,42975.4,8510.1,9033.4,0.0432,Acetaminophen,LC-MS/MS
SMP-00964,4.18,85940.6,14113.3,14392.5,0.0879,Caffeine,LC-MS/MS
SMP-00964,5.61,19164.7,4230.3,4461.1,0.0182,Aspirin,LC-MS/MS
SMP-00964,7.22,69001.3,12021.2,12617.4,0.0686,Benzoic Acid,LC-MS/MS
SMP-00964,8.96,32979.9,6619.4,7087.5,0.0322,Phenacetin,LC-MS/MS
SMP-00964,10.4,14339.1,3670.7,3841.9,0.0137,Salicylic Acid,LC-MS/MS
SMP-00964,12.08,51806.0,9040.3,9262.0,0.0524,Chlorpheniramine,LC-MS/MS
SMP-00965,1.21,12989.4,3353.9,3512.8,0.0132,Uracil,LC-MS/MS
SMP-00965,2.81,42580.3,8355.5,8647.7,0.0435,Acetaminophen,LC-MS/MS
SMP-00965,4.14,84869.8,14269.6,14575.6,0.0824,Caffeine,LC-MS/MS
SMP-00965,5.59,19499.7,4120.3,4398.0,0.0199,Aspirin,LC-MS/MS
SMP-00965,7.21,56815.5,9244.0,9445.6,0.0574,Benzoic Acid,LC-MS/MS
SMP-00965,8.91,29632.1,5971.8,5999.6,0.0296,Phenacetin,LC-MS/MS
SMP-00965,10.38,14937.8,3564.6,3535.0,0.0151,Salicylic Acid,LC-MS/MS
SMP-00965,12.16,45195.6,7650.8,7650.4,0.0449,Chlorpheniramine,LC-MS/MS
SMP-00966,1.29,13275.5,3509.2,3603.6,0.0129,Uracil,LC-MS/MS
SMP-00966,2.79,55831.2,10399.7,10714.6,0.0552,Acetaminophen,LC-MS/MS
SMP-00966,4.11,81226.9,13615.5,13712.4,0.0782,Caffeine,LC-MS/MS
SMP-00966,5.7,23451.0,5256.7,5384.6,0.0239,Aspirin,LC-MS/MS
SMP-00966,7.17,60347.0,9812.4,10063.4,0.0576,Benzoic Acid,LC-MS/MS
SMP-00966,8.98,32561.7,6899.9,6957.2,0.0327,Phenacetin,LC-MS/MS
SMP-00966,10.32,15813.2,3748.6,3872.7,0.0155,Salicylic Acid,LC-MS/MS
SMP-00966,12.15,52337.4,9852.4,9903.2,0.053,Chlorpheniramine,LC-MS/MS
SMP-00967,1.2,10419.8,2732.7,2883.1,0.0101,Uracil,LC-MS/MS
SMP-00967,2.82,44201.6,8549.5,8887.8,0.0432,Acetaminophen,LC-MS/MS
SMP-00967,4.15,80965.9,13012.3,13314.5,0.0796,Caffeine,LC-MS/MS
SMP-00967,5.66,27502.0,6264.4,6806.3,0.0277,Aspirin,LC-MS/MS
SMP-00967,7.27,57754.3,8878.2,9110.3,0.0567,Benzoic Acid,LC-MS/MS
SMP-00967,8.98,32299.5,6806.8,6826.1,0.0335,Phenacetin,LC-MS/MS
SMP-00967,10.48,15626.0,3859.1,3921.3,0.0156,Salicylic Acid,LC-MS/MS
SMP-00967,12.12,54809.4,10104.8,10578.2,0.0553,Chlorpheniramine,LC-MS/MS
SMP-00968,1.24,13417.4,3461.8,3547.0,0.0135,Uracil,LC-MS/MS
SMP-00968,2.81,39744.8,7293.3,7474.9,0.0377,Acetaminophen,LC-MS/MS
SMP-00968,4.13,78121.4,12265.1,12359.8,0.0791,Caffeine,LC-MS/MS
SMP-00968,5.61,107474.4,23791.0,23251.3,0.1072,Aspirin,LC-MS/MS
SMP-00968,7.19,66219.7,11529.7,11979.8,0.0669,Benzoic Acid,LC-MS/MS
SMP-00968,8.9,34328.2,7162.7,7565.4,0.0342,Phenacetin,LC-MS/MS
SMP-00968,10.4,17591.3,4381.5,4433.1,0.0181,Salicylic Acid,LC-MS/MS
SMP-00968,12.11,66959.1,12158.0,12622.8,0.0683,Chlorpheniramine,LC-MS/MS
SMP-00969,1.29,12810.2,3334.6,3349.0,0.013,Uracil,LC-MS/MS
SMP-00969,2.79,49015.6,9530.0,9551.2,0.0482,Acetaminophen,LC-MS/MS
SMP-00969,4.16,82662.9,13675.7,14284.5,0.0826,Caffeine,LC-MS/MS
SMP-00969,5.56,161641.6,35974.4,36350.1,0.1665,Aspirin,LC-MS/MS
SMP-00969,7.17,66742.4,11083.4,11421.0,0.0687,Benzoic Acid,LC-MS/MS
SMP-00969,8.92,37847.3,7838.3,8169.8,0.0374,Phenacetin,LC-MS/MS
SMP-00969,10.42,16639.7,4081.7,4055.2,0.0164,Salicylic Acid,LC-MS/MS
SMP-00969,12.09,64225.6,11768.5,12109.1,0.0632,Chlorpheniramine,LC-MS/MS
SMP-00970,1.26,13611.8,3509.5,3647.2,0.0133,Uracil,LC-MS/MS
SMP-00970,2.78,49240.1,9632.2,9805.5,0.0485,Acetaminophen,LC-MS/MS
SMP-00970,4.13,67716.5,10490.3,10814.9,0.0682,Caffeine,LC-MS/MS
SMP-00970,5.63,23197.4,5224.2,5434.9,0.0233,Aspirin,LC-MS/MS
SMP-00970,7.22,58748.8,9793.7,10322.3,0.0599,Benzoic Acid,LC-MS/MS
SMP-00970,8.98,29422.6,5793.2,6125.9,0.0286,Phenacetin,LC-MS/MS
SMP-00970,10.33,15706.6,3842.3,4019.4,0.016,Salicylic Acid,LC-MS/MS
SMP-00970,12.12,50278.9,9007.9,9136.9,0.0502,Chlorpheniramine,LC-MS/MS
SMP-00971,1.18,11942.8,2901.3,2958.7,0.012,Uracil,LC-MS/MS
SMP-00971,2.79,50943.0,10003.5,9976.0,0.0519,Acetaminophen,LC-MS/MS
SMP-00971,4.17,330057.4,55179.1,53268.1,0.3304,Caffeine,LC-MS/MS
SMP-00971,5.57,25441.1,5765.1,5787.4,0.0254,Aspirin,LC-MS/MS
SMP-00971,7.27,71645.3,11865.9,11737.3,0.0727,Benzoic Acid,LC-MS/MS
SMP-00971,8.97,29822.2,6093.1,6394.0,0.0299,Phenacetin,LC-MS/MS
SMP-00971,10.39,15241.9,3862.1,3859.0,0.015,Salicylic Acid,LC-MS/MS
SMP-00971,12.11,49602.9,9550.7,9924.0,0.0517,Chlorpheniramine,LC-MS/MS
SMP-00972,1.26,11057.5,2819.2,2991.5,0.0113,Uracil,LC-MS/MS
SMP-00972,2.81,44532.0,8650.0,8923.9,0.0454,Acetaminophen,LC-MS/MS
SMP-00972,4.12,87690.5,14048.4,14391.7,0.0883,Caffeine,LC-MS/MS
SMP-00972,5.6,23420.2,5413.6,5613.2,0.0226,Aspirin,LC-MS/MS
SMP-00972,7.22,53441.6,8833.8,9107.5,0.0504,Benzoic Acid,LC-MS/MS
SMP-00972,8.93,30681.6,5933.6,6163.4,0.0314,Phenacetin,LC-MS/MS
SMP-00972,10.43,14614.7,3396.7,3546.3,0.0142,Salicylic Acid,LC-MS/MS
SMP-00972,12.12,50631.8,9267.5,9411.3,0.0507,Chlorpheniramine,LC-MS/MS
SMP-00973,1.35,13783.8,3379.9,3607.4,0.0138,Uracil,LC-MS/MS
SMP-00973,2.74,49069.3,9544.1,9633.4,0.0503,Acetaminophen,LC-MS/MS
SMP-00973,4.12,93855.9,14703.2,15131.8,0.0966,Caffeine,LC-MS/MS
SMP-00973,5.6,23819.7,5441.4,5411.0,0.0235,Aspirin,LC-MS/MS
SMP-00973,7.21,71659.3,11594.1,11982.6,0.0722,Benzoic Acid,LC-MS/MS
SMP-00973,8.9,32222.8,6506.7,6549.6,0.0334,Phenacetin,LC-MS/MS
SMP-00973,10.43,12035.0,2914.6,2970.6,0.0122,Salicylic Acid,LC-MS/MS
SMP-00973,12.09,43611.8,7778.4,8188.0,0.0427,Chlorpheniramine,LC-MS/MS
SMP-00974,1.23,12803.0,3081.5,3273.0,0.0127,Uracil,LC-MS/MS
SMP-00974,2.82,50261.3,9932.0,9976.1,0.05,Acetaminophen,LC-MS/MS
SMP-00974,4.13,77912.9,11793.9,12106.0,0.0759,Caffeine,LC-MS/MS
SMP-00974,5.58,21708.5,4845.7,4939.2,0.0218,Aspirin,LC-MS/MS
SMP-00974,7.21,68648.7,11241.3,11554.6,0.0706,Benzoic Acid,LC-MS/MS
SMP-00974,8.97,32032.9,6732.3,6978.2,0.0321,Phenacetin,LC-MS/MS
SMP-00974,10.38,14064.4,3355.7,3577.6,0.0146,Salicylic Acid,LC-MS/MS
SMP-00974,12.11,50677.2,9708.6,9780.7,0.05,Chlorpheniramine,LC-MS/MS
SMP-00975,1.27,11721.5,3122.6,3309.2,0.0118,Uracil,LC-MS/MS
SMP-00975,2.76,45385.3,9087.7,9525.8,0.0442,Acetaminophen,LC-MS/MS
SMP-00975,4.15,70728.6,10855.1,11153.8,0.0723,Caffeine,LC-MS/MS
SMP-00975,5.6,22754.1,5110.3,5164.1,0.0233,Aspirin,LC-MS/MS
SMP-00975,7.16,56648.5,9859.0,10232.2,0.0573,Benzoic Acid,LC-MS/MS
SMP-00975,9.0,37202.0,7785.1,7835.3,0.0375,Phenacetin,LC-MS/MS
SMP-00975,10.42,18394.1,4391.2,4512.2,0.0179,Salicylic Acid,LC-MS/MS
SMP-00975,12.08,49676.5,8200.8,8454.9,0.05,Chlorpheniramine,LC-MS/MS
SMP-00976,1.2,12244.4,3206.3,3246.7,0.0124,Uracil,LC-MS/MS
SMP-00976,2.83,51642.4,9470.4,9584.8,0.0511,Acetaminophen,LC-MS/MS
SMP-00976,4.17,85985.0,14515.5,15215.7,0.0865,Caffeine,LC-MS/MS
SMP-00976,5.61,19411.1,3975.9,4203.6,0.0197,Aspirin,LC-MS/MS
SMP-00976,7.27,64295.6,10749.9,10824.3,0.065,Benzoic Acid,LC-MS/MS
SMP-00976,8.93,26957.8,5337.4,5478.2,0.0264,Phenacetin,LC-MS/MS
SMP-00976,10.43,17507.2,4291.1,4378.9,0.0173,Salicylic Acid,LC-MS/MS
SMP-00976,12.14,55714.0,10270.8,10983.7,0.0556,Chlorpheniramine,LC-MS/MS
SMP-00977,1.23,14440.4,3662.1,3826.9,0.0142,Uracil,LC-MS/MS
SMP-00977,2.77,54264.1,10484.4,10675.2,0.055,Acetaminophen,LC-MS/MS
SMP-00977,4.21,101029.0,17254.9,16957.7,0.1006,Caffeine,LC-MS/MS
SMP-00977,5.58,20750.2,4634.7,4818.1,0.0213,Aspirin,LC-MS/MS
SMP-00977,7.24,73126.0,11978.0,12218.8,0.0753,Benzoic Acid,LC-MS/MS
SMP-00977,8.98,35468.1,7535.4,7905.7,0.0356,Phenacetin,LC-MS/MS
SMP-00977,10.34,16255.9,3906.8,3934.6,0.0168,Salicylic Acid,LC-MS/MS
SMP-00977,12.05,54790.3,10324.3,10674.9,0.054,Chlorpheniramine,LC-MS/MS
SMP-00978,1.22,11519.1,2932.4,3070.4,0.0113,Uracil,LC-MS/MS
SMP-00978,2.78,43141.4,8010.6,8065.3,0.0428,Acetaminophen,LC-MS/MS
SMP-00978,4.16,91435.6,14967.4,15431.3,0.0902,Caffeine,LC-MS/MS
SMP-00978,5.53,20300.1,4430.5,4492.8,0.0207,Aspirin,LC-MS/MS
SMP-00978,7.19,77978.2,13027.7,13298.1,0.078,Benzoic Acid,LC-MS/MS
SMP-00978,8.97,131903.6,22503.4,23036.3,0.1366,Phenacetin,LC-MS/MS
SMP-00978,10.39,17929.3,4297.5,4279.9,0.0181,Salicylic Acid,LC-MS/MS
SMP-00978,12.1,54930.6,9442.0,9756.3,0.0541,Chlorpheniramine,LC-MS/MS
SMP-00979,1.29,10553.9,2712.5,2763.4,0.0107,Uracil,LC-MS/MS
SMP-00979,2.76,43166.3,8532.5,8360.8,0.0431,Acetaminophen,LC-MS/MS
SMP-00979,4.12,86999.9,13294.5,13939.6,0.0882,Caffeine,LC-MS/MS
SMP-00979,5.61,20529.9,4855.7,4814.5,0.0203,Aspirin,LC-MS/MS
SMP-00979,7.27,71051.6,11697.9,11564.4,0.0719,Benzoic Acid,LC-MS/MS
SMP-00979,9.0,32576.7,6650.3,6837.8,0.0318,Phenacetin,LC-MS/MS
SMP-00979,10.38,15015.3,3683.8,3819.3,0.0152,Salicylic Acid,LC-MS/MS
SMP-00979,12.06,55732.1,9922.2,9849.2,0.0564,Chlorpheniramine,LC-MS/MS
SMP-00980,1.21,11608.0,2802.7,2904.4,0.0116,Uracil,LC-MS/MS
SMP-00980,2.84,43625.5,8709.3,9055.2,0.0417,Acetaminophen,LC-MS/MS
SMP-00980,4.15,94670.6,15202.8,15512.3,0.0934,Caffeine,LC-MS/MS
SMP-00980,5.55,21341.4,4739.9,4825.6,0.0209,Aspirin,LC-MS/MS
SMP-00980,7.19,65628.0,11174.1,11412.3,0.0647,Benzoic Acid,LC-MS/MS
SMP-00980,8.93,31185.3,6336.2,6563.2,0.0319,Phenacetin,LC-MS/MS
SMP-00980,10.32,17247.8,4122.8,4279.2,0.0175,Salicylic Acid,LC-MS/MS
SMP-00980,12.07,58052.5,10044.3,10386.7,0.0586,Chlorpheniramine,LC-MS/MS
SMP-00981,1.26,12488.3,3212.9,3200.6,0.0128,Uracil,LC-MS/MS
SMP-00981,2.77,48324.7,9205.2,9389.7,0.048,Acetaminophen,LC-MS/MS
SMP-00981,4.2,75036.0,12194.3,12772.1,0.0736,Caffeine,LC-MS/MS
SMP-00981,5.57,22725.1,5113.0,5333.7,0.0226,Aspirin,LC-MS/MS
SMP-00981,7.23,60364.7,10014.2,10449.5,0.0601,Benzoic Acid,LC-MS/MS
SMP-00981,8.92,31856.9,6985.0,7077.4,0.0317,Phenacetin,LC-MS/MS
SMP-00981,10.4,56076.1,14058.2,12564.4,0.0553,Salicylic Acid,LC-MS/MS
SMP-00981,12.11,48888.2,8465.3,8822.9,0.0492,Chlorpheniramine,LC-MS/MS
SMP-00982,1.25,12014.1,3020.7,3207.9,0.0116,Uracil,LC-MS/MS
SMP-00982,2.81,52289.6,9499.4,9940.5,0.051,Acetaminophen,LC-MS/MS
SMP-00982,4.18,93484.7,14857.1,15674.3,0.0933,Caffeine,LC-MS/MS
SMP-00982,5.63,24332.0,5248.2,5270.5,0.0239,Aspirin,LC-MS/MS
SMP-00982,7.14,62915.9,11012.7,11750.5,0.0639,Benzoic Acid,LC-MS/MS
SMP-00982,8.98,32812.7,6623.5,6904.5,0.0335,Phenacetin,LC-MS/MS
SMP-00982,10.4,18714.9,4477.8,4719.2,0.0184,Salicylic Acid,LC-MS/MS
SMP-00982,12.1,52296.6,9840.8,10120.0,0.0515,Chlorpheniramine,LC-MS/MS
SMP-00983,1.25,12113.2,3039.2,3189.4,0.0122,Uracil,LC-MS/MS
SMP-00983,2.78,47264.1,8716.7,9054.7,0.046,Acetaminophen,LC-MS/MS
SMP-00983,4.16,99479.7,15585.8,16199.7,0.0997,Caffeine,LC-MS/MS
SMP-00983,5.61,24250.7,5638.5,5727.4,0.0244,Aspirin,LC-MS/MS
SMP-00983,7.18,70008.8,11969.7,12538.0,0.0689,Benzoic Acid,LC-MS/MS
SMP-00983,8.96,36476.6,7746.8,8116.4,0.0377,Phenacetin,LC-MS/MS
SMP-00983,10.38,14688.2,3517.4,3612.2,0.014,Salicylic Acid,LC-MS/MS
SMP-00983,12.12,56442.7,10048.1,10461.0,0.0555,Chlorpheniramine,LC-MS/MS
SMP-00984,1.23,12581.6,3173.3,3293.3,0.0125,Uracil,LC-MS/MS
SMP-00984,2.75,48432.7,9271.4,9771.7,0.0469,Acetaminophen,LC-MS/MS
SMP-00984,4.15,84968.0,13591.7,14366.3,0.0848,Caffeine,LC-MS/MS
SMP-00984,5.63,23994.3,5380.6,5679.7,0.0239,Aspirin,LC-MS/MS
SMP-00984,7.21,64536.0,11175.2,11281.7,0.0614,Benzoic Acid,LC-MS/MS
SMP-00984,8.93,32044.8,6630.3,6846.1,0.0309,Phenacetin,LC-MS/MS
SMP-00984,10.4,15151.9,3653.8,3837.1,0.0148,Salicylic Acid,LC-MS/MS
SMP-00984,12.11,56762.4,10325.0,10636.5,0.0557,Chlorpheniramine,LC-MS/MS
SMP-00985,1.28,14002.1,3580.6,3697.5,0.0141,Uracil,LC-MS/MS
SMP-00985,2.78,48310.6,9750.1,10053.9,0.0483,Acetaminophen,LC-MS/MS
SMP-00985,4.17,95131.7,15804.0,16572.1,0.0958,Caffeine,LC-MS/MS
SMP-00985,5.62,20487.4,4426.0,4610.4,0.0214,Aspirin,LC-MS/MS
SMP-00985,7.2,65631.6,10719.7,11376.5,0.0667,Benzoic Acid,LC-MS/MS
SMP-00985,8.94,31721.3,6732.7,6854.6,0.0314,Phenacetin,LC-MS/MS
SMP-00985,10.38,16664.3,3969.9,4227.4,0.0167,Salicylic Acid,LC-MS/MS
SMP-00985,12.09,49682.3,8809.4,9233.0,0.0488,Chlorpheniramine,LC-MS/MS
SMP-00986,1.22,13638.5,3548.6,3579.3,0.0138,Uracil,LC-MS/MS
SMP-00986,2.85,40141.8,7900.0,7954.7,0.0395,Acetaminophen,LC-MS/MS
SMP-00986,4.17,85992.0,14632.5,14730.8,0.0856,Caffeine,LC-MS/MS
SMP-00986,5.66,22279.4,5054.1,5071.8,0.0219,Aspirin,LC-MS/MS
SMP-00986,7.23,56148.1,8808.6,9191.8,0.0567,Benzoic Acid,LC-MS/MS
SMP-00986,8.99,33907.4,6878.4,7148.2,0.034,Phenacetin,LC-MS/MS
SMP-00986,10.39,17333.3,4320.1,4562.9,0.0174,Salicylic Acid,LC-MS/MS
SMP-00986,12.09,50754.0,9068.5,9052.8,0.0507,Chlorpheniramine,LC-MS/MS
SMP-00987,1.27,13056.7,3406.9,3600.8,0.0135,Uracil,LC-MS/MS
SMP-00987,2.81,48263.9,9170.4,9388.7,0.0484,Acetaminophen,LC-MS/MS
SMP-00987,4.15,75286.9,12795.6,12926.3,0.0754,Caffeine,LC-MS/MS
SMP-00987,5.59,24878.6,5424.7,5678.0,0.0254,Aspirin,LC-MS/MS
SMP-00987,7.26,61133.6,9890.2,10194.8,0.0613,Benzoic Acid,LC-MS/MS
SMP-00987,8.94,29000.0,6055.1,6151.8,0.0289,Phenacetin,LC-MS/MS
SMP-00987,10.4,76035.9,19479.7,16898.6,0.0741,Salicylic Acid,LC-MS/MS
SMP-00987,12.16,44724.2,8270.3,8364.2,0.0456,Chlorpheniramine,LC-MS/MS
SMP-00988,1.28,11994.7,3021.3,3136.1,0.0121,Uracil,LC-MS/MS
SMP-00988,2.8,39350.6,7952.7,8020.6,0.0386,Acetaminophen,LC-MS/MS
SMP-00988,4.13,88305.2,14011.4,14477.8,0.0928,Caffeine,LC-MS/MS
SMP-00988,5.59,25770.5,5786.4,5837.9,0.0252,Aspirin,LC-MS/MS
SMP-00988,7.18,64268.0,11456.6,11376.9,0.0645,Benzoic Acid,LC-MS/MS
SMP-00988,8.95,32528.9,6719.9,6735.1,0.0315,Phenacetin,LC-MS/MS
SMP-00988,10.43,13876.9,3219.9,3249.9,0.014,Salicylic Acid,LC-MS/MS
SMP-00988,12.07,54369.8,10110.1,10470.1,0.0557,Chlorpheniramine,LC-MS/MS
SMP-00989,1.27,15114.0,3977.2,4101.8,0.0157,Uracil,LC-MS/MS
SMP-00989,2.84,45787.3,9050.0,9184.7,0.0461,Acetaminophen,LC-MS/MS
SMP-00989,4.13,99067.5,16589.1,17358.1,0.0968,Caffeine,LC-MS/MS
SMP-00989,5.61,23512.3,5186.1,5401.6,0.023,Aspirin,LC-MS/MS
SMP-00989,7.23,57324.0,9808.6,9791.3,0.0589,Benzoic Acid,LC-MS/MS
SMP-00989,8.97,29977.4,6134.3,6272.8,0.0305,Phenacetin,LC-MS/MS
SMP-00989,10.39,17440.3,4201.8,4289.2,0.0178,Salicylic Acid,LC-MS/MS
SMP-00989,12.11,43481.2,8432.2,8807.3,0.0446,Chlorpheniramine,LC-MS/MS
SMP-00990,1.22,13834.8,3493.2,3499.7,0.0137,Uracil,LC-MS/MS
SMP-00990,2.78,47391.7,9320.9,9802.3,0.0478,Acetaminophen,LC-MS/MS
SMP-00990,4.12,100742.4,16378.3,16479.0,0.0982,Caffeine,LC-MS/MS
SMP-00990,5.61,21155.4,4804.8,5003.4,0.0219,Aspirin,LC-MS/MS
SMP-00990,7.18,80386.3,12954.1,13498.9,0.0805,Benzoic Acid,LC-MS/MS
SMP-00990,9.01,34846.5,7516.6,7951.6,0.0348,Phenacetin,LC-MS/MS
SMP-00990,10.43,13161.5,3310.3,3460.1,0.0127,Salicylic Acid,LC-MS/MS
SMP-00990,12.1,45630.0,8476.1,8583.4,0.046,Chlorpheniramine,LC-MS/MS
SMP-00991,1.24,12201.0,2959.7,3003.3,0.0125,Uracil,LC-MS/MS
SMP-00991,2.77,49476.2,9774.2,10056.3,0.0491,Acetaminophen,LC-MS/MS
SMP-00991,4.16,70385.7,12021.7,12837.0,0.0707,Caffeine,LC-MS/MS
SMP-00991,5.64,24858.4,5264.9,5443.9,0.0247,Aspirin,LC-MS/MS
SMP-00991,7.15,81334.3,13513.9,13991.4,0.083,Benzoic Acid,LC-MS/MS
SMP-00991,8.93,30160.3,5885.5,6239.1,0.0295,Phenacetin,LC-MS/MS
SMP-00991,10.43,13330.6,3332.1,3406.4,0.0132,Salicylic Acid,LC-MS/MS
SMP-00991,12.12,49412.1,9328.8,9423.7,0.0485,Chlorpheniramine,LC-MS/MS
SMP-00992,1.28,12509.9,3271.0,3224.7,0.013,Uracil,LC-MS/MS
SMP-00992,2.81,45935.5,8322.7,8489.3,0.0467,Acetaminophen,LC-MS/MS
SMP-00992,4.15,104375.0,17618.2,18494.3,0.1047,Caffeine,LC-MS/MS
SMP-00992,5.65,26655.4,5950.6,6060.5,0.0258,Aspirin,LC-MS/MS
SMP-00992,7.21,74936.1,12263.7,12080.7,0.0761,Benzoic Acid,LC-MS/MS
SMP-00992,8.96,31101.0,6469.2,6787.6,0.0315,Phenacetin,LC-MS/MS
SMP-00992,10.42,17083.0,4320.0,4405.5,0.0172,Salicylic Acid,LC-MS/MS
SMP-00992,12.12,61460.8,11286.1,11742.2,0.0614,Chlorpheniramine,LC-MS/MS
SMP-00993,1.32,12453.6,3063.7,3159.6,0.0122,Uracil,LC-MS/MS
SMP-00993,2.85,50824.9,9469.0,9372.6,0.0507,Acetaminophen,LC-MS/MS
SMP-00993,4.09,75236.4,11521.1,11581.7,0.0769,Caffeine,LC-MS/MS
SMP-00993,5.58,22110.8,4798.7,5231.3,0.022,Aspirin,LC-MS/MS
SMP-00993,7.25,60930.4,10289.6,10664.8,0.0616,Benzoic Acid,LC-MS/MS
SMP-00993,8.92,33697.1,7398.2,7712.3,0.0332,Phenacetin,LC-MS/MS
SMP-00993,10.37,17461.8,4111.3,4382.5,0.0173,Salicylic Acid,LC-MS/MS
SMP-00993,12.15,59975.0,10682.1,11056.8,0.0608,Chlorpheniramine,LC-MS/MS
SMP-00994,1.2,13791.5,3673.5,3710.4,0.014,Uracil,LC-MS/MS
SMP-00994,2.79,42080.3,8524.6,9117.0,0.0417,Acetaminophen,LC-MS/MS
SMP-00994,4.17,77880.5,12760.0,13287.3,0.0745,Caffeine,LC-MS/MS
SMP-00994,5.62,21740.7,4891.6,5106.3,0.022,Aspirin,LC-MS/MS
SMP-00994,7.23,68895.8,11334.7,11956.2,0.0683,Benzoic Acid,LC-MS/MS
SMP-00994,8.92,34503.8,7381.1,7348.7,0.035,Phenacetin,LC-MS/MS
SMP-00994,10.4,14750.2,3658.7,3699.9,0.0146,Salicylic Acid,LC-MS/MS
SMP-00994,12.11,52821.8,9878.4,10094.9,0.0545,Chlorpheniramine,LC-MS/MS
SMP-00995,1.22,13843.5,3632.8,3675.3,0.0138,Uracil,LC-MS/MS
SMP-00995,2.82,38675.6,7350.9,7697.0,0.0386,Acetaminophen,LC-MS/MS
SMP-00995,4.15,107231.7,17107.1,17643.0,0.1106,Caffeine,LC-MS/MS
SMP-00995,5.61,17671.7,4288.4,4485.9,0.0172,Aspirin,LC-MS/MS
SMP-00995,7.24,79959.5,13418.2,13347.2,0.0813,Benzoic Acid,LC-MS/MS
SMP-00995,8.94,37426.0,7673.5,7795.5,0.0365,Phenacetin,LC-MS/MS
SMP-00995,10.41,13838.9,3438.5,3684.6,0.0137,Salicylic Acid,LC-MS/MS
SMP-00995,12.14,58514.5,10963.2,11236.9,0.0579,Chlorpheniramine,LC-MS/MS
SMP-00996,1.32,12980.8,3212.3,3329.6,0.013,Uracil,LC-MS/MS
SMP-00996,2.78,52117.5,9540.7,9874.1,0.0511,Acetaminophen,LC-MS/MS
SMP-00996,4.16,89261.6,14193.2,14319.7,0.0879,Caffeine,LC-MS/MS
SMP-00996,5.55,19566.3,4461.4,4782.1,0.0192,Aspirin,LC-MS/MS
SMP-00996,7.15,66295.5,10886.9,11334.4,0.0654,Benzoic Acid,LC-MS/MS
SMP-00996,8.92,35623.6,7206.0,7386.0,0.0357,Phenacetin,LC-MS/MS
SMP-00996,10.43,14985.4,3760.9,3817.2,0.0153,Salicylic Acid,LC-MS/MS
SMP-00996,12.07,55571.2,9202.4,9296.0,0.0568,Chlorpheniramine,LC-MS/MS
SMP-00997,1.21,14613.6,3776.4,3932.1,0.0144,Uracil,LC-MS/MS
SMP-00997,2.78,46038.7,8825.0,9395.6,0.0457,Acetaminophen,LC-MS/MS
SMP-00997,4.18,110230.9,17513.2,17277.5,0.108,Caffeine,LC-MS/MS
SMP-00997,5.62,21193.8,4717.6,4916.8,0.0218,Aspirin,LC-MS/MS
SMP-00997,7.21,69388.4,10920.3,11055.2,0.0686,Benzoic Acid,LC-MS/MS
SMP-00997,8.96,33591.8,6761.6,7182.6,0.0339,Phenacetin,LC-MS/MS
SMP-00997,10.43,13948.8,3542.2,3630.5,0.0141,Salicylic Acid,LC-MS/MS
SMP-00997,12.07,58070.4,10393.9,10958.7,0.0585,Chlorpheniramine,LC-MS/MS
SMP-00998,1.28,12236.0,3199.3,3288.5,0.0121,Uracil,LC-MS/MS
SMP-00998,2.78,49748.4,9262.7,9773.0,0.0482,Acetaminophen,LC-MS/MS
SMP-00998,4.18,75182.9,12212.7,12140.1,0.0762,Caffeine,LC-MS/MS
SMP-00998,5.63,21509.1,4517.2,4618.4,0.0217,Aspirin,LC-MS/MS
SMP-00998,7.22,76706.7,13464.7,14454.3,0.0771,Benzoic Acid,LC-MS/MS
SMP-00998,8.96,28246.8,5515.0,5703.4,0.027,Phenacetin,LC-MS/MS
SMP-00998,10.39,16790.4,3935.3,4269.9,0.0169,Salicylic Acid,LC-MS/MS
SMP-00998,12.08,55325.5,9682.8,10380.2,0.0562,Chlorpheniramine,LC-MS/MS
SMP-00999,1.23,13307.5,3442.2,3566.7,0.0131,Uracil,LC-MS/MS
SMP-00999,2.79,45050.7,9033.2,9016.3,0.0448,Acetaminophen,LC-MS/MS
SMP-00999,4.15,86987.7,14023.2,14720.9,0.0878,Caffeine,LC-MS/MS
SMP-00999,5.62,22481.0,4897.1,4918.6,0.0225,Aspirin,LC-MS/MS
SMP-00999,7.2,65103.5,10516.0,10821.6,0.0644,Benzoic Acid,LC-MS/MS
SMP-00999,9.02,31530.0,6954.9,7071.8,0.0307,Phenacetin,LC-MS/MS
SMP-00999,10.37,16030.7,4260.3,4541.1,0.0155,Salicylic Acid,LC-MS/MS
SMP-00999,12.05,59539.9,10759.6,10685.0,0.0587,Chlorpheniramine,LC-MS/MS
SMP-01000,1.3,12451.4,3174.0,3257.2,0.0125,Uracil,LC-MS/MS
SMP-01000,2.78,39826.8,8198.9,8649.5,0.0412,Acetaminophen,LC-MS/MS
SMP-01000,4.14,94163.7,15209.3,15328.7,0.097,Caffeine,LC-MS/MS
SMP-01000,5.6,20813.2,4652.5,4789.9,0.021,Aspirin,LC-MS/MS
SMP-01000,7.19,64640.2,10743.8,10992.7,0.0653,Benzoic Acid,LC-MS/MS
SMP-01000,8.95,30206.6,5857.7,6320.2,0.0312,Phenacetin,LC-MS/MS
SMP-01000,10.41,15720.8,3734.3,3898.8,0.0158,Salicylic Acid,LC-MS/MS
SMP-01000,12.07,50200.9,9079.6,9571.7,0.0508,Chlorpheniramine,LC-MS/MS
SMP-01001,1.28,13494.5,3438.2,3611.2,0.0134,Uracil,LC-MS/MS
SMP-01001,2.82,36612.5,7234.4,7192.6,0.0365,Acetaminophen,LC-MS/MS
SMP-01001,4.16,100867.5,16412.9,17080.0,0.1017,Caffeine,LC-MS/MS
SMP-01001,5.65,23027.7,5270.8,5473.0,0.0232,Aspirin,LC-MS/MS
SMP-01001,7.23,70855.0,12048.9,12598.4,0.0693,Benzoic Acid,LC-MS/MS
SMP-01001,8.95,30028.2,5955.6,6056.6,0.0301,Phenacetin,LC-MS/MS
SMP-01001,10.36,14845.2,3517.5,3631.3,0.0147,Salicylic Acid,LC-MS/MS
SMP-01001,12.06,63701.6,11271.2,11432.9,0.0652,Chlorpheniramine,LC-MS/MS
SMP-01002,1.25,11026.4,2942.9,2973.6,0.0112,Uracil,LC-MS/MS
SMP-01002,2.78,50627.5,10199.3,10362.0,0.0519,Acetaminophen,LC-MS/MS
SMP-01002,4.16,79036.2,13325.9,13784.5,0.0787,Caffeine,LC-MS/MS
SMP-01002,5.59,24276.2,5242.9,5409.8,0.0247,Aspirin,LC-MS/MS
SMP-01002,7.21,72603.5,12197.0,12555.5,0.0726,Benzoic Acid,LC-MS/MS
SMP-01002,9.06,30188.4,5837.5,6177.1,0.0309,Phenacetin,LC-MS/MS
SMP-01002,10.39,13758.4,3310.9,3432.1,0.0136,Salicylic Acid,LC-MS/MS
SMP-01002,12.17,51461.4,9109.3,9365.7,0.0517,Chlorpheniramine,LC-MS/MS
SMP-01003,1.27,12757.8,3211.0,3327.5,0.0126,Uracil,LC-MS/MS
SMP-01003,2.77,35475.7,6528.2,7072.3,0.0354,Acetaminophen,LC-MS/MS
SMP-01003,4.21,104023.9,17496.1,18105.0,0.1068,Caffeine,LC-MS/MS
SMP-01003,5.58,21310.2,4820.1,4962.5,0.0213,Aspirin,LC-MS/MS
SMP-01003,7.24,57090.5,9562.8,10158.8,0.0569,Benzoic Acid,LC-MS/MS
SMP-01003,9.02,27553.4,6030.4,6366.8,0.0274,Phenacetin,LC-MS/MS
SMP-01003,10.38,17226.2,4195.9,4302.2,0.0168,Salicylic Acid,LC-MS/MS
SMP-01003,12.08,51915.1,9615.1,9881.2,0.0509,Chlorpheniramine,LC-MS/MS
SMP-01004,1.27,10391.9,2685.7,2713.6,0.0105,Uracil,LC-MS/MS
SMP-01004,2.81,46268.8,8708.6,8590.3,0.0469,Acetaminophen,LC-MS/MS
SMP-01004,4.16,98076.1,16052.3,16406.0,0.0996,Caffeine,LC-MS/MS
SMP-01004,5.57,27916.6,6284.4,6432.4,0.0286,Aspirin,LC-MS/MS
SMP-01004,7.18,64413.4,11677.7,12282.9,0.0634,Benzoic Acid,LC-MS/MS
SMP-01004,8.93,26883.8,5270.2,5252.0,0.0274,Phenacetin,LC-MS/MS
SMP-01004,10.42,15339.5,3712.4,3786.1,0.0153,Salicylic Acid,LC-MS/MS
SMP-01004,12.1,53756.7,9861.5,9985.4,0.054,Chlorpheniramine,LC-MS/MS
SMP-01005,1.24,13883.0,3556.0,3751.9,0.0138,Uracil,LC-MS/MS
SMP-01005,2.81,46860.5,8872.1,9321.4,0.0466,Acetaminophen,LC-MS/MS
SMP-01005,4.21,86829.4,13806.9,14203.7,0.0867,Caffeine,LC-MS/MS
SMP-01005,5.53,22478.7,4911.2,5183.9,0.0229,Aspirin,LC-MS/MS
SMP-01005,7.23,63244.9,10783.8,11187.5,0.0644,Benzoic Acid,LC-MS/MS
SMP-01005,8.93,24585.6,5081.1,4934.2,0.0235,Phenacetin,LC-MS/MS
SMP-01005,10.37,15111.1,3898.4,3990.3,0.0149,Salicylic Acid,LC-MS/MS
SMP-01005,12.11,54124.8,9805.3,9975.3,0.0526,Chlorpheniramine,LC-MS/MS
SMP-01006,1.28,14028.0,3568.2,3707.7,0.0144,Uracil,LC-MS/MS
SMP-01006,2.81,49096.4,10210.4,10663.7,0.0491,Acetaminophen,LC-MS/MS
SMP-01006,4.14,83826.5,13319.1,13622.6,0.086,Caffeine,LC-MS/MS
SMP-01006,5.56,26635.9,5816.6,6096.8,0.0267,Aspirin,LC-MS/MS
SMP-01006,7.23,64178.1,9994.9,10436.1,0.064,Benzoic Acid,LC-MS/MS
SMP-01006,8.89,27671.2,5520.3,5776.4,0.0283,Phenacetin,LC-MS/MS
SMP-01006,10.4,15452.3,3807.0,3827.8,0.0155,Salicylic Acid,LC-MS/MS
SMP-01006,12.09,62862.9,10861.9,11161.1,0.0616,Chlorpheniramine,LC-MS/MS
SMP-01007,1.24,12989.7,3372.0,3552.3,0.0128,Uracil,LC-MS/MS
SMP-01007,2.84,41906.5,8285.3,8667.8,0.0413,Acetaminophen,LC-MS/MS
SMP-01007,4.17,100708.1,16226.2,16876.9,0.0975,Caffeine,LC-MS/MS
SMP-01007,5.6,19501.6,4279.7,4386.9,0.0191,Aspirin,LC-MS/MS
SMP-01007,7.16,61671.1,10236.2,10571.8,0.0597,Benzoic Acid,LC-MS/MS
SMP-01007,8.92,32224.5,6566.3,6845.3,0.0314,Phenacetin,LC-MS/MS
SMP-01007,10.42,17026.4,4152.0,4298.8,0.0172,Salicylic Acid,LC-MS/MS
SMP-01007,12.09,57570.3,10499.7,10803.9,0.058,Chlorpheniramine,LC-MS/MS
SMP-01008,1.24,11538.6,2914.5,2823.3,0.0115,Uracil,LC-MS/MS
SMP-01008,2.82,41741.0,7966.9,8194.7,0.0427,Acetaminophen,LC-MS/MS
SMP-01008,4.14,76904.1,12181.8,12816.4,0.0743,Caffeine,LC-MS/MS
SMP-01008,5.63,22237.7,4834.7,4999.5,0.0216,Aspirin,LC-MS/MS
SMP-01008,7.22,68240.6,11599.9,11961.9,0.0678,Benzoic Acid,LC-MS/MS
SMP-01008,8.94,29606.4,6077.2,6277.1,0.0287,Phenacetin,LC-MS/MS
SMP-01008,10.41,17716.7,4175.9,4360.0,0.018,Salicylic Acid,LC-MS/MS
SMP-01008,12.09,47609.0,9085.6,9327.2,0.0474,Chlorpheniramine,LC-MS/MS
SMP-01009,1.26,14522.0,3669.3,3691.3,0.0148,Uracil,LC-MS/MS
SMP-01009,2.75,43274.8,8813.7,9096.3,0.0437,Acetaminophen,LC-MS/MS
SMP-01009,4.18,77693.7,12109.7,13141.1,0.0805,Caffeine,LC-MS/MS
SMP-01009,5.65,19204.1,4269.1,4381.9,0.0198,Aspirin,LC-MS/MS
SMP-01009,7.25,72326.9,12164.1,12428.1,0.0705,Benzoic Acid,LC-MS/MS
SMP-01009,8.96,29733.3,6333.4,6512.2,0.0292,Phenacetin,LC-MS/MS
SMP-01009,10.4,19554.6,4829.7,5058.6,0.0194,Salicylic Acid,LC-MS/MS
SMP-01009,12.07,50065.5,8373.4,8390.1,0.0471,Chlorpheniramine,LC-MS/MS
SMP-01010,1.27,13036.7,3218.5,3375.9,0.013,Uracil,LC-MS/MS
SMP-01010,2.84,39909.8,7458.9,7506.3,0.0386,Acetaminophen,LC-MS/MS
SMP-01010,4.09,86310.5,13713.3,13704.5,0.0865,Caffeine,LC-MS/MS
SMP-01010,5.6,24516.3,5606.1,5722.0,0.0253,Aspirin,LC-MS/MS
SMP-01010,7.21,79631.2,13268.6,13947.8,0.0813,Benzoic Acid,LC-MS/MS
SMP-01010,8.95,34022.4,6736.1,7028.9,0.0338,Phenacetin,LC-MS/MS
SMP-01010,10.38,15021.9,3622.9,3737.4,0.0145,Salicylic Acid,LC-MS/MS
SMP-01010,12.07,60727.5,10957.8,11149.7,0.0619,Chlorpheniramine,LC-MS/MS
SMP-01011,1.24,11418.4,3105.9,3272.7,0.0114,Uracil,LC-MS/MS
SMP-01011,2.83,45393.3,8669.5,9056.0,0.0453,Acetaminophen,LC-MS/MS
SMP-01011,4.16,99693.7,16227.6,16072.1,0.099,Caffeine,LC-MS/MS
SMP-01011,5.59,21857.2,4948.1,5061.7,0.0218,Aspirin,LC-MS/MS
SMP-01011,7.23,59847.3,10128.4,10247.3,0.0596,Benzoic Acid,LC-MS/MS
SMP-01011,8.94,32033.0,6822.0,6923.1,0.0323,Phenacetin,LC-MS/MS
SMP-01011,10.41,18803.9,4582.6,4637.8,0.0189,Salicylic Acid,LC-MS/MS
SMP-01011,12.13,52274.2,9220.6,9459.4,0.0505,Chlorpheniramine,LC-MS/MS
SMP-01012,1.23,14303.8,3695.2,3798.4,0.0146,Uracil,LC-MS/MS
SMP-01012,2.8,46144.1,9093.5,9359.1,0.0451,Acetaminophen,LC-MS/MS
SMP-01012,4.15,88946.8,13797.1,14693.5,0.0905,Caffeine,LC-MS/MS
SMP-01012,5.62,21875.8,4828.9,4917.2,0.0227,Aspirin,LC-MS/MS
SMP-01012,7.22,427665.0,65165.1,63234.9,0.4417,Benzoic Acid,LC-MS/MS
SMP-01012,8.95,29206.9,5663.2,6102.7,0.03,Phenacetin,LC-MS/MS
SMP-01012,10.43,13004.5,3336.7,3472.9,0.0127,Salicylic Acid,LC-MS/MS
SMP-01012,12.09,56788.5,9888.1,10482.4,0.0566,Chlorpheniramine,LC-MS/MS
SMP-01013,1.22,11967.9,2910.9,2983.0,0.0121,Uracil,LC-MS/MS
SMP-01013,2.84,52025.9,10357.8,10014.0,0.0516,Acetaminophen,LC-MS/MS
SMP-01013,4.11,90064.4,15354.0,15824.5,0.0932,Caffeine,LC-MS/MS
SMP-01013,5.6,18562.2,4072.9,4252.7,0.0187,Aspirin,LC-MS/MS
SMP-01013,7.2,65323.3,10989.4,11401.5,0.068,Benzoic Acid,LC-MS/MS
SMP-01013,8.98,32706.7,6416.6,6710.9,0.0333,Phenacetin,LC-MS/MS
SMP-01013,10.39,12745.2,3002.4,3090.1,0.0129,Salicylic Acid,LC-MS/MS
SMP-01013,12.12,52667.0,9484.9,9671.8,0.0511,Chlorpheniramine,LC-MS/MS
SMP-01014,1.26,11890.3,3047.8,3073.5,0.0125,Uracil,LC-MS/MS
SMP-01014,2.82,46030.0,8728.7,8926.1,0.0442,Acetaminophen,LC-MS/MS
SMP-01014,4.16,94223.8,15933.0,16409.4,0.0921,Caffeine,LC-MS/MS
SMP-01014,5.6,25675.1,5551.8,5938.9,0.025,Aspirin,LC-MS/MS
SMP-01014,7.2,66945.5,11698.1,11812.2,0.0656,Benzoic Acid,LC-MS/MS
SMP-01014,8.96,32881.5,6531.0,6721.5,0.0324,Phenacetin,LC-MS/MS
SMP-01014,10.36,16738.5,4019.8,4123.3,0.0165,Salicylic Acid,LC-MS/MS
SMP-01014,12.08,55890.5,9833.5,10066.3,0.0542,Chlorpheniramine,LC-MS/MS
SMP-01015,1.27,11018.9,2625.6,2743.7,0.0113,Uracil,LC-MS/MS
SMP-01015,2.81,44326.1,9013.1,9188.0,0.0453,Acetaminophen,LC-MS/MS
SMP-01015,4.19,84239.6,14034.9,14546.5,0.0865,Caffeine,LC-MS/MS
SMP-01015,5.58,23651.5,5102.3,5273.0,0.024,Aspirin,LC-MS/MS
SMP-01015,7.18,56865.6,9738.4,9695.8,0.057,Benzoic Acid,LC-MS/MS
SMP-01015,8.93,34057.5,6620.3,6954.5,0.0342,Phenacetin,LC-MS/MS
SMP-01015,10.41,14974.8,3808.5,3847.8,0.0145,Salicylic Acid,LC-MS/MS
SMP-01015,12.07,63064.0,11413.8,11874.3,0.0629,Chlorpheniramine,LC-MS/MS
SMP-01016,1.27,13522.5,3493.7,3621.3,0.0136,Uracil,LC-MS/MS
SMP-01016,2.82,56163.2,11162.0,11870.1,0.0565,Acetaminophen,LC-MS/MS
SMP-01016,4.12,88188.1,14367.0,14551.2,0.0895,Caffeine,LC-MS/MS
SMP-01016,5.61,23193.8,4917.3,5021.9,0.0238,Aspirin,LC-MS/MS
SMP-01016,7.3,71990.5,12020.2,12543.9,0.0721,Benzoic Acid,LC-MS/MS
SMP-01016,8.93,29766.6,6136.9,6442.0,0.0307,Phenacetin,LC-MS/MS
SMP-01016,10.4,13131.8,3160.0,3184.8,0.0128,Salicylic Acid,LC-MS/MS
SMP-01016,12.09,56516.9,9831.9,10172.6,0.0565,Chlorpheniramine,LC-MS/MS
SMP-01017,1.24,9613.3,2530.7,2535.6,0.0093,Uracil,LC-MS/MS
SMP-01017,2.76,50614.0,9850.5,10204.4,0.0513,Acetaminophen,LC-MS/MS
SMP-01017,4.16,76275.1,12761.3,13053.0,0.0773,Caffeine,LC-MS/MS
SMP-01017,5.6,24974.3,5542.6,5779.7,0.0255,Aspirin,LC-MS/MS
SMP-01017,7.15,84274.8,13752.0,14379.9,0.0857,Benzoic Acid,LC-MS/MS
SMP-01017,8.95,28650.4,5893.2,6149.1,0.0287,Phenacetin,LC-MS/MS
SMP-01017,10.4,15889.7,4050.5,4207.2,0.0157,Salicylic Acid,LC-MS/MS
SMP-01017,12.12,57748.4,10158.0,10590.5,0.0576,Chlorpheniramine,LC-MS/MS
SMP-01018,1.24,10785.6,2999.1,3061.4,0.0113,Uracil,LC-MS/MS
SMP-01018,2.81,41958.4,8028.2,8222.3,0.0419,Acetaminophen,LC-MS/MS
SMP-01018,4.13,105826.7,17435.8,17455.8,0.1046,Caffeine,LC-MS/MS
SMP-01018,5.6,21185.7,4615.7,4724.5,0.021,Aspirin,LC-MS/MS
SMP-01018,7.21,70117.1,11896.3,12426.8,0.07,Benzoic Acid,LC-MS/MS
SMP-01018,8.96,28037.5,5626.0,5905.8,0.0276,Phenacetin,LC-MS/MS
SMP-01018,10.41,17302.8,4362.9,4565.8,0.0174,Salicylic Acid,LC-MS/MS
SMP-01018,12.14,56390.5,10274.9,10883.1,0.0573,Chlorpheniramine,LC-MS/MS
SMP-01019,1.24,11107.4,2875.9,2947.5,0.0113,Uracil,LC-MS/MS
SMP-01019,2.79,52590.8,10556.1,11223.5,0.0529,Acetaminophen,LC-MS/MS
SMP-01019,4.18,84381.2,13287.5,13609.7,0.0857,Caffeine,LC-MS/MS
SMP-01019,5.62,22199.6,4767.0,4940.7,0.0219,Aspirin,LC-MS/MS
SMP-01019,7.24,75217.0,12510.0,12943.3,0.0743,Benzoic Acid,LC-MS/MS
SMP-01019,8.95,29205.1,6057.9,6207.7,0.0283,Phenacetin,LC-MS/MS
SMP-01019,10.38,14478.4,3573.3,3652.1,0.0144,Salicylic Acid,LC-MS/MS
SMP-01019,12.14,57619.1,10434.8,10774.0,0.0571,Chlorpheniramine,LC-MS/MS
SMP-01020,1.26,13754.2,3674.2,3810.3,0.0133,Uracil,LC-MS/MS
SMP-01020,2.81,47532.5,8947.3,9232.8,0.0461,Acetaminophen,LC-MS/MS
SMP-01020,4.15,86238.3,14214.5,14994.0,0.0847,Caffeine,LC-MS/MS
SMP-01020,5.62,22714.2,5091.5,5312.2,0.0233,Aspirin,LC-MS/MS
SMP-01020,7.19,66877.5,10655.6,10861.8,0.0658,Benzoic Acid,LC-MS/MS
SMP-01020,9.0,29417.0,5777.4,5820.7,0.0291,Phenacetin,LC-MS/MS
SMP-01020,10.44,16905.8,4157.8,4184.1,0.0171,Salicylic Acid,LC-MS/MS
SMP-01020,12.08,48065.0,8766.5,9083.2,0.048,Chlorpheniramine,LC-MS/MS
SMP-01021,1.23,12948.2,3297.3,3463.0,0.0128,Uracil,LC-MS/MS
SMP-01021,2.83,44791.6,8830.3,9103.3,0.044,Acetaminophen,LC-MS/MS
SMP-01021,4.18,109995.0,18188.5,18815.2,0.1117,Caffeine,LC-MS/MS
SMP-01021,5.59,17620.0,3809.4,3887.9,0.0188,Aspirin,LC-MS/MS
SMP-01021,7.17,69516.2,11947.5,12840.7,0.07,Benzoic Acid,LC-MS/MS
SMP-01021,8.93,33148.6,6744.3,6996.3,0.0339,Phenacetin,LC-MS/MS
SMP-01021,10.38,15070.1,3812.2,3990.3,0.0152,Salicylic Acid,LC-MS/MS
SMP-01021,12.09,45137.7,8509.0,8706.5,0.0445,Chlorpheniramine,LC-MS/MS
SMP-01022,1.29,12549.4,3040.8,3148.0,0.0126,Uracil,LC-MS/MS
SMP-01022,2.8,44372.3,8719.0,9308.6,0.0452,Acetaminophen,LC-MS/MS
SMP-01022,4.15,92351.9,15098.7,15812.3,0.0947,Caffeine,LC-MS/MS
SMP-01022,5.58,17989.1,4294.7,4449.7,0.0187,Aspirin,LC-MS/MS
SMP-01022,7.15,80563.6,13518.7,13896.9,0.0768,Benzoic Acid,LC-MS/MS
SMP-01022,8.93,33244.7,6754.9,7005.0,0.0324,Phenacetin,LC-MS/MS
SMP-01022,10.43,17054.0,4276.4,4507.6,0.0164,Salicylic Acid,LC-MS/MS
SMP-01022,12.04,52027.2,9528.7,9884.4,0.053,Chlorpheniramine,LC-MS/MS
SMP-01023,1.27,13442.9,3525.4,3640.0,0.0132,Uracil,LC-MS/MS
SMP-01023,2.88,52401.4,9739.7,10364.7,0.0506,Acetaminophen,LC-MS/MS
SMP-01023,4.16,94507.4,14909.0,15045.5,0.0911,Caffeine,LC-MS/MS
SMP-01023,5.58,25978.2,5588.6,5705.4,0.0259,Aspirin,LC-MS/MS
SMP-01023,7.21,74320.8,12571.2,13010.5,0.0738,Benzoic Acid,LC-MS/MS
SMP-01023,8.97,33198.1,6787.8,6861.6,0.0329,Phenacetin,LC-MS/MS
SMP-01023,10.4,16406.5,3852.0,3974.9,0.0161,Salicylic Acid,LC-MS/MS
SMP-01023,12.1,51561.5,9143.4,9337.2,0.0507,Chlorpheniramine,LC-MS/MS
SMP-01024,1.23,12971.5,3232.9,3358.1,0.0133,Uracil,LC-MS/MS
SMP-01024,2.83,51587.9,9750.4,9968.8,0.0519,Acetaminophen,LC-MS/MS
SMP-01024,4.15,84612.7,13598.9,14158.4,0.082,Caffeine,LC-MS/MS
SMP-01024,5.58,21186.6,4702.1,4704.9,0.0219,Aspirin,LC-MS/MS
SMP-01024,7.17,61053.5,9683.2,9994.6,0.0603,Benzoic Acid,LC-MS/MS
SMP-01024,8.95,33404.6,7100.8,7421.6,0.0329,Phenacetin,LC-MS/MS
SMP-01024,10.43,17025.7,4099.6,4236.0,0.0168,Salicylic Acid,LC-MS/MS
SMP-01024,12.11,55612.0,10094.3,10803.8,0.0546,Chlorpheniramine,LC-MS/MS
SMP-01025,1.25,12847.6,3215.2,3333.6,0.0129,Uracil,LC-MS/MS
SMP-01025,2.81,44222.8,8131.7,8497.0,0.0424,Acetaminophen,LC-MS/MS
SMP-01025,4.12,92772.7,14710.4,15257.2,0.0913,Caffeine,LC-MS/MS
SMP-01025,5.59,18583.7,4257.8,4414.5,0.0181,Aspirin,LC-MS/MS
SMP-01025,7.2,59158.4,10563.3,10536.9,0.0592,Benzoic Acid,LC-MS/MS
SMP-01025,8.94,27062.6,5620.2,5820.8,0.0271,Phenacetin,LC-MS/MS
SMP-01025,10.4,17387.7,4261.0,4386.0,0.0177,Salicylic Acid,LC-MS/MS
SMP-01025,12.11,55159.1,10193.0,10543.0,0.0536,Chlorpheniramine,LC-MS/MS
SMP-01026,1.25,13400.7,3340.5,3382.6,0.0137,Uracil,LC-MS/MS
SMP-01026,2.86,53385.6,10413.4,10767.8,0.0521,Acetaminophen,LC-MS/MS
SMP-01026,4.18,97962.7,15803.0,16379.9,0.1001,Caffeine,LC-MS/MS
SMP-01026,5.61,24735.0,5422.4,5600.5,0.024,Aspirin,LC-MS/MS
SMP-01026,7.19,73002.3,11846.2,12395.7,0.0702,Benzoic Acid,LC-MS/MS
SMP-01026,8.96,31787.2,6649.1,7121.4,0.0323,Phenacetin,LC-MS/MS
SMP-01026,10.38,18132.3,4426.7,4629.2,0.0179,Salicylic Acid,LC-MS/MS
SMP-01026,12.06,54914.5,9776.9,10121.5,0.0548,Chlorpheniramine,LC-MS/MS
SMP-01027,1.27,12353.3,3212.6,3268.6,0.0119,Uracil,LC-MS/MS
SMP-01027,2.82,42766.6,8148.4,8157.4,0.044,Acetaminophen,LC-MS/MS
SMP-01027,4.18,87436.0,14818.8,15635.1,0.0869,Caffeine,LC-MS/MS
SMP-01027,5.56,22722.3,4905.4,5165.7,0.0229,Aspirin,LC-MS/MS
SMP-01027,7.19,65900.7,10843.8,10856.1,0.0653,Benzoic Acid,LC-MS/MS
SMP-01027,8.95,31755.2,6540.0,6643.8,0.0323,Phenacetin,LC-MS/MS
SMP-01027,10.44,15493.6,3572.8,3585.0,0.0155,Salicylic Acid,LC-MS/MS
SMP-01027,12.09,58031.7,10411.1,11127.8,0.0572,Chlorpheniramine,LC-MS/MS
SMP-01028,1.26,13043.4,3270.4,3488.2,0.0128,Uracil,LC-MS/MS
SMP-01028,2.82,44250.0,8629.5,9073.6,0.0438,Acetaminophen,LC-MS/MS
SMP-01028,4.16,90394.8,14608.1,14859.5,0.0918,Caffeine,LC-MS/MS
SMP-01028,5.58,23504.8,4914.9,5165.8,0.0231,Aspirin,LC-MS/MS
SMP-01028,7.26,59475.8,9719.2,10247.1,0.0604,Benzoic Acid,LC-MS/MS
SMP-01028,8.95,29937.0,6051.4,6313.3,0.0303,Phenacetin,LC-MS/MS
SMP-01028,10.47,18142.4,4446.7,4684.5,0.0178,Salicylic Acid,LC-MS/MS
SMP-01028,12.15,47227.3,8747.7,9140.6,0.0467,Chlorpheniramine,LC-MS/MS
SMP-01029,1.23,10458.6,2692.9,2733.0,0.01,Uracil,LC-MS/MS
SMP-01029,2.81,47694.7,9173.9,9229.4,0.0473,Acetaminophen,LC-MS/MS
SMP-01029,4.12,86225.0,14278.5,14396.5,0.0832,Caffeine,LC-MS/MS
SMP-01029,5.6,24811.1,5636.8,5715.1,0.0245,Aspirin,LC-MS/MS
SMP-01029,7.18,59727.6,9716.7,10113.5,0.0587,Benzoic Acid,LC-MS/MS
SMP-01029,8.99,34056.5,6932.8,7014.8,0.0338,Phenacetin,LC-MS/MS
SMP-01029,10.42,15556.1,3873.9,3926.5,0.0155,Salicylic Acid,LC-MS/MS
SMP-01029,12.12,53106.1,9314.8,9351.0,0.0537,Chlorpheniramine,LC-MS/MS
SMP-01030,1.28,11515.6,3005.9,3054.3,0.0111,Uracil,LC-MS/MS
SMP-01030,2.74,48289.4,9516.8,9814.9,0.0485,Acetaminophen,LC-MS/MS
SMP-01030,4.18,99886.7,16686.1,17332.4,0.0997,Caffeine,LC-MS/MS
SMP-01030,5.59,22180.2,4880.8,5148.4,0.0225,Aspirin,LC-MS/MS
SMP-01030,7.21,57955.8,9154.9,9471.8,0.0574,Benzoic Acid,LC-MS/MS
SMP-01030,8.97,37699.2,7652.8,7835.2,0.0378,Phenacetin,LC-MS/MS
SMP-01030,10.41,14926.7,3690.9,3768.7,0.0147,Salicylic Acid,LC-MS/MS
SMP-01030,12.09,47731.3,8388.7,8774.3,0.0467,Chlorpheniramine,LC-MS/MS
SMP-01031,1.32,12114.9,2961.1,3076.6,0.0123,Uracil,LC-MS/MS
SMP-01031,2.75,41179.8,8043.7,8279.8,0.0421,Acetaminophen,LC-MS/MS
SMP-01031,4.16,93225.1,15492.2,15510.5,0.0933,Caffeine,LC-MS/MS
SMP-01031,5.61,23482.9,5438.6,5556.0,0.0238,Aspirin,LC-MS/MS
SMP-01031,7.22,52155.2,8370.2,8523.6,0.0515,Benzoic Acid,LC-MS/MS
SMP-01031,8.95,35223.8,7084.5,7402.1,0.0351,Phenacetin,LC-MS/MS
SMP-01031,10.39,13722.2,3156.2,3314.2,0.0134,Salicylic Acid,LC-MS/MS
SMP-01031,12.1,48893.4,8615.6,8891.7,0.0485,Chlorpheniramine,LC-MS/MS
SMP-01032,1.23,11958.5,3161.7,3169.1,0.0118,Uracil,LC-MS/MS
SMP-01032,2.79,51777.2,9997.5,10208.1,0.051,Acetaminophen,LC-MS/MS
SMP-01032,4.1,99868.4,16312.8,16497.9,0.1022,Caffeine,LC-MS/MS
SMP-01032,5.59,21844.0,4668.2,4821.1,0.0222,Aspirin,LC-MS/MS
SMP-01032,7.21,75205.4,12454.6,12865.5,0.0734,Benzoic Acid,LC-MS/MS
SMP-01032,8.85,25263.2,5079.0,5405.1,0.0256,Phenacetin,LC-MS/MS
SMP-01032,10.43,19593.4,4778.9,5040.0,0.0199,Salicylic Acid,LC-MS/MS
SMP-01032,12.12,57486.4,10259.9,10360.8,0.0573,Chlorpheniramine,LC-MS/MS
SMP-01033,1.23,11359.5,3127.6,3159.4,0.0117,Uracil,LC-MS/MS
SMP-01033,2.81,32169.5,6449.6,6857.0,0.0324,Acetaminophen,LC-MS/MS
SMP-01033,4.18,86077.9,14082.7,14869.0,0.0871,Caffeine,LC-MS/MS
SMP-01033,5.57,23095.1,5176.9,5360.4,0.023,Aspirin,LC-MS/MS
SMP-01033,7.21,72706.4,12357.6,12407.8,0.0733,Benzoic Acid,LC-MS/MS
SMP-01033,8.89,27696.3,5249.4,5449.7,0.0278,Phenacetin,LC-MS/MS
SMP-01033,10.39,16574.4,4145.6,4147.1,0.0168,Salicylic Acid,LC-MS/MS
SMP-01033,12.13,59703.6,10688.4,10911.7,0.0603,Chlorpheniramine,LC-MS/MS
SMP-01034,1.24,13301.0,3280.7,3375.3,0.0134,Uracil,LC-MS/MS
SMP-01034,2.77,43238.6,8576.3,8978.8,0.0433,Acetaminophen,LC-MS/MS
SMP-01034,4.15,82994.9,13585.2,13532.7,0.0837,Caffeine,LC-MS/MS
SMP-01034,5.57,23276.0,5149.7,5317.2,0.0223,Aspirin,LC-MS/MS
SMP-01034,7.2,71080.6,11050.1,11191.8,0.0721,Benzoic Acid,LC-MS/MS
SMP-01034,8.94,34210.5,6840.4,6966.1,0.0337,Phenacetin,LC-MS/MS
SMP-01034,10.37,13027.7,3157.4,3314.5,0.0134,Salicylic Acid,LC-MS/MS
SMP-01034,12.11,319800.1,50817.7,55085.3,0.3254,Chlorpheniramine,LC-MS/MS
SMP-01035,1.2,11519.4,3014.1,3005.2,0.0117,Uracil,LC-MS/MS
SMP-01035,2.8,47978.6,9150.4,9526.8,0.0472,Acetaminophen,LC-MS/MS
SMP-01035,4.12,117006.1,18836.0,19940.3,0.1193,Caffeine,LC-MS/MS
SMP-01035,5.56,25262.6,5340.7,5384.8,0.0258,Aspirin,LC-MS/MS
SMP-01035,7.17,59495.6,9653.3,9816.1,0.0598,Benzoic Acid,LC-MS/MS
SMP-01035,8.96,38579.9,7723.5,8193.2,0.039,Phenacetin,LC-MS/MS
SMP-01035,10.4,16573.3,4269.9,4337.7,0.0168,Salicylic Acid,LC-MS/MS
SMP-01035,12.08,49647.6,8331.4,8469.4,0.0494,Chlorpheniramine,LC-MS/MS
SMP-01036,1.27,11746.5,3058.2,3156.9,0.0122,Uracil,LC-MS/MS
SMP-01036,2.86,49160.6,10087.7,10218.4,0.0477,Acetaminophen,LC-MS/MS
SMP-01036,4.19,96754.0,15392.2,16159.3,0.1008,Caffeine,LC-MS/MS
SMP-01036,5.63,20748.0,4670.9,4670.7,0.0207,Aspirin,LC-MS/MS
SMP-01036,7.23,57698.0,10397.8,10514.2,0.0568,Benzoic Acid,LC-MS/MS
SMP-01036,8.94,34012.8,6647.7,6539.6,0.0345,Phenacetin,LC-MS/MS
SMP-01036,10.4,17142.1,4244.6,4276.3,0.0173,Salicylic Acid,LC-MS/MS
SMP-01036,12.1,50271.7,8832.4,9088.7,0.0524,Chlorpheniramine,LC-MS/MS
SMP-01037,1.25,10422.6,2623.6,2709.6,0.011,Uracil,LC-MS/MS
SMP-01037,2.76,42713.7,8362.5,8840.1,0.0427,Acetaminophen,LC-MS/MS
SMP-01037,4.16,86770.9,13722.8,14403.9,0.0886,Caffeine,LC-MS/MS
SMP-01037,5.62,20147.3,4250.5,4385.8,0.0204,Aspirin,LC-MS/MS
SMP-01037,7.2,84584.4,13892.7,14087.2,0.085,Benzoic Acid,LC-MS/MS
SMP-01037,8.96,26873.7,5312.0,5694.1,0.0275,Phenacetin,LC-MS/MS
SMP-01037,10.36,20772.2,4881.6,5037.7,0.0208,Salicylic Acid,LC-MS/MS
SMP-01037,12.11,51101.0,9136.1,9664.5,0.0494,Chlorpheniramine,LC-MS/MS
SMP-01038,1.24,12467.7,3349.2,3460.4,0.0125,Uracil,LC-MS/MS
SMP-01038,2.8,49148.3,9458.9,9882.2,0.0484,Acetaminophen,LC-MS/MS
SMP-01038,4.16,84765.4,13735.4,13960.0,0.0872,Caffeine,LC-MS/MS
SMP-01038,5.56,110787.8,25566.6,24126.9,0.1097,Aspirin,LC-MS/MS
SMP-01038,7.22,76314.3,12382.8,12479.5,0.0762,Benzoic Acid,LC-MS/MS
SMP-01038,8.99,32236.3,6560.3,6532.2,0.0324,Phenacetin,LC-MS/MS
SMP-01038,10.38,14318.5,3404.5,3570.9,0.014,Salicylic Acid,LC-MS/MS
SMP-01038,12.07,49194.7,8632.7,8834.5,0.0489,Chlorpheniramine,LC-MS/MS
SMP-01039,1.25,13641.4,3392.2,3539.7,0.0137,Uracil,LC-MS/MS
SMP-01039,2.78,37713.8,7472.8,7686.1,0.0355,Acetaminophen,LC-MS/MS
SMP-01039,4.15,91997.5,15420.4,15669.1,0.091,Caffeine,LC-MS/MS
SMP-01039,5.59,23030.0,5094.8,5208.1,0.0225,Aspirin,LC-MS/MS
SMP-01039,7.24,68286.1,11040.8,11606.8,0.0667,Benzoic Acid,LC-MS/MS
SMP-01039,9.02,29284.4,5774.6,6124.1,0.0278,Phenacetin,LC-MS/MS
SMP-01039,10.42,19696.9,4811.7,5054.3,0.0198,Salicylic Acid,LC-MS/MS
SMP-01039,12.05,60176.6,10871.3,11271.0,0.058,Chlorpheniramine,LC-MS/MS
SMP-01040,1.21,14719.5,3872.6,4087.7,0.0145,Uracil,LC-MS/MS
SMP-01040,2.77,53545.7,9785.4,10057.9,0.053,Acetaminophen,LC-MS/MS
SMP-01040,4.14,74890.5,12047.1,12337.1,0.0752,Caffeine,LC-MS/MS
SMP-01040,5.65,24087.8,5494.3,5768.1,0.0244,Aspirin,LC-MS/MS
SMP-01040,7.21,68161.0,10554.0,11137.9,0.0697,Benzoic Acid,LC-MS/MS
SMP-01040,8.9,27503.7,5778.3,6016.3,0.0275,Phenacetin,LC-MS/MS
SMP-01040,10.36,14001.0,3394.4,3565.1,0.014,Salicylic Acid,LC-MS/MS
SMP-01040,12.12,55694.7,9624.5,9794.4,0.0559,Chlorpheniramine,LC-MS/MS
SMP-01041,1.24,11740.6,3004.0,3011.7,0.012,Uracil,LC-MS/MS
SMP-01041,2.81,42789.3,8214.0,8499.4,0.0439,Acetaminophen,LC-MS/MS
SMP-01041,4.07,82156.5,13418.9,13430.6,0.0826,Caffeine,LC-MS/MS
SMP-01041,5.58,26414.3,5790.4,5944.5,0.0265,Aspirin,LC-MS/MS
SMP-01041,7.22,63822.8,10356.1,10471.7,0.0641,Benzoic Acid,LC-MS/MS
SMP-01041,8.96,32275.5,6679.8,6793.4,0.0326,Phenacetin,LC-MS/MS
SMP-01041,10.41,17670.3,4240.6,4284.7,0.0177,Salicylic Acid,LC-MS/MS
SMP-01041,12.09,46302.1,8975.0,9228.0,0.0466,Chlorpheniramine,LC-MS/MS
SMP-01042,1.26,11230.2,2926.9,3134.5,0.0114,Uracil,LC-MS/MS
SMP-01042,2.82,47509.3,9323.8,9661.9,0.0478,Acetaminophen,LC-MS/MS
SMP-01042,4.19,81058.6,13041.7,13100.0,0.0809,Caffeine,LC-MS/MS
SMP-01042,5.6,20950.5,4601.7,4756.7,0.0209,Aspirin,LC-MS/MS
SMP-01042,7.16,72991.0,12371.9,12835.2,0.0716,Benzoic Acid,LC-MS/MS
SMP-01042,8.95,30523.2,6452.8,6525.8,0.0303,Phenacetin,LC-MS/MS
SMP-01042,10.37,17614.1,4290.8,4507.8,0.0175,Salicylic Acid,LC-MS/MS
SMP-01042,12.11,66980.6,12466.3,12433.7,0.0662,Chlorpheniramine,LC-MS/MS
SMP-01043,1.21,9873.7,2577.1,2723.2,0.0098,Uracil,LC-MS/MS
SMP-01043,2.8,48331.2,9585.1,9726.7,0.0494,Acetaminophen,LC-MS/MS
SMP-01043,4.13,89974.4,15590.8,15835.6,0.0862,Caffeine,LC-MS/MS
SMP-01043,5.58,21388.1,4450.2,4625.9,0.0214,Aspirin,LC-MS/MS
SMP-01043,7.21,78127.9,12434.1,12499.3,0.0783,Benzoic Acid,LC-MS/MS
SMP-01043,8.94,25357.2,5257.0,5471.5,0.025,Phenacetin,LC-MS/MS
SMP-01043,10.38,13473.4,3221.2,3166.0,0.014,Salicylic Acid,LC-MS/MS
SMP-01043,12.1,59753.7,10861.7,11248.8,0.0598,Chlorpheniramine,LC-MS/MS
SMP-01044,1.24,13257.6,3430.7,3603.1,0.0133,Uracil,LC-MS/MS
SMP-01044,2.8,46055.6,8825.1,8992.7,0.0459,Acetaminophen,LC-MS/MS
SMP-01044,4.19,72932.0,11629.4,11375.1,0.0734,Caffeine,LC-MS/MS
SMP-01044,5.58,29269.3,6462.2,6682.5,0.0282,Aspirin,LC-MS/MS
SMP-01044,7.17,65380.7,11147.2,11380.2,0.0655,Benzoic Acid,LC-MS/MS
SMP-01044,8.94,36888.4,7592.5,8062.9,0.0376,Phenacetin,LC-MS/MS
SMP-01044,10.39,14691.1,3594.6,3736.5,0.0138,Salicylic Acid,LC-MS/MS
SMP-01044,12.11,55587.2,9800.0,9809.5,0.0572,Chlorpheniramine,LC-MS/MS
SMP-01045,1.2,11313.5,2825.5,2976.1,0.011,Uracil,LC-MS/MS
SMP-01045,2.8,49203.9,9555.6,9573.5,0.0497,Acetaminophen,LC-MS/MS
SMP-01045,4.17,74786.8,12393.8,12978.2,0.0746,Caffeine,LC-MS/MS
SMP-01045,5.61,20102.7,4423.9,4333.6,0.0198,Aspirin,LC-MS/MS
SMP-01045,7.19,70597.6,11778.4,12197.3,0.0687,Benzoic Acid,LC-MS/MS
SMP-01045,8.96,27412.6,5611.3,5938.7,0.0271,Phenacetin,LC-MS/MS
SMP-01045,10.45,18200.9,4396.2,4625.7,0.0183,Salicylic Acid,LC-MS/MS
SMP-01045,12.07,43948.9,7636.6,7772.5,0.0436,Chlorpheniramine,LC-MS/MS
SMP-01046,1.28,11857.3,3210.6,3330.7,0.0118,Uracil,LC-MS/MS
SMP-01046,2.83,46503.7,8474.5,8816.8,0.0467,Acetaminophen,LC-MS/MS
SMP-01046,4.12,84494.6,14030.3,14747.2,0.0848,Caffeine,LC-MS/MS
SMP-01046,5.6,21322.1,4484.6,4717.8,0.0215,Aspirin,LC-MS/MS
SMP-01046,7.18,67804.8,11661.0,12285.0,0.0687,Benzoic Acid,LC-MS/MS
SMP-01046,8.88,29723.4,5896.0,6167.4,0.0304,Phenacetin,LC-MS/MS
SMP-01046,10.43,14112.8,3341.5,3443.4,0.0142,Salicylic Acid,LC-MS/MS
SMP-01046,12.14,49358.6,8541.4,8850.8,0.0471,Chlorpheniramine,LC-MS/MS
SMP-01047,1.28,11542.2,2919.2,2869.3,0.0114,Uracil,LC-MS/MS
SMP-01047,2.8,41268.3,8095.6,8395.4,0.0414,Acetaminophen,LC-MS/MS
SMP-01047,4.15,73360.2,11842.4,12086.1,0.0723,Caffeine,LC-MS/MS
SMP-01047,5.61,20724.1,4553.3,4798.5,0.021,Aspirin,LC-MS/MS
SMP-01047,7.16,70885.1,11763.5,11857.1,0.0732,Benzoic Acid,LC-MS/MS
SMP-01047,8.97,32315.1,6692.1,6751.7,0.0313,Phenacetin,LC-MS/MS
SMP-01047,10.4,14014.2,3548.1,3750.1,0.0145,Salicylic Acid,LC-MS/MS
SMP-01047,12.13,55382.3,9457.6,9774.2,0.0566,Chlorpheniramine,LC-MS/MS
SMP-01048,1.24,13415.4,3371.8,3577.9,0.0135,Uracil,LC-MS/MS
SMP-01048,2.76,51034.7,9975.8,10401.6,0.0516,Acetaminophen,LC-MS/MS
SMP-01048,4.17,82612.5,13535.5,13636.1,0.0817,Caffeine,LC-MS/MS
SMP-01048,5.54,21101.7,4727.9,4968.3,0.0216,Aspirin,LC-MS/MS
SMP-01048,7.18,62838.6,10880.9,11150.2,0.0627,Benzoic Acid,LC-MS/MS
SMP-01048,8.96,29372.4,6487.6,6563.7,0.0304,Phenacetin,LC-MS/MS
SMP-01048,10.41,15924.4,3892.5,3980.4,0.016,Salicylic Acid,LC-MS/MS
SMP-01048,12.07,57671.6,9785.4,10173.8,0.0567,Chlorpheniramine,LC-MS/MS
SMP-01049,1.23,12132.2,3187.0,3247.4,0.0118,Uracil,LC-MS/MS
SMP-01049,2.82,54213.3,10693.5,10850.8,0.0553,Acetaminophen,LC-MS/MS
SMP-01049,4.18,84299.1,13745.9,13866.2,0.0856,Caffeine,LC-MS/MS
SMP-01049,5.6,25722.0,5828.0,5995.6,0.0255,Aspirin,LC-MS/MS
SMP-01049,7.18,71972.7,11906.4,12219.0,0.0715,Benzoic Acid,LC-MS/MS
SMP-01049,8.94,34589.8,6711.2,6826.7,0.0355,Phenacetin,LC-MS/MS
SMP-01049,10.36,14593.2,3327.8,3284.5,0.0148,Salicylic Acid,LC-MS/MS
SMP-01049,12.06,49619.3,8595.6,9097.0,0.0493,Chlorpheniramine,LC-MS/MS
SMP-01050,1.21,12946.9,3332.8,3352.2,0.0133,Uracil,LC-MS/MS
SMP-01050,2.81,50990.7,10243.3,10492.1,0.051,Acetaminophen,LC-MS/MS
SMP-01050,4.26,85281.1,13570.6,14214.8,0.0848,Caffeine,LC-MS/MS
SMP-01050,5.6,20978.6,4640.3,4874.4,0.0203,Aspirin,LC-MS/MS
SMP-01050,7.2,72372.8,11665.9,12026.4,0.0702,Benzoic Acid,LC-MS/MS
SMP-01050,8.95,33224.2,6787.0,7009.0,0.0329,Phenacetin,LC-MS/MS
SMP-01050,10.45,16233.1,3813.3,4061.5,0.016,Salicylic Acid,LC-MS/MS
SMP-01050,12.12,54319.8,9868.1,9859.6,0.055,Chlorpheniramine,LC-MS/MS
SMP-01051,1.24,13166.2,3225.3,3244.7,0.0132,Uracil,LC-MS/MS
SMP-01051,2.85,44552.5,8307.8,8775.9,0.0435,Acetaminophen,LC-MS/MS
SMP-01051,4.2,84780.8,13118.0,13721.6,0.0852,Caffeine,LC-MS/MS
SMP-01051,5.57,19411.0,4382.4,4450.9,0.0197,Aspirin,LC-MS/MS
SMP-01051,7.22,58939.8,10148.9,10667.7,0.0596,Benzoic Acid,LC-MS/MS
SMP-01051,8.93,36683.8,7478.7,7553.6,0.0373,Phenacetin,LC-MS/MS
SMP-01051,10.42,15689.5,3912.7,3983.0,0.0162,Salicylic Acid,LC-MS/MS
SMP-01051,12.03,59269.7,10759.7,11231.0,0.0588,Chlorpheniramine,LC-MS/MS
SMP-01052,1.22,13891.7,3599.5,3737.9,0.0143,Uracil,LC-MS/MS
SMP-01052,2.82,43565.1,8272.3,8362.7,0.0429,Acetaminophen,LC-MS/MS
SMP-01052,4.16,69983.4,11129.1,11524.3,0.0696,Caffeine,LC-MS/MS
SMP-01052,5.61,22083.8,4665.1,4847.6,0.0225,Aspirin,LC-MS/MS
SMP-01052,7.25,78101.5,12542.2,12714.5,0.0778,Benzoic Acid,LC-MS/MS
SMP-01052,8.93,30894.0,6415.8,6742.3,0.0307,Phenacetin,LC-MS/MS
SMP-01052,10.42,15142.5,3999.1,4059.0,0.0147,Salicylic Acid,LC-MS/MS
SMP-01052,12.08,58641.7,10371.2,10713.2,0.0591,Chlorpheniramine,LC-MS/MS
SMP-01053,1.24,11710.8,2977.8,3067.5,0.012,Uracil,LC-MS/MS
SMP-01053,2.82,52112.7,10213.2,10615.2,0.0512,Acetaminophen,LC-MS/MS
SMP-01053,4.15,72105.7,12738.3,13485.2,0.0701,Caffeine,LC-MS/MS
SMP-01053,5.61,24430.2,5119.3,5122.5,0.0244,Aspirin,LC-MS/MS
SMP-01053,7.21,77731.4,12411.7,13032.1,0.0768,Benzoic Acid,LC-MS/MS
SMP-01053,8.97,30546.3,5994.8,6480.8,0.0309,Phenacetin,LC-MS/MS
SMP-01053,10.4,15940.2,3893.5,3944.9,0.0158,Salicylic Acid,LC-MS/MS
SMP-01053,12.04,59796.7,10677.3,11111.1,0.0589,Chlorpheniramine,LC-MS/MS
SMP-01054,1.28,13419.5,3412.9,3554.9,0.014,Uracil,LC-MS/MS
SMP-01054,2.85,39649.8,7469.6,7685.3,0.04,Acetaminophen,LC-MS/MS
SMP-01054,4.16,92799.4,14623.5,14956.9,0.0936,Caffeine,LC-MS/MS
SMP-01054,5.59,23043.8,5158.7,5233.3,0.0238,Aspirin,LC-MS/MS
SMP-01054,7.21,60245.7,9568.5,9835.0,0.0591,Benzoic Acid,LC-MS/MS
SMP-01054,8.88,30671.4,6454.8,6703.5,0.0308,Phenacetin,LC-MS/MS
SMP-01054,10.47,16084.5,3955.4,4092.0,0.0163,Salicylic Acid,LC-MS/MS
SMP-01054,12.07,48902.0,8984.2,9334.6,0.0488,Chlorpheniramine,LC-MS/MS
SMP-01055,1.2,13320.3,3372.4,3566.0,0.0134,Uracil,LC-MS/MS
SMP-01055,2.81,43972.7,8374.0,8796.2,0.0453,Acetaminophen,LC-MS/MS
SMP-01055,4.14,81459.1,13031.4,13345.4,0.0824,Caffeine,LC-MS/MS
SMP-01055,5.57,21131.5,4513.7,4694.7,0.0205,Aspirin,LC-MS/MS
SMP-01055,7.19,63657.1,9983.5,10222.5,0.0626,Benzoic Acid,LC-MS/MS
SMP-01055,8.89,26931.2,5566.9,5529.8,0.0262,Phenacetin,LC-MS/MS
SMP-01055,10.46,16046.7,4033.6,4236.1,0.0161,Salicylic Acid,LC-MS/MS
SMP-01055,12.14,56139.8,10673.8,10975.5,0.0565,Chlorpheniramine,LC-MS/MS
SMP-01056,1.22,12001.1,3125.0,3203.1,0.0119,Uracil,LC-MS/MS
SMP-01056,2.78,48801.3,9742.4,9976.9,0.047,Acetaminophen,LC-MS/MS
SMP-01056,4.12,100220.8,16407.2,16343.6,0.0991,Caffeine,LC-MS/MS
SMP-01056,5.59,22264.2,5025.4,5173.5,0.0221,Aspirin,LC-MS/MS
SMP-01056,7.18,70215.5,11128.4,11432.2,0.0701,Benzoic Acid,LC-MS/MS
SMP-01056,8.96,28356.1,5877.2,6202.7,0.0275,Phenacetin,LC-MS/MS
SMP-01056,10.42,14052.8,3576.2,3638.9,0.014,Salicylic Acid,LC-MS/MS
SMP-01056,12.12,62691.7,11185.0,11684.9,0.0617,Chlorpheniramine,LC-MS/MS
SMP-01057,1.26,11796.0,3103.9,3192.1,0.0115,Uracil,LC-MS/MS
SMP-01057,2.81,50875.1,9687.6,9858.7,0.0523,Acetaminophen,LC-MS/MS
SMP-01057,4.18,97944.0,15698.4,16422.4,0.0975,Caffeine,LC-MS/MS
SMP-01057,5.59,21727.8,4638.6,4880.7,0.0217,Aspirin,LC-MS/MS
SMP-01057,7.21,67189.0,11497.8,11466.8,0.0687,Benzoic Acid,LC-MS/MS
SMP-01057,8.97,34961.7,7253.2,7440.8,0.0348,Phenacetin,LC-MS/MS
SMP-01057,10.36,15054.3,3671.4,3800.2,0.0147,Salicylic Acid,LC-MS/MS
SMP-01057,12.11,45244.6,7821.6,8250.4,0.0465,Chlorpheniramine,LC-MS/MS
SMP-01058,1.28,11443.5,2829.2,2846.9,0.0117,Uracil,LC-MS/MS
SMP-01058,2.78,50540.9,9928.5,10413.6,0.0501,Acetaminophen,LC-MS/MS
SMP-01058,4.15,96377.0,16271.3,16701.4,0.0934,Caffeine,LC-MS/MS
SMP-01058,5.55,25282.1,5741.9,6172.9,0.0252,Aspirin,LC-MS/MS
SMP-01058,7.21,67349.2,10388.2,10171.5,0.0694,Benzoic Acid,LC-MS/MS
SMP-01058,8.93,30418.8,6033.4,6047.9,0.0313,Phenacetin,LC-MS/MS
SMP-01058,10.4,17239.2,4171.8,4297.0,0.0175,Salicylic Acid,LC-MS/MS
SMP-01058,12.11,59690.2,10942.9,10895.8,0.0585,Chlorpheniramine,LC-MS/MS
SMP-01059,1.34,12753.8,3184.7,3357.8,0.0128,Uracil,LC-MS/MS
SMP-01059,2.8,47147.6,8936.7,9128.6,0.0458,Acetaminophen,LC-MS/MS
SMP-01059,4.12,79159.7,12992.3,13417.8,0.0773,Caffeine,LC-MS/MS
SMP-01059,5.57,20136.5,4517.3,4875.7,0.02,Aspirin,LC-MS/MS
SMP-01059,7.22,59012.6,9686.5,9888.0,0.0609,Benzoic Acid,LC-MS/MS
SMP-01059,8.93,29976.0,6112.0,6502.4,0.0311,Phenacetin,LC-MS/MS
SMP-01059,10.41,14329.0,3417.4,3490.0,0.0144,Salicylic Acid,LC-MS/MS
SMP-01059,12.09,63546.6,11108.7,11405.1,0.063,Chlorpheniramine,LC-MS/MS
SMP-01060,1.28,10700.9,2866.7,2822.1,0.0103,Uracil,LC-MS/MS
SMP-01060,2.77,51806.4,9828.4,10249.8,0.0539,Acetaminophen,LC-MS/MS
SMP-01060,4.15,93728.2,15401.3,15568.5,0.0958,Caffeine,LC-MS/MS
SMP-01060,5.59,21678.0,4974.3,5320.7,0.0212,Aspirin,LC-MS/MS
SMP-01060,7.17,74704.1,12165.7,12522.7,0.0783,Benzoic Acid,LC-MS/MS
SMP-01060,8.94,30453.9,6304.6,6390.2,0.0301,Phenacetin,LC-MS/MS
SMP-01060,10.4,16226.0,3982.4,4060.4,0.0162,Salicylic Acid,LC-MS/MS
SMP-01060,12.12,57260.8,10177.2,10693.7,0.0563,Chlorpheniramine,LC-MS/MS
SMP-01061,1.19,12968.0,3413.0,3569.8,0.013,Uracil,LC-MS/MS
SMP-01061,2.76,45100.9,8951.1,9298.8,0.0457,Acetaminophen,LC-MS/MS
SMP-01061,4.16,100529.7,17242.5,17607.8,0.1014,Caffeine,LC-MS/MS
SMP-01061,5.62,22271.0,4843.1,4880.6,0.022,Aspirin,LC-MS/MS
SMP-01061,7.22,78844.9,12715.1,12717.9,0.0808,Benzoic Acid,LC-MS/MS
SMP-01061,8.9,27015.7,5645.0,5819.5,0.0267,Phenacetin,LC-MS/MS
SMP-01061,10.42,16407.3,4076.9,4219.2,0.0164,Salicylic Acid,LC-MS/MS
SMP-01061,12.06,51704.3,9660.7,9695.3,0.0525,Chlorpheniramine,LC-MS/MS
SMP-01062,1.24,13138.6,3435.0,3442.5,0.013,Uracil,LC-MS/MS
SMP-01062,2.76,40777.1,8177.5,8569.6,0.0404,Acetaminophen,LC-MS/MS
SMP-01062,4.2,82152.7,13120.6,13761.5,0.0832,Caffeine,LC-MS/MS
SMP-01062,5.62,23507.1,5043.0,5097.2,0.0233,Aspirin,LC-MS/MS
SMP-01062,7.19,60221.1,9792.1,10202.9,0.0596,Benzoic Acid,LC-MS/MS
SMP-01062,9.01,35917.7,7330.5,7532.1,0.0356,Phenacetin,LC-MS/MS
SMP-01062,10.46,15087.9,3924.8,4136.9,0.0154,Salicylic Acid,LC-MS/MS
SMP-01062,12.08,44552.1,8612.9,8909.2,0.0431,Chlorpheniramine,LC-MS/MS
SMP-01063,1.31,12458.6,3210.8,3275.9,0.0127,Uracil,LC-MS/MS
SMP-01063,2.85,49391.4,9670.8,10018.3,0.0478,Acetaminophen,LC-MS/MS
SMP-01063,4.15,62082.0,9804.9,10338.7,0.062,Caffeine,LC-MS/MS
SMP-01063,5.61,22539.6,4778.3,4731.7,0.0219,Aspirin,LC-MS/MS
SMP-01063,7.16,67481.4,11242.4,11875.2,0.0686,Benzoic Acid,LC-MS/MS
SMP-01063,8.94,32157.3,6718.6,6951.9,0.0324,Phenacetin,LC-MS/MS
SMP-01063,10.4,15217.3,3731.1,3901.0,0.0148,Salicylic Acid,LC-MS/MS
SMP-01063,12.06,53912.9,9611.0,10089.1,0.0544,Chlorpheniramine,LC-MS/MS
SMP-01064,1.29,11000.6,2856.6,2905.2,0.0112,Uracil,LC-MS/MS
SMP-01064,2.82,50581.9,9586.7,9753.7,0.051,Acetaminophen,LC-MS/MS
SMP-01064,4.14,99532.4,16023.1,16637.7,0.0959,Caffeine,LC-MS/MS
SMP-01064,5.57,19107.5,4236.3,4266.6,0.0195,Aspirin,LC-MS/MS
SMP-01064,7.24,70595.7,12035.6,12139.0,0.072,Benzoic Acid,LC-MS/MS
SMP-01064,8.99,32731.1,6398.6,6771.7,0.0311,Phenacetin,LC-MS/MS
SMP-01064,10.42,17351.4,4315.0,4530.4,0.0174,Salicylic Acid,LC-MS/MS
SMP-01064,12.09,57176.3,10564.3,11028.8,0.0568,Chlorpheniramine,LC-MS/MS
SMP-01065,1.22,12677.1,3248.9,3398.5,0.0128,Uracil,LC-MS/MS
SMP-01065,2.82,54433.6,9909.1,9981.7,0.0547,Acetaminophen,LC-MS/MS
SMP-01065,4.15,90604.0,14339.3,14510.2,0.0886,Caffeine,LC-MS/MS
SMP-01065,5.58,23130.5,4929.1,5088.5,0.0235,Aspirin,LC-MS/MS
SMP-01065,7.21,71386.6,11872.1,12025.1,0.0716,Benzoic Acid,LC-MS/MS
SMP-01065,8.98,36692.2,7623.1,7721.6,0.0367,Phenacetin,LC-MS/MS
SMP-01065,10.42,15864.1,3940.1,3987.4,0.0164,Salicylic Acid,LC-MS/MS
SMP-01065,12.08,36711.4,6721.7,7037.1,0.0371,Chlorpheniramine,LC-MS/MS
SMP-01066,1.23,14503.1,3746.0,3883.0,0.0143,Uracil,LC-MS/MS
SMP-01066,2.8,52849.8,10443.4,10361.3,0.0535,Acetaminophen,LC-MS/MS
SMP-01066,4.18,86786.3,14589.1,15277.8,0.087,Caffeine,LC-MS/MS
SMP-01066,5.61,24335.1,5441.3,5710.3,0.025,Aspirin,LC-MS/MS
SMP-01066,7.25,67134.9,11327.6,11751.4,0.0645,Benzoic Acid,LC-MS/MS
SMP-01066,8.97,31183.1,6160.4,6429.1,0.0303,Phenacetin,LC-MS/MS
SMP-01066,10.41,76977.8,14466.6,18715.4,0.0772,Salicylic Acid,LC-MS/MS
SMP-01066,12.14,54556.9,9682.7,10385.7,0.0565,Chlorpheniramine,LC-MS/MS
SMP-01067,1.21,13173.8,3296.5,3363.9,0.0128,Uracil,LC-MS/MS
SMP-01067,2.78,55732.9,10702.1,11184.5,0.0546,Acetaminophen,LC-MS/MS
SMP-01067,4.13,85321.3,13928.0,14240.2,0.0848,Caffeine,LC-MS/MS
SMP-01067,5.61,22673.2,4839.0,4944.8,0.0226,Aspirin,LC-MS/MS
SMP-01067,7.19,61572.4,10129.5,10344.1,0.0615,Benzoic Acid,LC-MS/MS
SMP-01067,8.95,33670.4,6921.4,7044.9,0.0332,Phenacetin,LC-MS/MS
SMP-01067,10.37,15440.8,3741.8,3873.3,0.0156,Salicylic Acid,LC-MS/MS
SMP-01067,12.11,61502.4,10935.4,11097.5,0.0606,Chlorpheniramine,LC-MS/MS
SMP-01068,1.17,10011.7,2325.9,2331.1,0.0098,Uracil,LC-MS/MS
SMP-01068,2.79,46652.3,8650.2,9436.8,0.0474,Acetaminophen,LC-MS/MS
SMP-01068,4.15,86747.0,13385.8,13551.0,0.0858,Caffeine,LC-MS/MS
SMP-01068,5.62,24684.1,5548.9,5770.1,0.0242,Aspirin,LC-MS/MS
SMP-01068,7.17,73373.9,11784.4,12272.7,0.0738,Benzoic Acid,LC-MS/MS
SMP-01068,8.95,34006.4,6938.1,7253.8,0.0344,Phenacetin,LC-MS/MS
SMP-01068,10.38,15375.5,3630.8,3746.7,0.0156,Salicylic Acid,LC-MS/MS
SMP-01068,12.12,53374.4,9454.9,9829.0,0.0509,Chlorpheniramine,LC-MS/MS
SMP-01069,1.23,13092.4,3508.4,3638.7,0.0134,Uracil,LC-MS/MS
SMP-01069,2.77,42270.0,8329.9,8557.5,0.0405,Acetaminophen,LC-MS/MS
SMP-01069,4.12,72653.2,12324.7,13160.6,0.0734,Caffeine,LC-MS/MS
SMP-01069,5.58,23349.4,4985.3,5116.1,0.0234,Aspirin,LC-MS/MS
SMP-01069,7.2,81674.1,13334.5,14055.7,0.08,Benzoic Acid,LC-MS/MS
SMP-01069,8.96,31455.3,6575.5,6699.7,0.0324,Phenacetin,LC-MS/MS
SMP-01069,10.41,17294.8,4397.4,4735.9,0.0169,Salicylic Acid,LC-MS/MS
SMP-01069,12.14,56120.4,10018.3,10204.6,0.0548,Chlorpheniramine,LC-MS/MS
SMP-01070,1.22,11993.2,3011.8,3105.3,0.0117,Uracil,LC-MS/MS
SMP-01070,2.78,43797.9,8615.3,9271.8,0.0446,Acetaminophen,LC-MS/MS
SMP-01070,4.17,93995.0,15302.9,15399.9,0.0926,Caffeine,LC-MS/MS
SMP-01070,5.59,20696.0,4839.7,4920.7,0.021,Aspirin,LC-MS/MS
SMP-01070,7.22,272475.7,44142.0,44231.6,0.277,Benzoic Acid,LC-MS/MS
SMP-01070,8.96,27739.4,5763.7,5794.5,0.0292,Phenacetin,LC-MS/MS
SMP-01070,10.45,13861.0,3471.1,3517.3,0.0136,Salicylic Acid,LC-MS/MS
SMP-01070,12.1,56880.0,10760.7,10952.5,0.0554,Chlorpheniramine,LC-MS/MS
SMP-01071,1.25,11678.4,2939.8,3025.5,0.0117,Uracil,LC-MS/MS
SMP-01071,2.77,51236.4,9981.9,10076.9,0.0512,Acetaminophen,LC-MS/MS
SMP-01071,4.11,72603.6,11395.7,11373.7,0.0712,Caffeine,LC-MS/MS
SMP-01071,5.65,23219.0,5190.5,5439.0,0.0229,Aspirin,LC-MS/MS
SMP-01071,7.25,59290.9,10051.5,10255.7,0.0589,Benzoic Acid,LC-MS/MS
SMP-01071,8.97,30342.2,6424.9,6697.3,0.0298,Phenacetin,LC-MS/MS
SMP-01071,10.37,12731.6,3083.9,3167.0,0.0122,Salicylic Acid,LC-MS/MS
SMP-01071,12.14,49427.1,8729.0,8964.3,0.049,Chlorpheniramine,LC-MS/MS
SMP-01072,1.3,15618.9,3988.0,4182.0,0.0163,Uracil,LC-MS/MS
SMP-01072,2.78,45905.7,9054.3,9207.0,0.0452,Acetaminophen,LC-MS/MS
SMP-01072,4.15,94415.8,14984.3,14857.7,0.0927,Caffeine,LC-MS/MS
SMP-01072,5.6,18982.5,4234.4,4395.7,0.0189,Aspirin,LC-MS/MS
SMP-01072,7.18,71678.1,11249.9,11645.6,0.0697,Benzoic Acid,LC-MS/MS
SMP-01072,8.93,29847.7,5884.7,6020.5,0.0305,Phenacetin,LC-MS/MS
SMP-01072,10.4,17271.9,4025.8,4051.3,0.0166,Salicylic Acid,LC-MS/MS
SMP-01072,12.09,54748.1,10183.4,10289.2,0.0552,Chlorpheniramine,LC-MS/MS
SMP-01073,1.24,12795.9,3252.4,3317.9,0.0128,Uracil,LC-MS/MS
SMP-01073,2.74,43079.9,8544.8,8787.7,0.0413,Acetaminophen,LC-MS/MS
SMP-01073,4.21,94670.7,15107.6,15505.6,0.0965,Caffeine,LC-MS/MS
SMP-01073,5.59,21156.5,4701.9,4884.5,0.0207,Aspirin,LC-MS/MS
SMP-01073,7.23,59755.5,9973.5,10116.5,0.0621,Benzoic Acid,LC-MS/MS
SMP-01073,8.92,37123.9,7828.5,7855.5,0.0386,Phenacetin,LC-MS/MS
SMP-01073,10.42,19391.9,4625.2,4735.8,0.0193,Salicylic Acid,LC-MS/MS
SMP-01073,12.09,58948.4,10153.1,10204.4,0.058,Chlorpheniramine,LC-MS/MS
SMP-01074,1.23,9788.7,2334.1,2421.3,0.0096,Uracil,LC-MS/MS
SMP-01074,2.79,42472.5,8127.8,8427.0,0.0415,Acetaminophen,LC-MS/MS
SMP-01074,4.17,91364.0,15693.4,15758.3,0.0896,Caffeine,LC-MS/MS
SMP-01074,5.63,22272.0,5059.6,5215.5,0.022,Aspirin,LC-MS/MS
SMP-01074,7.16,64490.1,10595.9,11450.6,0.0646,Benzoic Acid,LC-MS/MS
SMP-01074,8.96,32228.1,6512.8,6622.8,0.034,Phenacetin,LC-MS/MS
SMP-01074,10.42,18604.6,4534.4,4591.4,0.0188,Salicylic Acid,LC-MS/MS
SMP-01074,12.07,52239.6,9807.3,9776.9,0.0522,Chlorpheniramine,LC-MS/MS
SMP-01075,1.33,14459.1,3718.3,3798.5,0.0143,Uracil,LC-MS/MS
SMP-01075,2.83,41441.5,7648.6,7827.1,0.0408,Acetaminophen,LC-MS/MS
SMP-01075,4.19,305899.4,42295.2,44136.7,0.301,Caffeine,LC-MS/MS
SMP-01075,5.63,21777.0,4769.0,5012.3,0.0226,Aspirin,LC-MS/MS
SMP-01075,7.21,63599.9,11125.4,11125.9,0.0638,Benzoic Acid,LC-MS/MS
SMP-01075,8.95,34246.9,7517.4,7746.0,0.0339,Phenacetin,LC-MS/MS
SMP-01075,10.41,15720.5,3815.6,3746.2,0.0158,Salicylic Acid,LC-MS/MS
SMP-01075,12.04,55930.9,9896.6,10153.9,0.0558,Chlorpheniramine,LC-MS/MS
SMP-01076,1.26,12695.1,3417.6,3685.7,0.0127,Uracil,LC-MS/MS
SMP-01076,2.8,47521.8,9234.5,9185.6,0.0484,Acetaminophen,LC-MS/MS
SMP-01076,4.11,93572.0,15209.4,15232.0,0.0944,Caffeine,LC-MS/MS
SMP-01076,5.62,20627.6,4534.9,4591.8,0.0203,Aspirin,LC-MS/MS
SMP-01076,7.24,74393.6,12683.9,13184.7,0.0729,Benzoic Acid,LC-MS/MS
SMP-01076,8.96,36197.0,7093.1,7185.4,0.0365,Phenacetin,LC-MS/MS
SMP-01076,10.41,15973.7,3978.6,4119.4,0.0161,Salicylic Acid,LC-MS/MS
SMP-01076,12.1,50655.0,9031.7,9081.5,0.0496,Chlorpheniramine,LC-MS/MS
SMP-01077,1.27,13229.9,3464.5,3610.8,0.0133,Uracil,LC-MS/MS
SMP-01077,2.77,47342.6,9452.9,9816.7,0.0468,Acetaminophen,LC-MS/MS
SMP-01077,4.17,89794.6,14761.4,14960.7,0.0909,Caffeine,LC-MS/MS
SMP-01077,5.6,21156.7,4439.7,4628.6,0.0209,Aspirin,LC-MS/MS
SMP-01077,7.22,72967.8,11518.2,11908.5,0.0734,Benzoic Acid,LC-MS/MS
SMP-01077,8.96,28292.5,5778.8,5985.2,0.0285,Phenacetin,LC-MS/MS
SMP-01077,10.41,15475.4,3764.7,3844.6,0.0155,Salicylic Acid,LC-MS/MS
SMP-01077,12.14,51468.5,9536.8,9732.2,0.0518,Chlorpheniramine,LC-MS/MS
SMP-01078,1.27,12388.4,3284.3,3359.4,0.0125,Uracil,LC-MS/MS
SMP-01078,2.8,42863.7,9024.7,9046.0,0.0417,Acetaminophen,LC-MS/MS
SMP-01078,4.16,81182.2,12539.0,12880.2,0.0825,Caffeine,LC-MS/MS
SMP-01078,5.57,22954.9,5264.7,5564.2,0.0226,Aspirin,LC-MS/MS
SMP-01078,7.16,60798.4,10497.9,10789.2,0.0647,Benzoic Acid,LC-MS/MS
SMP-01078,8.95,29158.8,5871.2,6087.8,0.029,Phenacetin,LC-MS/MS
SMP-01078,10.44,16223.4,3783.8,3849.6,0.0166,Salicylic Acid,LC-MS/MS
SMP-01078,12.11,60029.2,11185.8,11067.4,0.0613,Chlorpheniramine,LC-MS/MS
SMP-01079,1.21,13659.5,3530.7,3611.0,0.0131,Uracil,LC-MS/MS
SMP-01079,2.86,37929.9,7014.1,7191.1,0.0379,Acetaminophen,LC-MS/MS
SMP-01079,4.16,67832.2,10601.4,10951.5,0.0677,Caffeine,LC-MS/MS
SMP-01079,5.61,25236.0,5582.0,5743.6,0.0251,Aspirin,LC-MS/MS
SMP-01079,7.23,64469.6,10509.8,10777.5,0.0637,Benzoic Acid,LC-MS/MS
SMP-01079,8.93,30974.4,6390.5,6738.2,0.0306,Phenacetin,LC-MS/MS
SMP-01079,10.4,15070.8,3592.5,3721.5,0.0148,Salicylic Acid,LC-MS/MS
SMP-01079,12.12,51807.0,9472.1,9677.2,0.05,Chlorpheniramine,LC-MS/MS
SMP-01080,1.3,11502.5,3040.2,3247.6,0.0117,Uracil,LC-MS/MS
SMP-01080,2.85,42042.4,8378.6,8631.3,0.0415,Acetaminophen,LC-MS/MS
SMP-01080,4.14,88255.1,14482.9,14740.1,0.0879,Caffeine,LC-MS/MS
SMP-01080,5.57,22726.5,5239.5,5419.2,0.0227,Aspirin,LC-MS/MS
SMP-01080,7.21,61233.4,10310.6,10886.3,0.0635,Benzoic Acid,LC-MS/MS
SMP-01080,8.96,35102.9,7230.7,7556.8,0.0363,Phenacetin,LC-MS/MS
SMP-01080,10.42,15522.7,3756.7,3819.2,0.0155,Salicylic Acid,LC-MS/MS
SMP-01080,12.1,50197.0,9629.5,9993.5,0.0511,Chlorpheniramine,LC-MS/MS
SMP-01081,1.27,12210.8,3165.7,3277.6,0.0127,Uracil,LC-MS/MS
SMP-01081,2.77,44019.5,8191.0,8307.4,0.0452,Acetaminophen,LC-MS/MS
SMP-01081,4.14,94911.3,14356.1,14822.1,0.0934,Caffeine,LC-MS/MS
SMP-01081,5.62,23298.1,4929.0,5190.6,0.0227,Aspirin,LC-MS/MS
SMP-01081,7.18,59162.9,9825.9,10012.5,0.0571,Benzoic Acid,LC-MS/MS
SMP-01081,8.94,31447.6,6527.0,6848.6,0.0308,Phenacetin,LC-MS/MS
SMP-01081,10.37,17323.5,4185.6,4288.5,0.0176,Salicylic Acid,LC-MS/MS
SMP-01081,12.07,53213.0,9404.2,9780.0,0.0561,Chlorpheniramine,LC-MS/MS
SMP-01082,1.26,12247.2,3251.9,3221.1,0.0122,Uracil,LC-MS/MS
SMP-01082,2.82,46064.4,9101.9,9549.2,0.0468,Acetaminophen,LC-MS/MS
SMP-01082,4.17,82233.6,13191.2,13530.8,0.0783,Caffeine,LC-MS/MS
SMP-01082,5.62,18116.8,3833.2,4026.2,0.0193,Aspirin,LC-MS/MS
SMP-01082,7.17,57316.2,8544.9,8797.8,0.0562,Benzoic Acid,LC-MS/MS
SMP-01082,8.88,26797.9,5244.2,5416.8,0.0274,Phenacetin,LC-MS/MS
SMP-01082,10.44,14608.9,3645.7,3719.7,0.0148,Salicylic Acid,LC-MS/MS
SMP-01082,12.08,61246.5,11072.4,11516.3,0.0617,Chlorpheniramine,LC-MS/MS
SMP-01083,1.27,13465.4,3343.1,3461.8,0.0134,Uracil,LC-MS/MS
SMP-01083,2.81,42068.4,8289.3,8642.3,0.0428,Acetaminophen,LC-MS/MS
SMP-01083,4.11,88574.2,14727.9,15124.8,0.094,Caffeine,LC-MS/MS
SMP-01083,5.6,21676.8,4685.2,4915.8,0.0217,Aspirin,LC-MS/MS
SMP-01083,7.21,70271.7,11451.4,11564.5,0.071,Benzoic Acid,LC-MS/MS
SMP-01083,8.95,30561.7,6194.5,6541.3,0.03,Phenacetin,LC-MS/MS
SMP-01083,10.45,16625.9,4090.6,4231.0,0.0166,Salicylic Acid,LC-MS/MS
SMP-01083,12.14,43915.6,7831.0,8248.9,0.0431,Chlorpheniramine,LC-MS/MS
SMP-01084,1.26,12356.4,3240.7,3340.4,0.0121,Uracil,LC-MS/MS
SMP-01084,2.81,53065.5,10363.7,10530.1,0.0531,Acetaminophen,LC-MS/MS
SMP-01084,4.2,84425.9,13453.6,13640.3,0.0873,Caffeine,LC-MS/MS
SMP-01084,5.6,141100.8,33632.7,34744.6,0.1405,Aspirin,LC-MS/MS
SMP-01084,7.22,64079.9,10564.6,10836.8,0.0636,Benzoic Acid,LC-MS/MS
SMP-01084,8.95,29882.0,6200.0,6567.9,0.0293,Phenacetin,LC-MS/MS
SMP-01084,10.41,15288.1,3603.8,3688.1,0.015,Salicylic Acid,LC-MS/MS
SMP-01084,12.09,51176.9,9105.3,9074.5,0.0517,Chlorpheniramine,LC-MS/MS
SMP-01085,1.21,14230.2,3689.8,3731.4,0.0144,Uracil,LC-MS/MS
SMP-01085,2.78,47207.6,9154.5,9249.6,0.0479,Acetaminophen,LC-MS/MS
SMP-01085,4.13,86284.2,13570.7,13628.0,0.0827,Caffeine,LC-MS/MS
SMP-01085,5.58,25501.1,5642.2,5778.7,0.0249,Aspirin,LC-MS/MS
SMP-01085,7.23,72553.4,12267.3,12602.1,0.0726,Benzoic Acid,LC-MS/MS
SMP-01085,8.99,33150.0,7059.1,7310.2,0.0327,Phenacetin,LC-MS/MS
SMP-01085,10.35,16176.8,3886.0,4063.4,0.0162,Salicylic Acid,LC-MS/MS
SMP-01085,12.13,57557.6,10601.4,11306.8,0.0585,Chlorpheniramine,LC-MS/MS
SMP-01086,1.27,13608.8,3599.5,3710.3,0.0137,Uracil,LC-MS/MS
SMP-01086,2.77,54778.3,10683.9,11087.0,0.0548,Acetaminophen,LC-MS/MS
SMP-01086,4.14,86768.0,14071.4,14651.4,0.0879,Caffeine,LC-MS/MS
SMP-01086,5.6,20405.2,4227.3,4402.6,0.0205,Aspirin,LC-MS/MS
SMP-01086,7.18,65104.7,10762.5,11143.4,0.0642,Benzoic Acid,LC-MS/MS
SMP-01086,8.94,35386.0,7190.0,7190.1,0.0351,Phenacetin,LC-MS/MS
SMP-01086,10.43,17490.8,4240.9,4457.0,0.0178,Salicylic Acid,LC-MS/MS
SMP-01086,12.13,51598.0,9147.9,9251.2,0.0517,Chlorpheniramine,LC-MS/MS
SMP-01087,1.26,12037.4,2916.2,3036.4,0.0123,Uracil,LC-MS/MS
SMP-01087,2.84,58824.9,11118.8,11413.6,0.0581,Acetaminophen,LC-MS/MS
SMP-01087,4.14,96430.5,15641.3,16394.7,0.0993,Caffeine,LC-MS/MS
SMP-01087,5.59,25423.6,5675.6,5716.5,0.0252,Aspirin,LC-MS/MS
SMP-01087,7.25,72173.0,11548.1,12080.2,0.0722,Benzoic Acid,LC-MS/MS
SMP-01087,8.98,32069.9,6533.1,6744.0,0.0323,Phenacetin,LC-MS/MS
SMP-01087,10.4,13706.5,3163.0,3296.7,0.0138,Salicylic Acid,LC-MS/MS
SMP-01087,12.05,55019.0,10101.3,10526.3,0.054,Chlorpheniramine,LC-MS/MS
SMP-01088,1.27,15034.0,3880.0,3836.5,0.0152,Uracil,LC-MS/MS
SMP-01088,2.85,46711.7,9221.7,9749.2,0.0459,Acetaminophen,LC-MS/MS
SMP-01088,4.12,85576.8,14126.2,14590.7,0.0861,Caffeine,LC-MS/MS
SMP-01088,5.6,25590.4,5699.4,5849.5,0.0257,Aspirin,LC-MS/MS
SMP-01088,7.23,68387.5,11556.8,11876.0,0.0671,Benzoic Acid,LC-MS/MS
SMP-01088,8.91,35120.4,7321.9,7494.6,0.0348,Phenacetin,LC-MS/MS
SMP-01088,10.39,16960.5,4185.2,4559.1,0.0168,Salicylic Acid,LC-MS/MS
SMP-01088,12.13,59441.2,10476.2,10846.3,0.061,Chlorpheniramine,LC-MS/MS
SMP-01089,1.26,12690.4,3126.7,3223.3,0.0132,Uracil,LC-MS/MS
SMP-01089,2.86,38525.8,7654.2,7817.7,0.038,Acetaminophen,LC-MS/MS
SMP-01089,4.15,80768.1,12163.7,12486.0,0.0791,Caffeine,LC-MS/MS
SMP-01089,5.61,20181.7,4558.4,4660.3,0.0203,Aspirin,LC-MS/MS
SMP-01089,7.23,78473.7,12840.8,12858.6,0.0792,Benzoic Acid,LC-MS/MS
SMP-01089,8.98,33821.5,7055.7,7517.5,0.0342,Phenacetin,LC-MS/MS
SMP-01089,10.39,15908.8,3830.0,3843.4,0.016,Salicylic Acid,LC-MS/MS
SMP-01089,12.09,51977.2,9815.9,9915.6,0.0533,Chlorpheniramine,LC-MS/MS
SMP-01090,1.25,11931.0,3000.2,3051.5,0.0122,Uracil,LC-MS/MS
SMP-01090,2.79,44328.8,8539.0,8798.5,0.0429,Acetaminophen,LC-MS/MS
SMP-01090,4.18,77432.9,12703.3,13212.7,0.0774,Caffeine,LC-MS/MS
SMP-01090,5.51,21514.6,4795.8,5012.3,0.023,Aspirin,LC-MS/MS
SMP-01090,7.17,72903.2,12046.6,12144.7,0.0729,Benzoic Acid,LC-MS/MS
SMP-01090,8.94,28543.1,5864.7,6149.8,0.0277,Phenacetin,LC-MS/MS
SMP-01090,10.43,13944.7,3452.7,3522.1,0.0141,Salicylic Acid,LC-MS/MS
SMP-01090,12.08,52635.4,9957.6,10042.1,0.0516,Chlorpheniramine,LC-MS/MS
SMP-01091,1.27,10735.2,2919.1,2968.5,0.0105,Uracil,LC-MS/MS
SMP-01091,2.8,51892.1,9795.1,10098.6,0.0519,Acetaminophen,LC-MS/MS
SMP-01091,4.12,98753.6,16364.9,16835.3,0.0999,Caffeine,LC-MS/MS
SMP-01091,5.61,27314.5,5824.3,6014.4,0.0274,Aspirin,LC-MS/MS
SMP-01091,7.22,69985.8,11922.4,12523.2,0.07,Benzoic Acid,LC-MS/MS
SMP-01091,8.91,32344.5,6550.8,6684.0,0.0334,Phenacetin,LC-MS/MS
SMP-01091,10.4,14591.6,3531.6,3673.9,0.014,Salicylic Acid,LC-MS/MS
SMP-01091,12.1,53503.6,9687.7,9826.6,0.0538,Chlorpheniramine,LC-MS/MS
SMP-01092,1.26,13798.3,3450.0,3527.0,0.0134,Uracil,LC-MS/MS
SMP-01092,2.81,48067.9,9531.9,9762.6,0.0479,Acetaminophen,LC-MS/MS
SMP-01092,4.13,87073.2,13918.1,13899.8,0.0875,Caffeine,LC-MS/MS
SMP-01092,5.57,24614.5,5634.8,5807.0,0.0243,Aspirin,LC-MS/MS
SMP-01092,7.21,57086.1,8632.8,9118.4,0.0564,Benzoic Acid,LC-MS/MS
SMP-01092,8.96,28692.0,5801.1,6195.1,0.029,Phenacetin,LC-MS/MS
SMP-01092,10.4,15215.4,3681.3,3865.3,0.0153,Salicylic Acid,LC-MS/MS
SMP-01092,12.07,48633.9,8620.5,9000.0,0.0483,Chlorpheniramine,LC-MS/MS
SMP-01093,1.26,12285.6,3267.9,3267.4,0.0121,Uracil,LC-MS/MS
SMP-01093,2.76,50502.9,8855.4,9169.4,0.0505,Acetaminophen,LC-MS/MS
SMP-01093,4.14,93881.2,15339.6,15731.6,0.0891,Caffeine,LC-MS/MS
SMP-01093,5.63,21852.2,4992.1,5127.1,0.0221,Aspirin,LC-MS/MS
SMP-01093,7.21,71957.3,11965.7,12133.0,0.0702,Benzoic Acid,LC-MS/MS
SMP-01093,8.94,36664.4,7675.3,8155.2,0.0365,Phenacetin,LC-MS/MS
SMP-01093,10.37,15695.3,4097.0,4235.1,0.0163,Salicylic Acid,LC-MS/MS
SMP-01093,12.1,52600.7,9481.5,9808.6,0.0545,Chlorpheniramine,LC-MS/MS
SMP-01094,1.27,11578.3,2956.2,3063.7,0.0117,Uracil,LC-MS/MS
SMP-01094,2.75,46481.2,8835.5,8779.6,0.0457,Acetaminophen,LC-MS/MS
SMP-01094,4.1,85479.7,13348.5,13674.6,0.0852,Caffeine,LC-MS/MS
SMP-01094,5.6,21797.9,4719.8,5111.5,0.022,Aspirin,LC-MS/MS
SMP-01094,7.14,69423.7,10950.2,11277.3,0.0693,Benzoic Acid,LC-MS/MS
SMP-01094,8.94,28834.6,5911.5,5878.4,0.0288,Phenacetin,LC-MS/MS
SMP-01094,10.41,14846.6,3724.4,3806.5,0.0151,Salicylic Acid,LC-MS/MS
SMP-01094,12.16,52360.1,9291.9,9724.3,0.0517,Chlorpheniramine,LC-MS/MS
SMP-01095,1.21,13021.9,3341.5,3463.1,0.0128,Uracil,LC-MS/MS
SMP-01095,2.82,35795.4,6556.7,6896.6,0.0364,Acetaminophen,LC-MS/MS
SMP-01095,4.15,88443.7,14268.0,14768.3,0.0882,Caffeine,LC-MS/MS
SMP-01095,5.6,27587.8,5884.0,6037.5,0.0273,Aspirin,LC-MS/MS
SMP-01095,7.27,62564.3,10194.7,10592.5,0.0655,Benzoic Acid,LC-MS/MS
SMP-01095,8.96,27599.6,5642.9,5774.3,0.0279,Phenacetin,LC-MS/MS
SMP-01095,10.35,14493.7,3487.4,3634.1,0.0144,Salicylic Acid,LC-MS/MS
SMP-01095,12.11,54430.3,9963.5,10370.0,0.0531,Chlorpheniramine,LC-MS/MS
SMP-01096,1.26,11556.2,3132.5,3169.8,0.0112,Uracil,LC-MS/MS
SMP-01096,2.81,37895.4,7179.4,7631.5,0.0395,Acetaminophen,LC-MS/MS
SMP-01096,4.17,90193.5,14962.1,15202.1,0.0897,Caffeine,LC-MS/MS
SMP-01096,5.57,25337.8,5468.7,5599.5,0.0255,Aspirin,LC-MS/MS
SMP-01096,7.28,58646.3,9510.7,9736.6,0.0595,Benzoic Acid,LC-MS/MS
SMP-01096,8.95,33281.3,7034.3,6977.2,0.0336,Phenacetin,LC-MS/MS
SMP-01096,10.36,14862.1,3774.0,4003.5,0.0145,Salicylic Acid,LC-MS/MS
SMP-01096,12.08,54871.4,9942.4,10355.0,0.0564,Chlorpheniramine,LC-MS/MS
SMP-01097,1.3,11086.7,2819.3,2867.5,0.0113,Uracil,LC-MS/MS
SMP-01097,2.79,49041.4,9981.6,10581.8,0.0481,Acetaminophen,LC-MS/MS
SMP-01097,4.13,83781.2,13087.2,13277.7,0.0832,Caffeine,LC-MS/MS
SMP-01097,5.6,26758.3,5923.5,6056.5,0.0279,Aspirin,LC-MS/MS
SMP-01097,7.22,73188.5,11602.9,11707.4,0.0737,Benzoic Acid,LC-MS/MS
SMP-01097,8.93,33257.9,6730.7,7084.9,0.0319,Phenacetin,LC-MS/MS
SMP-01097,10.36,15927.6,3800.5,3987.0,0.0158,Salicylic Acid,LC-MS/MS
SMP-01097,12.14,59956.2,11070.0,11269.0,0.0596,Chlorpheniramine,LC-MS/MS
SMP-01098,1.23,10655.4,2934.8,3154.5,0.0108,Uracil,LC-MS/MS
SMP-01098,2.83,52525.9,10180.4,10373.2,0.0521,Acetaminophen,LC-MS/MS
SMP-01098,4.19,96492.6,15081.0,15101.5,0.0999,Caffeine,LC-MS/MS
SMP-01098,5.62,23514.0,5266.1,5416.3,0.0228,Aspirin,LC-MS/MS
SMP-01098,7.19,73167.5,12512.0,12256.3,0.0737,Benzoic Acid,LC-MS/MS
SMP-01098,8.96,27214.2,5933.4,6159.2,0.0269,Phenacetin,LC-MS/MS
SMP-01098,10.4,15601.9,3812.5,4109.9,0.0153,Salicylic Acid,LC-MS/MS
SMP-01098,12.1,56377.6,9870.3,10154.4,0.0553,Chlorpheniramine,LC-MS/MS
SMP-01099,1.21,12512.3,3218.0,3347.2,0.0126,Uracil,LC-MS/MS
SMP-01099,2.8,36318.1,6943.0,7420.4,0.0374,Acetaminophen,LC-MS/MS
SMP-01099,4.17,69033.4,10653.2,10948.5,0.0725,Caffeine,LC-MS/MS
SMP-01099,5.66,21254.0,4642.7,4721.2,0.022,Aspirin,LC-MS/MS
SMP-01099,7.19,73147.2,12169.5,12472.5,0.0732,Benzoic Acid,LC-MS/MS
SMP-01099,8.95,25453.6,5451.4,5633.1,0.0264,Phenacetin,LC-MS/MS
SMP-01099,10.4,20750.5,5196.8,5309.4,0.0208,Salicylic Acid,LC-MS/MS
SMP-01099,12.11,49553.3,9267.6,9588.0,0.0496,Chlorpheniramine,LC-MS/MS
SMP-01100,1.29,12688.8,3270.3,3415.3,0.0129,Uracil,LC-MS/MS
SMP-01100,2.82,41086.9,8232.9,8556.3,0.0413,Acetaminophen,LC-MS/MS
SMP-01100,4.15,82743.6,12510.6,12696.3,0.0826,Caffeine,LC-MS/MS
SMP-01100,5.57,20609.4,4596.4,4814.5,0.0206,Aspirin,LC-MS/MS
SMP-01100,7.24,66304.2,10925.7,11247.9,0.0674,Benzoic Acid,LC-MS/MS
SMP-01100,8.96,35809.4,7004.6,7279.7,0.0357,Phenacetin,LC-MS/MS
SMP-01100,10.4,13610.2,3222.7,3279.3,0.014,Salicylic Acid,LC-MS/MS
SMP-01100,12.17,52029.0,9781.9,10126.3,0.0524,Chlorpheniramine,LC-MS/MS
SMP-01101,1.25,14312.3,3711.6,3754.7,0.0145,Uracil,LC-MS/MS
SMP-01101,2.81,56154.9,11070.9,11381.0,0.057,Acetaminophen,LC-MS/MS
SMP-01101,4.19,89918.0,14056.3,14576.2,0.0898,Caffeine,LC-MS/MS
SMP-01101,5.6,20867.5,4680.6,5018.6,0.0209,Aspirin,LC-MS/MS
SMP-01101,7.15,71637.0,12037.0,12547.1,0.0703,Benzoic Acid,LC-MS/MS
SMP-01101,8.99,27966.5,5377.2,5508.3,0.0282,Phenacetin,LC-MS/MS
SMP-01101,10.38,16995.3,4070.2,4225.8,0.0168,Salicylic Acid,LC-MS/MS
SMP-01101,12.06,57286.2,10039.1,10204.9,0.0593,Chlorpheniramine,LC-MS/MS
SMP-01102,1.25,14106.3,3432.3,3623.5,0.0145,Uracil,LC-MS/MS
SMP-01102,2.79,41650.6,7994.6,8347.9,0.0427,Acetaminophen,LC-MS/MS
SMP-01102,4.13,96809.3,15868.6,16498.4,0.0942,Caffeine,LC-MS/MS
SMP-01102,5.64,22221.7,5022.7,4941.3,0.023,Aspirin,LC-MS/MS
SMP-01102,7.24,63015.3,10208.3,10612.3,0.0631,Benzoic Acid,LC-MS/MS
SMP-01102,8.96,35445.4,7437.2,7482.8,0.035,Phenacetin,LC-MS/MS
SMP-01102,10.41,14800.9,3549.3,3618.2,0.0146,Salicylic Acid,LC-MS/MS
SMP-01102,12.1,50623.7,9250.9,9571.9,0.0506,Chlorpheniramine,LC-MS/MS
SMP-01103,1.25,11025.2,2799.5,2842.1,0.0111,Uracil,LC-MS/MS
SMP-01103,2.78,44961.7,8895.1,9412.6,0.0456,Acetaminophen,LC-MS/MS
SMP-01103,4.14,78048.5,12434.8,12569.4,0.0764,Caffeine,LC-MS/MS
SMP-01103,5.62,21835.4,4605.0,4863.7,0.022,Aspirin,LC-MS/MS
SMP-01103,7.24,56384.2,9720.4,9810.6,0.0573,Benzoic Acid,LC-MS/MS
SMP-01103,8.93,27261.3,5696.2,5829.2,0.0271,Phenacetin,LC-MS/MS
SMP-01103,10.4,17364.0,4230.6,4321.3,0.0168,Salicylic Acid,LC-MS/MS
SMP-01103,12.05,53723.2,9179.1,9744.8,0.0536,Chlorpheniramine,LC-MS/MS
SMP-01104,1.26,11801.6,3044.6,3065.5,0.0116,Uracil,LC-MS/MS
SMP-01104,2.8,51868.1,10040.3,10303.5,0.0522,Acetaminophen,LC-MS/MS
SMP-01104,4.16,552538.2,98544.0,87308.1,0.5403,Caffeine,LC-MS/MS
SMP-01104,5.63,23811.9,5202.3,5287.6,0.0236,Aspirin,LC-MS/MS
SMP-01104,7.19,63565.8,10990.7,11479.5,0.062,Benzoic Acid,LC-MS/MS
SMP-01104,8.99,28748.8,6155.8,6255.4,0.0286,Phenacetin,LC-MS/MS
SMP-01104,10.38,14440.8,3598.9,3677.3,0.0142,Salicylic Acid,LC-MS/MS
SMP-01104,12.1,54766.2,9611.5,10102.5,0.0542,Chlorpheniramine,LC-MS/MS
SMP-01105,1.25,11045.1,2818.8,3013.6,0.0111,Uracil,LC-MS/MS
SMP-01105,2.81,46256.7,8912.3,9219.2,0.0468,Acetaminophen,LC-MS/MS
SMP-01105,4.19,89257.7,14246.0,14329.7,0.0872,Caffeine,LC-MS/MS
SMP-01105,5.6,24948.0,5545.5,5741.1,0.0252,Aspirin,LC-MS/MS
SMP-01105,7.21,67270.8,11717.4,12131.7,0.0687,Benzoic Acid,LC-MS/MS
SMP-01105,8.89,31813.8,6532.9,6888.4,0.032,Phenacetin,LC-MS/MS
SMP-01105,10.39,14774.7,3572.4,3620.1,0.0147,Salicylic Acid,LC-MS/MS
SMP-01105,12.07,40335.3,6859.9,7063.7,0.0393,Chlorpheniramine,LC-MS/MS
SMP-01106,1.26,11683.9,3169.1,3142.0,0.0117,Uracil,LC-MS/MS
SMP-01106,2.83,43101.8,8892.5,8978.7,0.0426,Acetaminophen,LC-MS/MS
SMP-01106,4.18,95060.6,15203.3,15569.0,0.0962,Caffeine,LC-MS/MS
SMP-01106,5.59,23763.2,5446.1,5732.5,0.0237,Aspirin,LC-MS/MS
SMP-01106,7.22,63058.3,10943.3,11672.5,0.0656,Benzoic Acid,LC-MS/MS
SMP-01106,8.9,30840.8,6628.4,6670.1,0.0313,Phenacetin,LC-MS/MS
SMP-01106,10.39,18278.4,4380.3,4524.1,0.0185,Salicylic Acid,LC-MS/MS
SMP-01106,12.16,67869.9,11886.0,12143.0,0.0643,Chlorpheniramine,LC-MS/MS
SMP-01107,1.27,12681.0,3330.4,3531.8,0.013,Uracil,LC-MS/MS
SMP-01107,2.78,41249.5,8405.7,8564.1,0.0417,Acetaminophen,LC-MS/MS
SMP-01107,4.13,104216.1,17317.8,17490.4,0.1059,Caffeine,LC-MS/MS
SMP-01107,5.62,27367.7,5898.6,6121.0,0.0274,Aspirin,LC-MS/MS
SMP-01107,7.22,59402.7,9196.8,9615.6,0.0606,Benzoic Acid,LC-MS/MS
SMP-01107,8.92,28947.6,5607.9,5854.5,0.0291,Phenacetin,LC-MS/MS
SMP-01107,10.43,16080.9,3966.0,4133.5,0.0158,Salicylic Acid,LC-MS/MS
SMP-01107,12.07,48443.9,8525.2,8837.9,0.0468,Chlorpheniramine,LC-MS/MS
SMP-01108,1.27,12924.4,3233.1,3297.1,0.0132,Uracil,LC-MS/MS
SMP-01108,2.8,37169.2,7605.0,7721.0,0.0378,Acetaminophen,LC-MS/MS
SMP-01108,4.14,87895.4,14026.2,14734.5,0.0902,Caffeine,LC-MS/MS
SMP-01108,5.62,22646.6,4661.8,4940.4,0.0232,Aspirin,LC-MS/MS
SMP-01108,7.2,75992.0,12247.6,13134.8,0.0765,Benzoic Acid,LC-MS/MS
SMP-01108,8.95,28604.0,5634.1,5819.1,0.0268,Phenacetin,LC-MS/MS
SMP-01108,10.41,13372.1,3090.0,3174.8,0.0133,Salicylic Acid,LC-MS/MS
SMP-01108,12.06,58030.3,10553.6,11043.0,0.0591,Chlorpheniramine,LC-MS/MS
SMP-01109,1.24,12557.7,3239.4,3162.3,0.0121,Uracil,LC-MS/MS
SMP-01109,2.8,38310.0,6684.9,6809.0,0.0404,Acetaminophen,LC-MS/MS
SMP-01109,4.18,82664.4,14113.1,14804.0,0.0802,Caffeine,LC-MS/MS
SMP-01109,5.6,24550.9,5454.4,5565.2,0.0246,Aspirin,LC-MS/MS
SMP-01109,7.23,79537.3,13573.0,13930.0,0.0779,Benzoic Acid,LC-MS/MS
SMP-01109,8.93,32006.5,6478.8,6765.9,0.031,Phenacetin,LC-MS/MS
SMP-01109,10.42,14986.7,3746.4,3863.3,0.0152,Salicylic Acid,LC-MS/MS
SMP-01109,12.09,54315.6,10060.6,9956.8,0.0526,Chlorpheniramine,LC-MS/MS
SMP-01110,1.25,11340.6,2831.9,3073.9,0.0116,Uracil,LC-MS/MS
SMP-01110,2.8,41520.1,7933.0,8251.7,0.0413,Acetaminophen,LC-MS/MS
SMP-01110,4.12,90348.3,15317.6,16152.8,0.0928,Caffeine,LC-MS/MS
SMP-01110,5.6,24755.3,5574.5,5729.0,0.0253,Aspirin,LC-MS/MS
SMP-01110,7.21,63667.1,10057.1,9848.6,0.0612,Benzoic Acid,LC-MS/MS
SMP-01110,8.99,28494.8,6040.2,6139.7,0.0296,Phenacetin,LC-MS/MS
SMP-01110,10.41,13218.0,3268.4,3250.1,0.0132,Salicylic Acid,LC-MS/MS
SMP-01110,12.11,58255.0,10175.5,10185.3,0.0592,Chlorpheniramine,LC-MS/MS
SMP-01111,1.26,13623.5,3434.3,3669.1,0.0137,Uracil,LC-MS/MS
SMP-01111,2.8,52164.8,9906.4,10088.0,0.0533,Acetaminophen,LC-MS/MS
SMP-01111,4.15,92643.4,15636.9,16192.3,0.0977,Caffeine,LC-MS/MS
SMP-01111,5.6,25157.6,5342.8,5383.3,0.0252,Aspirin,LC-MS/MS
SMP-01111,7.2,57325.7,9122.9,9432.6,0.058,Benzoic Acid,LC-MS/MS
SMP-01111,8.97,36761.5,7449.5,7577.4,0.0365,Phenacetin,LC-MS/MS
SMP-01111,10.45,14323.4,3586.6,3645.1,0.0143,Salicylic Acid,LC-MS/MS
SMP-01111,12.09,49036.9,9102.8,9404.3,0.0488,Chlorpheniramine,LC-MS/MS
SMP-01112,1.24,12631.4,3137.0,3167.6,0.013,Uracil,LC-MS/MS
SMP-01112,2.82,41808.9,8302.6,8442.8,0.0437,Acetaminophen,LC-MS/MS
SMP-01112,4.14,103308.0,17144.6,17483.9,0.0983,Caffeine,LC-MS/MS
SMP-01112,5.61,20376.2,4509.8,4598.2,0.0202,Aspirin,LC-MS/MS
SMP-01112,7.24,59377.2,9019.6,9412.8,0.0611,Benzoic Acid,LC-MS/MS
SMP-01112,9.02,29957.1,6259.7,6528.5,0.0305,Phenacetin,LC-MS/MS
SMP-01112,10.42,16647.0,4273.9,4411.3,0.0165,Salicylic Acid,LC-MS/MS
SMP-01112,12.07,51031.9,9034.1,9343.7,0.0513,Chlorpheniramine,LC-MS/MS
SMP-01113,1.22,13839.8,3626.0,3711.8,0.0138,Uracil,LC-MS/MS
SMP-01113,2.75,40450.4,7873.0,8062.9,0.0394,Acetaminophen,LC-MS/MS
SMP-01113,4.18,89594.2,14497.8,15172.2,0.0896,Caffeine,LC-MS/MS
SMP-01113,5.58,24295.9,5478.8,5638.8,0.024,Aspirin,LC-MS/MS
SMP-01113,7.21,67336.6,11046.6,11529.7,0.0683,Benzoic Acid,LC-MS/MS
SMP-01113,8.94,33608.4,7178.2,7128.4,0.0331,Phenacetin,LC-MS/MS
SMP-01113,10.36,14179.5,3424.9,3489.6,0.0141,Salicylic Acid,LC-MS/MS
SMP-01113,12.13,57418.9,10312.8,10834.5,0.0587,Chlorpheniramine,LC-MS/MS
SMP-01114,1.26,10757.2,2759.0,2847.9,0.0106,Uracil,LC-MS/MS
SMP-01114,2.81,50413.5,9504.4,9875.1,0.0508,Acetaminophen,LC-MS/MS
SMP-01114,4.13,85767.4,13818.8,14378.3,0.0833,Caffeine,LC-MS/MS
SMP-01114,5.57,24506.1,5273.2,5561.8,0.0241,Aspirin,LC-MS/MS
SMP-01114,7.18,72708.1,11890.4,12413.6,0.0728,Benzoic Acid,LC-MS/MS
SMP-01114,8.92,27528.6,5312.7,5565.2,0.0277,Phenacetin,LC-MS/MS
SMP-01114,10.43,18123.2,4246.5,4201.0,0.0185,Salicylic Acid,LC-MS/MS
SMP-01114,12.11,62650.6,11716.4,12017.0,0.0616,Chlorpheniramine,LC-MS/MS
SMP-01115,1.24,12601.3,3291.4,3459.5,0.0123,Uracil,LC-MS/MS
SMP-01115,2.81,39323.8,7290.9,7534.7,0.0395,Acetaminophen,LC-MS/MS
SMP-01115,4.15,101809.3,17254.1,17753.2,0.1014,Caffeine,LC-MS/MS
SMP-01115,5.61,21132.7,4631.9,4660.4,0.0217,Aspirin,LC-MS/MS
SMP-01115,7.18,64167.9,11528.0,11791.0,0.0638,Benzoic Acid,LC-MS/MS
SMP-01115,8.95,29142.0,5969.1,6136.2,0.0295,Phenacetin,LC-MS/MS
SMP-01115,10.43,14936.3,3668.2,3728.3,0.0147,Salicylic Acid,LC-MS/MS
SMP-01115,12.09,55429.9,10132.7,10181.7,0.0568,Chlorpheniramine,LC-MS/MS
SMP-01116,1.25,12841.6,3234.7,3347.7,0.0128,Uracil,LC-MS/MS
SMP-01116,2.78,42292.1,8369.1,8308.9,0.0407,Acetaminophen,LC-MS/MS
SMP-01116,4.13,96805.4,15327.4,15739.4,0.095,Caffeine,LC-MS/MS
SMP-01116,5.62,23658.4,4722.7,4831.8,0.0235,Aspirin,LC-MS/MS
SMP-01116,7.18,75877.8,12271.0,12478.0,0.0775,Benzoic Acid,LC-MS/MS
SMP-01116,8.96,33294.0,6953.8,7139.3,0.0324,Phenacetin,LC-MS/MS
SMP-01116,10.39,13284.7,3211.0,3339.9,0.0132,Salicylic Acid,LC-MS/MS
SMP-01116,12.07,52702.9,9248.1,9522.1,0.0535,Chlorpheniramine,LC-MS/MS
SMP-01117,1.22,13494.6,3634.1,3585.2,0.014,Uracil,LC-MS/MS
SMP-01117,2.8,39670.4,7770.8,8168.5,0.0383,Acetaminophen,LC-MS/MS
SMP-01117,4.14,79707.3,12850.2,13334.8,0.0777,Caffeine,LC-MS/MS
SMP-01117,5.6,25556.3,5644.9,5799.9,0.0253,Aspirin,LC-MS/MS
SMP-01117,7.2,58430.8,9729.3,9848.7,0.0554,Benzoic Acid,LC-MS/MS
SMP-01117,8.95,207660.7,38869.4,45499.9,0.2087,Phenacetin,LC-MS/MS
SMP-01117,10.37,15407.7,3746.8,3934.8,0.0149,Salicylic Acid,LC-MS/MS
SMP-01117,12.08,52677.7,9425.1,9522.9,0.0542,Chlorpheniramine,LC-MS/MS
SMP-01118,1.26,75058.4,19138.5,22305.2,0.0751,Uracil,LC-MS/MS
SMP-01118,2.8,43587.4,8298.7,8352.5,0.0447,Acetaminophen,LC-MS/MS
SMP-01118,4.1,96395.3,16085.6,16787.5,0.0962,Caffeine,LC-MS/MS
SMP-01118,5.57,21650.0,4887.1,4925.3,0.0218,Aspirin,LC-MS/MS
SMP-01118,7.25,68553.2,10777.1,10734.3,0.0707,Benzoic Acid,LC-MS/MS
SMP-01118,8.95,24496.0,5227.0,5395.3,0.0249,Phenacetin,LC-MS/MS
SMP-01118,10.41,15447.3,3585.4,3602.6,0.0153,Salicylic Acid,LC-MS/MS
SMP-01118,12.12,52460.5,9395.1,9263.0,0.0529,Chlorpheniramine,LC-MS/MS
SMP-01119,1.26,12127.9,3226.1,3348.2,0.0121,Uracil,LC-MS/MS
SMP-01119,2.85,47808.3,9056.3,9196.5,0.0479,Acetaminophen,LC-MS/MS
SMP-01119,4.14,79787.6,13222.9,13281.9,0.081,Caffeine,LC-MS/MS
SMP-01119,5.6,18070.2,4053.9,4212.3,0.0181,Aspirin,LC-MS/MS
SMP-01119,7.17,71161.0,11204.0,11550.3,0.0715,Benzoic Acid,LC-MS/MS
SMP-01119,8.93,30139.7,6292.5,6548.3,0.029,Phenacetin,LC-MS/MS
SMP-01119,10.41,12862.9,3114.5,3205.0,0.0126,Salicylic Acid,LC-MS/MS
SMP-01119,12.07,53120.2,9455.7,9532.5,0.0532,Chlorpheniramine,LC-MS/MS
SMP-01120,1.31,13442.3,3526.9,3699.2,0.0136,Uracil,LC-MS/MS
SMP-01120,2.82,50812.7,10112.2,10681.8,0.0498,Acetaminophen,LC-MS/MS
SMP-01120,4.15,103494.7,16773.6,17228.7,0.1054,Caffeine,LC-MS/MS
SMP-01120,5.63,26450.7,5621.8,5989.1,0.0259,Aspirin,LC-MS/MS
SMP-01120,7.19,68961.1,10659.7,11199.5,0.0701,Benzoic Acid,LC-MS/MS
SMP-01120,8.96,28327.6,6019.7,6255.7,0.0293,Phenacetin,LC-MS/MS
SMP-01120,10.38,20662.1,5185.3,5233.3,0.0206,Salicylic Acid,LC-MS/MS
SMP-01120,12.08,312593.2,46023.0,52645.8,0.3183,Chlorpheniramine,LC-MS/MS
SMP-01121,1.25,13665.8,3590.1,3723.9,0.0138,Uracil,LC-MS/MS
SMP-01121,2.77,51571.7,10310.8,10715.3,0.0513,Acetaminophen,LC-MS/MS
SMP-01121,4.2,82569.6,13481.4,14219.6,0.0854,Caffeine,LC-MS/MS
SMP-01121,5.59,22042.1,4839.6,4947.2,0.0221,Aspirin,LC-MS/MS
SMP-01121,7.14,62821.9,10117.6,10438.9,0.0627,Benzoic Acid,LC-MS/MS
SMP-01121,9.01,26999.9,5426.7,5548.2,0.0263,Phenacetin,LC-MS/MS
SMP-01121,10.4,17857.0,4408.5,4601.8,0.018,Salicylic Acid,LC-MS/MS
SMP-01121,12.09,57498.9,10759.6,11072.7,0.0573,Chlorpheniramine,LC-MS/MS
SMP-01122,1.22,14445.3,3514.5,3483.6,0.0144,Uracil,LC-MS/MS
SMP-01122,2.81,41104.2,8060.5,8057.4,0.0416,Acetaminophen,LC-MS/MS
SMP-01122,4.1,83880.5,14074.7,14794.4,0.0822,Caffeine,LC-MS/MS
SMP-01122,5.63,27228.6,6101.5,6251.6,0.0275,Aspirin,LC-MS/MS
SMP-01122,7.25,63117.0,10369.0,10876.5,0.0606,Benzoic Acid,LC-MS/MS
SMP-01122,8.94,25220.1,5085.9,5079.2,0.024,Phenacetin,LC-MS/MS
SMP-01122,10.38,17266.6,4149.8,4320.4,0.0174,Salicylic Acid,LC-MS/MS
SMP-01122,12.13,52673.5,9772.5,9822.0,0.0518,Chlorpheniramine,LC-MS/MS
SMP-01123,1.24,13614.1,3416.5,3624.3,0.0138,Uracil,LC-MS/MS
SMP-01123,2.83,48992.3,9331.8,9732.9,0.0484,Acetaminophen,LC-MS/MS
SMP-01123,4.19,92472.2,14292.1,14499.5,0.0926,Caffeine,LC-MS/MS
SMP-01123,5.57,26141.1,5757.8,5826.6,0.0259,Aspirin,LC-MS/MS
SMP-01123,7.18,68853.1,11761.3,12180.7,0.0669,Benzoic Acid,LC-MS/MS
SMP-01123,8.96,32336.8,6873.9,7069.2,0.032,Phenacetin,LC-MS/MS
SMP-01123,10.38,16785.8,4135.1,4398.0,0.0164,Salicylic Acid,LC-MS/MS
SMP-01123,12.1,51643.4,8962.1,9359.8,0.0504,Chlorpheniramine,LC-MS/MS
SMP-01124,1.2,10731.9,2766.7,2883.1,0.011,Uracil,LC-MS/MS
SMP-01124,2.76,49308.5,9379.8,9865.6,0.0504,Acetaminophen,LC-MS/MS
SMP-01124,4.17,98106.8,15779.3,16126.6,0.0991,Caffeine,LC-MS/MS
SMP-01124,5.63,19061.0,4015.0,4179.1,0.02,Aspirin,LC-MS/MS
SMP-01124,7.24,56389.9,8805.8,9096.3,0.058,Benzoic Acid,LC-MS/MS
SMP-01124,8.98,25469.9,5219.8,5406.8,0.0257,Phenacetin,LC-MS/MS
SMP-01124,10.43,16600.5,4187.8,4281.9,0.0161,Salicylic Acid,LC-MS/MS
SMP-01124,12.09,41277.7,7915.2,8185.7,0.041,Chlorpheniramine,LC-MS/MS
SMP-01125,1.23,11440.5,2973.3,2895.9,0.0111,Uracil,LC-MS/MS
SMP-01125,2.84,43429.5,8807.2,9029.4,0.043,Acetaminophen,LC-MS/MS
SMP-01125,4.16,90346.7,15307.3,15656.1,0.0896,Caffeine,LC-MS/MS
SMP-01125,5.6,23240.1,4848.2,4864.6,0.0232,Aspirin,LC-MS/MS
SMP-01125,7.16,67246.0,10969.0,11577.5,0.0699,Benzoic Acid,LC-MS/MS
SMP-01125,8.98,25618.4,5489.7,5626.5,0.0248,Phenacetin,LC-MS/MS
SMP-01125,10.41,17153.2,4208.4,4275.2,0.0173,Salicylic Acid,LC-MS/MS
SMP-01125,12.13,51269.3,9581.3,9827.8,0.0528,Chlorpheniramine,LC-MS/MS
SMP-01126,1.22,12327.7,3187.4,3394.0,0.012,Uracil,LC-MS/MS
SMP-01126,2.81,46963.4,8933.5,9269.6,0.0464,Acetaminophen,LC-MS/MS
SMP-01126,4.12,93640.7,15122.6,15952.3,0.0939,Caffeine,LC-MS/MS
SMP-01126,5.62,24348.8,5349.4,5552.5,0.0246,Aspirin,LC-MS/MS
SMP-01126,7.19,347905.6,50042.4,58998.8,0.3473,Benzoic Acid,LC-MS/MS
SMP-01126,8.93,38870.7,8041.5,8246.9,0.0392,Phenacetin,LC-MS/MS
SMP-01126,10.44,17975.5,4174.1,4469.2,0.0181,Salicylic Acid,LC-MS/MS
SMP-01126,12.12,50391.7,9308.3,9799.6,0.0496,Chlorpheniramine,LC-MS/MS
SMP-01127,1.29,12171.3,3175.5,3203.7,0.0123,Uracil,LC-MS/MS
SMP-01127,2.79,47846.5,9282.3,9471.7,0.0485,Acetaminophen,LC-MS/MS
SMP-01127,4.11,82606.2,13387.1,13449.5,0.0812,Caffeine,LC-MS/MS
SMP-01127,5.59,24250.4,5316.3,5309.5,0.0239,Aspirin,LC-MS/MS
SMP-01127,7.2,61077.3,10146.6,10483.8,0.0624,Benzoic Acid,LC-MS/MS
SMP-01127,8.92,28574.4,5957.8,6323.2,0.0286,Phenacetin,LC-MS/MS
SMP-01127,10.43,14238.0,3175.6,3270.7,0.0141,Salicylic Acid,LC-MS/MS
SMP-01127,12.07,48143.6,8469.6,8734.2,0.0481,Chlorpheniramine,LC-MS/MS
SMP-01128,1.26,11298.9,2829.6,2945.4,0.0111,Uracil,LC-MS/MS
SMP-01128,2.76,46489.4,9027.1,8901.8,0.0473,Acetaminophen,LC-MS/MS
SMP-01128,4.13,108795.5,17683.1,17764.8,0.1089,Caffeine,LC-MS/MS
SMP-01128,5.65,23597.5,5587.6,5738.5,0.0237,Aspirin,LC-MS/MS
SMP-01128,7.15,72620.9,12224.7,12808.5,0.0734,Benzoic Acid,LC-MS/MS
SMP-01128,8.93,30977.3,6232.6,6499.3,0.0314,Phenacetin,LC-MS/MS
SMP-01128,10.42,14431.6,3711.2,3813.6,0.0149,Salicylic Acid,LC-MS/MS
SMP-01128,12.16,47011.0,8855.7,8946.3,0.0455,Chlorpheniramine,LC-MS/MS
SMP-01129,1.23,12575.5,3286.6,3427.2,0.0123,Uracil,LC-MS/MS
SMP-01129,2.78,53167.5,10245.7,10585.2,0.0525,Acetaminophen,LC-MS/MS
SMP-01129,4.23,95647.8,14542.3,14856.7,0.0986,Caffeine,LC-MS/MS
SMP-01129,5.62,22587.9,4976.1,5146.0,0.0226,Aspirin,LC-MS/MS
SMP-01129,7.19,65472.9,10975.1,11503.2,0.0652,Benzoic Acid,LC-MS/MS
SMP-01129,8.94,22767.0,4632.4,4715.4,0.0225,Phenacetin,LC-MS/MS
SMP-01129,10.39,13558.5,3233.5,3277.5,0.0141,Salicylic Acid,LC-MS/MS
SMP-01129,12.06,47825.5,8260.7,8198.0,0.0485,Chlorpheniramine,LC-MS/MS
SMP-01130,1.26,10436.6,2551.1,2620.4,0.0108,Uracil,LC-MS/MS
SMP-01130,2.82,45542.4,8926.1,8920.8,0.0456,Acetaminophen,LC-MS/MS
SMP-01130,4.11,97433.3,15847.9,16449.6,0.0957,Caffeine,LC-MS/MS
SMP-01130,5.6,19180.2,4299.7,4450.6,0.0195,Aspirin,LC-MS/MS
SMP-01130,7.22,63105.7,10631.2,10895.0,0.0626,Benzoic Acid,LC-MS/MS
SMP-01130,9.0,31223.7,6551.6,6876.5,0.0316,Phenacetin,LC-MS/MS
SMP-01130,10.45,13338.4,3474.1,3534.1,0.0134,Salicylic Acid,LC-MS/MS
SMP-01130,12.06,62697.3,11346.3,11699.8,0.0642,Chlorpheniramine,LC-MS/MS
SMP-01131,1.22,12686.0,3328.4,3483.1,0.0132,Uracil,LC-MS/MS
SMP-01131,2.85,39931.9,7887.8,8203.3,0.0403,Acetaminophen,LC-MS/MS
SMP-01131,4.18,93484.9,15318.1,15967.5,0.0942,Caffeine,LC-MS/MS
SMP-01131,5.59,22342.3,4843.6,4858.2,0.0222,Aspirin,LC-MS/MS
SMP-01131,7.25,61556.8,9233.9,9412.6,0.0633,Benzoic Acid,LC-MS/MS
SMP-01131,8.98,35426.6,7309.0,7170.9,0.0355,Phenacetin,LC-MS/MS
SMP-01131,10.41,17766.9,4130.2,4182.4,0.0177,Salicylic Acid,LC-MS/MS
SMP-01131,12.09,51122.1,9445.9,9705.1,0.0516,Chlorpheniramine,LC-MS/MS
SMP-01132,1.23,12800.0,3263.0,3373.6,0.0127,Uracil,LC-MS/MS
SMP-01132,2.78,45382.7,8527.8,8819.5,0.0454,Acetaminophen,LC-MS/MS
SMP-01132,4.17,86453.8,14061.3,14461.9,0.0829,Caffeine,LC-MS/MS
SMP-01132,5.57,22409.9,4911.0,5009.6,0.0225,Aspirin,LC-MS/MS
SMP-01132,7.22,63602.6,10482.8,10725.2,0.0639,Benzoic Acid,LC-MS/MS
SMP-01132,8.95,27732.7,5821.0,6037.0,0.0272,Phenacetin,LC-MS/MS
SMP-01132,10.44,14656.3,3408.5,3599.3,0.0148,Salicylic Acid,LC-MS/MS
SMP-01132,12.11,51515.1,9161.3,9663.3,0.0519,Chlorpheniramine,LC-MS/MS
SMP-01133,1.23,11337.0,2847.8,2892.3,0.0116,Uracil,LC-MS/MS
SMP-01133,2.81,51344.2,9786.2,10517.4,0.0485,Acetaminophen,LC-MS/MS
SMP-01133,4.14,100061.7,16768.3,17619.7,0.099,Caffeine,LC-MS/MS
SMP-01133,5.59,22013.1,4963.8,5078.2,0.0221,Aspirin,LC-MS/MS
SMP-01133,7.19,336602.2,52929.9,45680.7,0.3417,Benzoic Acid,LC-MS/MS
SMP-01133,8.87,27505.4,5684.4,5960.7,0.0283,Phenacetin,LC-MS/MS
SMP-01133,10.44,14875.6,3638.5,3795.0,0.0153,Salicylic Acid,LC-MS/MS
SMP-01133,12.09,43417.6,7800.7,8087.4,0.0448,Chlorpheniramine,LC-MS/MS
SMP-01134,1.26,11172.5,2762.9,2645.0,0.0112,Uracil,LC-MS/MS
SMP-01134,2.77,46286.1,9120.6,9333.3,0.0455,Acetaminophen,LC-MS/MS
SMP-01134,4.17,81571.9,13007.6,13413.1,0.0819,Caffeine,LC-MS/MS
SMP-01134,5.58,24261.0,5565.3,5695.4,0.0245,Aspirin,LC-MS/MS
SMP-01134,7.24,66576.7,11049.8,11515.0,0.0671,Benzoic Acid,LC-MS/MS
SMP-01134,9.0,36412.9,7612.0,7906.3,0.0379,Phenacetin,LC-MS/MS
SMP-01134,10.4,15885.8,3830.2,3983.4,0.0156,Salicylic Acid,LC-MS/MS
SMP-01134,12.12,56749.8,10180.2,10419.6,0.0582,Chlorpheniramine,LC-MS/MS
SMP-01135,1.29,12846.1,3331.0,3377.1,0.0128,Uracil,LC-MS/MS
SMP-01135,2.78,63707.4,12655.3,12840.6,0.0637,Acetaminophen,LC-MS/MS
SMP-01135,4.13,102527.8,16830.8,17456.8,0.1027,Caffeine,LC-MS/MS
SMP-01135,5.61,21125.6,4624.0,4674.6,0.0217,Aspirin,LC-MS/MS
SMP-01135,7.25,62359.0,10456.0,10386.7,0.0625,Benzoic Acid,LC-MS/MS
SMP-01135,8.9,28427.9,5727.1,5914.6,0.029,Phenacetin,LC-MS/MS
SMP-01135,10.42,16533.2,4178.7,4273.2,0.0167,Salicylic Acid,LC-MS/MS
SMP-01135,12.13,57111.4,10789.2,11217.0,0.0588,Chlorpheniramine,LC-MS/MS
SMP-01136,1.21,11388.9,2996.4,3043.9,0.0114,Uracil,LC-MS/MS
SMP-01136,2.73,44423.0,8615.0,8765.5,0.0441,Acetaminophen,LC-MS/MS
SMP-01136,4.17,96692.4,15988.4,17030.4,0.0936,Caffeine,LC-MS/MS
SMP-01136,5.63,22492.0,4887.4,5070.7,0.0214,Aspirin,LC-MS/MS
SMP-01136,7.18,77129.3,13226.2,13428.1,0.0773,Benzoic Acid,LC-MS/MS
SMP-01136,8.93,27343.9,5667.9,5853.3,0.0282,Phenacetin,LC-MS/MS
SMP-01136,10.4,14578.4,3579.6,3693.0,0.015,Salicylic Acid,LC-MS/MS
SMP-01136,12.09,56246.9,9890.3,9718.4,0.0587,Chlorpheniramine,LC-MS/MS
SMP-01137,1.26,14474.7,3658.7,3755.6,0.0147,Uracil,LC-MS/MS
SMP-01137,2.76,43480.8,8735.3,9083.0,0.0439,Acetaminophen,LC-MS/MS
SMP-01137,4.16,89052.9,14315.7,14866.8,0.0884,Caffeine,LC-MS/MS
SMP-01137,5.59,24436.9,5484.9,5542.4,0.0241,Aspirin,LC-MS/MS
SMP-01137,7.2,71786.7,12272.0,12832.7,0.0704,Benzoic Acid,LC-MS/MS
SMP-01137,8.95,30656.8,6169.3,6360.2,0.0312,Phenacetin,LC-MS/MS
SMP-01137,10.4,15180.1,3761.4,3944.5,0.0159,Salicylic Acid,LC-MS/MS
SMP-01137,12.1,55420.2,10235.5,10420.1,0.0543,Chlorpheniramine,LC-MS/MS
SMP-01138,1.21,13622.9,3407.6,3521.0,0.0139,Uracil,LC-MS/MS
SMP-01138,2.8,43966.1,8654.8,8863.1,0.044,Acetaminophen,LC-MS/MS
SMP-01138,4.2,86115.9,13958.2,14335.2,0.0855,Caffeine,LC-MS/MS
SMP-01138,5.55,114026.2,24028.6,23076.1,0.1139,Aspirin,LC-MS/MS
SMP-01138,7.27,59337.9,10052.5,9941.3,0.0603,Benzoic Acid,LC-MS/MS
SMP-01138,8.93,31714.2,6910.1,7052.6,0.0322,Phenacetin,LC-MS/MS
SMP-01138,10.42,16102.2,3767.2,3840.6,0.0156,Salicylic Acid,LC-MS/MS
SMP-01138,12.07,55651.6,9950.3,9983.6,0.0551,Chlorpheniramine,LC-MS/MS
SMP-01139,1.23,11783.5,3084.1,3225.5,0.0114,Uracil,LC-MS/MS
SMP-01139,2.82,52495.7,10503.9,10836.9,0.0507,Acetaminophen,LC-MS/MS
SMP-01139,4.18,91104.9,13996.1,14535.5,0.09,Caffeine,LC-MS/MS
SMP-01139,5.63,25463.2,5762.5,5692.0,0.0255,Aspirin,LC-MS/MS
SMP-01139,7.22,74891.0,12084.0,12559.7,0.0752,Benzoic Acid,LC-MS/MS
SMP-01139,8.91,35344.5,7033.2,7296.5,0.0356,Phenacetin,LC-MS/MS
SMP-01139,10.39,14587.0,3661.7,3846.1,0.0153,Salicylic Acid,LC-MS/MS
SMP-01139,12.1,56305.3,9894.2,10327.8,0.0568,Chlorpheniramine,LC-MS/MS
SMP-01140,1.26,11152.7,2858.9,3001.7,0.0113,Uracil,LC-MS/MS
SMP-01140,2.79,45681.5,8886.8,9206.4,0.0449,Acetaminophen,LC-MS/MS
SMP-01140,4.16,82140.1,13593.9,14027.5,0.0842,Caffeine,LC-MS/MS
SMP-01140,5.63,24587.4,5404.9,5719.4,0.0245,Aspirin,LC-MS/MS
SMP-01140,7.2,64490.4,10671.9,11085.7,0.0659,Benzoic Acid,LC-MS/MS
SMP-01140,8.93,31576.0,6322.5,6453.4,0.0313,Phenacetin,LC-MS/MS
SMP-01140,10.41,14596.6,3435.2,3623.4,0.0145,Salicylic Acid,LC-MS/MS
SMP-01140,12.12,51439.5,9457.2,9866.4,0.0518,Chlorpheniramine,LC-MS/MS
SMP-01141,1.27,13572.4,3496.7,3440.5,0.0139,Uracil,LC-MS/MS
SMP-01141,2.78,46559.4,9232.0,9597.4,0.0468,Acetaminophen,LC-MS/MS
SMP-01141,4.17,97276.9,15143.2,16050.3,0.0965,Caffeine,LC-MS/MS
SMP-01141,5.65,30105.9,6662.2,6954.7,0.0296,Aspirin,LC-MS/MS
SMP-01141,7.26,71876.9,12296.8,12824.1,0.0724,Benzoic Acid,LC-MS/MS
SMP-01141,9.0,30106.5,6016.8,6315.9,0.031,Phenacetin,LC-MS/MS
SMP-01141,10.42,17667.9,4517.5,4667.1,0.0176,Salicylic Acid,LC-MS/MS
SMP-01141,12.15,54146.9,9691.8,10211.7,0.0558,Chlorpheniramine,LC-MS/MS
SMP-01142,1.27,12533.2,3185.4,3348.8,0.0127,Uracil,LC-MS/MS
SMP-01142,2.75,48335.5,9467.4,9654.9,0.0471,Acetaminophen,LC-MS/MS
SMP-01142,4.14,89616.5,14784.5,15108.3,0.0893,Caffeine,LC-MS/MS
SMP-01142,5.57,18416.9,4067.3,4195.1,0.0186,Aspirin,LC-MS/MS
SMP-01142,7.16,65126.1,10821.2,11285.8,0.0648,Benzoic Acid,LC-MS/MS
SMP-01142,8.94,31862.6,6447.8,6710.6,0.0308,Phenacetin,LC-MS/MS
SMP-01142,10.44,15234.5,3596.9,3691.9,0.0152,Salicylic Acid,LC-MS/MS
SMP-01142,12.02,54941.9,10085.1,10404.8,0.0558,Chlorpheniramine,LC-MS/MS
SMP-01143,1.28,12675.7,3314.9,3438.1,0.0125,Uracil,LC-MS/MS
SMP-01143,2.78,55810.7,11158.5,11824.8,0.0549,Acetaminophen,LC-MS/MS
SMP-01143,4.15,102583.7,15748.2,16413.8,0.1033,Caffeine,LC-MS/MS
SMP-01143,5.59,23971.6,5226.9,5406.0,0.0236,Aspirin,LC-MS/MS
SMP-01143,7.19,63433.4,10288.6,10186.4,0.0647,Benzoic Acid,LC-MS/MS
SMP-01143,8.88,31556.0,6101.9,6437.6,0.0313,Phenacetin,LC-MS/MS
SMP-01143,10.37,15707.7,3750.1,3871.9,0.0155,Salicylic Acid,LC-MS/MS
SMP-01143,12.1,55151.6,9502.9,9891.9,0.0559,Chlorpheniramine,LC-MS/MS
SMP-01144,1.24,11138.8,2869.5,2945.8,0.0112,Uracil,LC-MS/MS
SMP-01144,2.79,44655.7,8349.3,8506.1,0.0441,Acetaminophen,LC-MS/MS
SMP-01144,4.15,93793.3,15163.5,15786.9,0.0959,Caffeine,LC-MS/MS
SMP-01144,5.65,21469.7,4748.1,4884.3,0.0211,Aspirin,LC-MS/MS
SMP-01144,7.19,61893.4,10700.6,11028.3,0.0615,Benzoic Acid,LC-MS/MS
SMP-01144,8.95,28029.4,5327.1,5526.4,0.028,Phenacetin,LC-MS/MS
SMP-01144,10.35,15404.0,3805.5,3852.1,0.0153,Salicylic Acid,LC-MS/MS
SMP-01144,12.16,57626.8,10825.9,10624.5,0.0573,Chlorpheniramine,LC-MS/MS
SMP-01145,1.25,11861.3,3172.4,3136.0,0.0119,Uracil,LC-MS/MS
SMP-01145,2.84,50290.1,9947.6,10022.3,0.0514,Acetaminophen,LC-MS/MS
SMP-01145,4.13,84001.0,12618.2,12829.1,0.0842,Caffeine,LC-MS/MS
SMP-01145,5.63,23439.6,5450.2,5650.4,0.0237,Aspirin,LC-MS/MS
SMP-01145,7.25,71496.8,11867.2,11975.3,0.0728,Benzoic Acid,LC-MS/MS
SMP-01145,8.9,31866.4,6509.2,6600.2,0.0318,Phenacetin,LC-MS/MS
SMP-01145,10.44,17483.9,4278.9,4434.2,0.0174,Salicylic Acid,LC-MS/MS
SMP-01145,12.09,54220.3,9687.1,10275.2,0.0528,Chlorpheniramine,LC-MS/MS
SMP-01146,1.25,11599.4,3049.0,3134.6,0.0116,Uracil,LC-MS/MS
SMP-01146,2.76,44515.2,8630.6,8900.1,0.0451,Acetaminophen,LC-MS/MS
SMP-01146,4.12,80922.3,13130.5,13384.8,0.082,Caffeine,LC-MS/MS
SMP-01146,5.56,23299.1,5056.2,5223.3,0.0236,Aspirin,LC-MS/MS
SMP-01146,7.21,59290.6,9998.1,10390.6,0.0611,Benzoic Acid,LC-MS/MS
SMP-01146,8.98,32199.3,6309.5,6419.8,0.033,Phenacetin,LC-MS/MS
SMP-01146,10.36,15279.2,3847.0,3938.7,0.015,Salicylic Acid,LC-MS/MS
SMP-01146,12.08,48614.2,8670.8,9120.0,0.0486,Chlorpheniramine,LC-MS/MS
SMP-01147,1.28,10387.5,2637.0,2781.4,0.0105,Uracil,LC-MS/MS
SMP-01147,2.81,45969.1,8818.4,9300.9,0.0458,Acetaminophen,LC-MS/MS
SMP-01147,4.13,82146.0,13592.1,14234.7,0.0857,Caffeine,LC-MS/MS
SMP-01147,5.61,25480.6,5691.0,5906.6,0.0259,Aspirin,LC-MS/MS
SMP-01147,7.26,66382.4,11135.9,11287.5,0.0678,Benzoic Acid,LC-MS/MS
SMP-01147,8.93,27362.8,6011.7,6088.4,0.0272,Phenacetin,LC-MS/MS
SMP-01147,10.37,17760.6,4225.0,4303.2,0.0177,Salicylic Acid,LC-MS/MS
SMP-01147,12.1,50444.8,9032.8,9206.8,0.0525,Chlorpheniramine,LC-MS/MS
SMP-01148,1.24,11641.3,3055.4,3107.1,0.0118,Uracil,LC-MS/MS
SMP-01148,2.77,49965.3,9301.4,9534.2,0.0469,Acetaminophen,LC-MS/MS
SMP-01148,4.12,86128.2,14290.0,14214.8,0.0862,Caffeine,LC-MS/MS
SMP-01148,5.59,26132.4,5842.8,6132.1,0.0257,Aspirin,LC-MS/MS
SMP-01148,7.12,68774.5,11398.8,11691.0,0.0657,Benzoic Acid,LC-MS/MS
SMP-01148,8.94,27181.8,5531.9,5651.7,0.0265,Phenacetin,LC-MS/MS
SMP-01148,10.42,14046.5,3259.3,3446.3,0.0142,Salicylic Acid,LC-MS/MS
SMP-01148,12.16,55724.0,10315.0,10494.6,0.0553,Chlorpheniramine,LC-MS/MS
SMP-01149,1.27,11208.0,2775.5,2903.2,0.0115,Uracil,LC-MS/MS
SMP-01149,2.75,39806.5,8171.8,8470.8,0.0392,Acetaminophen,LC-MS/MS
SMP-01149,4.11,97507.0,16019.5,16380.4,0.0977,Caffeine,LC-MS/MS
SMP-01149,5.59,29313.4,6456.3,6369.4,0.0297,Aspirin,LC-MS/MS
SMP-01149,7.19,79774.3,13312.7,13505.7,0.0787,Benzoic Acid,LC-MS/MS
SMP-01149,8.97,33879.5,7232.8,7548.6,0.0347,Phenacetin,LC-MS/MS
SMP-01149,10.38,16498.5,3947.9,4067.7,0.0165,Salicylic Acid,LC-MS/MS
SMP-01149,12.08,55849.6,10337.2,10140.1,0.0581,Chlorpheniramine,LC-MS/MS
SMP-01150,1.28,13148.9,3394.9,3460.4,0.013,Uracil,LC-MS/MS
SMP-01150,2.86,41970.0,8198.3,8556.6,0.0411,Acetaminophen,LC-MS/MS
SMP-01150,4.12,81213.8,12382.5,12623.9,0.0794,Caffeine,LC-MS/MS
SMP-01150,5.61,20061.2,4400.1,4587.5,0.0207,Aspirin,LC-MS/MS
SMP-01150,7.23,69522.5,12033.3,12502.9,0.0684,Benzoic Acid,LC-MS/MS
SMP-01150,9.0,35261.5,7167.6,7169.1,0.0352,Phenacetin,LC-MS/MS
SMP-01150,10.39,16708.6,4013.7,4332.4,0.0171,Salicylic Acid,LC-MS/MS
SMP-01150,12.05,48619.7,8496.0,8704.4,0.0491,Chlorpheniramine,LC-MS/MS
SMP-01151,1.25,11598.9,2927.3,3054.1,0.0115,Uracil,LC-MS/MS
SMP-01151,2.79,45356.3,8326.1,8859.0,0.0453,Acetaminophen,LC-MS/MS
SMP-01151,4.13,98407.5,16666.6,17098.6,0.1016,Caffeine,LC-MS/MS
SMP-01151,5.59,27252.7,6312.3,6427.2,0.0283,Aspirin,LC-MS/MS
SMP-01151,7.2,64438.9,10940.7,10604.8,0.063,Benzoic Acid,LC-MS/MS
SMP-01151,8.98,29957.8,6264.6,6413.4,0.0296,Phenacetin,LC-MS/MS
SMP-01151,10.36,14685.3,3576.7,3797.2,0.0151,Salicylic Acid,LC-MS/MS
SMP-01151,12.1,52160.0,9466.5,9780.4,0.0511,Chlorpheniramine,LC-MS/MS
SMP-01152,1.3,12886.3,3329.0,3454.9,0.0128,Uracil,LC-MS/MS
SMP-01152,2.78,44640.3,8587.1,9039.8,0.0447,Acetaminophen,LC-MS/MS
SMP-01152,4.12,96160.2,15333.2,15709.1,0.0953,Caffeine,LC-MS/MS
SMP-01152,5.58,20227.4,4187.2,4348.7,0.0212,Aspirin,LC-MS/MS
SMP-01152,7.23,70607.4,11704.1,11920.2,0.0713,Benzoic Acid,LC-MS/MS
SMP-01152,8.97,30486.5,6485.0,6598.1,0.0294,Phenacetin,LC-MS/MS
SMP-01152,10.37,15665.6,3786.0,3933.8,0.0158,Salicylic Acid,LC-MS/MS
SMP-01152,12.11,57627.3,10221.3,10791.8,0.0578,Chlorpheniramine,LC-MS/MS
SMP-01153,1.27,13167.2,3392.4,3465.4,0.0132,Uracil,LC-MS/MS
SMP-01153,2.75,46229.9,8878.7,9244.2,0.048,Acetaminophen,LC-MS/MS
SMP-01153,4.18,101140.5,16634.7,17720.6,0.1025,Caffeine,LC-MS/MS
SMP-01153,5.61,21251.2,4504.5,4588.1,0.0213,Aspirin,LC-MS/MS
SMP-01153,7.15,75065.9,11945.2,12265.9,0.0752,Benzoic Acid,LC-MS/MS
SMP-01153,9.0,140221.8,24250.7,29944.4,0.1408,Phenacetin,LC-MS/MS
SMP-01153,10.39,16354.7,3837.3,3985.9,0.0157,Salicylic Acid,LC-MS/MS
SMP-01153,12.06,347660.0,59909.0,62698.6,0.3478,Chlorpheniramine,LC-MS/MS
SMP-01154,1.23,12178.0,3088.5,3313.1,0.0119,Uracil,LC-MS/MS
SMP-01154,2.77,46061.4,9074.4,9438.4,0.0455,Acetaminophen,LC-MS/MS
SMP-01154,4.17,78612.4,13032.1,13400.4,0.0794,Caffeine,LC-MS/MS
SMP-01154,5.62,26198.8,5712.1,5807.1,0.0263,Aspirin,LC-MS/MS
SMP-01154,7.24,64834.3,10596.7,10580.7,0.0664,Benzoic Acid,LC-MS/MS
SMP-01154,8.92,36405.3,7357.9,7612.3,0.0366,Phenacetin,LC-MS/MS
SMP-01154,10.35,14297.6,3519.1,3630.9,0.0146,Salicylic Acid,LC-MS/MS
SMP-01154,12.08,60857.7,11270.6,11435.3,0.059,Chlorpheniramine,LC-MS/MS
SMP-01155,1.27,12886.8,3442.9,3560.3,0.013,Uracil,LC-MS/MS
SMP-01155,2.8,48791.0,9634.3,9823.5,0.0486,Acetaminophen,LC-MS/MS
SMP-01155,4.17,73024.9,11614.1,11752.2,0.0726,Caffeine,LC-MS/MS
SMP-01155,5.62,19226.1,4003.2,4010.3,0.0189,Aspirin,LC-MS/MS
SMP-01155,7.26,70736.3,11487.1,12082.3,0.0719,Benzoic Acid,LC-MS/MS
SMP-01155,8.96,35653.1,7503.8,7651.1,0.036,Phenacetin,LC-MS/MS
SMP-01155,10.4,17254.3,4411.1,4536.9,0.0169,Salicylic Acid,LC-MS/MS
SMP-01155,12.12,54287.0,9877.4,9745.5,0.0534,Chlorpheniramine,LC-MS/MS
SMP-01156,1.23,12192.1,3152.2,3232.9,0.0124,Uracil,LC-MS/MS
SMP-01156,2.75,43004.1,8348.4,8773.8,0.0434,Acetaminophen,LC-MS/MS
SMP-01156,4.18,425883.3,55433.6,69227.1,0.4369,Caffeine,LC-MS/MS
SMP-01156,5.57,20930.1,4720.4,4764.0,0.0214,Aspirin,LC-MS/MS
SMP-01156,7.26,58878.5,10215.5,10328.7,0.057,Benzoic Acid,LC-MS/MS
SMP-01156,8.96,32515.6,6777.4,7064.9,0.0335,Phenacetin,LC-MS/MS
SMP-01156,10.4,17778.5,4447.1,4562.8,0.018,Salicylic Acid,LC-MS/MS
SMP-01156,12.08,42807.3,7791.3,8069.2,0.0428,Chlorpheniramine,LC-MS/MS
SMP-01157,1.22,12033.3,3181.1,3369.0,0.0119,Uracil,LC-MS/MS
SMP-01157,2.82,51917.4,9572.7,9988.7,0.0525,Acetaminophen,LC-MS/MS
SMP-01157,4.16,76761.5,12393.2,12984.7,0.0768,Caffeine,LC-MS/MS
SMP-01157,5.64,19533.5,4486.6,4699.5,0.0192,Aspirin,LC-MS/MS
SMP-01157,7.19,63745.8,10166.4,10399.0,0.0658,Benzoic Acid,LC-MS/MS
SMP-01157,8.97,34145.5,7100.8,7193.5,0.0339,Phenacetin,LC-MS/MS
SMP-01157,10.41,15591.9,3921.9,4105.7,0.0151,Salicylic Acid,LC-MS/MS
SMP-01157,12.08,51647.3,8359.5,8618.5,0.0536,Chlorpheniramine,LC-MS/MS
SMP-01158,1.27,13383.8,3316.2,3399.9,0.0136,Uracil,LC-MS/MS
SMP-01158,2.79,47055.9,8804.7,9146.0,0.0473,Acetaminophen,LC-MS/MS
SMP-01158,4.14,106020.7,17555.3,17599.0,0.1053,Caffeine,LC-MS/MS
SMP-01158,5.62,22338.9,4832.6,5063.7,0.0222,Aspirin,LC-MS/MS
SMP-01158,7.16,73929.2,12316.4,12835.5,0.073,Benzoic Acid,LC-MS/MS
SMP-01158,8.96,33572.1,6968.0,7170.3,0.0338,Phenacetin,LC-MS/MS
SMP-01158,10.38,14002.2,3459.7,3576.5,0.0141,Salicylic Acid,LC-MS/MS
SMP-01158,12.1,52850.3,9307.0,9642.5,0.0523,Chlorpheniramine,LC-MS/MS
SMP-01159,1.26,12104.2,3019.2,3122.4,0.0124,Uracil,LC-MS/MS
SMP-01159,2.79,44529.3,8483.5,8256.6,0.0441,Acetaminophen,LC-MS/MS
SMP-01159,4.12,90211.4,15028.3,15600.2,0.0885,Caffeine,LC-MS/MS
SMP-01159,5.61,16930.6,3762.5,3858.9,0.0167,Aspirin,LC-MS/MS
SMP-01159,7.16,68995.1,11881.0,12769.3,0.069,Benzoic Acid,LC-MS/MS
SMP-01159,8.96,26222.0,5579.7,5661.5,0.0263,Phenacetin,LC-MS/MS
SMP-01159,10.43,15582.3,3798.4,3932.1,0.0153,Salicylic Acid,LC-MS/MS
SMP-01159,12.08,50016.7,9416.7,9961.9,0.0519,Chlorpheniramine,LC-MS/MS
SMP-01160,1.3,12287.9,3273.0,3390.6,0.0124,Uracil,LC-MS/MS
SMP-01160,2.83,42723.6,8630.1,8714.9,0.043,Acetaminophen,LC-MS/MS
SMP-01160,4.18,86027.6,14125.5,14239.7,0.0856,Caffeine,LC-MS/MS
SMP-01160,5.61,22971.7,4972.9,5098.9,0.0234,Aspirin,LC-MS/MS
SMP-01160,7.2,59831.5,10150.0,10327.7,0.063,Benzoic Acid,LC-MS/MS
SMP-01160,8.96,28353.3,5908.5,5964.0,0.0293,Phenacetin,LC-MS/MS
SMP-01160,10.42,18353.6,4378.1,4531.1,0.0183,Salicylic Acid,LC-MS/MS
SMP-01160,12.06,56023.4,10146.0,10878.8,0.057,Chlorpheniramine,LC-MS/MS
SMP-01161,1.29,13386.0,3405.3,3611.9,0.0139,Uracil,LC-MS/MS
SMP-01161,2.86,44637.5,8710.9,8938.7,0.0451,Acetaminophen,LC-MS/MS
SMP-01161,4.19,87827.4,14340.9,15317.3,0.0897,Caffeine,LC-MS/MS
SMP-01161,5.6,23955.2,5547.0,5701.1,0.0241,Aspirin,LC-MS/MS
SMP-01161,7.27,68754.7,11619.5,11976.5,0.0695,Benzoic Acid,LC-MS/MS
SMP-01161,8.94,29414.8,6059.9,6139.3,0.0297,Phenacetin,LC-MS/MS
SMP-01161,10.42,14525.7,3628.3,3661.2,0.0145,Salicylic Acid,LC-MS/MS
SMP-01161,12.09,55043.9,9612.9,10078.4,0.0553,Chlorpheniramine,LC-MS/MS
SMP-01162,1.25,10987.0,2701.9,2751.6,0.0108,Uracil,LC-MS/MS
SMP-01162,2.83,49641.7,9466.3,9559.3,0.0481,Acetaminophen,LC-MS/MS
SMP-01162,4.15,102970.1,16604.9,16978.5,0.1043,Caffeine,LC-MS/MS
SMP-01162,5.65,24420.3,4989.4,5160.8,0.0247,Aspirin,LC-MS/MS
SMP-01162,7.21,79684.8,13234.6,13989.0,0.0813,Benzoic Acid,LC-MS/MS
SMP-01162,8.94,33648.3,6885.3,6964.1,0.0338,Phenacetin,LC-MS/MS
SMP-01162,10.41,13879.8,3500.7,3646.8,0.0139,Salicylic Acid,LC-MS/MS
SMP-01162,12.11,61418.0,10794.4,11065.1,0.0616,Chlorpheniramine,LC-MS/MS
SMP-01163,1.21,12194.0,3105.5,3118.9,0.0121,Uracil,LC-MS/MS
SMP-01163,2.78,41590.7,8418.4,8724.7,0.0422,Acetaminophen,LC-MS/MS
SMP-01163,4.22,95975.0,15408.1,16093.3,0.0977,Caffeine,LC-MS/MS
SMP-01163,5.59,24484.1,5532.1,5768.8,0.0248,Aspirin,LC-MS/MS
SMP-01163,7.14,65328.2,11032.4,11052.4,0.065,Benzoic Acid,LC-MS/MS
SMP-01163,8.92,33244.5,6888.1,6959.6,0.0332,Phenacetin,LC-MS/MS
SMP-01163,10.39,15171.2,3643.9,3856.9,0.0153,Salicylic Acid,LC-MS/MS
SMP-01163,12.15,47455.4,8285.9,8857.4,0.0466,Chlorpheniramine,LC-MS/MS
SMP-01164,1.19,13034.8,3456.3,3591.2,0.0132,Uracil,LC-MS/MS
SMP-01164,2.83,57719.2,10998.0,11246.9,0.0568,Acetaminophen,LC-MS/MS
SMP-01164,4.13,68475.7,10900.6,11412.3,0.0699,Caffeine,LC-MS/MS
SMP-01164,5.58,24827.9,5574.5,5734.9,0.0253,Aspirin,LC-MS/MS
SMP-01164,7.2,71587.0,11906.2,12439.9,0.0709,Benzoic Acid,LC-MS/MS
SMP-01164,8.9,35540.8,7133.7,7556.8,0.0354,Phenacetin,LC-MS/MS
SMP-01164,10.4,14627.7,3601.2,3828.8,0.0144,Salicylic Acid,LC-MS/MS
SMP-01164,12.08,59806.3,10600.2,10806.1,0.0605,Chlorpheniramine,LC-MS/MS
SMP-01165,1.26,9494.5,2531.2,2607.5,0.01,Uracil,LC-MS/MS
SMP-01165,2.8,42159.1,7922.2,8059.2,0.0426,Acetaminophen,LC-MS/MS
SMP-01165,4.15,84832.8,13049.0,13416.0,0.0865,Caffeine,LC-MS/MS
SMP-01165,5.59,19959.8,4407.5,4670.9,0.0206,Aspirin,LC-MS/MS
SMP-01165,7.15,61820.0,10362.6,10602.3,0.0656,Benzoic Acid,LC-MS/MS
SMP-01165,9.0,30724.4,6402.1,6565.6,0.0303,Phenacetin,LC-MS/MS
SMP-01165,10.36,15900.1,4023.0,4167.9,0.016,Salicylic Acid,LC-MS/MS
SMP-01165,12.13,52621.0,9726.2,10104.1,0.0528,Chlorpheniramine,LC-MS/MS
SMP-01166,1.26,11104.8,3013.8,3109.5,0.0112,Uracil,LC-MS/MS
SMP-01166,2.85,51334.0,9841.2,10110.1,0.0504,Acetaminophen,LC-MS/MS
SMP-01166,4.15,101524.5,17195.2,18180.7,0.1017,Caffeine,LC-MS/MS
SMP-01166,5.57,22056.0,5073.2,5224.7,0.0222,Aspirin,LC-MS/MS
SMP-01166,7.2,65815.6,10918.1,11255.2,0.0652,Benzoic Acid,LC-MS/MS
SMP-01166,8.95,33208.1,6964.0,6951.4,0.033,Phenacetin,LC-MS/MS
SMP-01166,10.39,15551.1,3807.5,3791.4,0.0157,Salicylic Acid,LC-MS/MS
SMP-01166,12.06,57555.4,10455.0,10846.0,0.0561,Chlorpheniramine,LC-MS/MS
SMP-01167,1.27,12388.8,3353.1,3454.3,0.0121,Uracil,LC-MS/MS
SMP-01167,2.77,46079.1,9020.9,9542.2,0.047,Acetaminophen,LC-MS/MS
SMP-01167,4.12,71528.5,11624.3,12463.5,0.0738,Caffeine,LC-MS/MS
SMP-01167,5.61,23715.7,5065.0,5374.3,0.0239,Aspirin,LC-MS/MS
SMP-01167,7.21,62011.0,10020.6,10200.3,0.0635,Benzoic Acid,LC-MS/MS
SMP-01167,8.94,32157.5,6674.6,6755.8,0.0322,Phenacetin,LC-MS/MS
SMP-01167,10.35,14419.0,3482.1,3638.2,0.0143,Salicylic Acid,LC-MS/MS
SMP-01167,12.08,52266.5,9519.1,10120.2,0.0528,Chlorpheniramine,LC-MS/MS
SMP-01168,1.2,12764.1,3325.9,3453.0,0.0122,Uracil,LC-MS/MS
SMP-01168,2.8,46609.8,8925.4,9271.6,0.0453,Acetaminophen,LC-MS/MS
SMP-01168,4.15,86707.0,13774.3,13747.4,0.0872,Caffeine,LC-MS/MS
SMP-01168,5.6,20926.6,4725.2,4820.3,0.0213,Aspirin,LC-MS/MS
SMP-01168,7.21,70475.1,11443.5,11840.9,0.0722,Benzoic Acid,LC-MS/MS
SMP-01168,8.99,36173.1,7791.8,7724.4,0.0355,Phenacetin,LC-MS/MS
SMP-01168,10.42,16450.0,3939.1,3981.5,0.0165,Salicylic Acid,LC-MS/MS
SMP-01168,12.14,49142.1,9018.8,9265.1,0.0494,Chlorpheniramine,LC-MS/MS
SMP-01169,1.25,12936.9,3298.1,3385.7,0.013,Uracil,LC-MS/MS
SMP-01169,2.83,43070.8,7964.9,8442.3,0.044,Acetaminophen,LC-MS/MS
SMP-01169,4.17,97253.5,15410.5,16687.5,0.0977,Caffeine,LC-MS/MS
SMP-01169,5.59,24499.9,5682.7,5676.4,0.0246,Aspirin,LC-MS/MS
SMP-01169,7.24,63553.1,10039.6,10719.6,0.0655,Benzoic Acid,LC-MS/MS
SMP-01169,8.94,34160.2,7187.4,7344.5,0.0344,Phenacetin,LC-MS/MS
SMP-01169,10.38,15231.3,3793.9,3837.8,0.0151,Salicylic Acid,LC-MS/MS
SMP-01169,12.11,62980.6,11480.1,12077.0,0.0643,Chlorpheniramine,LC-MS/MS
SMP-01170,1.26,12861.8,3274.9,3322.7,0.0128,Uracil,LC-MS/MS
SMP-01170,2.81,37156.2,7246.4,7361.1,0.0382,Acetaminophen,LC-MS/MS
SMP-01170,4.16,104454.6,16854.0,17698.3,0.1044,Caffeine,LC-MS/MS
SMP-01170,5.61,24115.4,5308.5,5444.4,0.0244,Aspirin,LC-MS/MS
SMP-01170,7.17,71065.1,11580.2,11622.1,0.07,Benzoic Acid,LC-MS/MS
SMP-01170,9.01,27732.4,5723.3,5854.3,0.028,Phenacetin,LC-MS/MS
SMP-01170,10.43,18217.3,4597.0,4572.0,0.0183,Salicylic Acid,LC-MS/MS
SMP-01170,12.14,57845.8,10090.4,10722.9,0.057,Chlorpheniramine,LC-MS/MS
SMP-01171,1.3,12325.8,3097.5,3145.4,0.0121,Uracil,LC-MS/MS
SMP-01171,2.72,49040.0,9393.5,9607.6,0.0492,Acetaminophen,LC-MS/MS
SMP-01171,4.17,67465.0,10369.2,10687.0,0.0679,Caffeine,LC-MS/MS
SMP-01171,5.58,23477.8,4887.7,5025.5,0.0225,Aspirin,LC-MS/MS
SMP-01171,7.16,64335.2,10912.6,10824.3,0.0637,Benzoic Acid,LC-MS/MS
SMP-01171,8.9,28047.2,5224.7,5551.8,0.0277,Phenacetin,LC-MS/MS
SMP-01171,10.41,15691.0,3713.0,3759.8,0.0156,Salicylic Acid,LC-MS/MS
SMP-01171,12.14,60464.0,10556.8,10862.1,0.0607,Chlorpheniramine,LC-MS/MS
SMP-01172,1.26,12802.3,3069.6,3206.9,0.013,Uracil,LC-MS/MS
SMP-01172,2.81,44186.2,9292.7,9475.5,0.0443,Acetaminophen,LC-MS/MS
SMP-01172,4.18,89961.2,14883.7,15459.3,0.0887,Caffeine,LC-MS/MS
SMP-01172,5.59,20395.1,4202.5,4448.9,0.0207,Aspirin,LC-MS/MS
SMP-01172,7.19,72840.5,12217.4,12252.7,0.0744,Benzoic Acid,LC-MS/MS
SMP-01172,8.93,34421.5,6914.8,6847.8,0.0345,Phenacetin,LC-MS/MS
SMP-01172,10.41,16614.8,4122.2,4270.4,0.0169,Salicylic Acid,LC-MS/MS
SMP-01172,12.06,64466.2,11596.6,12083.0,0.0625,Chlorpheniramine,LC-MS/MS
SMP-01173,1.24,12119.4,3246.9,3378.9,0.0126,Uracil,LC-MS/MS
SMP-01173,2.83,42378.4,7825.3,7963.3,0.0411,Acetaminophen,LC-MS/MS
SMP-01173,4.1,70397.3,11099.6,11429.4,0.0719,Caffeine,LC-MS/MS
SMP-01173,5.6,26007.0,5809.4,6115.6,0.0262,Aspirin,LC-MS/MS
SMP-01173,7.17,56024.1,9088.2,9027.6,0.0585,Benzoic Acid,LC-MS/MS
SMP-01173,8.97,33141.4,7103.7,7448.4,0.0329,Phenacetin,LC-MS/MS
SMP-01173,10.38,18780.3,4562.2,4710.4,0.0186,Salicylic Acid,LC-MS/MS
SMP-01173,12.13,56263.9,10251.5,10759.3,0.0565,Chlorpheniramine,LC-MS/MS
SMP-01174,1.25,12459.0,3143.0,3227.4,0.0124,Uracil,LC-MS/MS
SMP-01174,2.75,45260.6,8740.1,8778.2,0.0443,Acetaminophen,LC-MS/MS
SMP-01174,4.16,70080.7,11625.4,12137.3,0.0682,Caffeine,LC-MS/MS
SMP-01174,5.6,22897.3,4988.9,5194.0,0.0229,Aspirin,LC-MS/MS
SMP-01174,7.19,62886.6,10651.7,11089.4,0.0613,Benzoic Acid,LC-MS/MS
SMP-01174,8.91,29693.3,6141.5,6062.8,0.0298,Phenacetin,LC-MS/MS
SMP-01174,10.41,12510.6,3046.1,3127.6,0.0119,Salicylic Acid,LC-MS/MS
SMP-01174,12.12,54675.5,9829.6,10350.0,0.0543,Chlorpheniramine,LC-MS/MS
SMP-01175,1.24,10034.4,2538.8,2752.8,0.0105,Uracil,LC-MS/MS
SMP-01175,2.79,52489.7,10316.6,10874.7,0.0525,Acetaminophen,LC-MS/MS
SMP-01175,4.16,89890.3,14582.9,15173.4,0.0899,Caffeine,LC-MS/MS
SMP-01175,5.59,23573.6,5199.3,5414.6,0.0223,Aspirin,LC-MS/MS
SMP-01175,7.14,66614.5,11200.3,11919.9,0.0664,Benzoic Acid,LC-MS/MS
SMP-01175,8.93,31984.0,6560.4,6661.3,0.0312,Phenacetin,LC-MS/MS
SMP-01175,10.4,14231.2,3417.3,3624.3,0.0151,Salicylic Acid,LC-MS/MS
SMP-01175,12.17,50514.9,9069.8,9139.0,0.0501,Chlorpheniramine,LC-MS/MS
SMP-01176,1.25,14562.1,3791.0,4013.8,0.0145,Uracil,LC-MS/MS
SMP-01176,2.76,47351.1,9327.5,9444.6,0.0471,Acetaminophen,LC-MS/MS
SMP-01176,4.14,105554.1,16698.6,17427.3,0.105,Caffeine,LC-MS/MS
SMP-01176,5.66,25636.0,5784.8,5925.3,0.0258,Aspirin,LC-MS/MS
SMP-01176,7.18,79604.6,13342.9,14120.2,0.0793,Benzoic Acid,LC-MS/MS
SMP-01176,8.95,28172.0,5582.3,5678.7,0.0287,Phenacetin,LC-MS/MS
SMP-01176,10.44,16506.8,3999.5,4125.4,0.0168,Salicylic Acid,LC-MS/MS
SMP-01176,12.11,62747.7,11760.1,11880.5,0.0607,Chlorpheniramine,LC-MS/MS
SMP-01177,1.27,12631.0,3234.0,3392.0,0.0127,Uracil,LC-MS/MS
SMP-01177,2.77,55401.9,10929.7,11137.9,0.056,Acetaminophen,LC-MS/MS
SMP-01177,4.19,103567.4,17037.3,18355.1,0.1026,Caffeine,LC-MS/MS
SMP-01177,5.61,22799.1,4912.7,5125.3,0.0231,Aspirin,LC-MS/MS
SMP-01177,7.22,75041.8,13212.4,13699.7,0.0742,Benzoic Acid,LC-MS/MS
SMP-01177,8.92,36724.7,7720.0,7932.7,0.0369,Phenacetin,LC-MS/MS
SMP-01177,10.37,15824.1,3840.4,4117.0,0.0162,Salicylic Acid,LC-MS/MS
SMP-01177,12.13,55113.6,10188.8,10620.2,0.0537,Chlorpheniramine,LC-MS/MS
SMP-01178,1.22,10262.7,2571.3,2699.4,0.0101,Uracil,LC-MS/MS
SMP-01178,2.81,37865.9,7070.7,7188.1,0.037,Acetaminophen,LC-MS/MS
SMP-01178,4.11,75295.9,12424.4,13119.5,0.0783,Caffeine,LC-MS/MS
SMP-01178,5.59,23081.8,5089.4,5178.4,0.0228,Aspirin,LC-MS/MS
SMP-01178,7.21,76199.5,12489.1,13394.0,0.0751,Benzoic Acid,LC-MS/MS
SMP-01178,8.92,26303.0,5648.0,5776.9,0.0267,Phenacetin,LC-MS/MS
SMP-01178,10.43,16952.1,4175.5,4330.2,0.0176,Salicylic Acid,LC-MS/MS
SMP-01178,12.1,52097.0,9099.0,9286.3,0.052,Chlorpheniramine,LC-MS/MS
SMP-01179,1.21,8959.4,2559.6,2546.8,0.009,Uracil,LC-MS/MS
SMP-01179,2.79,40116.6,7521.6,7824.2,0.0401,Acetaminophen,LC-MS/MS
SMP-01179,4.18,89898.1,15042.9,15813.9,0.0904,Caffeine,LC-MS/MS
SMP-01179,5.61,24020.6,5080.2,5232.3,0.0249,Aspirin,LC-MS/MS
SMP-01179,7.21,52622.8,8405.5,8672.6,0.0519,Benzoic Acid,LC-MS/MS
SMP-01179,8.94,27097.7,5462.0,5603.0,0.0267,Phenacetin,LC-MS/MS
SMP-01179,10.44,14978.8,3730.0,3909.8,0.0146,Salicylic Acid,LC-MS/MS
SMP-01179,12.07,51974.5,9407.1,9497.8,0.0515,Chlorpheniramine,LC-MS/MS
SMP-01180,1.27,53909.7,12525.4,14179.5,0.0526,Uracil,LC-MS/MS
SMP-01180,2.78,44747.1,8843.8,9293.3,0.0452,Acetaminophen,LC-MS/MS
SMP-01180,4.11,91453.8,15223.6,15856.3,0.0927,Caffeine,LC-MS/MS
SMP-01180,5.54,21607.2,4652.7,4710.2,0.0211,Aspirin,LC-MS/MS
SMP-01180,7.19,63311.3,10382.4,10495.7,0.0622,Benzoic Acid,LC-MS/MS
SMP-01180,8.98,32033.0,6345.9,6541.8,0.0324,Phenacetin,LC-MS/MS
SMP-01180,10.41,16452.4,3957.3,4118.2,0.016,Salicylic Acid,LC-MS/MS
SMP-01180,12.14,53671.9,9853.3,10107.2,0.0532,Chlorpheniramine,LC-MS/MS
SMP-01181,1.23,14538.5,3702.8,3664.2,0.0141,Uracil,LC-MS/MS
SMP-01181,2.76,46344.3,9496.9,9169.0,0.0457,Acetaminophen,LC-MS/MS
SMP-01181,4.13,77461.4,12690.2,13031.9,0.077,Caffeine,LC-MS/MS
SMP-01181,5.57,24081.3,5196.1,5416.7,0.024,Aspirin,LC-MS/MS
SMP-01181,7.23,70009.3,11618.3,11828.5,0.0708,Benzoic Acid,LC-MS/MS
SMP-01181,8.93,29908.7,5856.4,6060.9,0.0299,Phenacetin,LC-MS/MS
SMP-01181,10.41,17317.1,4268.4,4322.1,0.0174,Salicylic Acid,LC-MS/MS
SMP-01181,12.1,59388.7,10819.4,11055.0,0.0587,Chlorpheniramine,LC-MS/MS
SMP-01182,1.26,14323.5,3749.5,3826.4,0.0147,Uracil,LC-MS/MS
SMP-01182,2.85,49200.4,9107.7,9664.0,0.048,Acetaminophen,LC-MS/MS
SMP-01182,4.19,83041.9,13967.3,14030.9,0.0842,Caffeine,LC-MS/MS
SMP-01182,5.63,22489.2,4828.1,5003.1,0.0237,Aspirin,LC-MS/MS
SMP-01182,7.11,79877.2,13075.7,13730.8,0.0795,Benzoic Acid,LC-MS/MS
SMP-01182,8.96,31233.1,6406.9,6438.5,0.0314,Phenacetin,LC-MS/MS
SMP-01182,10.4,16311.3,4166.0,4316.4,0.0164,Salicylic Acid,LC-MS/MS
SMP-01182,12.11,57559.3,10387.5,10689.7,0.0581,Chlorpheniramine,LC-MS/MS
SMP-01183,1.27,12820.5,3503.4,3627.2,0.0129,Uracil,LC-MS/MS
SMP-01183,2.76,38848.1,7514.0,8140.1,0.039,Acetaminophen,LC-MS/MS
SMP-01183,4.15,92821.3,15449.4,15655.8,0.0923,Caffeine,LC-MS/MS
SMP-01183,5.61,22315.5,4987.3,4990.8,0.0225,Aspirin,LC-MS/MS
SMP-01183,7.23,61555.1,10288.3,10670.8,0.0614,Benzoic Acid,LC-MS/MS
SMP-01183,8.98,32746.3,6798.3,7093.0,0.0335,Phenacetin,LC-MS/MS
SMP-01183,10.38,14723.8,3566.4,3706.4,0.0145,Salicylic Acid,LC-MS/MS
SMP-01183,12.1,51115.1,9007.5,8972.5,0.0485,Chlorpheniramine,LC-MS/MS
SMP-01184,1.23,13101.0,3452.4,3392.1,0.0126,Uracil,LC-MS/MS
SMP-01184,2.84,48909.4,10093.4,10165.7,0.0467,Acetaminophen,LC-MS/MS
SMP-01184,4.11,77300.3,12588.7,13083.1,0.0775,Caffeine,LC-MS/MS
SMP-01184,5.56,22155.0,4633.3,4833.6,0.0222,Aspirin,LC-MS/MS
SMP-01184,7.21,73100.7,12131.9,12715.0,0.0711,Benzoic Acid,LC-MS/MS
SMP-01184,8.94,30487.3,6291.8,6604.8,0.0302,Phenacetin,LC-MS/MS
SMP-01184,10.36,14566.6,3449.5,3527.3,0.0145,Salicylic Acid,LC-MS/MS
SMP-01184,12.1,57802.0,10230.2,10602.8,0.0568,Chlorpheniramine,LC-MS/MS
SMP-01185,1.28,12179.5,3142.0,3257.7,0.0123,Uracil,LC-MS/MS
SMP-01185,2.79,45543.5,8980.8,9173.7,0.0455,Acetaminophen,LC-MS/MS
SMP-01185,4.13,86622.8,14073.8,15000.5,0.0875,Caffeine,LC-MS/MS
SMP-01185,5.59,24806.1,5604.0,5766.8,0.0247,Aspirin,LC-MS/MS
SMP-01185,7.17,65433.3,10490.2,10899.0,0.067,Benzoic Acid,LC-MS/MS
SMP-01185,8.94,29742.8,5931.0,6040.3,0.0303,Phenacetin,LC-MS/MS
SMP-01185,10.36,16240.6,3938.5,3931.8,0.0156,Salicylic Acid,LC-MS/MS
SMP-01185,12.09,47827.0,8613.8,9000.2,0.0484,Chlorpheniramine,LC-MS/MS
SMP-01186,1.25,11871.5,3133.7,3074.8,0.0119,Uracil,LC-MS/MS
SMP-01186,2.76,40754.0,7897.1,8102.6,0.0399,Acetaminophen,LC-MS/MS
SMP-01186,4.11,86315.6,14065.0,14229.5,0.0841,Caffeine,LC-MS/MS
SMP-01186,5.59,23036.0,4994.2,5127.6,0.0232,Aspirin,LC-MS/MS
SMP-01186,7.26,91021.0,14830.5,15332.4,0.0919,Benzoic Acid,LC-MS/MS
SMP-01186,8.91,35214.0,7337.6,7396.5,0.0354,Phenacetin,LC-MS/MS
SMP-01186,10.47,13645.2,3216.7,3429.3,0.0135,Salicylic Acid,LC-MS/MS
SMP-01186,12.02,54776.3,10036.8,10276.7,0.055,Chlorpheniramine,LC-MS/MS
SMP-01187,1.26,10153.8,2420.4,2529.6,0.0104,Uracil,LC-MS/MS
SMP-01187,2.81,43955.4,8502.0,8677.1,0.0449,Acetaminophen,LC-MS/MS
SMP-01187,4.15,86897.5,13981.1,14499.1,0.0882,Caffeine,LC-MS/MS
SMP-01187,5.6,19106.9,4185.5,4298.2,0.0186,Aspirin,LC-MS/MS
SMP-01187,7.19,72030.1,11795.9,12018.0,0.0694,Benzoic Acid,LC-MS/MS
SMP-01187,8.95,27675.6,5814.1,5956.7,0.0272,Phenacetin,LC-MS/MS
SMP-01187,10.41,15063.2,3748.5,3884.7,0.0153,Salicylic Acid,LC-MS/MS
SMP-01187,12.14,55789.2,10276.1,10432.6,0.0556,Chlorpheniramine,LC-MS/MS
SMP-01188,1.19,12691.1,3234.7,3344.6,0.0132,Uracil,LC-MS/MS
SMP-01188,2.77,44053.7,8291.0,8705.9,0.0449,Acetaminophen,LC-MS/MS
SMP-01188,4.11,91351.7,14522.5,14970.5,0.0906,Caffeine,LC-MS/MS
SMP-01188,5.61,27312.0,5845.1,6071.4,0.0273,Aspirin,LC-MS/MS
SMP-01188,7.22,75271.1,12086.0,12483.7,0.0721,Benzoic Acid,LC-MS/MS
SMP-01188,8.95,37187.7,7557.4,8035.9,0.0366,Phenacetin,LC-MS/MS
SMP-01188,10.45,15731.1,3665.1,3673.2,0.0161,Salicylic Acid,LC-MS/MS
SMP-01188,12.15,52655.8,9603.4,9837.4,0.0521,Chlorpheniramine,LC-MS/MS
SMP-01189,1.22,11680.7,2843.6,2965.4,0.0118,Uracil,LC-MS/MS
SMP-01189,2.83,40948.2,7987.9,8182.7,0.0414,Acetaminophen,LC-MS/MS
SMP-01189,4.13,107857.8,16841.4,16755.2,0.107,Caffeine,LC-MS/MS
SMP-01189,5.6,23951.5,5165.2,5318.2,0.024,Aspirin,LC-MS/MS
SMP-01189,7.16,70838.6,11363.2,11718.6,0.073,Benzoic Acid,LC-MS/MS
SMP-01189,8.94,33801.3,6936.6,7068.2,0.0335,Phenacetin,LC-MS/MS
SMP-01189,10.4,15144.0,3742.2,3775.7,0.0151,Salicylic Acid,LC-MS/MS
SMP-01189,12.07,55048.3,10270.5,10282.9,0.0543,Chlorpheniramine,LC-MS/MS
SMP-01190,1.27,12659.6,3217.6,3302.5,0.0123,Uracil,LC-MS/MS
SMP-01190,2.76,35934.5,7097.6,7102.8,0.037,Acetaminophen,LC-MS/MS
SMP-01190,4.15,83326.9,13003.9,13377.2,0.0832,Caffeine,LC-MS/MS
SMP-01190,5.61,24898.7,5317.9,5502.2,0.0243,Aspirin,LC-MS/MS
SMP-01190,7.24,70430.1,11968.7,12031.1,0.0715,Benzoic Acid,LC-MS/MS
SMP-01190,8.91,32453.4,6625.0,6702.9,0.0323,Phenacetin,LC-MS/MS
SMP-01190,10.38,17479.8,4213.6,4331.0,0.0177,Salicylic Acid,LC-MS/MS
SMP-01190,12.11,60046.5,10778.8,10987.3,0.0613,Chlorpheniramine,LC-MS/MS
SMP-01191,1.27,11098.7,3022.9,3017.3,0.0115,Uracil,LC-MS/MS
SMP-01191,2.8,254687.0,39505.3,53605.7,0.255,Acetaminophen,LC-MS/MS
SMP-01191,4.17,83214.2,14024.0,14331.4,0.0839,Caffeine,LC-MS/MS
SMP-01191,5.63,26929.6,5965.7,6326.5,0.0272,Aspirin,LC-MS/MS
SMP-01191,7.21,81224.6,13321.4,14122.5,0.0819,Benzoic Acid,LC-MS/MS
SMP-01191,8.95,35148.7,7582.5,7911.1,0.0358,Phenacetin,LC-MS/MS
SMP-01191,10.38,15231.0,3795.6,3948.7,0.0154,Salicylic Acid,LC-MS/MS
SMP-01191,12.06,339476.6,64906.5,64892.6,0.3467,Chlorpheniramine,LC-MS/MS
SMP-01192,1.23,10005.6,2554.6,2595.9,0.0105,Uracil,LC-MS/MS
SMP-01192,2.81,51953.9,9753.1,9910.0,0.0512,Acetaminophen,LC-MS/MS
SMP-01192,4.14,93631.8,15922.7,16406.4,0.092,Caffeine,LC-MS/MS
SMP-01192,5.55,21256.4,4537.6,4630.3,0.0208,Aspirin,LC-MS/MS
SMP-01192,7.28,52033.1,8903.2,9124.2,0.0525,Benzoic Acid,LC-MS/MS
SMP-01192,8.96,26166.4,5323.3,5399.9,0.0264,Phenacetin,LC-MS/MS
SMP-01192,10.36,15672.0,3996.5,4212.4,0.0161,Salicylic Acid,LC-MS/MS
SMP-01192,12.1,52603.9,9517.9,9828.3,0.0536,Chlorpheniramine,LC-MS/MS
SMP-01193,1.29,13774.1,3512.7,3606.7,0.0136,Uracil,LC-MS/MS
SMP-01193,2.78,40962.9,7978.5,8039.6,0.0398,Acetaminophen,LC-MS/MS
SMP-01193,4.19,98115.5,15448.2,15907.4,0.0983,Caffeine,LC-MS/MS
SMP-01193,5.65,19927.6,4260.1,4467.2,0.0192,Aspirin,LC-MS/MS
SMP-01193,7.18,62643.3,10439.3,10910.2,0.0633,Benzoic Acid,LC-MS/MS
SMP-01193,8.94,36329.7,7290.9,7628.2,0.0363,Phenacetin,LC-MS/MS
SMP-01193,10.44,17610.3,4052.0,4221.9,0.0177,Salicylic Acid,LC-MS/MS
SMP-01193,12.13,46762.7,8063.2,8315.8,0.0464,Chlorpheniramine,LC-MS/MS
SMP-01194,1.25,13172.6,3532.9,3643.5,0.0132,Uracil,LC-MS/MS
SMP-01194,2.76,40978.9,7949.4,8116.3,0.0411,Acetaminophen,LC-MS/MS
SMP-01194,4.14,90947.4,14890.6,15718.5,0.0885,Caffeine,LC-MS/MS
SMP-01194,5.57,20875.0,4639.9,4782.3,0.0212,Aspirin,LC-MS/MS
SMP-01194,7.12,60990.1,9432.8,9776.8,0.0598,Benzoic Acid,LC-MS/MS
SMP-01194,8.91,35028.0,7514.9,7708.0,0.035,Phenacetin,LC-MS/MS
SMP-01194,10.41,17642.8,4403.1,4457.5,0.0174,Salicylic Acid,LC-MS/MS
SMP-01194,12.03,57665.4,10242.4,10760.5,0.0596,Chlorpheniramine,LC-MS/MS
SMP-01195,1.24,13788.9,3445.0,3529.2,0.0137,Uracil,LC-MS/MS
SMP-01195,2.78,50743.6,9962.6,10286.1,0.0505,Acetaminophen,LC-MS/MS
SMP-01195,4.21,73119.6,11365.7,11264.6,0.0744,Caffeine,LC-MS/MS
SMP-01195,5.56,26888.3,6174.2,6470.5,0.0264,Aspirin,LC-MS/MS
SMP-01195,7.19,69214.9,11190.4,11491.7,0.0668,Benzoic Acid,LC-MS/MS
SMP-01195,8.95,31449.1,6234.2,6655.9,0.0315,Phenacetin,LC-MS/MS
SMP-01195,10.41,16751.6,4134.0,4207.9,0.0165,Salicylic Acid,LC-MS/MS
SMP-01195,12.14,50644.3,9639.3,9920.9,0.0506,Chlorpheniramine,LC-MS/MS
SMP-01196,1.28,10855.0,2584.5,2665.2,0.0109,Uracil,LC-MS/MS
SMP-01196,2.77,43874.8,8716.4,9242.8,0.0451,Acetaminophen,LC-MS/MS
SMP-01196,4.13,84039.4,14323.3,14539.7,0.0829,Caffeine,LC-MS/MS
SMP-01196,5.59,19939.2,4223.2,4311.4,0.0195,Aspirin,LC-MS/MS
SMP-01196,7.19,62356.3,9849.4,10297.8,0.0626,Benzoic Acid,LC-MS/MS
SMP-01196,8.97,31757.2,6214.2,6484.8,0.0317,Phenacetin,LC-MS/MS
SMP-01196,10.41,16603.3,3803.5,3817.8,0.0166,Salicylic Acid,LC-MS/MS
SMP-01196,12.06,52113.6,9408.3,10128.4,0.0527,Chlorpheniramine,LC-MS/MS
SMP-01197,1.21,13119.0,3345.1,3562.0,0.0137,Uracil,LC-MS/MS
SMP-01197,2.79,49846.9,9334.2,9449.5,0.0504,Acetaminophen,LC-MS/MS
SMP-01197,4.1,307235.7,48744.0,44617.4,0.3065,Caffeine,LC-MS/MS
SMP-01197,5.64,25352.7,5663.4,5816.5,0.026,Aspirin,LC-MS/MS
SMP-01197,7.18,58763.8,10272.7,10535.4,0.0593,Benzoic Acid,LC-MS/MS
SMP-01197,8.92,36755.8,7349.6,7642.2,0.0364,Phenacetin,LC-MS/MS
SMP-01197,10.42,11452.9,2671.3,2717.8,0.0118,Salicylic Acid,LC-MS/MS
SMP-01197,12.03,58842.4,10777.4,10698.2,0.058,Chlorpheniramine,LC-MS/MS
SMP-01198,1.23,13498.3,3366.4,3443.3,0.0135,Uracil,LC-MS/MS
SMP-01198,2.79,46393.1,9274.9,9867.3,0.0467,Acetaminophen,LC-MS/MS
SMP-01198,4.2,88667.5,14476.1,15221.4,0.0889,Caffeine,LC-MS/MS
SMP-01198,5.6,20077.7,4602.0,4726.4,0.0206,Aspirin,LC-MS/MS
SMP-01198,7.17,62131.4,10763.1,10763.2,0.0628,Benzoic Acid,LC-MS/MS
SMP-01198,8.97,34518.6,7079.7,7281.7,0.0355,Phenacetin,LC-MS/MS
SMP-01198,10.44,14663.0,3466.5,3522.2,0.0151,Salicylic Acid,LC-MS/MS
SMP-01198,12.07,59496.9,10178.6,10370.4,0.0609,Chlorpheniramine,LC-MS/MS
SMP-01199,1.23,12008.0,3026.6,3083.3,0.0119,Uracil,LC-MS/MS
SMP-01199,2.85,45997.4,9103.0,9127.8,0.0451,Acetaminophen,LC-MS/MS
SMP-01199,4.18,70237.9,11080.0,11498.4,0.0705,Caffeine,LC-MS/MS
SMP-01199,5.67,22693.3,5096.6,5249.5,0.0224,Aspirin,LC-MS/MS
SMP-01199,7.24,74609.5,13057.5,13629.1,0.073,Benzoic Acid,LC-MS/MS
SMP-01199,8.95,31458.2,6124.9,6438.7,0.0316,Phenacetin,LC-MS/MS
SMP-01199,10.4,15718.7,3864.7,4022.9,0.0156,Salicylic Acid,LC-MS/MS
SMP-01199,12.09,44907.1,8724.2,8989.0,0.0466,Chlorpheniramine,LC-MS/MS
SMP-01200,1.28,14374.8,3636.6,3775.0,0.0142,Uracil,LC-MS/MS
SMP-01200,2.79,43898.1,7620.9,8034.0,0.0449,Acetaminophen,LC-MS/MS
SMP-01200,4.21,102621.3,16291.9,17057.1,0.1009,Caffeine,LC-MS/MS
SMP-01200,5.64,26835.2,5839.0,6141.2,0.0265,Aspirin,LC-MS/MS
SMP-01200,7.16,69706.3,11267.8,11655.8,0.071,Benzoic Acid,LC-MS/MS
SMP-01200,8.92,28977.6,5887.6,6139.1,0.0299,Phenacetin,LC-MS/MS
SMP-01200,10.31,16713.9,4287.8,4407.6,0.0167,Salicylic Acid,LC-MS/MS
SMP-01200,12.07,52843.4,9695.7,9933.4,0.0537,Chlorpheniramine,LC-MS/MS
SMP-01201,1.31,12632.5,3399.1,3588.8,0.0129,Uracil,LC-MS/MS
SMP-01201,2.78,49707.3,9275.1,9868.4,0.0494,Acetaminophen,LC-MS/MS
SMP-01201,4.11,80193.7,12464.1,12635.9,0.0828,Caffeine,LC-MS/MS
SMP-01201,5.61,22284.1,5156.2,5391.3,0.0225,Aspirin,LC-MS/MS
SMP-01201,7.18,57097.7,9547.2,9483.6,0.0561,Benzoic Acid,LC-MS/MS
SMP-01201,8.93,32283.1,6755.5,6976.3,0.0325,Phenacetin,LC-MS/MS
SMP-01201,10.38,15925.6,4101.1,4135.0,0.0159,Salicylic Acid,LC-MS/MS
SMP-01201,12.1,54043.2,9577.6,9552.9,0.054,Chlorpheniramine,LC-MS/MS
SMP-01202,1.28,56527.3,13779.4,14930.4,0.057,Uracil,LC-MS/MS
SMP-01202,2.76,40805.6,8348.6,8611.3,0.0407,Acetaminophen,LC-MS/MS
SMP-01202,4.11,101191.3,16648.1,16334.3,0.1023,Caffeine,LC-MS/MS
SMP-01202,5.62,23536.7,5040.3,5218.4,0.0239,Aspirin,LC-MS/MS
SMP-01202,7.2,65482.2,11030.5,11332.5,0.0668,Benzoic Acid,LC-MS/MS
SMP-01202,9.0,31949.8,6735.1,6951.2,0.0322,Phenacetin,LC-MS/MS
SMP-01202,10.41,18788.3,4563.3,4669.6,0.0186,Salicylic Acid,LC-MS/MS
SMP-01202,12.11,56178.4,10266.4,10490.1,0.0561,Chlorpheniramine,LC-MS/MS
SMP-01203,1.23,14036.4,3376.0,3311.6,0.0141,Uracil,LC-MS/MS
SMP-01203,2.78,42268.9,8300.5,8577.9,0.0422,Acetaminophen,LC-MS/MS
SMP-01203,4.1,67708.5,10946.5,11176.8,0.0676,Caffeine,LC-MS/MS
SMP-01203,5.6,21139.1,4510.1,4636.8,0.0212,Aspirin,LC-MS/MS
SMP-01203,7.21,62488.3,10563.1,10652.5,0.065,Benzoic Acid,LC-MS/MS
SMP-01203,8.93,31531.9,6230.1,6551.4,0.0319,Phenacetin,LC-MS/MS
SMP-01203,10.43,16257.5,4008.5,4221.1,0.0162,Salicylic Acid,LC-MS/MS
SMP-01203,12.08,64113.9,11782.0,11998.3,0.0637,Chlorpheniramine,LC-MS/MS
SMP-01204,1.29,13232.5,3440.7,3503.9,0.0136,Uracil,LC-MS/MS
SMP-01204,2.8,50957.1,9779.9,10510.2,0.0506,Acetaminophen,LC-MS/MS
SMP-01204,4.2,91160.5,14785.0,15106.0,0.0902,Caffeine,LC-MS/MS
SMP-01204,5.59,22745.4,5016.6,5186.4,0.0225,Aspirin,LC-MS/MS
SMP-01204,7.14,71633.2,12159.0,12983.9,0.0713,Benzoic Acid,LC-MS/MS
SMP-01204,8.95,26014.0,5280.7,5606.5,0.0261,Phenacetin,LC-MS/MS
SMP-01204,10.4,17004.8,3971.6,4113.7,0.0167,Salicylic Acid,LC-MS/MS
SMP-01204,12.11,50342.3,9223.0,9369.3,0.0482,Chlorpheniramine,LC-MS/MS
SMP-01205,1.24,11261.8,2975.8,3122.9,0.0108,Uracil,LC-MS/MS
SMP-01205,2.82,45260.8,8908.4,9504.6,0.047,Acetaminophen,LC-MS/MS
SMP-01205,4.15,86233.7,14318.8,15068.0,0.0848,Caffeine,LC-MS/MS
SMP-01205,5.57,24936.1,5327.8,5643.2,0.0251,Aspirin,LC-MS/MS
SMP-01205,7.16,60294.1,9991.2,10240.3,0.0602,Benzoic Acid,LC-MS/MS
SMP-01205,8.95,26099.4,4988.5,5336.4,0.0263,Phenacetin,LC-MS/MS
SMP-01205,10.42,15812.4,3895.3,4043.6,0.0161,Salicylic Acid,LC-MS/MS
SMP-01205,12.14,58377.6,11228.7,11426.4,0.0604,Chlorpheniramine,LC-MS/MS
SMP-01206,1.19,12246.4,3071.6,3225.7,0.0123,Uracil,LC-MS/MS
SMP-01206,2.83,38865.0,7965.8,8230.5,0.04,Acetaminophen,LC-MS/MS
SMP-01206,4.21,90116.3,14292.1,14657.9,0.0895,Caffeine,LC-MS/MS
SMP-01206,5.6,26246.9,5805.2,6056.9,0.0265,Aspirin,LC-MS/MS
SMP-01206,7.2,69217.7,10977.6,11510.8,0.0706,Benzoic Acid,LC-MS/MS
SMP-01206,8.96,31501.5,6139.8,6521.7,0.0322,Phenacetin,LC-MS/MS
SMP-01206,10.39,12809.1,3016.4,3058.6,0.0129,Salicylic Acid,LC-MS/MS
SMP-01206,12.1,58687.0,10756.5,10947.6,0.0593,Chlorpheniramine,LC-MS/MS
SMP-01207,1.28,47111.4,9893.4,11653.9,0.0489,Uracil,LC-MS/MS
SMP-01207,2.76,47513.1,8790.5,9291.9,0.0494,Acetaminophen,LC-MS/MS
SMP-01207,4.1,95586.2,15162.6,15563.9,0.0975,Caffeine,LC-MS/MS
SMP-01207,5.62,25126.9,5649.5,6012.1,0.0247,Aspirin,LC-MS/MS
SMP-01207,7.2,71797.8,11951.8,12217.7,0.0716,Benzoic Acid,LC-MS/MS
SMP-01207,8.93,32458.7,6690.9,6776.9,0.0322,Phenacetin,LC-MS/MS
SMP-01207,10.39,15635.7,3635.4,3714.4,0.0156,Salicylic Acid,LC-MS/MS
SMP-01207,12.13,49206.6,9135.4,9358.0,0.0488,Chlorpheniramine,LC-MS/MS
SMP-01208,1.22,12002.5,3105.3,3135.6,0.012,Uracil,LC-MS/MS
SMP-01208,2.78,39722.2,7620.9,7506.0,0.0403,Acetaminophen,LC-MS/MS
SMP-01208,4.15,82372.5,13683.0,14225.8,0.081,Caffeine,LC-MS/MS
SMP-01208,5.59,24050.9,5225.5,5281.6,0.0244,Aspirin,LC-MS/MS
SMP-01208,7.21,60864.8,10390.0,10275.8,0.0598,Benzoic Acid,LC-MS/MS
SMP-01208,8.98,27024.6,5536.3,5760.1,0.027,Phenacetin,LC-MS/MS
SMP-01208,10.43,14017.4,3535.2,3574.0,0.0138,Salicylic Acid,LC-MS/MS
SMP-01208,12.14,56128.6,10104.8,10525.5,0.0537,Chlorpheniramine,LC-MS/MS
SMP-01209,1.25,11921.6,3172.7,3338.6,0.0119,Uracil,LC-MS/MS
SMP-01209,2.78,36242.8,7173.5,7475.6,0.0378,Acetaminophen,LC-MS/MS
SMP-01209,4.15,94284.5,15501.2,16692.3,0.0917,Caffeine,LC-MS/MS
SMP-01209,5.63,23573.4,5401.4,5589.4,0.0231,Aspirin,LC-MS/MS
SMP-01209,7.2,71512.0,11944.0,11851.6,0.0715,Benzoic Acid,LC-MS/MS
SMP-01209,8.93,32949.0,6716.4,7135.6,0.0336,Phenacetin,LC-MS/MS
SMP-01209,10.47,16424.2,4002.6,4140.5,0.0162,Salicylic Acid,LC-MS/MS
SMP-01209,12.1,54851.5,9824.8,10673.3,0.0544,Chlorpheniramine,LC-MS/MS
SMP-01210,1.27,12595.5,3347.6,3464.2,0.013,Uracil,LC-MS/MS
SMP-01210,2.81,46536.8,8687.8,9016.7,0.0464,Acetaminophen,LC-MS/MS
SMP-01210,4.19,90426.2,14526.8,14648.0,0.0887,Caffeine,LC-MS/MS
SMP-01210,5.61,24620.2,5327.7,5411.8,0.0247,Aspirin,LC-MS/MS
SMP-01210,7.17,68938.8,11781.2,12140.5,0.069,Benzoic Acid,LC-MS/MS
SMP-01210,8.94,158029.2,32361.1,32956.7,0.1593,Phenacetin,LC-MS/MS
SMP-01210,10.43,16146.7,3861.7,3899.6,0.0158,Salicylic Acid,LC-MS/MS
SMP-01210,12.12,52374.7,9308.0,10028.1,0.0527,Chlorpheniramine,LC-MS/MS
SMP-01211,1.26,15044.7,3750.4,3862.2,0.0152,Uracil,LC-MS/MS
SMP-01211,2.79,48005.7,9506.3,9678.9,0.0464,Acetaminophen,LC-MS/MS
SMP-01211,4.17,97633.0,15532.3,15471.3,0.0941,Caffeine,LC-MS/MS
SMP-01211,5.58,22559.3,5048.0,5267.0,0.023,Aspirin,LC-MS/MS
SMP-01211,7.27,68222.2,11960.5,12207.3,0.0713,Benzoic Acid,LC-MS/MS
SMP-01211,8.93,36309.9,7398.0,7599.8,0.0358,Phenacetin,LC-MS/MS
SMP-01211,10.44,14009.4,3544.3,3621.1,0.014,Salicylic Acid,LC-MS/MS
SMP-01211,12.11,56087.5,10107.6,10466.6,0.0564,Chlorpheniramine,LC-MS/MS
SMP-01212,1.28,11321.7,2908.5,2990.3,0.0112,Uracil,LC-MS/MS
SMP-01212,2.76,51146.5,10339.7,10967.7,0.0508,Acetaminophen,LC-MS/MS
SMP-01212,4.14,92688.1,15470.4,16123.5,0.0881,Caffeine,LC-MS/MS
SMP-01212,5.58,23007.9,5056.1,5126.2,0.0233,Aspirin,LC-MS/MS
SMP-01212,7.16,72922.4,12249.8,13013.7,0.0722,Benzoic Acid,LC-MS/MS
SMP-01212,8.96,27140.1,5485.8,5739.7,0.0264,Phenacetin,LC-MS/MS
SMP-01212,10.36,13830.3,3320.7,3486.2,0.0133,Salicylic Acid,LC-MS/MS
SMP-01212,12.09,49515.3,8726.5,9103.3,0.0494,Chlorpheniramine,LC-MS/MS
SMP-01213,1.24,11272.3,2762.4,2820.8,0.0116,Uracil,LC-MS/MS
SMP-01213,2.8,47192.2,9236.5,9268.4,0.0466,Acetaminophen,LC-MS/MS
SMP-01213,4.12,94727.4,15756.3,16481.6,0.0925,Caffeine,LC-MS/MS
SMP-01213,5.62,22896.5,4774.2,4905.0,0.0232,Aspirin,LC-MS/MS
SMP-01213,7.26,64136.2,10588.7,11059.8,0.064,Benzoic Acid,LC-MS/MS
SMP-01213,8.93,31187.8,6400.0,6772.3,0.031,Phenacetin,LC-MS/MS
SMP-01213,10.42,18080.1,4269.6,4287.4,0.0186,Salicylic Acid,LC-MS/MS
SMP-01213,12.06,64376.1,11731.6,12074.0,0.0655,Chlorpheniramine,LC-MS/MS
SMP-01214,1.17,12812.0,3518.9,3640.8,0.0125,Uracil,LC-MS/MS
SMP-01214,2.81,49079.7,9639.2,10031.7,0.0482,Acetaminophen,LC-MS/MS
SMP-01214,4.1,102132.4,16705.8,16971.2,0.102,Caffeine,LC-MS/MS
SMP-01214,5.64,25025.7,5530.8,5630.6,0.0249,Aspirin,LC-MS/MS
SMP-01214,7.2,64870.6,11406.9,11937.6,0.0652,Benzoic Acid,LC-MS/MS
SMP-01214,8.95,30430.5,6302.8,6453.9,0.0304,Phenacetin,LC-MS/MS
SMP-01214,10.44,15538.9,3847.5,3903.9,0.016,Salicylic Acid,LC-MS/MS
SMP-01214,12.11,56452.6,10263.5,10424.8,0.0573,Chlorpheniramine,LC-MS/MS
SMP-01215,1.25,11926.3,3073.3,3228.4,0.0121,Uracil,LC-MS/MS
SMP-01215,2.81,45854.4,9150.6,9802.1,0.0456,Acetaminophen,LC-MS/MS
SMP-01215,4.17,70744.2,11920.7,12256.7,0.0689,Caffeine,LC-MS/MS
SMP-01215,5.63,22299.2,4945.4,4852.0,0.0224,Aspirin,LC-MS/MS
SMP-01215,7.21,57712.7,9483.1,9481.5,0.0598,Benzoic Acid,LC-MS/MS
SMP-01215,8.96,27387.2,5673.8,5944.2,0.0284,Phenacetin,LC-MS/MS
SMP-01215,10.41,13817.4,3331.1,3395.1,0.0138,Salicylic Acid,LC-MS/MS
SMP-01215,12.09,55559.8,10085.0,10458.3,0.0535,Chlorpheniramine,LC-MS/MS
SMP-01216,1.24,14339.9,3595.1,3763.4,0.0143,Uracil,LC-MS/MS
SMP-01216,2.76,47696.8,9026.7,9055.0,0.0488,Acetaminophen,LC-MS/MS
SMP-01216,4.14,94546.4,15571.6,15460.3,0.0966,Caffeine,LC-MS/MS
SMP-01216,5.63,24431.9,5712.5,5909.6,0.0246,Aspirin,LC-MS/MS
SMP-01216,7.26,72190.8,12401.6,13033.8,0.0742,Benzoic Acid,LC-MS/MS
SMP-01216,9.01,25502.5,5075.3,5283.0,0.0264,Phenacetin,LC-MS/MS
SMP-01216,10.37,16839.8,4343.8,4328.4,0.0167,Salicylic Acid,LC-MS/MS
SMP-01216,12.11,54944.0,9586.2,9963.7,0.0544,Chlorpheniramine,LC-MS/MS
SMP-01217,1.29,11807.6,2908.4,2980.5,0.0121,Uracil,LC-MS/MS
SMP-01217,2.81,47695.0,9590.5,10161.8,0.0491,Acetaminophen,LC-MS/MS
SMP-01217,4.14,86097.2,13484.6,14040.2,0.0847,Caffeine,LC-MS/MS
SMP-01217,5.59,25231.1,5643.8,5817.2,0.0248,Aspirin,LC-MS/MS
SMP-01217,7.22,67484.0,11107.4,11572.8,0.0665,Benzoic Acid,LC-MS/MS
SMP-01217,8.96,30389.0,6018.9,6139.8,0.0295,Phenacetin,LC-MS/MS
SMP-01217,10.38,13350.7,3284.1,3437.2,0.0139,Salicylic Acid,LC-MS/MS
SMP-01217,12.05,53061.7,10346.4,10493.8,0.0538,Chlorpheniramine,LC-MS/MS
SMP-01218,1.22,11970.4,3203.8,3343.0,0.0122,Uracil,LC-MS/MS
SMP-01218,2.81,47333.6,9577.5,9972.4,0.0454,Acetaminophen,LC-MS/MS
SMP-01218,4.15,85737.4,13827.8,14506.4,0.0851,Caffeine,LC-MS/MS
SMP-01218,5.64,21799.0,4844.7,4992.7,0.0219,Aspirin,LC-MS/MS
SMP-01218,7.17,54173.7,8942.3,9123.7,0.0536,Benzoic Acid,LC-MS/MS
SMP-01218,9.0,24486.6,4933.2,5045.0,0.0243,Phenacetin,LC-MS/MS
SMP-01218,10.35,15593.2,3877.9,3926.9,0.016,Salicylic Acid,LC-MS/MS
SMP-01218,12.14,60391.9,11059.8,11843.5,0.0598,Chlorpheniramine,LC-MS/MS
SMP-01219,1.27,11918.3,2982.9,3001.7,0.0123,Uracil,LC-MS/MS
SMP-01219,2.77,48429.2,9612.7,9781.4,0.0474,Acetaminophen,LC-MS/MS
SMP-01219,4.18,102827.8,16420.9,17158.8,0.1021,Caffeine,LC-MS/MS
SMP-01219,5.6,25478.5,5776.1,6039.6,0.0251,Aspirin,LC-MS/MS
SMP-01219,7.2,48491.0,8292.7,8674.4,0.0495,Benzoic Acid,LC-MS/MS
SMP-01219,8.94,26815.4,5452.0,5556.4,0.0271,Phenacetin,LC-MS/MS
SMP-01219,10.42,17590.8,4234.9,4228.4,0.0177,Salicylic Acid,LC-MS/MS
SMP-01219,12.1,42311.8,7652.6,7888.1,0.0422,Chlorpheniramine,LC-MS/MS
SMP-01220,1.21,10787.4,2850.4,2948.9,0.0107,Uracil,LC-MS/MS
SMP-01220,2.72,45053.1,8525.4,9031.4,0.0455,Acetaminophen,LC-MS/MS
SMP-01220,4.11,95957.9,15194.8,15354.9,0.0989,Caffeine,LC-MS/MS
SMP-01220,5.59,17990.9,4014.7,4174.7,0.0174,Aspirin,LC-MS/MS
SMP-01220,7.15,70009.5,11858.4,12576.0,0.0708,Benzoic Acid,LC-MS/MS
SMP-01220,8.97,32619.8,6734.7,6641.1,0.0316,Phenacetin,LC-MS/MS
SMP-01220,10.39,14572.4,3421.2,3503.6,0.014,Salicylic Acid,LC-MS/MS
SMP-01220,12.1,52136.0,9469.6,9738.5,0.0511,Chlorpheniramine,LC-MS/MS
SMP-01221,1.3,13852.8,3532.1,3650.2,0.0147,Uracil,LC-MS/MS
SMP-01221,2.84,45508.4,8829.0,9072.7,0.0453,Acetaminophen,LC-MS/MS
SMP-01221,4.15,89348.4,13807.6,14127.1,0.0888,Caffeine,LC-MS/MS
SMP-01221,5.55,20282.2,4434.6,4519.5,0.0205,Aspirin,LC-MS/MS
SMP-01221,7.18,63149.6,10547.3,10612.4,0.0617,Benzoic Acid,LC-MS/MS
SMP-01221,8.94,32283.7,6419.8,6693.4,0.0315,Phenacetin,LC-MS/MS
SMP-01221,10.43,16048.1,3974.9,3972.7,0.0162,Salicylic Acid,LC-MS/MS
SMP-01221,12.12,50799.7,8833.7,9200.9,0.0511,Chlorpheniramine,LC-MS/MS
SMP-01222,1.3,11293.8,2960.7,3034.1,0.0111,Uracil,LC-MS/MS
SMP-01222,2.8,38910.8,7178.3,7342.1,0.0396,Acetaminophen,LC-MS/MS
SMP-01222,4.15,83422.9,12744.2,13047.7,0.0809,Caffeine,LC-MS/MS
SMP-01222,5.6,27023.1,5855.1,5882.6,0.0277,Aspirin,LC-MS/MS
SMP-01222,7.19,57478.8,8887.2,9234.4,0.0587,Benzoic Acid,LC-MS/MS
SMP-01222,8.96,38879.3,7844.3,8123.5,0.0386,Phenacetin,LC-MS/MS
SMP-01222,10.38,17194.3,4138.0,4180.5,0.0174,Salicylic Acid,LC-MS/MS
SMP-01222,12.1,63762.2,11208.1,11366.3,0.0648,Chlorpheniramine,LC-MS/MS
SMP-01223,1.27,12188.7,3116.3,3228.2,0.012,Uracil,LC-MS/MS
SMP-01223,2.77,43034.6,8650.9,8661.3,0.0436,Acetaminophen,LC-MS/MS
SMP-01223,4.17,94125.4,14487.9,15073.5,0.0937,Caffeine,LC-MS/MS
SMP-01223,5.59,23703.1,5005.1,5037.2,0.0237,Aspirin,LC-MS/MS
SMP-01223,7.18,63593.1,10581.9,11145.0,0.0644,Benzoic Acid,LC-MS/MS
SMP-01223,8.97,25449.3,5010.9,5254.8,0.0254,Phenacetin,LC-MS/MS
SMP-01223,10.41,17658.9,4304.1,4472.2,0.0174,Salicylic Acid,LC-MS/MS
SMP-01223,12.11,45846.2,8281.2,8758.2,0.0468,Chlorpheniramine,LC-MS/MS
SMP-01224,1.25,11748.0,3079.1,3153.7,0.0114,Uracil,LC-MS/MS
SMP-01224,2.79,44796.2,8987.8,9611.3,0.0453,Acetaminophen,LC-MS/MS
SMP-01224,4.14,88755.0,14284.5,13998.2,0.0881,Caffeine,LC-MS/MS
SMP-01224,5.61,20208.8,4582.1,4697.5,0.0204,Aspirin,LC-MS/MS
SMP-01224,7.16,65229.9,10547.6,10851.2,0.0652,Benzoic Acid,LC-MS/MS
SMP-01224,8.97,27095.1,5661.2,5592.1,0.0261,Phenacetin,LC-MS/MS
SMP-01224,10.36,12639.6,3113.7,3242.5,0.0127,Salicylic Acid,LC-MS/MS
SMP-01224,12.1,45845.8,8342.6,8882.8,0.0461,Chlorpheniramine,LC-MS/MS
SMP-01225,1.26,12105.2,3248.3,3310.1,0.012,Uracil,LC-MS/MS
SMP-01225,2.76,42164.8,7957.0,8118.7,0.0424,Acetaminophen,LC-MS/MS
SMP-01225,4.16,96437.4,16072.8,16687.9,0.0964,Caffeine,LC-MS/MS
SMP-01225,5.63,21611.5,4962.0,5101.8,0.0208,Aspirin,LC-MS/MS
SMP-01225,7.22,76412.0,12098.0,11994.3,0.0775,Benzoic Acid,LC-MS/MS
SMP-01225,8.97,30632.2,6146.6,6214.5,0.0309,Phenacetin,LC-MS/MS
SMP-01225,10.39,14192.6,3335.9,3386.0,0.0145,Salicylic Acid,LC-MS/MS
SMP-01225,12.13,47116.9,8578.9,8812.7,0.0476,Chlorpheniramine,LC-MS/MS
SMP-01226,1.23,12230.2,3088.5,3129.8,0.0123,Uracil,LC-MS/MS
SMP-01226,2.83,43458.8,8590.7,8845.8,0.0446,Acetaminophen,LC-MS/MS
SMP-01226,4.12,64248.9,10832.3,11184.3,0.0656,Caffeine,LC-MS/MS
SMP-01226,5.62,22227.3,5036.3,5042.9,0.0218,Aspirin,LC-MS/MS
SMP-01226,7.19,76167.3,12623.9,13181.4,0.0749,Benzoic Acid,LC-MS/MS
SMP-01226,8.95,29205.5,6080.0,6386.5,0.0292,Phenacetin,LC-MS/MS
SMP-01226,10.36,15937.8,3820.2,4023.2,0.0158,Salicylic Acid,LC-MS/MS
SMP-01226,12.06,55184.2,10200.4,10436.8,0.054,Chlorpheniramine,LC-MS/MS
SMP-01227,1.26,12847.6,3297.1,3421.2,0.0129,Uracil,LC-MS/MS
SMP-01227,2.78,40662.9,8176.9,8568.4,0.0403,Acetaminophen,LC-MS/MS
SMP-01227,4.15,76583.0,12851.0,13031.2,0.0755,Caffeine,LC-MS/MS
SMP-01227,5.62,16468.3,3716.4,3835.9,0.0163,Aspirin,LC-MS/MS
SMP-01227,7.24,69480.8,11584.9,12115.6,0.069,Benzoic Acid,LC-MS/MS
SMP-01227,8.91,28963.5,5709.6,5727.4,0.0283,Phenacetin,LC-MS/MS
SMP-01227,10.39,18150.5,4417.5,4504.6,0.0178,Salicylic Acid,LC-MS/MS
SMP-01227,12.11,55822.9,9983.9,10245.2,0.055,Chlorpheniramine,LC-MS/MS
SMP-01228,1.31,13705.9,3527.5,3734.0,0.0139,Uracil,LC-MS/MS
SMP-01228,2.83,51835.0,10029.7,10195.9,0.0517,Acetaminophen,LC-MS/MS
SMP-01228,4.16,91374.6,14764.7,15213.5,0.0947,Caffeine,LC-MS/MS
SMP-01228,5.62,23116.7,5173.6,5284.1,0.0223,Aspirin,LC-MS/MS
SMP-01228,7.23,72881.3,12658.5,13127.8,0.0722,Benzoic Acid,LC-MS/MS
SMP-01228,8.96,31554.8,6190.2,6197.8,0.0314,Phenacetin,LC-MS/MS
SMP-01228,10.38,15883.7,3791.3,3816.1,0.0161,Salicylic Acid,LC-MS/MS
SMP-01228,12.09,43053.7,7576.0,7859.8,0.041,Chlorpheniramine,LC-MS/MS
SMP-01229,1.31,11356.2,3045.4,3153.5,0.0113,Uracil,LC-MS/MS
SMP-01229,2.78,42383.1,8168.7,8329.3,0.0427,Acetaminophen,LC-MS/MS
SMP-01229,4.09,96872.0,16132.8,16912.3,0.0985,Caffeine,LC-MS/MS
SMP-01229,5.63,22843.9,4690.3,4685.2,0.0231,Aspirin,LC-MS/MS
SMP-01229,7.2,78548.5,13457.7,14107.0,0.0789,Benzoic Acid,LC-MS/MS
SMP-01229,8.92,36453.0,7533.8,7852.3,0.0361,Phenacetin,LC-MS/MS
SMP-01229,10.45,15102.3,3708.5,3791.7,0.0155,Salicylic Acid,LC-MS/MS
SMP-01229,12.09,56357.5,9711.6,10004.6,0.0552,Chlorpheniramine,LC-MS/MS
SMP-01230,1.25,11993.7,3145.9,3306.7,0.0121,Uracil,LC-MS/MS
SMP-01230,2.8,40872.3,7788.1,8172.4,0.0407,Acetaminophen,LC-MS/MS
SMP-01230,4.16,103621.9,17408.5,18135.2,0.1036,Caffeine,LC-MS/MS
SMP-01230,5.58,22023.5,5241.7,5153.1,0.022,Aspirin,LC-MS/MS
SMP-01230,7.24,65232.1,10361.4,11025.5,0.0672,Benzoic Acid,LC-MS/MS
SMP-01230,8.96,30821.7,6397.6,6729.4,0.0305,Phenacetin,LC-MS/MS
SMP-01230,10.45,61299.7,15485.9,17383.8,0.0606,Salicylic Acid,LC-MS/MS
SMP-01230,12.13,55221.9,9629.2,9933.9,0.0553,Chlorpheniramine,LC-MS/MS
SMP-01231,1.26,13341.1,3184.7,3128.2,0.0136,Uracil,LC-MS/MS
SMP-01231,2.8,44513.4,8489.3,8623.0,0.0464,Acetaminophen,LC-MS/MS
SMP-01231,4.17,89049.1,14670.0,15717.0,0.0854,Caffeine,LC-MS/MS
SMP-01231,5.6,23454.7,5104.0,5100.0,0.0234,Aspirin,LC-MS/MS
SMP-01231,7.19,66200.0,11177.8,11512.9,0.0663,Benzoic Acid,LC-MS/MS
SMP-01231,8.94,32569.4,6781.4,6717.4,0.0326,Phenacetin,LC-MS/MS
SMP-01231,10.4,15047.5,3609.3,3739.3,0.0153,Salicylic Acid,LC-MS/MS
SMP-01231,12.12,62000.4,11155.9,11169.1,0.0597,Chlorpheniramine,LC-MS/MS
SMP-01232,1.26,12210.0,3068.8,3157.0,0.0121,Uracil,LC-MS/MS
SMP-01232,2.77,43909.0,8396.4,8581.1,0.0435,Acetaminophen,LC-MS/MS
SMP-01232,4.14,79649.3,13488.8,13766.8,0.0769,Caffeine,LC-MS/MS
SMP-01232,5.6,19639.8,4046.7,4218.7,0.0201,Aspirin,LC-MS/MS
SMP-01232,7.23,66758.5,11005.8,11169.2,0.0659,Benzoic Acid,LC-MS/MS
SMP-01232,8.9,25270.4,4788.6,5069.5,0.0258,Phenacetin,LC-MS/MS
SMP-01232,10.45,16482.9,4128.3,4245.9,0.0167,Salicylic Acid,LC-MS/MS
SMP-01232,12.1,59686.3,11027.3,11284.7,0.0595,Chlorpheniramine,LC-MS/MS
SMP-01233,1.26,13020.4,3310.7,3327.2,0.013,Uracil,LC-MS/MS
SMP-01233,2.85,53933.5,10408.6,10952.6,0.0534,Acetaminophen,LC-MS/MS
SMP-01233,4.11,105966.4,17079.6,18075.4,0.1072,Caffeine,LC-MS/MS
SMP-01233,5.61,21447.2,4409.2,4645.6,0.0213,Aspirin,LC-MS/MS
SMP-01233,7.21,72136.5,12032.1,12423.0,0.0724,Benzoic Acid,LC-MS/MS
SMP-01233,8.88,28503.5,5773.0,5771.2,0.0284,Phenacetin,LC-MS/MS
SMP-01233,10.39,14974.0,3523.3,3664.4,0.0143,Salicylic Acid,LC-MS/MS
SMP-01233,12.11,51670.7,9136.9,9143.7,0.0515,Chlorpheniramine,LC-MS/MS
SMP-01234,1.23,11162.4,2851.1,2922.5,0.0112,Uracil,LC-MS/MS
SMP-01234,2.8,48154.0,9572.5,9980.8,0.0476,Acetaminophen,LC-MS/MS
SMP-01234,4.17,80909.9,13667.6,13957.1,0.0791,Caffeine,LC-MS/MS
SMP-01234,5.58,80863.3,14959.0,19085.0,0.0814,Aspirin,LC-MS/MS
SMP-01234,7.17,74783.7,12679.2,13091.9,0.073,Benzoic Acid,LC-MS/MS
SMP-01234,8.95,32412.6,6648.1,6981.4,0.0332,Phenacetin,LC-MS/MS
SMP-01234,10.37,17213.2,3989.3,4104.0,0.017,Salicylic Acid,LC-MS/MS
SMP-01234,12.1,262738.3,41607.1,43579.2,0.2635,Chlorpheniramine,LC-MS/MS
SMP-01235,1.26,11656.6,3053.4,3156.2,0.0118,Uracil,LC-MS/MS
SMP-01235,2.83,45600.0,8912.0,9246.5,0.0474,Acetaminophen,LC-MS/MS
SMP-01235,4.11,84615.6,14079.6,14234.5,0.0832,Caffeine,LC-MS/MS
SMP-01235,5.54,23863.4,5343.9,5649.6,0.0236,Aspirin,LC-MS/MS
SMP-01235,7.27,74595.0,12406.2,12782.7,0.0749,Benzoic Acid,LC-MS/MS
SMP-01235,8.94,32969.8,6546.0,6933.8,0.0328,Phenacetin,LC-MS/MS
SMP-01235,10.37,17308.7,4226.2,4282.1,0.017,Salicylic Acid,LC-MS/MS
SMP-01235,12.12,50036.4,9026.5,9039.5,0.0501,Chlorpheniramine,LC-MS/MS
SMP-01236,1.25,14149.9,3543.8,3816.4,0.0141,Uracil,LC-MS/MS
SMP-01236,2.83,43145.3,8606.4,8902.7,0.0443,Acetaminophen,LC-MS/MS
SMP-01236,4.1,86959.2,13441.2,13759.2,0.0849,Caffeine,LC-MS/MS
SMP-01236,5.6,21656.3,4844.6,4962.5,0.0211,Aspirin,LC-MS/MS
SMP-01236,7.18,59521.5,10099.7,10670.1,0.062,Benzoic Acid,LC-MS/MS
SMP-01236,8.91,29797.6,6055.8,6184.7,0.0299,Phenacetin,LC-MS/MS
SMP-01236,10.39,16445.8,4018.2,4175.8,0.0156,Salicylic Acid,LC-MS/MS
SMP-01236,12.08,56300.1,10389.8,10798.3,0.0585,Chlorpheniramine,LC-MS/MS
SMP-01237,1.2,13655.7,3429.4,3732.7,0.0134,Uracil,LC-MS/MS
SMP-01237,2.81,45307.1,9168.2,9598.2,0.0449,Acetaminophen,LC-MS/MS
SMP-01237,4.22,82691.0,14191.1,14959.9,0.0851,Caffeine,LC-MS/MS
SMP-01237,5.6,23366.8,5324.2,5709.9,0.024,Aspirin,LC-MS/MS
SMP-01237,7.28,60616.6,9949.0,10520.3,0.0617,Benzoic Acid,LC-MS/MS
SMP-01237,8.88,35578.6,7201.1,7530.7,0.0353,Phenacetin,LC-MS/MS
SMP-01237,10.42,15535.7,3821.7,3919.7,0.0161,Salicylic Acid,LC-MS/MS
SMP-01237,12.09,56386.0,10277.8,10184.3,0.0559,Chlorpheniramine,LC-MS/MS
SMP-01238,1.29,12137.9,3194.2,3233.1,0.0124,Uracil,LC-MS/MS
SMP-01238,2.86,43677.8,8057.7,8251.0,0.0445,Acetaminophen,LC-MS/MS
SMP-01238,4.14,84042.7,13824.5,14053.1,0.084,Caffeine,LC-MS/MS
SMP-01238,5.61,21976.5,4910.1,5016.4,0.0223,Aspirin,LC-MS/MS
SMP-01238,7.2,66555.4,10685.8,10869.4,0.0645,Benzoic Acid,LC-MS/MS
SMP-01238,8.97,26868.1,5513.5,5729.6,0.0265,Phenacetin,LC-MS/MS
SMP-01238,10.41,16414.3,4251.3,4270.1,0.0161,Salicylic Acid,LC-MS/MS
SMP-01238,12.09,48456.0,8706.8,9268.7,0.049,Chlorpheniramine,LC-MS/MS
SMP-01239,1.25,10377.4,2774.1,2870.7,0.0105,Uracil,LC-MS/MS
SMP-01239,2.82,46056.5,9482.5,9502.5,0.0452,Acetaminophen,LC-MS/MS
SMP-01239,4.13,86022.6,14215.4,14647.1,0.0902,Caffeine,LC-MS/MS
SMP-01239,5.51,24190.8,5510.2,5700.1,0.0242,Aspirin,LC-MS/MS
SMP-01239,7.16,71307.8,12158.2,12418.3,0.0712,Benzoic Acid,LC-MS/MS
SMP-01239,9.01,34210.0,6858.9,7239.7,0.0353,Phenacetin,LC-MS/MS
SMP-01239,10.41,15148.8,3667.1,3786.4,0.0156,Salicylic Acid,LC-MS/MS
SMP-01239,12.12,48792.2,8757.0,9134.7,0.0496,Chlorpheniramine,LC-MS/MS
SMP-01240,1.23,13544.8,3545.4,3501.5,0.0134,Uracil,LC-MS/MS
SMP-01240,2.87,49356.9,9546.5,9694.9,0.0485,Acetaminophen,LC-MS/MS
SMP-01240,4.16,95060.8,15550.5,16342.4,0.0944,Caffeine,LC-MS/MS
SMP-01240,5.6,20978.3,4819.4,4884.3,0.0213,Aspirin,LC-MS/MS
SMP-01240,7.22,60397.1,9749.9,9938.1,0.0613,Benzoic Acid,LC-MS/MS
SMP-01240,8.97,29413.6,6160.5,6515.0,0.0296,Phenacetin,LC-MS/MS
SMP-01240,10.42,16072.8,3765.5,3845.4,0.0155,Salicylic Acid,LC-MS/MS
SMP-01240,12.12,51245.5,9807.1,10110.4,0.0517,Chlorpheniramine,LC-MS/MS
SMP-01241,1.24,13076.8,3339.2,3378.5,0.0131,Uracil,LC-MS/MS
SMP-01241,2.81,46347.2,9101.5,9576.5,0.045,Acetaminophen,LC-MS/MS
SMP-01241,4.23,90140.1,13546.6,13741.9,0.0907,Caffeine,LC-MS/MS
SMP-01241,5.59,20957.5,4711.5,4678.2,0.0206,Aspirin,LC-MS/MS
SMP-01241,7.19,62099.5,10293.3,10313.1,0.0642,Benzoic Acid,LC-MS/MS
SMP-01241,8.97,33456.4,6894.1,7206.4,0.0343,Phenacetin,LC-MS/MS
SMP-01241,10.42,17015.5,4030.8,4264.7,0.0169,Salicylic Acid,LC-MS/MS
SMP-01241,12.06,63124.7,11486.6,11790.4,0.0637,Chlorpheniramine,LC-MS/MS
SMP-01242,1.26,12492.5,3259.4,3350.7,0.0127,Uracil,LC-MS/MS
SMP-01242,2.83,51819.4,10008.6,10024.7,0.0514,Acetaminophen,LC-MS/MS
SMP-01242,4.11,84998.0,13535.0,14165.1,0.0868,Caffeine,LC-MS/MS
SMP-01242,5.59,21845.6,4852.1,5060.5,0.0221,Aspirin,LC-MS/MS
SMP-01242,7.19,76246.4,12962.9,13221.0,0.0772,Benzoic Acid,LC-MS/MS
SMP-01242,8.99,31741.1,6532.4,6709.1,0.0332,Phenacetin,LC-MS/MS
SMP-01242,10.36,13058.8,3209.2,3365.7,0.0126,Salicylic Acid,LC-MS/MS
SMP-01242,12.08,63736.7,11535.7,12117.1,0.0653,Chlorpheniramine,LC-MS/MS
SMP-01243,1.29,12406.3,3161.1,3346.2,0.0123,Uracil,LC-MS/MS
SMP-01243,2.82,42725.1,8822.1,8930.9,0.0426,Acetaminophen,LC-MS/MS
SMP-01243,4.18,101801.9,16371.5,16865.7,0.0997,Caffeine,LC-MS/MS
SMP-01243,5.62,25248.6,5411.7,5572.3,0.0254,Aspirin,LC-MS/MS
SMP-01243,7.18,73514.0,12132.8,12478.0,0.0757,Benzoic Acid,LC-MS/MS
SMP-01243,8.96,27950.8,5988.7,5922.7,0.0286,Phenacetin,LC-MS/MS
SMP-01243,10.37,14933.2,3838.9,3974.0,0.0147,Salicylic Acid,LC-MS/MS
SMP-01243,12.07,57346.8,10232.5,10608.4,0.0546,Chlorpheniramine,LC-MS/MS
SMP-01244,1.24,34692.9,9495.2,8202.5,0.0354,Uracil,LC-MS/MS
SMP-01244,2.84,44908.2,9105.5,9603.0,0.0448,Acetaminophen,LC-MS/MS
SMP-01244,4.14,82138.2,13410.2,14007.9,0.0817,Caffeine,LC-MS/MS
SMP-01244,5.63,22208.1,4655.8,4669.9,0.0224,Aspirin,LC-MS/MS
SMP-01244,7.14,65221.9,11140.5,10985.8,0.0662,Benzoic Acid,LC-MS/MS
SMP-01244,8.94,229812.3,46626.3,39540.7,0.2348,Phenacetin,LC-MS/MS
SMP-01244,10.32,16504.0,4094.3,4161.2,0.0165,Salicylic Acid,LC-MS/MS
SMP-01244,12.13,56733.0,9992.2,10310.7,0.0572,Chlorpheniramine,LC-MS/MS
SMP-01245,1.29,15284.5,4026.7,4195.6,0.0151,Uracil,LC-MS/MS
SMP-01245,2.8,50892.7,9973.0,10491.9,0.0512,Acetaminophen,LC-MS/MS
SMP-01245,4.15,84461.9,13944.8,14360.5,0.0831,Caffeine,LC-MS/MS
SMP-01245,5.61,20745.4,4311.0,4398.7,0.0201,Aspirin,LC-MS/MS
SMP-01245,7.25,60611.0,10205.3,10478.7,0.0615,Benzoic Acid,LC-MS/MS
SMP-01245,8.95,34000.4,7180.9,7616.5,0.0341,Phenacetin,LC-MS/MS
SMP-01245,10.38,13353.0,3248.8,3238.7,0.0135,Salicylic Acid,LC-MS/MS
SMP-01245,12.13,54738.8,9469.3,9641.5,0.0547,Chlorpheniramine,LC-MS/MS
SMP-01246,1.19,12666.1,3288.0,3266.5,0.0127,Uracil,LC-MS/MS
SMP-01246,2.79,52253.8,10168.7,10324.4,0.0524,Acetaminophen,LC-MS/MS
SMP-01246,4.19,105200.0,17811.6,18869.9,0.1068,Caffeine,LC-MS/MS
SMP-01246,5.6,21016.5,4743.4,4938.3,0.0197,Aspirin,LC-MS/MS
SMP-01246,7.2,57533.2,9823.0,10067.8,0.0584,Benzoic Acid,LC-MS/MS
SMP-01246,8.99,32435.6,6567.6,6972.0,0.0331,Phenacetin,LC-MS/MS
SMP-01246,10.39,16361.4,3951.5,3989.5,0.016,Salicylic Acid,LC-MS/MS
SMP-01246,12.12,46040.6,8091.6,8308.3,0.0459,Chlorpheniramine,LC-MS/MS
SMP-01247,1.27,12258.1,3071.4,3177.9,0.012,Uracil,LC-MS/MS
SMP-01247,2.81,38561.3,7688.4,7839.9,0.0385,Acetaminophen,LC-MS/MS
SMP-01247,4.14,101150.3,16441.6,16293.7,0.0987,Caffeine,LC-MS/MS
SMP-01247,5.56,19963.8,4556.0,4768.2,0.02,Aspirin,LC-MS/MS
SMP-01247,7.24,68985.3,11650.4,12351.3,0.0691,Benzoic Acid,LC-MS/MS
SMP-01247,8.89,32920.3,6697.9,6873.9,0.0326,Phenacetin,LC-MS/MS
SMP-01247,10.34,16148.9,3956.5,4103.7,0.0164,Salicylic Acid,LC-MS/MS
SMP-01247,12.07,45478.1,8301.0,8432.8,0.0466,Chlorpheniramine,LC-MS/MS
SMP-01248,1.23,12575.4,3232.6,3288.9,0.0126,Uracil,LC-MS/MS
SMP-01248,2.91,48581.0,8934.9,9231.2,0.0486,Acetaminophen,LC-MS/MS
SMP-01248,4.1,86881.2,14638.1,14859.3,0.086,Caffeine,LC-MS/MS
SMP-01248,5.65,21258.0,4724.9,4865.1,0.0215,Aspirin,LC-MS/MS
SMP-01248,7.2,62174.7,10069.8,10187.0,0.0634,Benzoic Acid,LC-MS/MS
SMP-01248,8.95,34709.6,7122.7,7027.5,0.0354,Phenacetin,LC-MS/MS
SMP-01248,10.36,15890.9,3963.0,4244.8,0.0154,Salicylic Acid,LC-MS/MS
SMP-01248,12.1,55507.1,9906.9,10265.1,0.0554,Chlorpheniramine,LC-MS/MS
SMP-01249,1.26,11448.5,2912.1,3049.2,0.0117,Uracil,LC-MS/MS
SMP-01249,2.79,45426.9,8797.3,9244.8,0.0461,Acetaminophen,LC-MS/MS
SMP-01249,4.15,85036.7,13977.9,14415.9,0.0869,Caffeine,LC-MS/MS
SMP-01249,5.64,22756.1,4986.1,5152.6,0.0218,Aspirin,LC-MS/MS
SMP-01249,7.23,76616.5,12514.6,13132.2,0.0793,Benzoic Acid,LC-MS/MS
SMP-01249,8.95,29600.9,6169.9,6126.2,0.0302,Phenacetin,LC-MS/MS
SMP-01249,10.41,16447.6,3818.7,3977.0,0.0161,Salicylic Acid,LC-MS/MS
SMP-01249,12.14,57743.1,11030.0,11367.4,0.058,Chlorpheniramine,LC-MS/MS
SMP-01250,1.19,13119.9,3296.5,3388.8,0.0134,Uracil,LC-MS/MS
SMP-01250,2.75,58169.5,11333.3,12018.0,0.0573,Acetaminophen,LC-MS/MS
SMP-01250,4.17,114090.6,18641.9,18484.8,0.1132,Caffeine,LC-MS/MS
SMP-01250,5.6,21062.9,4487.4,4679.9,0.0208,Aspirin,LC-MS/MS
SMP-01250,7.18,55601.6,9020.2,9274.4,0.0555,Benzoic Acid,LC-MS/MS
SMP-01250,8.96,34553.4,7489.7,7832.2,0.0341,Phenacetin,LC-MS/MS
SMP-01250,10.39,14419.4,3414.3,3483.0,0.0147,Salicylic Acid,LC-MS/MS
SMP-01250,12.1,55427.6,9994.6,10150.8,0.056,Chlorpheniramine,LC-MS/MS
